PC_1,PC_2,PC_3,PC_4,PC_5,PC_6,PC_7,PC_8,PC_9,PC_10,PC_11,PC_12,PC_13,PC_14,PC_15,PC_16,PC_17,PC_18,PC_19,PC_20,PC_21,PC_22,PC_23,PC_24,PC_25,PC_26,PC_27,PC_28,PC_29,PC_30,PC_31,PC_32,PC_33,PC_34,PC_35,PC_36,PC_37,PC_38,PC_39,PC_40,PC_41,PC_42,PC_43,PC_44,PC_45,PC_46,PC_47,PC_48,PC_49,PC_50,IID,Population,SEX
-3.2863886,3.713345,7.0497646,-12.667088,5.9979997,30.017303,-1.5015755,-2.149035,-3.2723916,-1.1671828,0.1893931,0.7954409,0.52490103,0.8070446,-0.10696912,0.2555058,1.2904109,-1.9918132,0.38911688,-1.057436,-0.9540416,0.14991891,-0.9421301,-0.035196148,-0.3286967,1.0731136,-0.35228345,1.18372,-0.78312474,0.7185629,1.361686,0.49211222,0.45351517,0.062454764,2.5781138,0.3036145,0.3515712,-0.49208063,0.40994135,1.4829565,-1.0216268,1.0252084,1.5002316,2.6321633,0.29617766,1.199287,-2.0315616,-1.2363789,2.8082047,-0.9984806,NA17970,CHD,2
-3.4944506,3.6341455,7.593422,-12.322916,6.5737405,31.443804,-1.2679206,-2.161368,-3.4264574,-1.6479368,-0.22161198,-0.015094168,0.5950877,-0.6861915,-1.1380019,-0.6232407,0.112323694,0.3527967,-0.8785613,0.3106493,1.9155769,-0.8210726,-0.89667994,-0.867195,0.96690744,-0.34518972,-0.30437016,-0.30135337,0.030790107,-0.11891101,-0.44341698,-0.91115725,-0.06916685,0.3512001,-0.41317526,1.2890431,-1.5904428,0.6025646,0.22572267,1.0143496,0.90042675,0.20802248,-0.43570948,1.94973,-2.4289112,-0.5466431,-0.13054293,-1.4156282,-0.07909263,0.1255055,NA17977,CHD,2
-4.045368,3.2312229,6.8878503,-13.56382,5.4554424,30.670858,-2.038332,-3.5886757,-2.946405,-1.4167374,0.3449406,0.490054,0.22109258,1.134702,-0.84889793,1.1130208,-0.96024823,0.7333307,0.046610564,-2.1622322,-0.038250826,-2.7401543,-2.051754,2.1005914,1.551579,-2.511276,-0.38517568,-1.4599935,-2.2707696,0.43657643,-2.609186,0.46899426,5.663167,1.1999058,4.2970214,-2.5952199,-0.7390122,-0.8056295,2.5253232,3.5852897,0.8464054,-0.67677575,-0.4333813,-3.9830654,4.241105,1.117626,4.0211296,1.998624,-3.0300906,-3.991733,NA17981,CHD,2
-4.150055,4.4178295,6.7433214,-12.370662,5.6323338,30.202576,-2.1469586,-2.4459455,-2.6163843,-1.5816151,-0.09822843,-0.23032905,0.71932524,-0.32640702,-1.3403322,-1.4962391,-0.18393414,0.21478607,-0.8979035,-1.9086673,-1.0439258,-0.16053632,0.12749714,-1.7135941,-0.3512462,-0.3157006,-0.3223655,0.10307298,0.55897546,1.0762489,0.5025077,0.2667786,0.05059262,-0.77259547,2.1200898,1.3540105,-0.53510344,0.16147663,1.7709955,-1.4903108,-0.6166018,-1.0137044,0.31105638,1.0914845,0.87859434,-1.0957175,0.74152124,-0.18180619,-0.28883708,0.70919615,NA17993,CHD,2
-3.332874,3.2743094,7.858722,-12.730288,5.19593,31.210854,-2.1367023,-2.0048947,-3.4551659,-2.2187486,0.96896094,0.6785713,-0.28030068,-0.091927655,0.14296432,-0.8041503,-0.34706768,-1.4635369,-0.2505489,-0.77527946,0.41681314,-0.4571828,0.10658411,1.1650982,0.46041682,-1.7690501,-1.9743015,-0.12850235,1.1276896,0.75862795,-0.42818415,1.2735405,0.9877498,-1.7940748,-1.3145474,0.81633604,-0.20010138,0.16555786,-0.5426462,-0.98199415,-2.0665047,0.98313177,2.4103985,0.33236688,-0.24942835,-0.013109001,-0.60194564,-0.008955628,0.39252415,-2.224247,NA18101,CHD,2
-4.414723,3.8678792,7.0409036,-14.074816,6.1235776,31.93092,-1.2798891,-2.6553504,-2.110539,-1.6578294,-1.0593356,1.1257055,1.1131077,-0.41470376,0.60476166,-0.38126907,0.18730967,-0.92633367,0.2633954,-0.09436773,-0.6021212,1.2545457,-0.7418608,-0.56576395,-0.13257186,0.9493354,-1.3006006,1.3508606,-1.4630562,1.0112865,1.5883217,0.57578593,0.76412505,-0.8958751,2.021453,0.26207957,-1.4617585,1.0570581,-0.7505703,-1.2952802,3.1425283,-0.82997626,-0.21675164,-0.6677379,1.0939411,0.20880479,-0.017237877,0.42463112,1.4656029,1.6448625,NA18105,CHD,2
-3.5907826,2.9807243,7.477973,-12.499016,6.394531,30.29029,-2.2852807,-2.5734358,-2.8846529,-2.1519558,-0.51705366,1.0821269,1.1034067,-1.3211573,0.0029142972,-0.5274956,0.85137635,0.6242407,1.1574908,-0.59338945,0.5634248,-1.5045245,0.0033789591,-0.13358101,0.31020948,-0.85458404,-1.198032,-1.2212466,-0.25731418,-1.0102764,-1.0589819,-0.3463173,0.013997061,-0.37247822,-0.21717952,-0.96669436,1.012823,0.24625804,0.76188624,0.58894426,-1.7017022,0.5600036,1.2400742,-1.1070629,0.3028413,-1.4741279,0.05856388,0.60743237,-0.30642608,1.0754569,NA18109,CHD,2
-3.4770415,4.1492968,6.69491,-12.606917,5.5226827,30.17041,-1.2831113,-2.3890843,-1.4852159,-2.621852,1.4765682,-0.81710047,-0.76611865,0.6218574,0.078547895,-0.45208922,-0.09188802,-1.2924154,-0.84167707,-1.8982265,1.28853,0.52110463,-0.3254378,-0.5559161,0.34769058,-0.8337871,-0.9123715,0.58176064,0.70634854,2.6240778,-0.50020987,-0.120918006,1.5225719,0.39497513,0.30428675,0.9154261,-0.15190732,1.3966552,-1.0200555,1.4828156,-0.5589403,0.825981,-0.2908613,1.1627786,0.29358223,1.2946992,-2.3027446,0.24687229,1.6338125,-0.32757017,NA18129,CHD,2
-3.8509424,3.667821,6.9810605,-12.46948,6.007743,30.454279,-3.0096147,-3.2094648,-2.9142046,-1.6158826,-1.1355538,1.1473409,-0.5935535,0.5156024,-2.7928288,0.12384876,-0.57958263,-1.26498,1.1254433,-0.26561588,0.0030118218,1.0310163,0.04755429,0.08403492,0.16638406,-1.4490035,-0.282088,1.4476674,0.4559976,0.73309696,0.8429074,-0.15337574,-0.121435516,-0.36467445,0.67917603,0.1672885,0.8355229,-0.1838126,0.78485537,1.0748001,0.99184906,-0.86214846,-1.1320114,-1.1616595,-0.67979985,0.10197071,0.66788536,-0.7788391,1.9516225,-1.4420893,NA18135,CHD,2
-3.002819,3.541268,6.6895337,-13.457726,4.4488096,30.256212,-1.974921,-2.556188,-2.750542,-2.1199243,0.39930788,-1.0646868,1.0594598,-0.50804967,0.31402856,0.13214268,-0.22165067,0.048472155,0.5698236,0.24668506,0.2218527,-1.7755115,0.7354265,-0.11993306,0.5487935,0.7594409,0.33575442,-0.28555942,-1.1001126,-1.6132902,-0.41006052,0.942466,-0.16195214,-0.34811008,-0.5069067,0.35053515,-0.66641444,0.31898603,0.56722677,2.7112446,0.6655579,0.80502117,-1.3405663,2.1439779,-0.36258832,-0.92280054,1.2795354,-0.5603489,-0.80573773,1.6017615,NA18139,CHD,2
-4.047021,2.9541695,8.07674,-13.902358,5.7244515,32.18256,-1.350481,-2.313631,-3.2613103,-1.4054948,-0.41407245,0.19894177,0.35463202,-1.7857037,-0.71426326,0.6564599,0.19115436,0.5235192,0.48788044,0.045941062,0.2641182,-1.5284469,0.10499207,0.05479615,0.19047351,0.29172808,0.14721432,-1.2221621,-0.14702754,-0.99506706,-1.0372826,-1.5115056,-0.43969142,0.6589478,-0.3071476,-1.3036543,-0.73587,-0.20375149,1.5473303,0.014582513,-0.83382165,-0.075407185,-1.0872785,0.30322036,-0.17569388,-1.0026869,0.65590566,1.2652124,-0.17856039,-0.13127427,NA18144,CHD,2
-3.4025664,4.2787642,6.672431,-12.585523,5.185775,30.652168,-0.714432,-2.151798,-2.9136045,-1.099791,0.77903616,-0.4524199,0.1582335,-0.5116107,1.9127018,0.62121063,-0.15075131,1.7987587,0.044259474,-0.09413952,1.0865124,-0.57358485,-0.31181297,-0.5974063,0.6779231,0.55612606,-0.7826208,0.042410403,0.8304991,-2.2111475,2.554313,1.1563758,0.76430476,0.045204587,0.90760607,0.2817754,-1.4803822,0.37602708,0.044194475,-0.7390107,1.9050659,-1.9693294,-1.3988054,-1.4107277,-0.64057434,-1.0484678,-0.803576,0.4237623,-1.9353307,-0.23899594,NA18150,CHD,2
-3.9884627,2.837039,6.925086,-13.5471,5.8782454,31.557066,-2.5316255,-3.4360676,-2.614391,-1.4898517,0.04552202,-1.1790286,-1.5870136,0.33800822,0.68573904,-1.4795095,1.089767,-1.3031452,-0.45554295,-2.00149,1.7123502,-0.09673072,0.7562829,0.96131593,0.21905035,-0.7433525,0.50291675,0.29147285,-0.40046245,1.7464352,-0.0042558936,0.620913,0.113953665,-0.41636845,-0.9533185,1.3295013,-1.2591928,0.8950769,-1.4777412,-0.47375077,-0.9180142,0.8295021,1.1189401,-0.49421605,-1.1818892,0.64238936,-0.24758324,-0.59442633,-0.170271,0.72833043,NA18154,CHD,2
-4.231188,2.720333,7.1413636,-12.373463,5.682707,30.434969,-2.2254379,-2.460394,-1.7034726,-0.9476035,-0.04282785,-0.059396036,0.8651302,0.63550097,-0.7091877,0.8645887,-1.8868289,0.73592556,-0.30627805,0.6508905,-0.1363879,-0.7882381,0.024026254,-1.275063,1.566121,-2.0731115,0.24646388,-0.74263597,-1.1629492,1.9994823,-2.3243732,1.7261301,0.43898287,-1.3519514,-1.1587957,0.2770745,-0.8059747,-1.2054381,-1.5929853,0.6977837,-0.21147463,-1.2873685,-1.937223,-1.203886,-0.21093436,0.060603064,0.029868023,0.33322227,-0.49344102,1.6801885,NA18162,CHD,2
-3.9583309,3.383377,6.84287,-13.049076,6.1777925,31.45703,-1.3610666,-2.6962712,-3.5119164,-1.7846571,1.8171831,0.33790252,-0.18702714,0.32250178,-0.8135284,0.83592683,-0.16780761,0.8698317,-0.6562031,1.396533,-0.1417874,-0.11865945,2.3004968,0.2663176,-0.007517246,2.781402,0.45711428,2.2976396,1.6595939,-1.0812137,1.1124269,0.36932996,-1.198943,1.1504471,-0.38370878,-2.484151,0.6586415,-1.4034884,0.17684208,0.36581278,1.2175283,2.5006082,-0.65430737,-0.15339458,-2.221029,1.1560023,-2.1429965,1.6316053,0.2177419,0.010934897,NA17974,CHD,1
-3.6178234,3.4620607,7.434232,-14.049157,6.0880575,31.065392,-2.395338,-2.8806944,-3.2026973,-1.1837645,0.044404477,0.15834609,-0.4011768,0.8281294,-0.70996606,0.6315853,-0.16932194,-0.70817965,0.6121039,0.18259339,-0.39636797,-1.1598755,2.5314672,0.8344478,0.34962624,1.6485202,1.5424446,0.21378939,0.3192547,-1.7811986,1.6009133,1.0700165,-2.020663,-0.87296,0.95299083,1.8975166,-0.77645874,1.2922174,0.14313944,1.4585044,-0.87050945,-1.7704538,-0.37562168,-0.69262385,0.22899093,0.88754755,-1.2878867,1.9665282,-1.1414474,1.0130695,NA17975,CHD,1
-2.696259,2.8235373,6.466784,-12.010012,4.9266124,30.268,-1.5125029,-2.5982616,-2.1125484,-1.3749897,0.53888476,-0.31983975,-0.38776195,-0.683319,1.6340699,1.0977769,0.92668283,1.1385009,-0.4577719,1.2809668,0.031283326,-1.6557026,1.2679029,-0.4024671,-0.996903,0.7521987,-0.8392149,0.5915848,0.23596509,-0.41926765,0.41784766,1.21769,-0.14465998,-0.3524779,1.1906873,-0.038167465,-0.46689317,-0.30676848,-0.12110764,-0.79450613,1.5153425,-3.3282866,-1.036728,-2.180846,-2.287442,-0.4979558,0.45914018,-0.30560735,-2.0037613,-1.7313224,NA17980,CHD,1
-4.4284415,3.5189838,7.19177,-13.967729,6.076054,29.910938,-1.4827126,-4.3066587,-3.4116275,-1.4819888,0.31167892,1.0502493,0.2662242,0.6487616,0.19780211,0.8522909,-0.45938635,0.5377289,-0.35441434,-0.80932814,-0.43707007,-1.843622,-1.0672438,0.6013166,1.271185,-2.274748,1.1773363,-1.7471174,-2.9827993,0.61263305,-2.6798317,0.7205408,5.030482,1.1108594,5.066415,-2.376744,0.17033802,-0.16731858,2.6960828,2.2982059,2.4098363,-0.38485426,-0.8345242,-3.4388475,3.5376923,1.5872924,3.1525621,2.4346876,-1.2937273,-4.358253,NA17986,CHD,1
-2.8742394,3.6209524,7.1756525,-12.574287,5.828065,29.822699,-1.013707,-2.1576345,-3.2436981,-1.7652812,0.43913952,1.373469,-0.2085546,-1.5332199,0.9660103,-1.7879444,0.29021415,-0.49014714,-0.1924263,0.19247462,-0.54660946,-0.08418704,0.005990671,-0.54575,-0.072875656,0.65169406,0.64881665,-1.8545686,0.97588766,1.5928328,-1.9060935,-1.5972047,-2.7647161,-1.074629,-1.7018644,1.2484803,1.9380848,-0.7073224,1.5305778,-0.10003558,1.6255589,-0.009574802,-1.9447803,1.1072559,1.9116783,0.25425106,0.75131786,-3.4906788,0.3937105,-0.4387568,NA17989,CHD,1
-3.3561513,4.470753,7.049813,-12.48182,5.5097394,30.486712,-1.08607,-2.4783673,-2.5897257,-1.8157306,0.5950828,0.029760497,-1.2650614,-0.5111047,-1.048274,1.8486553,0.4413272,0.5111597,-0.8015315,-0.51948756,1.4352429,1.5793327,0.79957867,0.5639548,-0.74223155,-0.5710989,0.17434444,0.92843723,-1.5945584,-1.0275238,0.576767,-1.2664407,0.20009848,-0.80922073,-0.07583805,0.35682747,0.31719357,-0.80928236,0.58878165,-1.8296479,-1.3805823,-0.15899165,0.6562063,-0.3197823,-3.062403,-1.5870556,-1.1071882,-0.85307664,1.715605,-0.22157206,NA17997,CHD,1
-3.474996,4.140194,7.018308,-14.03365,5.8368607,31.191721,-1.346155,-2.3306265,-3.4423661,-1.0660819,0.61402756,0.39582542,0.7245287,0.3057651,-0.5605587,-1.1893263,-0.3315124,1.7559912,-0.21495274,1.2802011,0.117195174,0.40125185,-0.9630584,-0.4580235,0.90323627,-0.47921237,-1.4206668,-0.5176405,0.16884859,1.5278045,-2.03237,1.1213586,-1.208993,-0.5287294,0.8247982,-0.104854226,-0.6980369,-0.93322235,-0.45257303,-0.27348515,1.314697,-0.47234407,-2.177623,1.7514594,-0.81962496,-0.8699439,0.7706701,1.6019711,0.6714378,1.1066059,NA18106,CHD,1
-2.8465495,4.062778,6.6492906,-12.916215,6.3937745,28.263557,-1.011767,-2.3424733,-2.2312152,-1.7739545,-1.0310296,0.25697544,-0.23687497,-0.47993276,1.2338657,-1.208834,-0.31923652,-1.4515512,-1.412432,-0.0761924,0.89155173,-0.43604326,-0.44174144,-1.9065112,0.23056889,-0.33004454,-1.9219204,-0.16516212,0.19331875,2.0779753,-0.8991989,-0.7167558,-0.96396744,-0.12093651,0.88116604,1.1367067,0.5634875,0.9745342,-0.018169494,-1.0425634,0.098914854,0.3319206,-1.7027967,-0.30537653,1.5240467,0.9526503,-1.0713925,0.045392532,0.29527664,0.11218699,NA18114,CHD,1
-4.1190124,3.829274,7.942483,-14.274864,5.934761,30.611263,-2.1485562,-2.207877,-2.364216,-3.4329884,1.2348204,0.1975226,0.56638205,0.17853704,-0.61462396,-0.4147464,-0.45787644,0.14968714,0.1671802,-0.45104966,1.2683927,1.9737469,-0.16162191,-0.6493936,-0.22583719,-0.8322011,1.4830555,1.4183232,0.35607994,-0.48692256,0.28368813,-0.20573963,-0.9449214,-1.1883395,-0.2783008,1.2388576,-1.3203589,1.9527143,1.5240412,-0.4924966,1.725739,-0.48902193,-0.4764241,-0.17248659,-2.4270535,-2.7147233,0.33856395,1.1109117,1.1075917,1.7990416,NA18122,CHD,1
-3.6435122,2.929206,7.842672,-12.790186,5.6823554,28.55259,-1.1284765,-2.7710826,-2.3670647,-1.0411903,0.20276248,0.1676519,1.7230494,0.89284676,0.04855473,0.97023547,0.9827927,0.046001334,-1.0664452,1.3820199,-1.1146456,0.7478831,-0.50936615,-1.4190176,0.20634426,-0.32324633,0.56407183,0.3023552,-0.72355056,-0.9090289,-0.43507242,-1.71324,0.8528881,0.59998626,-1.8543776,0.6151201,4.3140097,0.38480335,-1.0140116,-1.1481293,0.62971616,-1.4086939,-0.5438135,0.42986578,0.5592018,1.2410495,-2.581949,-2.1083107,2.7315335,4.7109203,NA18138,CHD,1
-4.3102474,3.7264585,7.4695024,-13.24612,5.7835526,32.13264,-0.8798507,-2.7019053,-3.2539752,-2.0776658,0.6320608,0.4136468,-0.59550905,0.015585184,-0.010042641,-0.20254973,-0.4087486,1.5452639,0.59450763,0.94719887,0.84895784,-1.7735769,0.8003707,0.868472,-0.68490267,-0.41906846,-1.0322672,0.2781429,-0.09427678,-1.536706,0.43561903,0.19026585,-1.3362868,1.3706772,-1.7854108,-0.59068525,1.2493547,-0.08356602,0.064275645,-1.723639,1.1238279,-0.33163995,0.6395745,2.1729834,-0.3770072,-0.06511139,0.59404445,-0.72299576,-0.15872422,0.009878766,NA18149,CHD,1
-3.9190743,4.1934943,7.364808,-13.384712,5.4453835,31.314999,-2.4887733,-2.497395,-2.3988392,-2.045825,0.37910196,0.60708886,0.8019184,-1.7539042,0.22871529,0.082048915,0.004401437,0.24741328,-2.076138,0.7600601,-0.56392974,1.1519134,-1.682014,-1.2332942,-1.3049227,-1.7772644,1.2895784,-0.051720187,0.40830538,-0.94037837,-0.30231914,-1.6992397,-0.72149384,0.94731665,-0.06693567,1.2952294,-1.2218539,-1.0365207,1.6218634,-0.14712802,-0.16212884,-0.44866154,-0.7747414,0.05792551,-1.7555796,1.55391,-0.07371892,-0.98439217,2.9015396,1.8269465,NA17987,CHD,2
-3.6415758,3.5196996,6.4020324,-12.067531,5.273044,30.871733,-0.96292216,-3.4955213,-3.5183687,-2.3310754,-0.60011774,-0.40764114,1.6221255,0.27756533,0.60200316,-0.42224914,1.795789,0.019154893,1.2894797,1.2157254,-0.8022845,-1.1908818,0.30307838,-0.27866986,-0.081825815,1.0026035,-0.06127081,0.90148205,-0.8052781,-0.120759465,1.0166824,0.31617117,-0.25349855,0.39940906,-0.0528653,1.5050961,-0.06520243,-0.8339547,-0.82386816,-0.8958296,0.37619525,0.682606,-1.3344622,0.5593749,-0.3664971,1.0563171,2.2510703,1.3767854,1.5376517,1.813556,NA17988,CHD,2
-3.9944034,2.9012926,6.803534,-13.427899,5.721964,30.205183,-2.2426715,-2.5666938,-3.8208544,-1.7835954,0.18405657,-0.8453405,-0.2037318,-0.45005193,1.0658453,-0.029779848,0.59933555,-1.1723343,0.37478492,0.6710694,-0.06653256,0.5806316,1.1641707,0.28559187,-0.8302223,-0.24177651,0.3923298,-0.41577974,1.1360339,-0.53816074,0.46918944,0.1570517,2.0943966,-1.2951697,0.7531926,-0.7058663,0.2639133,-0.42255908,-1.2224213,-0.054050736,-2.9862695,-0.14760567,0.42625436,1.304413,1.382463,-0.253539,-0.4859057,-1.0963532,1.7562712,-0.52187675,NA17998,CHD,2
-4.538984,2.9449692,6.687634,-12.098535,5.1898403,30.831564,-1.6441425,-2.2517538,-3.299317,-2.1883311,0.4151904,-0.90895003,-0.50694954,-0.45887986,-0.4558292,0.05867434,0.4090928,0.50970036,0.6604356,-0.87390935,1.313444,0.6468641,0.6015364,0.7555669,-0.091855586,1.2797321,-0.4541374,-0.8697152,-0.589261,-1.2911252,1.8879,1.862285,0.17717053,0.7689301,-0.1937559,1.1729946,2.8287778,-0.0077705574,1.5419996,-1.9963868,-1.6907985,0.3981439,0.039350342,1.1024121,-0.03723637,0.45561263,0.18940404,-1.3421046,-0.54462165,-1.7979593,NA18107,CHD,2
-3.4221435,4.577023,7.844891,-13.232968,6.6477947,32.800392,-2.1849568,-2.8879037,-3.8266232,-2.1056714,0.24433893,0.6279727,-0.14289416,-0.62272036,1.7038827,0.7541,-1.0704945,-0.2046853,-0.15481912,0.90872854,-0.81935763,-1.1910279,-0.9049917,-1.2653406,0.2105232,1.797121,0.3191216,-1.206579,1.0758089,-0.1911578,-0.23845711,-1.8249923,-1.8033642,-0.5240937,-0.48911434,1.9497204,-1.5172135,1.136366,0.15773654,-2.6514819,-1.5704557,-1.4136245,0.2158009,2.070484,-0.79507184,-0.6559596,-1.9169388,0.20041211,-1.6401683,2.2499337,NA18108,CHD,2
-3.6500444,3.625161,6.9542956,-12.463799,5.28127,30.542793,-1.7512933,-2.1115801,-2.7247312,-2.4678786,0.39501357,0.08731622,0.062506676,0.4393678,0.14845279,0.9515044,0.6613659,0.26792976,-0.250346,0.50209194,-1.3303516,1.0561867,-0.41595772,0.22197859,0.65718013,0.6191949,-0.27285495,0.92770463,-0.021020869,-2.1722267,0.26229313,2.6128242,-0.9629273,1.1685044,-0.03239736,-2.448015,0.44903854,-0.8856214,0.6853264,0.6713233,-0.2863088,0.8825658,-0.7490194,-0.25113678,1.0167426,-1.0539093,-1.011153,-1.8194599,1.4915495,0.03563079,NA18128,CHD,2
-4.071486,4.6255045,6.293078,-11.92788,5.406971,31.171522,-1.3773364,-3.033122,-3.047208,-1.1926275,0.09296389,-0.16026196,0.30022198,1.3113186,0.3163311,1.737233,0.6282892,0.2661353,-0.79981977,0.07675912,-0.4784494,1.0581537,1.4382854,2.129216,0.22258377,1.7600303,0.48893028,-0.036806397,1.7522227,-1.9168848,0.12182017,-0.028078586,0.3049768,1.7209016,-1.5467885,-2.563656,1.7680557,1.3261282,-0.71127945,-0.84936255,-1.1783803,0.5945244,1.0917534,-1.4873879,-0.55705976,-1.2015047,0.63185525,-0.47029185,0.25265664,-0.29469365,NA18146,CHD,2
-3.463325,2.842314,6.3526525,-14.072706,5.886942,31.222609,-1.4070092,-2.7693827,-3.2454417,-0.40655383,-1.772475,0.97300076,-0.9715819,0.5455752,1.3137364,-1.8923999,1.288814,1.2435292,0.5823733,1.6074265,-1.163955,1.1502281,0.71248466,-0.08444254,1.5111915,0.43513498,-0.5438356,0.5852372,0.19594024,1.7127627,0.3695299,-0.31538674,1.5333673,-1.3098444,-0.40151018,-1.3776525,1.6210049,-1.159949,-0.020541772,1.866818,-1.5202738,2.2909873,0.24027829,-0.758732,-0.08888831,-0.12099959,0.48918933,-0.22360286,-0.9448467,-0.67841256,NA18148,CHD,2
-3.5054448,3.627243,6.951468,-12.238954,5.589477,30.384844,-2.1114275,-2.4617407,-2.9752789,-1.2651689,-0.3483591,-0.23032668,-0.16213322,0.14641893,-0.39108333,0.017897226,-1.2641916,1.6604058,-1.1756387,0.856159,0.41783512,-0.3196712,-0.855548,-0.19630143,-0.18420398,-1.4296201,0.53216994,0.77448696,-0.8867936,1.106823,-1.804333,-1.824912,0.13006768,1.1513915,-0.29940122,-1.7099249,0.025126755,-0.10128041,0.03619153,-0.039956387,-1.5688928,0.94107306,-1.9631985,-0.20739318,-1.2688581,1.5848551,-1.6861552,0.070335016,-0.16918352,0.7638855,NA18161,CHD,2
-3.8117435,3.5641387,7.4338803,-13.271829,6.1242075,31.447708,-2.2879305,-2.4448566,-2.2524965,-0.8565322,1.042469,-0.7893179,-0.4594263,0.4615254,-1.0986359,0.034671526,0.07234315,1.2635607,-0.14771771,0.3723787,-0.33290577,-0.07129179,1.2440712,0.53753597,-0.30019635,1.650795,-0.836576,-0.7371448,-1.6713431,-0.53509384,0.124986045,-0.11233891,1.7329475,0.86952734,0.40459362,-0.46737322,0.57081026,-0.14147027,-0.16081642,0.26294437,0.46127272,-2.1298413,-1.1614968,-2.879648,-0.5896922,0.44428244,0.8929084,-0.5458885,0.51850677,-0.17356138,NA18670,CHD,2
-3.393837,3.5226915,6.78608,-12.623595,4.719209,30.224506,-2.1793864,-2.3382895,-2.6975224,-1.0712824,0.44294617,-0.6080889,0.7378089,-0.07509383,-1.3418347,0.44669986,-1.558423,0.5339992,-0.8274395,-0.5705876,-1.3978975,-0.6556627,-0.48527968,-0.25580916,-0.48933008,0.3267709,0.82447004,-2.2423017,-0.2450364,-1.116362,0.03202053,0.4442082,0.21857059,-2.427577,-1.5290253,0.80832183,-0.5213938,1.6464419,1.749795,-0.39983827,-2.7085586,-1.3227596,2.130347,-1.9044313,1.1498238,-2.5475612,-0.4423706,0.5856917,1.4270673,-1.9819498,NA18694,CHD,2
-3.920432,3.080418,7.486237,-12.646039,5.1349845,31.70138,-0.9828455,-1.5190531,-3.3934774,-1.5009016,0.589577,0.97180855,-1.2695767,0.43538368,0.11319747,-0.81937045,-0.19145252,-1.0480372,-0.30245045,-0.4362967,-0.09436207,1.5932539,0.15202558,-0.16861194,0.41956207,-0.23170176,-0.37013176,0.75506335,-0.23479107,1.4660704,1.1357907,-0.56080896,-1.0654247,-0.026432054,0.6229282,-0.3896088,-0.50727654,1.4075164,-1.299237,-0.36871475,0.28251773,0.93997985,-0.08417479,-0.087636225,-0.55034053,-0.82080865,1.3191345,0.620571,0.28130093,1.0791668,NA18696,CHD,2
-3.2535675,3.8381486,6.1983557,-13.941371,5.4404035,31.087486,-1.905179,-3.3600287,-3.151453,-1.1416456,-1.0376198,-0.003214718,0.7958388,0.84372073,-0.18217377,0.61763734,-2.4366515,1.1883795,0.9114125,-1.9705694,1.6068332,0.1566683,-1.4540658,-1.1819141,0.40378976,1.4289149,1.3881669,-1.0194433,0.3986478,1.4619313,1.0813962,1.8636842,-2.6302555,1.7578661,0.78073025,1.183279,1.9750563,-1.1450151,0.084328145,-0.8720566,0.53354824,-0.10148442,0.94962746,-2.8575861,0.5675262,0.16083449,0.6432819,0.24694169,0.039147783,-1.0502927,NA17965,CHD,1
-4.611086,5.122249,6.34458,-13.298597,4.907667,28.439737,-2.3566825,-2.3929389,-2.0754004,-1.4686389,-0.15721212,-0.013214056,1.0029619,1.5962837,-0.89251703,-0.76001066,1.6719549,1.1266336,-0.26462758,-0.20948026,-1.1325655,1.2600688,0.057430882,-0.51065683,0.8391748,-0.54208195,1.5372568,1.0476487,0.47859976,0.57987034,1.5927391,-0.8492922,1.365339,-1.0622765,-1.3950223,0.35626107,1.6275786,-0.67307615,-0.06186561,1.1872433,0.6367498,0.068307355,0.46421087,0.86890423,1.9956521,1.274317,-0.33455622,-1.3479522,-0.48462746,0.07120558,NA17967,CHD,1
-3.1327953,2.4119158,7.3059306,-12.308281,5.5084147,30.304443,-1.4985719,-2.862506,-3.196424,-2.6146376,-0.58373564,0.21137053,0.33332178,0.1886587,0.01838623,-0.43202958,-0.05960389,-0.4131178,0.021770695,0.6495087,-0.15585563,0.31539392,0.17521353,0.5526982,-0.29312584,-1.7002807,-0.51350874,-0.3965383,1.1211431,-0.84070694,-1.3239077,2.2980356,-1.3586811,-0.8416625,-1.6855625,2.1178155,0.07914547,-0.574354,-1.8200926,-2.06881,1.8599,-1.1174246,0.5736996,0.7603745,0.3990534,1.6958114,-0.732308,-0.21766461,0.924485,0.39860085,NA17969,CHD,1
-3.8779798,3.2755864,6.9998226,-12.628383,4.715039,30.060156,-2.4177392,-2.3119335,-3.1771526,-1.5722544,0.63301766,0.32420585,-0.64502084,-0.32899976,0.20840204,-0.08791018,0.0699251,-0.119357474,-0.014244453,-0.87316245,-0.5049542,-1.8322921,-0.9973331,0.83415085,-0.95429355,1.4985626,-1.7226614,1.0627646,-1.1225314,-0.4314792,-0.035090312,0.33670574,0.09182492,0.01200099,0.22910887,-1.0470536,0.7712575,-0.51839757,1.6999484,-0.90830576,-0.27357194,0.8281651,0.65542364,2.0038648,0.2781325,0.9991744,-1.7960294,0.19316204,1.0725558,-0.22393909,NA17983,CHD,1
-3.6141255,3.4843037,5.789089,-13.222166,6.439008,30.192844,-1.2174153,-2.9424508,-3.2697463,-1.7540702,-1.141889,-0.4506302,-1.8251381,-1.2147664,-0.000718283,0.27732563,0.038607646,-0.98701483,0.34897098,-0.099789284,0.12116601,0.9650347,0.67864865,-0.8549169,1.8177646,-0.23389588,-0.6999799,1.3210247,0.68623173,1.2422923,-0.81131613,-0.875549,-0.72570616,-0.78436786,2.7439067,-0.2133077,-1.85008,-1.772012,-0.11384403,0.6572069,0.42088845,-0.39365447,-0.40270773,1.8597677,0.89148456,1.2066178,-0.7425269,-0.87286794,-0.35128945,-1.9530591,NA18117,CHD,1
-4.2358403,3.3335392,6.787156,-13.055903,7.1822166,29.515905,-2.011803,-1.9820367,-3.4767425,-1.4097089,0.08069128,1.1865051,-1.6354886,0.4487528,-0.94294715,-1.0817009,0.68876475,-1.017229,-0.2574864,0.50691706,0.23953319,-0.08252188,-0.5965773,2.0955985,-1.3524239,0.4486173,-0.4882057,-0.52420294,1.4596244,0.89252573,-0.090132914,0.012430605,-0.16514309,-1.1676499,0.9227671,-0.5929524,-1.7863668,-0.45492098,-1.3239049,0.9711493,0.86148703,1.1298412,-0.034058586,-0.284523,-2.2554617,-0.33563223,-2.1458406,1.2445196,-2.6991045,0.9545516,NA18120,CHD,1
-3.9896522,3.0196378,7.5901403,-13.439724,5.6234307,29.879639,-1.2688833,-2.422073,-2.789224,-1.8181297,0.6609355,0.025459802,0.30382854,0.6537561,1.2189897,0.35384914,0.37797678,0.73859394,1.3235891,0.11656169,-0.040025204,0.04123447,-0.5509823,-0.24232537,0.43685937,-0.05084719,-0.347186,-0.4613741,-0.27041522,-0.34672043,2.5341396,-0.8244428,-1.5228851,0.2174323,0.47031847,1.8902972,0.8778781,0.6612089,0.37292513,-0.42738265,-1.0884463,-1.0684808,-0.9031617,2.5369315,-0.3742507,1.0541852,-2.3291414,0.10676346,1.0939636,1.6169246,NA18124,CHD,1
-3.2621021,4.557724,6.5494637,-13.8576355,6.1642113,30.706657,-1.5885485,-2.015287,-3.9484801,-2.3345027,-0.7786671,-0.35897902,-1.6538073,-0.98562676,-0.40877643,-0.39477104,-0.27720976,1.152015,-1.2600869,0.06838805,0.47695956,-0.9765441,-1.1353536,-1.4260874,-2.626708,0.5767902,1.36103,-2.318458,0.56006575,-0.3881145,0.36500463,-0.1464244,0.6090977,0.9454082,-1.2700536,-0.42333555,2.3701968,1.3753519,0.5431949,-0.177514,0.25314942,0.14309898,0.6135551,0.045314934,-0.43636888,1.1220765,-0.6775206,-0.124581,0.9849801,0.16391258,NA18125,CHD,1
-4.568319,3.7843864,7.988197,-12.699338,5.349713,31.003513,-2.0507205,-2.6363747,-3.3748908,-2.634931,-0.66820854,-0.05364001,1.0880265,-1.5394576,-0.0631612,-0.9068819,0.1241206,0.5401119,0.22574179,-1.039591,-0.50025225,-1.2744688,1.4065372,0.013516132,0.3184671,-1.0311363,1.4135668,0.62251335,-0.18447098,-1.6495057,-0.8110997,0.9360763,2.4301977,0.97564113,-1.1999012,1.147905,0.21590759,2.3737524,-0.77049816,0.7960973,-0.14589587,-1.1944845,-0.513745,0.28943995,0.38019982,0.17822179,-0.6524535,1.232433,-0.39050707,-0.40787026,NA18127,CHD,1
-3.8715835,3.8716056,6.8342395,-13.027368,5.7297735,30.596682,-2.4389756,-1.9340347,-3.943929,-1.4966707,0.5969865,0.25132966,1.3621228,1.1012098,0.3615562,-0.25615308,-0.12705988,0.26066032,0.0823692,-0.3228828,-1.4086368,0.801234,-1.4560419,-1.4364446,-2.7746584,-1.8709905,0.40222728,-0.0076870765,0.31005093,1.3242987,-0.08004459,-1.4878451,0.4271327,-1.4299705,-1.431559,-0.579434,-0.51884085,-1.7919725,0.3016881,0.22252546,-1.622235,-1.7536117,-0.41978115,0.22186202,1.6450056,0.11903764,-1.6530321,-1.9203438,-0.8044604,-1.0829852,NA18132,CHD,1
-4.1732965,3.611749,7.3626523,-13.460517,4.758181,30.257566,-2.023995,-2.641645,-2.1222403,-2.4618316,-0.54529834,0.91726863,-0.35456502,-0.4756952,0.2620522,0.28254458,-0.41607752,-0.79123306,-1.219158,-1.6583256,0.2491573,0.79462576,0.45752773,0.54043305,-0.556159,-1.6854824,0.22964714,1.216859,0.043312803,-0.63003457,2.6517158,0.59245324,-0.83346796,-0.31100577,1.0488741,-0.33915654,-1.6288943,-0.6141696,-0.7027142,-0.18973681,-0.24727958,1.0679835,0.42992738,1.1466727,0.2170653,0.9257425,-0.027131561,-0.72785586,1.4762859,-0.13558966,NA18141,CHD,1
-3.2571025,3.1985912,6.5991793,-12.704253,5.126013,29.742582,-2.1824882,-3.7174594,-3.7467256,-1.338299,-0.7171813,0.1606976,-0.83237356,0.5863074,0.6254847,0.21723203,-0.8187591,1.0355535,0.40739202,-0.6807104,-0.6783572,-0.40107876,0.017471842,-0.5656034,0.047663607,2.3242807,-0.8530982,0.48441303,1.4842844,-1.1728501,0.6546714,-2.0201073,-2.0891936,0.23189127,-0.98081577,-0.4713705,-0.703918,0.40036628,0.30804324,1.8739312,2.3606231,-1.1907389,1.760389,-0.4853511,0.47830933,1.0694225,-0.42519778,-0.8949567,1.8278323,1.9730651,NA18143,CHD,1
-2.9661932,4.073744,7.2102933,-13.4503,5.923242,30.993687,-1.8015047,-2.6474166,-2.7902596,-2.5599277,0.14705701,-0.22944506,-0.56868255,-0.4620449,0.41980112,-1.8323809,-0.95220935,-1.0504552,-0.2107126,0.9662018,-0.6505993,0.54105693,-1.8406645,0.6313503,-1.606935,0.36366084,2.5496097,0.75725085,-1.2346897,-1.028261,0.12391245,-1.3847568,-2.992677,-0.7834757,-1.0643576,-0.78316617,-1.8820926,-0.3608737,-0.12106614,0.33422175,0.10863545,-0.6028435,0.6570277,0.34793818,-1.5220908,0.3160528,-0.4120044,1.5049886,1.8252587,-0.3949976,NA18147,CHD,1
-3.8443048,3.0153327,7.694471,-13.833614,6.250563,30.483099,-2.397071,-3.374108,-3.4589217,-1.9093103,0.22621916,0.6421506,1.5747584,-1.0133998,0.666035,0.17765276,-0.86737245,-1.5517923,-1.5097669,0.71643704,0.36304206,1.6436875,0.3923954,0.44375733,-1.4525763,-0.3576933,1.8876023,-1.8266132,0.47490692,-1.4003662,1.719008,-0.5016808,0.10435471,0.6860851,-1.7007922,0.8925073,-1.1330457,-0.9696147,-0.8415815,-0.13781936,0.54801935,1.0675641,1.6481807,0.8656419,0.49596688,1.2233192,-0.7123469,1.3049246,0.43835533,1.6207451,NA18155,CHD,1
-3.383537,3.4714882,6.1744184,-12.927184,6.8803706,30.718266,-2.2279468,-3.3314378,-2.0445695,-1.0287608,-0.7511612,0.048598338,1.0712775,-0.8344443,-0.31370163,-0.0192683,0.13922516,-0.9531671,0.72316575,-0.06489067,0.40052164,1.0473083,-0.36165562,0.09089281,-1.7833791,0.295798,0.80442727,-1.5599291,-0.272888,0.056625314,0.80492437,-0.57001364,1.3566442,0.8603836,-0.5930984,-1.6927351,1.4103696,-0.7826982,0.3047204,-0.6277348,-0.12166096,-1.0056053,1.5716119,-1.1680412,-0.29712784,1.4743807,0.6591114,-0.50814897,-0.8896017,-0.78247476,NA18158,CHD,1
-4.478271,3.5607653,6.63806,-12.204708,5.6254163,30.028212,-1.8379036,-2.975257,-3.3761826,-2.0482385,-0.26559794,-0.21855178,0.0975611,0.6508472,0.7466814,0.17192477,-0.6129295,1.0768689,1.5466458,-0.044191565,-1.1476808,-0.73533374,-0.3083254,1.6702917,-0.025636472,1.8261392,0.45318076,-0.24742664,-0.9007649,-1.2945071,-1.0022209,0.26702413,1.0892369,-0.20541951,-2.169462,-0.9645504,0.25782686,-1.1629779,1.9378377,0.0528616,-0.847178,-2.3710623,0.13802187,-1.2974508,0.6927508,-0.20965403,0.33487052,-0.8240778,0.7077566,0.09853398,NA18674,CHD,1
-3.296406,4.185355,7.20107,-13.285836,5.547156,30.200327,-0.76582927,-2.0990381,-2.7168822,-1.4731218,-0.3421352,-1.1884652,0.8209746,-0.84947264,-1.5008649,0.42799896,0.1167747,0.0534824,1.4342629,0.013441458,-0.33573315,1.0099133,-0.46676773,-0.21144204,0.6044327,-0.13256513,-0.30081487,0.68386805,-1.6427505,0.34688154,-0.0046145674,2.2114577,-0.86117065,1.1826427,2.8649259,-1.4723403,1.2513063,-0.37380075,-1.08376,0.72944176,-1.2779107,-0.6658116,-2.1278257,-2.272204,-1.5303185,-1.1079304,0.4156212,-1.2107671,-0.5065673,0.7289512,NA17982,CHD,2
-3.3610015,4.396491,6.3052597,-12.930171,4.9706736,30.991304,-1.9119693,-2.221615,-3.244826,-2.269335,-0.17868482,-1.2560549,0.3164222,0.24846375,-0.98637956,-0.1477488,0.95415306,-1.1603297,-1.4310766,-0.21789074,-2.7817817,0.19090682,1.0900251,1.7610734,-0.21953161,-0.09706496,-0.38438648,1.4892089,-0.6353724,0.3202258,-0.643438,0.6826727,0.30073643,-0.5660083,0.0671851,-0.9216026,-0.042622935,-2.3395762,-0.17440732,1.5180303,0.75654113,-0.14825077,-0.42800686,-1.5696898,0.5640344,-0.41322303,-1.8321953,-1.3476394,-1.1028786,1.9287524,NA17990,CHD,2
-3.2893875,3.5650423,7.1644835,-13.118028,5.67219,31.044342,-1.8695048,-2.8034105,-3.3948681,-2.2282286,0.8958394,-1.0036408,-0.46175954,0.423902,0.8562648,0.5581306,0.8608503,-0.98084086,0.9062886,0.6404113,-0.58053815,-1.1066188,0.6587385,-0.26723945,-0.29032055,0.65854084,1.2671305,-0.31418228,-1.1975198,0.5880411,1.2976459,-0.36546698,0.081989944,0.32678446,2.7846067,-0.84199595,0.1639875,0.16184103,0.063805915,0.3979353,0.27883336,0.8794552,-0.12484507,1.3786215,2.1595728,1.5971453,-1.6791476,0.46342677,-1.9171609,0.6644417,NA18112,CHD,2
-3.913816,3.913179,7.366746,-13.441858,5.7582903,30.873457,-0.9259306,-2.4565086,-3.2405603,-1.0687225,0.8471359,-1.0575747,-0.35688993,-0.39409438,-0.15695015,-1.2099565,-0.85913813,-0.93876684,-0.04263731,0.46944597,-0.7301383,-1.464618,-0.099232234,0.8046983,-0.30885598,-1.823727,-1.6706208,0.28478563,-0.19710784,0.55820584,1.1489737,-0.099557705,1.4951438,-0.11361253,1.1621455,0.5565539,1.7931854,0.82965344,-0.59495986,0.948671,-0.875895,0.25483286,-1.7627387,-0.5765282,-0.5730117,0.14970408,0.014368455,-0.015414312,-0.20534705,-0.41255057,NA18118,CHD,2
-3.476608,4.146644,6.7221684,-13.046575,5.8090806,30.925936,-2.2554417,-2.5213454,-1.0687042,-2.70314,-0.5779615,-1.5022032,0.20970826,-0.5134187,-0.45592088,1.2929429,0.20068859,0.45846164,1.0839503,0.82034856,-1.5253224,0.3455927,-2.07428,-0.57120514,0.5037249,0.8431266,0.0869995,-0.06823814,-0.35713387,1.2337171,-0.20837918,2.350667,0.72795045,1.1478252,0.36165348,0.92977774,-1.7254755,0.38648123,0.407933,0.07687741,0.50254065,0.311427,0.5702314,-1.6323031,-0.3340658,1.1124613,1.1303606,-0.49156043,1.3062152,0.8889572,NA18151,CHD,2
-4.3454075,3.0773616,7.5802526,-12.776975,5.7277236,30.235903,-1.6605172,-1.8208591,-2.6802664,-1.2946543,0.88322306,-0.54410386,-0.74842286,0.8505812,1.7152157,-1.0140352,0.9305803,1.392928,0.87925977,0.2532163,-0.32643265,-0.7811894,0.08348763,0.34355855,0.07132572,1.2496532,-1.1207172,-1.3558953,3.54468,1.5741019,0.38702264,-1.2620679,-0.54908055,-1.4668926,-0.0053498996,-0.67064285,-0.2548289,0.8960348,-0.6925544,0.8771964,-0.08690341,0.7827786,0.35527813,0.8465603,-1.4741795,-0.9845921,2.362275,-0.054899503,-2.2437177,-1.7624897,NA18153,CHD,2
-3.7727022,5.0523763,6.404452,-13.87273,6.213524,32.12578,-1.5977802,-2.3372402,-1.9638126,-1.9302849,-0.14906877,-0.56052995,0.7393851,-0.26048088,0.7467098,-0.48606825,-1.9765162,0.6657443,0.026733816,-1.1656067,-0.32412672,0.7623471,1.1855236,0.9981569,-1.278374,2.087345,0.18729147,1.3350614,-0.07206977,0.72345036,-1.0733541,-0.8087434,-0.23657455,0.8645836,-1.2287806,2.046024,-2.5087643,-2.51947,0.86760265,-0.04720367,-1.0917791,-3.3199532,0.6849856,-1.6703557,2.2693877,1.1457539,-0.105690286,-0.5456738,-0.86661386,0.19244216,NA18702,CHD,2
-3.37583,3.4104652,6.972503,-13.585518,5.9611826,30.175606,-2.3653908,-3.161996,-1.7113856,-1.7353657,0.076566696,0.5179003,-0.70678824,0.11974538,0.094291694,1.3331321,0.30704847,0.5067356,0.91749203,0.11009137,-1.0505489,-0.28623614,1.132549,0.7194081,2.434413,-0.70767957,-0.16380236,1.1439272,-0.37361753,1.1348788,-0.78438896,2.1451356,2.4318469,0.4304621,0.05707805,0.267389,-0.18134779,-0.81327075,-0.19479674,1.0123072,-0.09773174,-0.0018418465,0.77249026,0.09396379,-2.1378667,-0.5313744,0.8874249,-1.0306096,1.4115603,-1.3563517,NA18704,CHD,2
-3.312777,3.9245634,7.4392853,-12.332261,5.6012154,30.130325,-1.3226085,-3.4305952,-3.1373897,-0.68656534,1.4729036,0.54089135,-0.002789864,0.5564568,1.4518298,0.17980288,0.94093156,0.4324534,0.27125084,0.083149485,1.3557839,-0.4839589,0.72251564,0.09289901,0.68573564,1.0714023,-1.7782948,1.3768151,-0.48709035,-2.3997643,0.68713725,-1.1129602,0.12734762,1.3510942,1.1699814,-0.7372031,0.5997363,2.3613696,-4.1158643,-1.1594137,0.1374956,-1.3386132,0.35196698,1.968489,1.8070282,-1.1700053,1.604294,4.58115,-2.4936144,0.7430282,NA17976,CHD,1
-3.8159392,3.753274,6.869471,-13.06781,5.1931257,29.786512,-1.4650042,-2.2006745,-2.3800924,-1.6225141,-0.23183098,0.2711911,-0.044209156,0.7093333,1.4336362,0.4507813,0.9131858,1.086409,-0.66793376,1.2577368,-0.824489,-0.2986982,0.23716259,-0.45625868,0.87564015,0.86568445,0.3298047,-1.1649868,-0.7999067,0.5171342,-1.8389246,-0.3189144,-0.6932109,-0.6143989,0.6570495,-0.31896618,1.5952508,-0.028957874,0.739937,-0.009982773,1.7776816,1.1372746,-2.3710096,0.4739769,-0.36016893,-1.4349012,-1.0998361,-0.2824059,1.5746782,0.78166,NA17979,CHD,1
-3.3752625,3.3484788,7.168569,-12.912728,5.3551493,30.191795,-1.0315632,-2.382449,-2.626245,-2.0478008,-0.5344341,-0.020161642,0.5597558,-0.3435387,-0.9006795,0.09515793,1.2539824,-0.67670625,-0.02963856,-0.9527452,-0.068699114,-0.77199125,-0.3835279,0.6641976,1.3083899,0.38921747,-0.2217391,-0.38352287,-1.55453,-1.9047563,1.516882,-0.04365909,-0.6064982,0.1526313,-2.5766633,-2.1358538,-1.9257904,1.6264437,-0.7621675,0.018709663,0.5264125,0.18512893,1.7881179,0.35130662,3.2226932,0.6119303,0.59336054,-1.9171698,0.4315112,0.83451414,NA18156,CHD,1
-3.009343,4.1064267,7.526382,-13.398595,5.48611,31.183851,-1.4053993,-2.461289,-2.4631636,-1.9191318,-0.2935088,-0.07976357,-0.55668455,1.007023,-0.9658379,0.13415238,-1.624503,0.7377768,1.7469351,-0.7013979,0.6653916,-0.53941905,-1.1269516,0.58170384,-0.13358407,0.32542172,1.2381454,-0.6362551,0.43106663,-0.9495146,0.40822577,-1.6263468,-1.0381932,0.7725638,-2.292257,-0.59110105,-1.1514386,0.14013852,0.9789207,-1.4120129,-0.6899777,-0.049901765,0.74024934,1.0524877,-1.0751919,0.21868755,0.03212295,1.4414287,-0.67581606,-0.62805665,NA18152,CHD,1
-3.6317706,2.4204268,7.7091794,-13.579164,4.856006,31.357765,-2.1949325,-2.3490236,-2.569194,-1.3123133,-0.71863633,-1.3072025,0.29946837,1.8237319,1.3094865,-0.6224761,0.008665331,-0.8980276,-1.0520581,-1.4321382,1.7173928,-0.12902524,1.2959934,-0.65003526,-0.4647041,0.55342567,-0.74018526,1.8847027,-1.6789364,-0.9713222,1.6652032,-0.13652883,0.7707889,-0.038610652,-0.6001435,2.1640503,-0.146636,-1.2668991,-1.8850665,1.0060669,0.4580945,-1.8493202,1.5668664,-0.4222882,-0.38501653,-0.07852303,-2.5621493,0.665749,-0.5870455,-0.39978272,NA18160,CHD,1
-3.6824987,2.7321725,7.2499228,-14.478031,6.4633718,31.079487,-1.3438525,-2.2140474,-2.8620508,-1.5572726,0.18808658,-0.57516193,-0.25597864,-0.83351964,-1.2244803,-0.14629498,0.5442178,0.10165603,0.5253381,0.17785114,-0.0060783573,-0.50627065,0.6694716,-0.44260478,0.05237562,0.5038606,-0.1850215,0.72418594,-0.12519088,0.53638357,-0.2806455,0.6333024,-0.4359433,0.1941492,-0.48813137,-0.574105,0.0009759143,-0.69062626,0.010310928,-0.58530885,-0.42482355,3.4343383,-3.9887466,-4.4536085,0.17433365,2.7042549,1.1919,-1.4423075,-0.30459666,-0.59457624,NA18682,CHD,1
-3.7501264,4.3622985,7.664644,-13.070593,5.273285,30.998228,-1.354273,-2.404456,-2.8479857,-0.5085503,-0.40894663,0.62967026,-0.8265019,0.4492479,0.4843439,-1.0071388,0.46209928,-0.3354495,-0.19515008,-0.8920993,-0.03512658,0.40708068,-0.22229111,1.5207382,-0.31848514,1.4478995,1.4468175,0.028340735,-2.0675588,-0.69749045,-0.57547724,0.22137761,0.49582478,0.5154072,-0.19982654,-2.600758,0.49498528,0.09059817,-1.1207532,0.49050707,-0.19726443,-0.16445602,0.79469365,0.60765594,-0.31408814,-0.64946234,0.866665,-0.9997056,-1.0667413,-0.6242961,NA18689,CHD,1
-3.9061084,2.4129295,7.863377,-12.886723,6.1363907,30.984663,-0.90541524,-1.8790767,-3.031636,-0.88855094,0.043705486,0.114898026,-0.5902781,0.6000712,0.20807573,-1.4185896,-0.15559177,-0.30567285,-0.13030002,0.7119452,0.09673325,-0.96821475,-0.3648996,0.3395271,0.5399609,-0.8705524,-0.22813712,-0.12287964,0.32611743,0.18114637,-0.74790263,-0.81387156,2.6540124,0.2508315,0.7824095,-0.297065,1.5539757,0.51668614,2.3867216,-0.06427273,-1.1017185,-0.7841467,0.03162314,0.8892467,-1.105463,0.23705299,-0.6854324,-0.33411178,-1.0326115,0.47839335,NA18685,CHD,1
-4.134018,3.3424933,7.798822,-13.597971,5.583901,31.799038,-0.47852486,-2.0850565,-2.9727,-1.1125296,0.15754065,0.011869008,1.0858363,-1.4431505,-0.5738687,-0.25710106,-0.5936098,1.1622263,-0.25744814,0.4742614,-0.7967877,-0.5800606,-0.6056508,-0.79709625,1.1731732,-0.49946544,1.3075982,-1.128007,-0.11792903,0.43384945,1.3625531,-2.0471942,-0.4402202,0.42167702,0.7830088,1.4022338,0.30777168,0.68978953,1.2789459,0.23759177,-0.15720463,0.033292446,-1.0501589,0.43624195,-0.18997136,-0.066605166,0.59363836,0.5608066,-0.58061045,0.9559252,NA17962,CHD,2
-3.8426595,3.874921,7.3642955,-14.112022,5.343595,31.682531,-1.2243725,-1.9244502,-1.9714701,-1.5847881,1.206833,-1.2565434,-0.14353019,0.094179615,0.15599692,-1.8846982,1.6386112,-0.6738403,1.0751756,0.32148525,0.5455184,2.2064369,-1.0837011,-2.16612,-0.3510822,-0.59240925,-0.56890184,-0.006721305,0.9092821,0.954071,-0.33851016,-1.8617817,0.32152545,-0.88384396,0.821122,1.4076248,-0.5573876,-0.05818406,-0.46461153,1.349838,1.4781275,1.3248985,-1.5070323,-1.517324,-1.4100674,-0.3877039,-0.44697455,1.4159867,0.539404,-0.45790058,NA17966,CHD,2
-4.494501,3.075022,8.342592,-12.983642,5.5865226,29.935064,-1.6013803,-3.1935818,-3.1007063,-1.3563417,0.22496954,-1.1955111,0.56441367,0.031135308,-0.016070291,0.5580837,1.3121958,-1.4622294,1.5032638,1.1173842,-0.14258292,2.3361235,-0.2059208,-0.91300297,-0.6696363,-1.6534804,-0.60717064,-1.0428623,-0.15719381,1.1606748,-1.9085423,0.15239927,1.2308176,-0.84171444,0.5784146,-0.2746076,0.9123272,2.4789302,-0.11533757,-0.9587324,0.28779253,0.26906613,1.6898456,1.0042937,-0.36444494,0.6191875,1.8812623,-0.111899965,2.6861756,0.4492404,NA17999,CHD,1
-3.5174732,3.2235103,7.0609045,-14.241604,6.120379,30.135294,-1.831642,-2.8830848,-3.219414,-1.5298296,0.9484859,-0.28905377,-0.61219466,-0.020232368,-1.1747147,0.649001,0.032384474,0.7912527,0.3473463,-0.21402347,-0.28793716,1.7815722,-2.8607495,0.220581,-0.09417911,0.1368588,1.7754956,-0.34432018,0.8907027,0.5150084,0.5829571,1.6750677,0.53527766,-0.032216165,0.28964782,1.3056896,1.3590381,3.2795906,0.91717327,0.7389226,0.32292858,-0.74159926,0.8224114,-1.5847669,0.8017019,0.42508182,0.7915197,-0.7729984,1.3031307,-0.38774186,NA17968,CHD,2
-3.9995122,3.8160515,6.435451,-13.737133,5.1348658,30.728598,-2.2447352,-2.90629,-3.2470808,-0.8927552,-1.3065985,-0.12288371,-1.5209028,-0.2584528,0.2666575,1.8213516,1.2650659,2.0915654,-0.0035875079,0.7081989,0.038871165,0.73370206,0.7717628,1.6944896,0.5806037,-0.6177534,-0.03339641,1.5162596,-0.74721545,0.18881816,0.43013364,0.15915322,0.79461265,1.3498822,-0.5073898,-2.241984,-2.1185334,-0.936977,-0.9886652,1.2475232,-1.264048,-1.1658496,1.4952443,-0.34061563,-0.9382977,-0.9291528,-1.322694,0.38879833,-0.21971628,0.091942,NA17995,CHD,2
-3.870826,3.6180243,6.296433,-12.996138,5.337582,30.380402,-1.7580128,-2.2278216,-3.3354964,-1.5365051,-0.9111979,-0.48182294,0.54916215,0.11553626,-1.4787505,-0.7886201,0.73510313,-0.5915968,1.4696554,-1.0084207,-0.5538584,0.25083724,-1.1249263,-0.7657074,-0.2084848,-0.69283503,-0.7463449,-0.59547865,-2.0974681,1.2572004,-0.30791643,1.2677821,-2.1084182,1.3685406,1.5676757,-0.78785723,-2.2882864,-0.01690918,-1.1197395,0.5938531,0.8707342,0.27194184,-2.8036237,0.8049079,2.651502,1.1351141,-0.015826713,-0.49341244,2.477449,0.72274405,NA17996,CHD,2
-3.753484,4.0199285,7.2842493,-13.553398,5.7639947,30.04317,-1.1999643,-2.9920056,-3.1011066,-1.2819046,-0.6340619,1.3561721,-1.0537994,-0.2197873,0.63025594,0.81153524,-2.1495638,0.90390074,-0.66342324,0.4451188,-0.056235593,-0.0911736,2.3909519,-0.47958794,0.08720345,0.5518598,-0.8735364,0.10168709,1.1632364,-0.056720026,-0.710698,-2.1974382,0.8629402,-2.382805,-1.2640792,-0.03657069,-0.00013168022,0.4071435,3.0520377,-2.19647,-0.77102864,0.28880504,-1.0673102,0.06424954,0.33980322,-2.1737504,2.1002345,0.3527598,0.73308736,-2.1013038,NA18131,CHD,2
-3.5085585,3.7048013,6.466483,-13.375371,6.302651,31.420328,-1.9372512,-2.603908,-2.5188484,-1.8962398,-0.78075254,-0.08114414,-1.2268311,0.110622555,-0.0430482,1.4031014,0.27503243,-1.6304393,0.60233796,-0.124779746,-1.2582977,-1.059441,1.2125816,-0.02997623,-0.34925523,0.33675456,-0.85114187,-1.3115786,-0.18614121,-1.1520201,-1.111361,0.42025015,-0.17495443,-0.67544913,0.97148085,-0.15572608,1.1636299,-1.3145189,-0.078186646,1.1210895,-0.94363683,0.9413391,-1.059863,-1.5827152,-0.18473491,-1.9928321,1.3377498,-0.020505399,0.56827027,-0.47235548,NA18134,CHD,2
-3.769991,4.1118393,7.5029206,-13.299566,6.0020366,31.818274,-0.74165905,-2.0027876,-3.281196,-1.7582545,-0.34192625,-1.0132145,1.0290543,0.0011404564,-0.47278726,-0.21741028,-0.15271567,-1.8456281,-1.8860978,0.5534624,-0.035097618,-0.27257597,-0.4789562,0.32002562,-0.39542645,-0.8352692,0.4845297,-0.4956573,0.5721535,-1.4993379,-1.0826572,-0.15555666,0.84679216,-0.89855283,-1.0892569,-0.26274788,-0.45578524,0.83158696,-0.82960796,0.026036533,-0.22898051,0.23074,0.047104273,0.5637652,-0.96906877,0.7103007,1.1132616,1.1561278,-1.5221354,-0.68929577,NA18157,CHD,2
-3.0416784,3.1348116,6.3366594,-12.64551,5.688337,30.31507,-1.8733685,-2.0009773,-2.560539,-1.0031164,-0.10340645,-0.15533142,0.16830243,0.28587165,-0.082492925,0.9562208,-0.17153917,-0.47825468,0.13840033,-0.49579108,0.07903017,0.59089196,-0.7074755,1.0141197,1.9037639,0.61180425,0.44279307,-0.18985,-0.3059029,-0.6961011,0.031023648,-1.0572857,-1.1343136,-0.15160504,-0.55501705,2.3766422,1.4726018,-0.8137024,0.016525734,-0.521232,-0.33752483,-0.1427317,0.27333224,0.743014,-0.16655993,-0.9676806,-1.4190587,-1.7074206,0.87060374,2.051164,NA18159,CHD,2
-4.0676813,3.569286,6.431446,-12.666147,5.584058,30.491192,-1.9296973,-2.6768682,-2.3994894,-1.8909483,-0.14850773,0.8191863,-0.75638556,0.12240726,0.52948976,-0.31170148,-0.43784294,-0.08643689,-0.6375145,-0.8895555,0.505654,0.3704103,-0.6079074,1.0865728,-0.3750619,0.38007754,1.1365434,0.43494487,1.4302678,-0.67044055,1.642608,-0.74660766,1.1118456,0.35308945,-0.95838714,0.20431128,0.94250214,-0.059137587,0.27225387,-0.75795937,-1.0584481,-0.09144969,0.6027523,1.275434,1.7293876,-0.92639387,0.64870137,1.2836715,-2.9232275,0.78688884,NA17972,CHD,1
-4.1418,3.0924132,6.6535974,-13.20791,5.4813447,29.773228,-1.4724171,-1.7559925,-2.9663959,-1.7701188,-0.09180219,-1.1839429,-0.25804767,0.4493938,0.66326433,-0.38298345,1.2723114,1.5005308,0.024950273,0.8051344,-0.22856988,-0.5482595,0.6491963,-1.0881683,-1.3442625,0.20859513,0.54609334,0.011679819,-0.045724053,-1.1968615,-2.306189,-1.7802993,-0.16731241,1.0594453,1.1183774,-0.88446677,-0.037874993,-0.9806313,-0.19466746,-1.9790293,1.0697179,1.178018,-0.42540038,-1.0074226,-0.9472774,0.3566465,-1.2375553,0.96226335,0.63309705,-0.61277753,NA18133,CHD,1
-4.1935997,2.9762645,7.784695,-13.199802,4.8565063,30.827019,-1.7051395,-2.1736412,-2.8906982,-1.1696928,-1.0998868,0.5960114,0.123454936,-2.030016,-0.48541388,2.086681,-0.7168945,-0.31707323,-0.72491294,0.7303554,-0.028840438,0.4099093,0.6014411,0.44726026,-0.65094894,-0.20075305,1.1777723,0.51850396,1.6034045,0.13941717,1.2627231,-0.015229466,-0.4584986,-0.52696913,0.74759644,-0.013367097,-0.46628138,1.9735903,0.22180243,-1.614961,1.2335907,0.78693694,-0.75783384,1.9472123,1.2560639,-0.55924565,0.064789355,-1.1146659,-0.1513687,-2.570203,NA18166,CHD,1
-3.901238,3.7358503,6.8002334,-12.806991,4.5662894,29.347641,-0.9981132,-2.0331786,-3.2342305,-1.8171535,-1.4078221,0.1361469,-0.41228724,1.1824553,-1.9691691,-0.47844446,0.10953106,0.63766384,2.9171872,-0.5300716,0.29175878,-0.20452401,-0.9887347,1.3243625,0.64075273,0.32386082,-0.12247439,-0.7032246,-0.5691047,-1.3691062,0.51782554,-0.7029526,0.06080724,1.1911454,-0.3840091,0.5142804,-0.26690358,0.5138095,0.83840424,0.12802057,-2.032885,-0.49119768,0.35512862,2.669875,0.95991254,-0.7175096,1.2694756,0.35045603,0.7318236,1.0310402,NA18102,CHD,1
-4.4096127,3.2894657,7.2556458,-13.377692,5.8564754,30.995352,-1.2909704,-1.9311098,-1.7972312,-2.1364331,-0.41901672,1.3289727,0.36961395,-0.21916108,-0.3877695,1.6371486,-0.36778566,0.33557552,-0.33048496,-0.13964272,1.3143805,-1.4173375,0.27029812,1.3650594,-0.034426123,0.15555348,-0.94695,0.17639975,-0.36019355,1.031134,0.73054945,0.21056065,-0.94647217,0.22623979,-0.34842032,-0.4945574,-1.457512,-0.3863848,-0.06134536,1.6597495,0.74400175,0.26304436,-0.27318722,1.528165,2.4076335,0.35421872,-0.68324983,0.17898825,0.33813223,-0.7053671,NA18136,CHD,1
-3.7126114,3.6356344,7.712136,-14.078798,5.481514,30.842365,-1.9731195,-2.5201316,-3.6724546,-1.0338533,-0.23157102,-1.1298875,0.31570387,0.13998629,0.14556804,0.15211055,0.20750669,-1.5307362,-0.3736874,0.3426895,0.9012656,-0.7835801,0.8095207,-0.8114703,-1.1197491,0.51058567,-0.21791974,-0.93011135,-0.51302165,1.8937682,-0.82636833,-0.3118054,-0.21195894,-0.4077095,0.59840995,0.6756723,0.44323266,-0.8122332,0.2507673,-0.0603257,-1.4653418,1.1998299,-2.2949839,0.05559316,2.526946,0.1697102,1.0789869,-3.9159362,-0.24953544,0.29790956,NA18140,CHD,2
-2.678867,3.4855297,6.9837165,-14.506918,6.243796,31.345247,-1.7501744,-2.054583,-2.2746212,-1.4659247,-0.36137983,-0.2118265,-1.6524802,0.14023077,0.20577918,0.79407936,-0.031561192,-0.59382564,0.91881883,0.00392518,-1.3339072,0.3943204,0.4790635,-0.03759132,0.20090441,-1.2717764,1.0602549,-0.17591761,2.264888,-0.8264888,0.57139087,0.9616335,2.1117666,0.681882,-0.1377771,-0.43760607,1.2753124,0.6653376,-0.63189524,1.0102501,2.427277,1.1962464,-0.51994646,-0.35115492,-1.0965526,-0.5330796,1.0765375,0.043809567,-3.191643,0.9741677,NA17978,CHD,2
-3.788563,3.8546488,6.449645,-12.659148,6.3246117,31.133713,-1.43026,-2.9970133,-2.815995,-1.47597,0.7513376,1.2465687,0.22392467,-0.3024993,-0.18575837,0.19262807,-0.24424775,-0.46959394,-1.1585535,1.1601712,1.1892668,0.5717554,1.4898702,-1.9968227,-2.0331619,0.32050845,1.6222306,1.2167499,1.7019857,0.23564091,-0.0015656891,-1.8412505,0.2968557,-1.5804659,-1.8892628,0.07857526,0.3824596,0.8678649,-0.05098042,-0.57805926,1.8692868,-0.30419967,2.068953,0.34856075,0.017496102,-1.4843516,0.60115576,2.0785317,1.7084341,-0.04052769,NA18104,CHD,1
-3.5332236,4.1647863,6.735751,-12.974605,5.9503593,31.35925,-0.6250783,-2.9378076,-2.980737,-2.1008413,-0.19743927,0.3870348,-0.08886262,0.8274637,0.44617274,1.0321851,-1.3608699,0.44532275,-1.1713647,1.6845301,-0.48745355,-2.041193,0.008936497,0.26436663,-1.0793562,1.3190666,0.7787288,-1.2781851,-0.30350587,-0.55745625,-0.61601675,0.171596,0.4662536,1.4633622,-0.8770837,-0.059059832,1.2087481,-1.6608407,-0.13781723,-0.094764695,-1.6600586,0.36232606,0.94963616,-1.0677598,1.3608812,-0.12563856,0.49929306,-0.46538928,-2.0097055,-1.1923242,NA18113,CHD,1
-3.869721,4.354844,7.2904687,-12.67249,5.260156,30.822193,-0.6673191,-2.8245995,-2.8078234,-1.0994518,0.7802814,0.85164064,-0.22105192,-0.6658652,1.2123057,-0.13730165,-0.67903614,0.4953961,-1.3032942,-0.143331,1.896595,0.47265327,1.1191014,-0.641601,0.22519094,0.20924833,-1.2802669,1.5537189,-0.6442089,-1.3335009,0.08071192,-1.0710145,-0.47817823,2.2116747,0.102420904,-0.81329215,0.4182695,1.8326576,-3.7253835,-2.1586058,-0.96454805,-1.0975167,1.7803645,1.4055762,1.6439989,-0.87954646,1.2263025,3.796211,-3.6204722,0.39175397,NA18116,CHD,2
-3.7137542,3.7926896,6.2487664,-13.51771,5.766554,30.656292,-2.1456914,-2.1335874,-1.9366331,-2.2558286,-0.50831807,-0.15067084,-0.10042202,-0.011040754,0.0014742899,-1.1321512,-0.8877719,-1.1838663,1.0634012,-0.5232741,0.19663921,-0.9822554,-0.31572255,1.3840665,0.24932833,-1.176398,0.72210455,0.8336438,-0.34456214,1.10755,-1.6656486,-0.20340906,-1.5396167,-0.4995496,0.70684624,0.9439215,0.2794979,0.69403666,-0.32364008,2.5464706,1.7384777,1.2566742,0.82984036,1.638478,-1.0636982,-2.1842387,1.1238483,0.103827156,0.08326843,-1.5544606,NA18126,CHD,2
-3.504284,3.360135,7.1022816,-12.47005,5.6356525,30.93946,-1.5819539,-2.4455025,-2.12734,-1.6220243,-0.38759404,0.30703953,1.1808193,-0.7347643,-0.56948674,0.009351889,0.9687709,0.05098843,-0.19439973,-1.0295013,1.1881026,-1.1436155,-2.0695808,0.8873843,0.29177916,0.57192,-1.6605147,-2.8873243,-0.07326373,0.9174261,-1.0524782,0.43736383,0.1703791,-2.0767236,0.12701006,-1.5127512,-0.33169004,-1.0505627,0.5062777,-0.2241468,0.70434856,0.041502595,0.75330484,0.29882073,-0.056527995,-0.79723674,1.802482,-0.7083595,-0.1061795,-0.4061789,NA18679,CHD,1
-4.6697226,3.1703022,7.2457523,-14.055387,5.94248,30.587156,-2.3892531,-2.8697054,-2.4297192,-1.2977878,0.101939894,0.23275258,-1.5251892,0.7479324,-0.34720066,-1.1222411,0.6886979,-0.77719325,0.5097799,-0.3401151,0.8573709,-1.5091989,-0.19623104,0.39699522,-0.18155915,-0.40810734,-2.7761204,-1.2065743,-1.1085464,0.04882003,-0.15544507,1.1233436,-0.64522505,-0.5663114,-0.6680239,1.3580039,-0.28982273,1.5827075,0.96620584,-1.0372782,-0.047812246,-1.7339584,-1.9781187,-0.6580461,-0.2976326,0.97278786,0.6647687,-0.6918027,1.8722969,-1.7053543,NA18683,CHD,2
-3.18822,3.2418702,6.3003554,-13.216995,5.7394576,30.33367,-1.7996911,-1.5251433,-3.1251814,-0.66167784,-0.67473024,-0.2072382,-0.5559192,-0.386972,-0.26803306,0.56575567,0.7003516,0.08714764,-0.45649967,-0.6020748,-0.29775342,1.3087251,0.74005723,-0.56738037,-1.3742312,-0.4612646,-0.6913156,1.2397897,1.8371483,-0.70459974,0.468394,0.4119184,2.5027628,-0.23245841,0.7068181,-0.4600508,-1.8382301,-1.3670263,0.98511815,0.82064533,-0.25734007,-1.2111323,-0.76367664,2.035858,-0.9548513,-0.95583236,0.3309981,-0.8043305,-0.3702506,-0.12212609,NA18684,CHD,2
-3.2240248,2.7489827,6.6641297,-11.605797,6.464392,28.628925,-2.1839027,-2.3871286,-2.3828132,-1.0915294,0.037398934,-0.35127527,0.9697769,-0.2982065,-0.010624933,-1.244735,0.7335882,-0.2062657,-0.45057312,-0.15437882,0.8118463,0.8274644,0.6302509,0.38165343,-0.7894123,-1.9473964,0.85558665,1.4547219,-0.013078798,0.006837801,0.17445754,-0.20994647,-1.5870934,0.18869157,-1.0474693,0.6264023,-2.3885143,0.17483486,2.1911755,-0.7656991,2.0811002,0.23133647,-0.61677283,2.3963356,-0.8550887,-0.29338494,-2.115011,-0.10169757,-0.36402234,0.76762944,NA18686,CHD,2
-2.9146605,2.9820855,6.0822015,-13.036996,5.9919558,28.83291,-1.8759888,-2.267767,-2.1767507,-0.8643784,0.1295485,-0.44415805,-0.23471798,1.0385115,-0.8757096,-0.8388461,-0.40506715,-0.39260533,0.14392582,0.079392314,0.13783528,1.5226767,-1.154874,0.11356264,0.14917539,0.75208753,0.1005068,-0.17215101,0.6039428,-0.5439424,-0.40561533,1.8403125,-1.9767071,-1.2310319,-0.23794466,0.9797664,-0.2239022,-0.14991991,-1.6422844,-0.04297123,-1.592628,1.0593421,3.7979972,-2.7440958,-0.62387544,1.6052973,-0.4594163,2.315736,-2.8815787,1.6802746,NA18145,CHD,1
-3.6885436,3.6731884,8.024889,-13.293625,5.5924025,30.882797,-2.3210266,-2.494927,-3.2246375,-1.9626367,2.0212967,0.38624465,0.09105555,0.80505943,0.6148333,-1.0909253,-0.22904305,-0.036727987,-0.33337978,1.0281811,0.4563663,0.40635905,0.2159207,-1.3963649,2.2377317,-0.57746583,0.5060654,-0.6478134,-0.7654445,1.2234222,-0.68291396,-0.65232855,0.92060494,-0.04481733,0.08848474,-0.4616045,1.1273019,0.76755846,-0.49743944,-0.25219095,1.3260914,0.6470065,-0.68398625,2.8189716,-1.4661871,0.586539,0.5573298,-2.0409214,0.32559806,0.8712141,NA18164,CHD,2
-3.5235674,2.8587337,6.977782,-12.545688,4.8054852,30.168966,-1.4750985,-2.3190022,-3.056061,-2.3218434,0.83266586,0.09411434,-0.26147115,-0.40645674,0.25078976,-0.35307074,-0.22061585,0.07002361,0.37340444,1.4898806,-0.46895427,-0.4449692,-0.4303014,-1.3017578,-0.23516218,1.3079599,-0.68228513,-0.9483815,-0.83147556,0.35571432,0.25744313,-0.48564553,-1.0998813,0.82021594,-0.017485818,0.6318925,1.97229,0.19266783,0.6491027,0.39071697,0.78822434,0.34235463,1.4572694,-1.3089408,0.21345401,-1.1516552,0.55964065,-0.5982592,-0.24778767,0.65890646,NA18669,CHD,1
-4.509175,3.550214,6.7658186,-12.196507,4.3910336,29.483717,-1.8256263,-1.4725028,-2.9295025,-1.5149235,-1.2573501,-0.9779877,0.053454395,0.67646754,-0.02931562,0.039779693,0.7023665,-0.4791398,-0.7709508,-2.0540826,0.85606897,-0.6172982,-0.4019829,-1.0701416,-2.3560984,-1.3665109,-0.84665394,0.1693126,0.68576944,0.77737284,-1.5266154,0.7238531,-1.475428,-1.1887635,-0.09663635,0.48526394,0.5054412,-0.12095735,0.5761719,-0.68651885,-0.73384887,0.8236162,1.0375433,0.879094,-0.1628366,-1.7209638,0.27759132,0.8627743,-2.7292082,1.9181513,NA18671,CHD,2
-4.0794263,3.9533403,6.6837263,-12.89663,5.1086564,31.564201,-1.4151858,-2.7817998,-3.2799282,-1.7212468,-0.340303,-0.24476963,-0.11388083,0.3589342,0.668367,0.0042403927,1.7316558,-1.3937767,2.7714174,-0.3479617,-1.7291327,2.5512357,-0.22084841,-1.3816017,-2.7226481,-0.21136142,-0.46472287,-2.3292525,0.11073896,-0.55675346,-1.5050524,-1.1456186,-0.18431032,-1.2474346,-0.908985,0.5107761,0.48522636,0.3114104,0.7033115,0.35259724,-1.5915027,-0.095261715,0.38184428,-1.0894814,0.2046073,0.7923409,-1.8253967,0.8072211,0.27194285,0.21623963,NA18675,CHD,1
-3.8874638,3.8327818,6.160482,-13.053329,6.3465075,30.20483,-1.437428,-2.1859684,-3.7043095,-0.78140557,0.20258795,0.011258241,1.4500699,-0.5216419,-0.83619577,0.31123212,-0.60796523,0.44846988,-0.6472202,-1.0639085,1.0540136,0.6262007,-1.1614604,-0.84407634,1.3149576,1.0390884,0.7880407,1.5892504,-0.8781121,-0.17676051,-0.67567986,1.1736884,-2.0292723,0.05983266,-1.7927055,0.9847936,-0.044332493,-1.2207577,-0.6141024,0.97103864,-2.653019,0.92672944,2.8302119,-1.8708966,-1.0906329,1.6880678,-2.5183291,-1.2443577,0.5333935,-0.70572287,NA18690,CHD,2
-3.1118243,3.4005136,6.4262123,-12.818932,5.6079173,30.966639,-1.7975335,-2.3512385,-3.0786624,-1.7665411,0.045172155,0.26921657,0.34054124,-0.7992286,-0.38418695,-0.3806738,-0.280375,0.80803657,-0.67438537,-0.60011184,0.26443502,1.2076099,0.7553425,-0.4535658,0.2545977,-0.6850722,-0.4130262,-1.8525999,0.04367738,1.5945554,-0.71497285,-0.73934627,0.80553085,0.17281769,1.0978456,0.29425645,1.0280921,0.2831236,-0.8492813,-0.725087,0.2606687,-0.97767746,-0.35800064,1.1667073,-0.36635348,0.6541697,1.8086514,-0.33147576,-0.063242644,2.2940834,NA18701,CHD,1
-3.6244369,4.0310297,5.994639,-12.51673,5.125421,29.345642,-0.9894624,-1.7225661,-3.4169133,-1.4897869,0.5467395,-1.2838564,-0.1293336,-0.8005328,0.6877357,1.9169801,-0.26428062,-1.0771236,-0.91051435,0.42193735,0.5892905,-1.4969608,0.6256799,0.7928957,0.8000857,0.5047961,-1.6188769,-0.83574665,-0.26711693,0.5726111,0.93592733,0.0133294035,-1.464273,-0.26158667,-1.3953205,1.9207689,-0.6448261,-0.6216825,-1.4869077,-1.156072,1.746622,0.45347983,1.6511451,-2.0383246,1.6376,-0.4946373,-0.64479834,-0.71894276,-0.43701816,-1.860481,NA18706,CHD,1
-4.028072,4.1176553,6.896774,-12.7038145,6.125774,30.661125,-2.8430207,-2.2896104,-2.5757833,-2.3789015,-0.83306247,1.0279534,-0.9851278,-0.008365625,0.7487667,-0.33269587,0.24909657,1.6848673,0.31189573,0.39998803,-0.8525084,1.3323138,0.12196619,-0.58774203,0.48967135,0.42393735,-2.1872432,0.60732317,-0.28749636,-0.856245,0.07451055,1.4980644,0.35065812,0.64081424,1.2162409,-0.109277286,-1.2160907,0.17814375,-0.01377177,1.0119894,0.2211369,0.55308163,0.6570223,-1.0985559,-0.79946965,0.20996259,1.901743,0.6603026,0.49453807,-0.35092312,NA18119,CHD,2
-2.7670925,3.1516182,7.2978354,-13.394286,6.391827,30.547432,-1.9971665,-1.5377057,-2.8980756,-2.1339288,-0.393292,-0.15719716,-0.5414865,0.5644398,1.2933556,-0.070564196,0.7039516,-0.88649476,-0.90184176,0.877228,1.9952512,0.99206364,0.18408608,1.528842,1.3958678,1.18874,1.9908956,1.3947014,1.632426,0.054979574,0.40986693,0.2258948,0.21678628,2.4419854,-0.2817511,-0.45294014,-0.5737059,-1.6798245,-0.7714942,-0.8315266,0.024792036,0.17869636,-1.2281082,-1.7300003,-0.16325179,-0.19906102,1.552634,0.80468446,0.5943251,1.1616021,NA18123,CHD,2
-3.836316,3.61147,7.2157173,-12.482024,4.536774,31.339798,-1.5743853,-2.5704746,-3.6570492,-1.3686476,0.6569431,1.7515239,-0.4116062,-1.491114,0.056278706,0.4056912,-0.867293,0.7346463,1.3288584,-0.04515174,0.3226117,-0.07573581,-0.46592683,1.8746084,0.38121536,0.45572895,3.0578332,1.0398347,1.4987198,-0.46722138,1.1467292,-0.25979805,-0.5102941,2.062691,-0.63847065,-1.3858736,-0.38980344,-1.4662803,-0.18226518,-0.4285708,-1.7304292,-1.0987095,-0.4470434,-0.2825395,-0.11343176,0.58963805,-1.4708457,0.17924659,-0.9081083,-3.4407227,NA18692,CHD,2
-2.9084606,3.9408453,7.2561355,-13.036571,4.9859705,30.736322,-2.8639598,-1.7141925,-3.5796416,-1.7021729,-0.31636843,-0.817816,-0.15514828,0.64229906,-0.6544136,-0.064373255,0.38692123,0.4579954,0.4537026,-1.9151402,0.41236067,1.7607832,-0.55122733,0.59831315,0.8734632,-0.8657837,-0.58502936,0.20121561,-0.03580328,-1.0281625,1.6821195,1.1575705,0.05966107,-1.6428688,0.4442182,-2.0053282,-0.4352305,-0.42442438,2.0609047,0.60805774,0.08814632,-0.8740687,2.0940547,-0.011865286,1.6775938,-1.0042392,-0.049711432,-0.036969014,-0.2886359,1.4652032,NA18695,CHD,2
-3.7546437,4.1159716,7.683282,-12.124648,6.3335524,30.406239,-1.1177334,-2.3070078,-3.7448878,-0.71874833,-0.29065424,-0.3795029,-0.50954366,0.46652192,0.88253134,-1.3635978,-1.1676356,0.11863488,-0.8417162,0.37718877,-0.57527566,-1.1965634,1.7982684,-0.8107521,-0.4690438,-0.6776491,0.38560647,1.6478001,0.7222908,-0.37878045,-0.7453236,0.41967124,-1.6131378,0.4930392,-0.008802366,0.15108721,0.14535908,0.018985398,-1.7390555,0.96090657,1.2097754,2.1531608,-0.35202083,1.6570998,-1.1697247,-0.48807064,-1.4871112,0.3113102,-0.5860068,-1.0969359,NA18697,CHD,2
-3.6939397,4.5124345,8.347828,-13.625289,5.6884694,30.669369,-1.8962928,-2.686224,-2.9689784,-2.4342802,-0.37539816,-1.6271914,1.0316676,-0.76402545,-0.0886376,-0.2881153,-1.0581964,0.8015102,-0.16952395,0.23695678,0.7148904,0.59455496,1.2572553,0.79967564,1.9263532,1.2726688,-0.44125694,0.8447402,-0.1725422,1.6666889,-0.9435765,2.4965043,-0.16798514,0.21083826,0.43450657,1.9959416,-0.22162695,0.45632073,0.7257471,-0.062739976,0.26463002,1.4820348,1.2910113,-0.94412416,-2.914278,-0.5162603,1.3410255,0.9651194,-0.36609477,-1.9450743,NA18699,CHD,2
-4.1887712,3.7946863,7.1347733,-13.434168,5.670909,30.18212,-1.6416572,-2.8282454,-3.3656776,-1.6991837,-0.30229673,0.89256126,0.31546128,-0.24662422,-1.9811585,-0.36863276,-0.77920735,-1.3634486,0.44142014,-0.26304728,0.66186315,-0.6664418,-0.8561144,-1.4898707,0.41647354,-1.7473993,-0.26966318,0.072270125,1.2497565,0.57835364,-0.5192744,-1.303248,-0.81625795,-2.1438038,-0.30714783,0.20059012,-0.37773353,1.7994057,-3.0635493,-0.03334752,-0.21859719,1.6183175,-0.52257955,-0.7359082,-0.31565493,1.0495044,0.2337854,0.7046252,-0.6216647,-0.39932477,NA18708,CHD,1
-7.177303,2.1606297,22.878628,25.146294,1.5052763,0.6654799,-0.37578517,-0.65506595,-1.4393744,-0.6406322,-0.4514,-0.33557153,0.012567731,-0.36755806,0.19174732,0.5548662,-1.1891257,-0.6455982,-0.06665945,0.5178723,0.9136927,1.1012919,0.36904433,-0.35995972,0.80977607,-0.8662665,0.5260316,0.28617498,2.0560923,0.81360734,1.3462241,0.1596833,-1.1806926,-0.12150212,-0.5344568,-2.5600808,0.12610357,-0.8475452,0.37296015,3.400937,1.3987017,1.3794103,1.390176,-1.5920172,-0.8306352,-0.7039629,0.027200673,-0.9185666,-0.14598611,-0.49075308,NA18597,CHB,2
-5.3442726,2.6872954,22.699715,25.680706,2.918994,1.6234863,0.5042484,0.51266795,-2.5062335,-0.78683084,0.4612253,0.13224672,0.4333949,0.39480588,0.119580984,0.08844715,1.4331857,0.19274318,0.72031134,0.029592767,0.17566308,0.6489226,0.09411303,-0.095608115,0.47354108,0.53764504,0.12147049,-0.6501946,-0.42458135,1.403078,-1.9452994,-0.22009751,-0.08964894,-0.3021408,0.79917693,-0.2571389,-0.2611424,-0.31132397,-0.86621845,0.6100665,0.54783064,-0.8972276,-0.4410329,-0.83853906,-0.086907536,0.035932627,-1.8677552,-0.27525446,-0.123294935,-1.0236186,NA18615,CHB,2
-5.84531,2.1014457,23.05544,26.672243,1.6919694,0.96939653,0.09362644,-0.49937478,-1.1744541,-1.0779481,-0.49868056,-0.61429965,-0.37678215,0.0261284,-0.5135489,-0.13787134,-0.43269646,0.5381873,-0.4712016,-0.09949582,0.55958456,0.44039994,0.35197127,-0.028759416,-0.28033903,-0.08681251,0.44047585,1.1531126,-1.9170161,1.869927,0.86411965,0.46668485,0.6924573,0.553486,0.6668918,-0.4337162,-0.43601462,0.51808935,-0.78648394,0.8998144,-1.427038,0.30569366,1.614659,-0.14039889,-0.82888657,1.5352588,-0.9446524,-0.6020092,0.3228558,1.1856843,NA18557,CHB,1
-6.0682592,3.3867438,23.665455,25.761889,2.6667578,0.6878084,-0.62663543,-0.32763588,-2.813277,-0.66692334,-0.09981925,-0.21823455,1.7189779,1.0144962,0.39344236,-0.28956318,-0.47581482,-0.16448744,0.60856915,-2.8166003,0.92214936,1.1162832,0.93579334,0.34996796,-0.63071597,-0.9472858,-0.66355985,0.4568686,1.7533854,-0.26689243,0.32453227,-0.48138797,0.0025915822,0.07230448,-0.22643799,0.61700696,-0.27257767,1.6812184,-1.6718289,0.20223883,0.996365,-0.8685874,-0.43277505,1.2365079,-0.8021895,-0.66378635,1.0995525,-0.22124167,1.8256636,-0.9521918,NA18628,CHB,2
-6.7139807,2.3326097,24.002518,27.040695,1.5278794,0.74817705,-0.20674182,0.26743823,-0.77298933,-0.77630496,0.7574105,-1.3490616,0.09419067,-0.3818101,-0.2903474,-0.3109329,-0.85037893,1.0496727,0.15588723,-0.14404514,-1.7767859,-0.72467005,0.8613744,1.5958819,-0.9790093,0.3966403,-0.24199952,-0.41643822,-0.4964659,0.46600893,0.69429123,-0.8986121,-0.52297187,1.8668563,-0.33375093,2.1287365,-0.79690456,0.2221633,1.5107875,-0.27821317,0.6662714,2.5596366,-0.72969663,-0.8575125,0.040426128,0.36753935,1.9340776,0.4308542,-0.11253683,-0.80999696,NA18745,CHB,1
-6.123867,2.8212922,23.955694,26.727388,1.764945,0.5046115,-0.25567374,0.15610543,-1.4589562,-1.7323043,0.530079,0.5924319,0.34350935,0.12514618,1.5971448,0.51669484,-0.94448686,0.85401314,-0.07420299,-0.7366082,-0.11711404,-0.8212658,-0.41882998,0.14947571,0.724768,-0.27369466,-0.21490894,0.5824755,1.0359768,0.059107304,-0.34903628,-0.61532605,-0.030608702,-0.5793773,-0.3800377,-1.0231256,0.20290247,0.21710536,0.25460997,-0.30184984,0.81994313,0.035016038,0.15610524,-0.43607575,-0.408273,-1.243155,-1.1098987,1.0447665,-0.34487814,0.23656607,NA18640,CHB,2
-5.8422585,1.8873602,24.28067,26.488497,2.217944,0.9055506,-0.7197621,-0.82299036,-1.4465026,-1.7235377,-0.5550866,0.6997437,1.2687961,2.429781,-1.0160981,-0.26674876,0.018487671,0.7606363,0.041318554,-0.16234478,-0.15037066,0.67361367,1.1053603,0.21788669,-0.88442576,-0.53946114,0.6387626,-1.3595462,-0.13598852,1.0564915,-0.10540534,-0.4734423,0.44802636,-0.27401388,0.28777406,0.8813637,0.07806089,0.584781,1.6268215,-0.8796984,1.2813615,0.06332712,-1.2120974,2.8752675,-0.20181932,0.5945543,0.8977004,0.6456165,-1.2063553,-1.1813911,NA18747,CHB,1
-6.5140824,1.9313458,22.80762,25.81728,2.6911309,1.7807455,-0.23811233,-0.13672088,-1.4887137,-0.30663228,-0.65548736,-0.106494516,1.4745542,-0.5987277,1.1561688,-0.22504643,-0.46465114,0.32658285,1.4104337,-1.2642311,0.26496843,-0.2901214,0.7045268,0.39517406,0.65882474,-0.97110015,-0.7271928,-0.7869175,-0.5227578,-0.13715261,-1.647667,1.2826837,-0.77235955,-0.52823335,-0.46310198,0.36381522,-0.77654046,0.6005135,1.9659128,-0.70788056,0.48974562,0.05396923,-0.85367614,0.70946705,0.40299493,2.1217327,-1.6183925,-0.91491127,-1.9166718,-0.11283421,NA18596,CHB,2
-6.545003,2.9883125,23.559298,25.922678,3.1074047,1.3044093,-0.2071298,-1.2782894,-2.1707814,-0.48269862,-1.0367537,0.5105064,-0.20934053,0.7899345,-0.061029304,-1.0453374,0.104417704,0.38133532,0.4448439,0.3225197,1.838799,-0.7839116,0.9103467,0.49700442,0.23665687,1.1382672,-0.96467113,0.29900053,1.6556296,1.9511917,-0.5941458,0.96784824,0.15207204,0.24212734,-0.8908856,0.06930742,-1.2143598,0.3174083,1.1677752,-0.097885646,0.841275,-0.57585686,2.8760989,0.8603388,-0.48742384,-1.7904476,0.11805423,0.47745517,-0.83300835,-1.4946074,NA18536,CHB,1
-6.73561,2.3641346,23.76381,26.672302,2.3834546,1.3720125,0.096993074,-0.65426755,-1.8427004,-1.06593,0.18653408,0.120085336,-0.5538664,-0.58007413,0.9087241,1.2398962,0.67780524,-0.6376657,-0.6420232,1.2668915,0.23588957,-0.8120341,0.48238984,0.66582024,-0.2503442,0.39949375,-0.39976948,-0.19439511,0.087473966,1.4668182,0.74563915,0.6708538,0.18393952,0.035177067,0.7046249,-0.5642416,-1.3534504,-0.35102433,1.1313109,-0.10033218,0.611903,0.813361,-0.3021454,0.5053993,-2.960252,1.4058591,-0.57349885,-0.5175273,0.77454776,-0.3728136,NA18599,CHB,2
-6.0377035,3.617254,22.214893,25.25474,2.0689397,1.1095779,0.17172018,-0.2770774,-1.1710232,-0.69973135,0.70684475,-0.198409,-0.009019117,-0.23102698,0.33791158,0.11415202,1.0932416,-0.7633922,0.6305444,0.02753261,1.6348214,0.47666484,-0.3225948,0.87052906,0.041719135,1.023334,0.19695942,-1.5642647,0.016048148,-0.5094668,-1.0076833,0.02115189,2.4836798,0.55800647,2.0382192,0.09592425,-0.66358846,0.020795971,0.20166405,-0.5192632,-1.0626746,2.0930336,-0.83992285,-0.026041744,0.6583668,1.7790986,0.68322366,0.8866294,0.43115824,0.31375074,NA18544,CHB,1
-5.726023,1.7311808,23.095007,26.031874,1.7749997,1.1434876,-0.1680225,0.12082878,-1.3687414,-0.80284935,0.3348297,0.15062208,-0.37939653,-0.55708927,0.18070823,-0.5701378,0.034298796,-0.86596775,0.2448495,0.08910629,-0.5292876,-0.07794597,-0.6396348,0.52764803,-0.548006,0.85747355,-0.03458172,-0.12167818,-0.58597946,1.13488,-0.05433191,0.49610013,0.9480337,0.5763607,0.9561658,2.2083874,-0.38975674,0.05423524,0.6266943,0.5702158,-0.5012003,0.025822708,-0.15874667,0.17654361,-0.3194689,-0.43122804,0.005855231,-1.4254122,-0.10877529,0.33371043,NA18602,CHB,2
-5.558262,1.8432286,23.404142,25.99853,2.8259537,0.20905949,-0.44872308,-0.29036298,-1.425987,-0.6197213,-0.6364308,0.3627625,0.6043287,-0.34950012,-0.6289096,0.916106,0.84276944,0.14029373,-0.21462676,0.13570161,0.18184498,0.9325895,-1.5620155,-1.1095005,1.1245728,1.9293146,-0.5362318,-1.0250643,-1.1059504,0.5498156,0.4253772,0.21569844,-0.26085716,-0.73394036,0.9825486,0.4537328,0.6643837,0.26719767,0.9953388,-0.19943419,0.21471989,-0.74161285,0.73184836,-0.30152157,0.5462436,-1.5728905,-0.43056956,-0.35589853,0.9973681,1.0972781,NA18614,CHB,2
-5.8529162,2.931673,22.852924,25.900574,1.5739728,0.9398173,0.620773,-0.7514964,-1.6696799,-0.91539484,-0.40631208,-0.4350224,-0.28657162,0.63936794,1.0244094,0.5672297,-0.42449546,-0.1815091,-0.58813006,0.9090661,-0.81615776,-1.089513,1.0212976,-1.3499227,-1.6010448,-1.0154727,0.45716527,0.4212381,0.57126606,0.11472089,0.07482193,0.083346166,0.22481741,-0.33807865,-0.39989594,0.10689792,-0.52478784,-1.6877098,0.41858074,-0.53410476,1.3958957,-0.017204465,1.0509684,1.2951286,-0.03811629,0.64143217,2.0143669,-0.11064211,-1.2047019,-1.1644949,NA18548,CHB,1
-5.5349092,2.3755324,24.207577,26.624075,1.6106268,1.5084622,-1.0059463,0.21473756,-2.1917028,-0.60259277,-0.054385748,-1.3406442,0.15150881,0.6897374,1.2732433,-0.9255446,-0.8078167,-1.7365547,-1.5530524,1.1867716,0.92605484,0.32908258,-0.533682,-0.7315291,-0.6169276,0.3617634,1.5701677,0.9939321,-1.086287,1.0260233,1.4942342,3.2648115,-1.0929046,1.1638,-0.39108986,0.9268101,0.5857633,0.1614437,-0.055610023,-0.3818805,-0.033932947,-0.850857,-0.39573187,0.19804604,-0.53018415,0.7458164,0.97831696,-1.0456312,1.030689,0.4181353,NA18616,CHB,2
-6.111082,2.3097556,23.234476,26.179064,2.234958,1.4109123,-0.5306522,0.117914766,-2.045976,0.18580824,0.51485664,-0.022840053,-0.13006057,0.6529956,-0.40713257,-0.28141645,0.3554232,-0.14357647,-0.06304161,1.0420674,-0.65095115,0.3681265,-0.40777633,-1.029883,0.3974399,0.84186167,1.0980053,-0.46238643,-0.22184521,1.2845261,0.15327883,0.12862734,-0.86118406,0.49780378,0.521582,-0.5095323,-0.10623316,0.9974051,0.76294976,1.1111695,0.77501786,-1.6422465,1.1045431,0.69789994,-0.03157273,1.9965678,-0.6002903,1.2596767,-1.4562447,-0.31116214,NA18559,CHB,1
-6.409491,2.986912,23.737406,25.84042,2.2733974,0.7481347,-0.17490524,0.3694438,-1.6584496,-1.6379852,-0.2823976,-1.8112578,0.7977708,-0.64472,-0.13381433,0.24198861,-0.6992641,0.6868386,-1.0851938,0.28041655,1.015723,0.5336219,-0.19593072,0.17807601,-1.1219927,0.69811547,-1.1788404,0.047557566,0.9121263,0.44320363,0.67571867,-0.74421585,0.5183866,0.2328831,-0.101936564,-1.6070614,0.6326853,1.0470412,0.9603628,-0.6474349,-0.23957208,-0.08576239,2.451215,-2.0774672,1.0020278,-0.88774306,0.05858922,0.40005916,-0.11881548,-0.7411607,NA18619,CHB,2
-6.2240486,1.2074679,22.888037,26.066805,1.6622441,1.3916584,-0.43800822,-0.66587996,-1.4918786,-0.7037295,0.5546767,0.6953497,-0.60419464,0.2582385,-0.25324044,0.73059547,0.47022647,-0.04716301,-1.2804103,0.18472476,0.30081075,-1.0662131,0.8041146,0.6049785,0.5616806,-0.5227988,1.5533162,0.29882684,0.29278138,0.21980268,1.5608498,1.0384445,-0.17570777,0.1912371,-1.2404306,0.50121874,-0.5518822,0.0035144843,0.94413894,-1.1327308,-0.7206798,0.6836471,0.027227756,-0.1442728,0.46672675,1.6544766,-0.30362734,1.3898927,-1.263541,-1.0040581,NA18638,CHB,1
-6.1542325,1.6080046,23.48989,25.820156,2.048771,0.90493053,-0.7948082,-0.25357175,-1.8269606,-1.2254523,-0.57257515,-0.07343003,0.9313111,0.6164123,0.1671925,-0.00422861,-0.5602217,-0.2285591,0.32945985,0.12320017,-0.40939495,0.911686,0.023568688,0.14575501,-0.42238066,1.0579778,0.099841155,0.4499234,-0.7425236,-0.12956376,0.44952846,-0.7021288,0.29469067,-0.22449504,0.8454735,0.5389196,1.4940113,-0.13119356,0.36234865,-0.030429646,-0.2049638,-0.026853967,1.47032,0.80460984,-1.896291,1.1854392,0.8678006,-0.7818845,-0.49199948,0.3518552,NA18639,CHB,1
-5.8807387,3.1674826,23.871613,25.539968,1.1669989,0.9943586,-1.0670158,-0.5394165,-2.7894292,-1.1015233,-0.06125644,0.4477411,0.38716492,0.9288325,-0.19313274,0.49474955,-0.9522709,-0.18113616,0.6531961,0.689548,-1.1426841,-0.10913163,-0.47646782,-0.8853042,0.28273472,-1.0135024,-1.0477674,0.5043455,0.42327017,0.60795236,-0.75739324,1.4684467,-0.74722195,-0.9131697,1.1782057,0.7538647,-0.7864069,1.8627232,-0.21123658,0.9259788,0.26527825,0.023503901,-1.3946757,0.6221362,-1.0929595,-0.17226586,-0.85889083,0.33991116,1.2426366,0.2824952,NA18627,CHB,2
-5.671048,2.5198357,24.116867,26.026197,2.5812032,1.6115354,0.18316588,0.54823804,-1.5095128,-0.69072783,-0.76517886,0.69035196,-0.34363443,-0.07271996,1.0858877,-0.84747267,-0.6682936,1.1361032,-0.98786235,0.05583095,0.76321167,0.02094137,0.1712292,-0.9826814,0.49584374,-0.48215756,-1.0551335,-2.1646047,1.8424671,-0.43552884,0.49943414,0.18052696,-0.53204817,-0.14384903,0.6932773,-0.9579984,-1.9951845,-0.71371514,0.7531667,-0.5537184,0.845514,-0.20908968,1.1560646,-0.17815036,0.82324564,0.6013513,0.29505846,1.6296349,-1.1673177,-2.2016957,NA18631,CHB,2
-5.0478907,2.655967,22.885214,26.397871,2.788742,0.68051076,-0.56440085,-0.23122755,-1.1620328,-1.4271804,-0.51606286,0.8930188,1.0781066,-0.34526825,0.8968275,1.6667876,1.4461433,0.18628775,0.5630025,1.5314587,1.3655072,0.2229882,1.4376249,0.7965413,0.29514876,1.0742663,1.4793024,-0.58542395,-0.93752,0.47654307,-0.25741738,-0.030243322,-1.2001202,0.45228136,-0.97995996,0.87903005,0.322953,-1.993629,-0.9497903,0.71111035,-0.08703937,1.2047254,2.5719223,0.5592668,0.58096886,-1.0428052,-0.47216764,-0.51198655,0.21335827,-0.72902244,NA18634,CHB,2
-6.3897047,2.9172976,24.243511,26.38978,1.7760521,0.766914,-1.5440128,0.65469575,-1.4001695,-0.68268853,1.1932819,-0.65738976,-1.1326345,0.022070898,-0.22956225,-0.038004585,-0.5848954,-0.1564035,0.8841131,0.6067771,-0.14679989,-2.3718479,0.31191057,-0.15704012,-0.22839874,-0.8381241,-1.0458626,-0.43100718,-0.28951296,-0.31505302,0.41458362,-1.6557665,1.4959816,0.80531126,0.0759952,0.30130658,0.42368957,0.7555178,-0.07297952,-0.25383747,-1.3755994,-0.10891636,-0.5723575,0.6934516,0.059351306,-0.29386562,-0.005532567,-0.7775783,-0.8145663,-0.71441066,NA18642,CHB,2
-6.620601,2.2464275,23.897623,26.972933,1.6726174,0.7587985,0.042302866,-0.56005657,-2.2580185,-0.2736138,0.34601837,0.21894005,-0.33968452,0.14826071,-0.5769546,-0.4153312,-1.378926,-0.30340004,-0.26451015,0.7114589,-1.4899551,-0.24506438,-0.29705682,1.76514,0.9029073,-0.40800512,-0.26564726,1.2351727,-0.3195302,0.42918935,1.0450904,0.47148106,-0.026635125,0.72387,0.6733379,0.16440506,-0.3686525,0.51324314,0.59016997,-0.6777236,-0.2560665,-0.33917424,-1.5133375,-0.5689339,-0.32147634,0.094457194,0.17241089,-0.09303966,-0.839955,-0.07288687,NA18626,CHB,2
-6.471717,2.7532647,24.117584,25.655766,2.449661,1.4474837,0.028452605,-0.7809684,-1.2173514,-0.8388455,0.7212092,-0.15675959,1.1592492,-0.49658123,1.1205583,-0.86946476,-0.120282784,0.282466,-0.7034039,-1.8193078,0.052086763,0.1981684,0.31460857,-0.9090171,0.3471536,0.40832916,0.3126984,-0.109243676,0.31355903,-0.7571485,0.52437496,0.5613502,-0.32415238,0.66029096,-0.24673605,-0.7663819,0.7242411,-1.0808536,0.1376224,-0.9205213,1.5880456,-1.0529029,0.1507532,-0.98654413,0.57471865,-1.2606026,-0.22802101,-0.82615125,-0.89852715,-0.71500325,NA18543,CHB,1
-5.638448,3.2682152,23.99945,26.221624,1.9726077,0.6406877,-0.79325867,-0.37671143,-1.1563367,-0.5296856,0.5367847,0.38912982,0.38248762,0.037049823,0.7817015,-0.09021671,0.061812416,-0.0593993,1.5357922,0.23738208,0.85040146,0.4966325,0.16450295,0.39194614,-0.24873434,-0.2512859,-1.8162138,-0.7350587,1.3366605,-0.56371933,-1.6125408,-0.5982222,1.4539862,-0.6830403,0.3444501,0.13237445,-2.3065941,1.1137031,0.6624354,-1.8449458,0.6033619,1.7853181,0.56758887,-0.3130611,-0.20707121,0.85720706,0.91815215,2.392776,-2.216599,-1.0470119,NA18610,CHB,2
-5.9394226,2.7337196,24.357943,26.306034,1.895841,1.2380449,-0.21101622,-0.8779411,-1.6711822,-1.6363788,0.26432317,0.18411799,-0.43600982,-0.57001066,0.32749912,0.33035636,1.1251526,-1.4239862,0.5230463,-0.7853595,0.64997184,0.9415648,0.783335,0.06838242,-0.5853022,0.72387433,0.497179,-0.16041112,-1.9734521,0.5661308,-0.31381178,-0.27258253,0.14563105,1.0640354,1.654984,0.7106634,-0.98335356,-0.26159444,-0.14116551,0.43500683,0.27334854,0.86207885,-0.36899632,0.034134742,0.8435614,-0.90766984,-1.1128021,-0.3648153,-0.928214,0.08808485,NA18617,CHB,2
-6.3215,2.5060134,23.515095,26.087082,1.5031207,1.4626324,-0.52500015,-0.18748884,-1.743464,-1.1438284,-0.8718095,0.34722844,0.19590817,0.044344712,1.3817186,0.03510195,-0.11601355,0.39563152,-1.9093778,0.38533387,0.58829933,-1.0723442,1.6944823,1.4071575,-0.0067641856,-0.99984294,-0.40083995,0.63424706,0.45299202,0.8887589,-1.3744262,-0.44472283,-0.03637087,-0.32421222,-0.9610012,-0.14244038,-1.1380311,0.17680742,1.1728009,-0.83794534,-0.6750066,0.73407143,-0.24209109,-0.35361722,0.85351676,0.6782615,1.455582,1.027335,-0.9071908,0.99433094,NA18613,CHB,1
-6.867995,3.3190162,23.989637,25.817148,1.7704426,0.9033169,-0.501225,0.16491629,-2.4905193,-1.0726817,-0.63679856,0.46215892,0.26381058,0.115130775,0.37206492,0.7931547,-0.28893244,0.7525098,0.4159377,-0.2760069,-0.66643465,0.59734076,0.5120606,-0.48318854,0.77992433,-1.4566404,1.5860932,-0.38433748,-0.49152407,-0.96773297,-1.1987048,0.22826271,-1.3395904,0.10920056,0.017424066,0.7833387,1.4166247,-1.7323104,1.3479661,0.73205906,-0.5804818,-0.15134005,-0.44127977,0.8227523,-1.5266262,1.5785699,-0.47234732,1.2339629,-0.15457347,-0.7252333,NA18647,CHB,1
-6.1076593,3.1582334,24.460135,28.134613,2.3625357,1.5800772,-0.4168605,0.26452267,-1.4903724,-0.9469434,0.8632955,-0.29063654,-0.27623907,-0.84943545,0.6122628,-1.457341,0.20677976,-1.9736348,-1.2000746,0.1071169,0.9447526,0.03610086,0.70751935,-0.02066648,-1.8713554,-0.36604178,-0.29791754,0.6246073,-0.6112637,-1.7588251,1.932084,0.8464942,-1.0740025,1.6190878,0.5894242,1.0780134,0.51065886,-1.2564958,-0.28956935,0.5269598,-1.6588162,1.4597683,0.11192853,0.3073613,0.73636854,0.7458418,0.7597043,-0.028173203,-0.16366927,0.17259917,NA18630,CHB,2
-6.1357675,2.5311365,22.816301,25.552979,1.9931161,1.7177575,0.105345316,-0.31542322,-1.9108372,-1.078553,-0.8007861,0.7230034,-0.643768,0.51116514,0.7266027,0.53734696,0.45212114,-0.7311839,-1.565167,-0.9658592,-0.7053206,-0.51826316,-0.73605937,-0.8525676,0.4143422,0.3891941,0.84168464,1.4322159,-0.36414424,0.56263024,0.6797163,0.5924002,1.7256309,-0.7123566,0.039380968,-1.5694407,0.31436992,0.1923469,0.26710477,0.6446161,0.503649,-1.1162162,0.6458665,0.23909841,-1.1055727,1.6408563,-0.4869059,1.3145936,0.6730223,0.2098627,NA18641,CHB,2
-5.9673734,1.637578,23.619467,25.879253,1.7157706,0.96288604,-0.49128938,-0.7648599,-1.5417206,0.46499878,0.58688134,0.5878988,-0.2103072,-0.8466388,-0.35239628,0.11791713,-0.50201917,-0.31745002,-0.22389296,0.17537194,-0.28742647,-0.69977194,-0.51709414,0.25381002,-0.110644825,-1.7265773,0.03932417,0.054427765,0.5879052,-0.540072,-2.0510337,-0.42740405,0.91970706,1.2013854,0.71614355,0.58231926,0.9682476,-0.6162499,-1.1882375,0.9206364,0.19504549,0.02371948,-0.014482437,-0.84849477,-0.63012946,-1.7488965,0.90032256,-0.47581458,-0.38847604,-1.4682964,NA18748,CHB,1
-5.827518,1.9308578,23.48549,27.383904,1.8522003,0.95110667,-1.2802967,-0.32122335,-2.5503516,-0.7470205,0.0773374,-0.79677063,-0.47377402,-1.164576,-0.41380778,-0.64775133,0.99812955,-1.4105346,0.06537145,0.06937427,-0.761408,-0.24206035,-0.2582584,-0.03184337,0.22730663,-0.055070404,1.5924544,-0.9627881,0.12006684,-1.1336219,0.59884804,-0.9753733,-0.043336824,-0.6591769,-0.09748569,-0.029312009,-0.67102605,-1.6722817,0.15274058,-0.4703147,0.36580545,0.26742876,-0.42403674,2.4380615,0.9838082,-1.0400652,-0.08840132,-1.1093258,0.14729565,1.2283125,NA18749,CHB,1
-6.4599166,2.5256028,22.463724,25.885372,2.0980155,0.7620244,0.31761032,-0.4775286,-2.0270634,-0.8732609,0.18061633,-0.54228747,0.684013,-0.62445784,-0.14243172,1.3351204,1.7086545,0.89394754,-0.049013037,0.05541491,0.46558106,-0.18113302,0.59794813,0.7166804,1.3269554,0.052479405,0.28672314,0.90601665,-0.5330772,0.48320547,-1.688728,2.002481,0.20641221,-0.3819354,-1.215599,-0.25947672,-1.0590817,0.87447345,0.6954003,-0.6308768,-0.51638955,0.5893773,-0.42298084,-1.470095,-0.36626124,0.4452109,-0.05813254,0.05571951,-0.8611115,-0.12625149,NA18757,CHB,1
-6.648764,3.0388992,24.225266,26.092657,1.8270173,0.46885535,-0.21187088,-0.49005732,-1.6701344,-0.9820528,-0.47326967,0.080727905,-0.29652897,-0.063357964,-0.31558824,0.7447684,0.09757201,-0.70170945,0.58400166,0.31938717,0.054063007,-0.012456511,0.9943312,0.26128507,0.43356553,0.24143365,1.1266274,1.010866,-0.045823436,-0.5111337,1.5795673,-1.3711809,-0.54064715,0.7194677,-1.3898587,0.63713324,0.15960845,-1.7324809,1.1680434,1.3869783,0.61561835,-0.6198029,0.040539328,-0.17219625,-0.08966277,-0.004419656,0.2861519,1.6152434,-0.604523,-1.6127442,NA18546,CHB,1
-6.4180202,2.3782313,24.161846,26.295965,1.4496685,1.7402908,0.37571266,-0.0022549853,-0.73025644,-0.3564668,0.040607065,0.15140842,0.6056144,0.10512356,-0.056376737,0.32816255,0.07641418,1.1646088,0.8064566,0.72582686,0.123042986,0.82039624,0.8363886,0.81322545,-0.10692992,-0.5422305,-0.18917859,0.22334951,-1.1987833,-0.3680096,0.52467036,-1.5808556,1.9095201,0.122403055,-0.57759124,0.47502032,0.4734449,0.06376343,0.5193992,-0.72861856,0.6996976,-0.20020172,-0.61002916,-0.90251064,-0.95575494,1.1224798,-1.1172351,1.2131,-1.0696197,-1.5750338,NA18643,CHB,1
-5.608202,2.0602975,23.849104,26.379677,2.399862,1.1777422,-0.5370579,-0.17765842,-1.0827891,-0.63739043,0.6132194,-0.74526274,-0.8727638,-0.36338103,0.39698994,1.1492043,0.5252542,-0.3770848,-0.327047,0.21044917,-0.2031308,1.3827859,0.6255122,-0.29541177,-0.025521854,-0.6202506,0.41731745,1.0783648,-0.21210968,-0.027205857,0.033828624,0.96407396,-0.9648438,0.45296517,-0.2714924,-1.0658754,-1.1018231,0.60868084,0.164293,-0.29790902,-0.540163,-0.27163854,-0.019635802,-0.5504691,-0.90224934,-1.5092255,-1.7240541,0.30818623,-0.33107573,-1.3497981,NA18645,CHB,1
-5.4024057,1.6595094,23.262222,26.43956,1.8682777,0.9807541,-0.105782375,0.22125298,-1.4677781,-0.33029166,0.9954432,-0.3848679,-0.4083198,-0.15512134,0.42038554,1.136015,1.1361443,1.7770076,0.9594629,-1.2476879,0.42269155,-2.1876369,-0.24389091,0.97669786,0.5819228,0.23973334,-0.624024,-0.03185354,-0.7012132,0.12524842,-0.53581506,0.49592924,1.6261371,1.1905142,-0.2360548,2.2333627,-0.2181466,0.6109984,-0.12770107,0.28141057,0.8732886,0.67156035,-1.0805582,1.1432817,0.6604681,-0.1537613,1.4308404,-0.7356186,1.6789345,-0.35044235,NA18534,CHB,1
-5.266715,2.378766,23.241453,26.285072,1.9124408,-0.08261732,-0.08126418,-0.70635414,-2.3516946,-0.47434446,0.24308665,0.0046398775,-0.2521356,0.4344896,-1.0422385,1.0147226,-0.20243634,-0.31502062,-0.21525161,-0.2203132,-0.74250144,1.926209,-0.16778432,0.24716234,-1.0668167,-0.6853131,-0.48424968,0.55603606,-1.60292,1.0762374,-1.8120579,-0.5233497,-0.036424726,-0.047430802,-0.24427594,0.95548385,0.4380234,1.5579053,-2.330147,-0.653217,-0.08720703,1.2331297,-0.45223966,0.2220702,-0.9297609,0.79354614,-1.1319246,0.89788914,0.6201208,0.2469109,NA18595,CHB,2
-5.4819803,1.7963464,23.588766,25.675554,2.929606,-0.042720154,-0.81402117,0.1658617,-1.3848898,-0.72843313,-0.289124,-0.20811588,0.4246414,0.79476136,-0.86154735,0.048531912,-0.34654933,-0.43995878,-1.1080031,0.84181553,-1.073912,1.5399262,0.5090459,1.5310311,-2.0278406,0.6616032,-0.7149607,1.5003457,0.8039837,-0.96714735,1.6882602,0.019999532,-0.7778071,-0.805295,-1.7133994,-0.4245571,0.60668224,2.0703797,1.4658611,0.4592375,-0.2833735,-1.0105821,-0.5485868,0.5767813,0.2929889,-1.4132061,0.77156776,-0.97616607,0.27833217,-0.3509928,NA18618,CHB,2
-6.475714,2.9681106,23.607244,26.822031,2.063025,1.5886711,-0.00919864,-0.4407049,-1.7152917,-1.02817,0.27246732,0.5009245,0.72005635,0.67950165,-0.048679695,-1.0682689,1.5005815,0.28792912,0.03749942,-1.1699481,-1.9096267,-1.4996102,-0.18188813,0.14015555,0.550923,-0.3617883,1.0546715,0.595946,-0.26551026,-0.0074460274,-1.3819158,-0.4739693,-0.71325743,0.30537173,-0.3980858,-0.7040055,-0.7051194,0.26050064,-1.2233452,-0.06693397,-1.8122087,-0.14686425,0.9326287,0.33387026,0.26125816,-0.07370021,0.7676049,-1.7503306,0.3763953,0.39581954,NA18740,CHB,1
-6.278806,2.3512037,23.28625,25.113464,1.1950873,0.83593243,-0.8952657,-1.1518174,-1.2015839,-1.012951,-0.16670524,0.18401033,-0.010906899,0.053522702,0.1293813,1.1284348,-0.720253,-0.13059077,-0.52561945,0.26911533,0.34971035,0.030879593,0.68811214,0.34264538,0.5118751,1.5062057,-0.32821074,0.5455142,0.66466534,-0.050721806,0.1415137,-0.9224337,-0.63909215,0.51504374,0.46863586,0.053310923,0.8062339,-0.2055416,-0.58649194,0.84289956,0.7146117,0.3460692,0.8368367,-1.1041752,-2.3820786,-0.19453906,-0.54499316,0.3683632,-0.51920176,0.5245474,NA18524,CHB,1
-6.7388,2.7215674,25.305084,26.446795,1.8369588,1.5303229,-0.4286849,-0.78579605,-2.1328225,0.23419537,-0.42826533,-0.9949781,-0.06083912,-0.094339825,-0.25496137,0.35294574,-0.15724666,0.96247894,0.17039353,0.01988271,0.19762616,-2.3091552,0.8528638,-1.6015803,1.2181385,-0.8536508,-0.045515686,-0.49686253,1.7495372,1.441445,-0.20076744,1.2436111,-1.7967665,-0.5844665,0.5390007,0.7737915,-1.2743763,-0.13939792,1.18692,-0.73048383,-0.022138158,-0.3351807,-0.08269824,-1.3511105,-0.73177594,0.29638538,0.60505235,0.16846825,-0.6653831,0.76084244,NA18635,CHB,1
-6.017694,1.9231954,22.88038,25.983994,1.8744859,0.699106,-0.31804672,-0.1937338,-1.9608259,-1.3709029,-1.1141725,0.35904652,-0.32129753,0.17690577,0.05657352,-0.053280927,-0.117062844,0.17059423,-1.0446924,-0.62918425,-0.0064501367,-0.46589562,-1.7500843,-1.175393,0.074840136,0.2679632,-1.432895,1.7259172,-0.6408762,0.79761285,0.7675644,0.06444636,-1.1652377,-0.3344111,0.8669061,-0.76364046,-0.8125642,-1.1363734,-0.29889965,1.145577,1.9950839,1.1546152,-0.24403743,0.027361404,-0.79923993,0.63919294,-0.7942267,-1.6776495,-0.41763073,0.55852944,NA18537,CHB,2
-6.002728,3.111423,24.255478,26.100939,2.730827,1.4022591,0.341366,-0.88601565,-2.2163236,-0.29775083,0.9014975,0.42533493,-0.44723573,-0.6099895,-0.40683347,-0.5745129,-0.7743005,-0.39733315,1.1767958,0.3487838,1.2170173,0.8502594,0.6917476,0.79371595,-0.12075854,0.36620337,0.3868838,-0.48441023,0.5500362,0.091898136,-0.271357,0.01910444,1.5087177,0.52146864,-0.5320446,0.49842566,0.23622972,-0.050613724,-0.3353826,-1.1107564,1.2863079,0.047714505,0.08353043,-0.42871737,0.0044681043,0.16857101,-0.91238445,1.2100908,0.97501075,0.29152274,NA18572,CHB,1
-5.6183195,2.1043108,24.492428,26.633244,1.0867934,0.4224663,-0.0066544544,-0.33168957,-1.5076661,-0.8903164,0.98291636,0.15462367,-0.40860853,0.2207613,-1.58878,0.7796944,1.2862018,0.76184964,1.2073468,0.07891852,-0.36664358,-0.2620697,-0.6171986,-1.4174823,-0.92138946,-0.6925326,0.29522407,-0.21446064,1.1327178,1.6663668,0.20720105,-0.035895873,0.729537,-0.7270656,1.7897325,0.44357032,-0.08188104,0.5805166,-0.3443725,0.31009144,0.241389,0.55015194,0.50674754,0.7746926,-0.2158093,0.8476883,1.3231723,1.2232032,1.917362,0.9841302,NA18592,CHB,2
-4.9689393,1.9547125,24.298897,25.832726,2.1953287,1.1549355,-1.030984,0.36998117,-1.230011,-0.9529981,-1.3259419,0.54155767,0.33788544,-0.04676147,-1.4124995,-1.1705871,-0.9548887,1.1812016,0.32261503,-0.52551264,-0.8383985,-0.7120617,-0.287419,1.0409173,-0.17815588,-0.12361938,0.31288335,0.37895334,-0.18448237,0.99242073,0.2392813,0.07606706,0.8920447,-0.6958015,-1.6879729,-0.10343714,0.6876887,-1.0700336,-0.6771608,-0.18759064,-0.33360615,-0.0961454,0.7482917,-0.83261085,-0.14572221,-0.14039896,-1.3437486,-0.38557702,0.42778522,-0.29712653,NA18526,CHB,2
-6.537617,1.9365183,24.42396,27.01227,1.1229497,1.0189587,-1.6266308,-0.017940149,-1.3148612,-1.0967737,-0.25026417,-0.2680388,0.2998674,0.471561,-0.17588867,-0.3988017,-0.31141528,0.9798064,0.029235529,-0.09251962,-0.2904046,0.75880533,-0.38965684,0.14028968,0.30170816,0.8166986,-0.70504767,-0.032503255,-1.4293299,0.36005446,-0.17488036,-0.026961485,-0.084404185,-0.5665479,-0.119805045,0.3037024,-0.27444252,0.43558294,-0.74431854,-0.25585485,-0.38136113,-1.5211725,0.31021953,1.6668646,-0.55848515,-0.79613274,-0.19834185,0.20954698,-0.98883885,-1.0021498,NA18529,CHB,2
-5.9584446,1.5513723,22.772831,25.088991,2.2818964,2.0535305,-0.2186745,0.38972375,-1.9372457,-0.31375846,-1.3865995,0.3917144,-0.4262576,0.32612953,-0.07383878,1.0655559,-0.7972448,1.4369272,-0.898668,1.1117038,1.5552862,0.41416296,-1.0942909,1.9159148,-0.28254756,-0.30023387,-0.82759553,-1.1354425,0.124481834,-0.5199615,0.39805537,0.64483076,1.0520666,-0.23424533,-0.30155936,-0.25276503,0.1430645,0.33052927,0.46760786,0.61527765,-0.15248178,-0.22680761,0.41792288,0.63267493,-1.7197477,1.2317147,-0.6229145,-0.73215324,0.39195475,-1.2426606,NA18558,CHB,1
-5.935834,2.6020217,23.706976,26.99143,2.4931946,0.7541076,0.35338074,-0.05931333,-1.5210723,-1.2286686,-0.1767132,-0.8072763,-0.5337426,-0.52370006,-0.18567093,-1.603731,-0.55184036,-0.18651214,-0.68015784,-0.7123516,0.4361705,0.3832323,-0.7082547,-0.1375274,0.74882317,0.5055903,0.91939384,0.45854858,-1.862082,-0.8606074,1.7720965,0.76731163,1.2565777,-1.1389068,1.5285308,-0.61505467,-0.63132477,-1.9432824,0.834688,0.58599365,0.93537796,-0.092796735,-0.3763067,-1.1979448,0.3533757,0.5203904,1.6476712,-0.4310424,-1.4055332,0.09451029,NA18562,CHB,1
-4.5922203,2.7928307,23.618076,26.270197,2.4703166,1.5351763,-0.1594262,0.54075545,-1.7961597,-0.6510144,0.6953714,-0.050412234,-0.35798782,-0.57113355,-1.0231405,-0.782822,0.76680684,0.4017387,0.15371193,0.81424576,0.9254752,-0.51063526,-0.63421947,-1.412373,0.47521693,0.17109168,-0.004300985,0.08132013,0.9271716,0.1771057,0.633522,0.76530594,-2.169102,2.3401191,0.31884104,0.8281037,-0.76587814,-1.0586988,1.1487758,1.3161747,-0.080602564,1.333756,0.18037453,-0.1323122,0.1733514,1.307311,0.15792562,-1.3401607,-1.1435448,1.585996,NA18545,CHB,2
-6.6963625,1.7185326,23.57723,25.729378,1.2405169,-0.12919797,-0.30541974,0.2545516,-1.1145173,-1.8289461,-0.2233249,-0.5223314,-0.87679493,-1.3348298,-1.7366239,-0.096317224,0.0050531197,-1.1033694,-1.8032801,-0.19409059,1.730379,0.5762357,1.092648,-0.5985408,0.76840883,-0.2588205,-1.4880252,-0.54713196,-1.2259891,1.33632,-0.2876436,-0.5394293,2.7440422,0.0066274824,-0.5924846,-0.83164823,-0.34659767,0.70302176,0.9738359,-1.3097079,0.63526,0.30231652,-0.9692037,-0.2916107,1.7521936,1.6531763,-0.8736074,1.4223533,0.60730195,-1.8336445,NA18609,CHB,1
-6.052814,2.6021004,23.085632,26.855442,2.21557,1.0961822,-0.9716719,-1.0512316,-0.48438883,-1.0387832,0.40849432,0.76805675,-0.035900593,0.48126775,0.9574454,-0.049577083,0.25076893,1.0294263,0.54558694,0.3747382,-0.29049474,0.70437896,-0.35639328,1.6537287,0.7965523,0.43083462,-1.0922049,-0.5306687,-0.959325,-1.6928039,0.15059456,-0.04702289,0.5704226,0.03523917,-0.10790731,-0.07860227,-0.87019944,0.47973716,0.39424407,-0.9501083,-1.0792613,-0.90541106,-2.2164757,1.1346718,-0.17099157,-0.08001473,2.121642,-0.96884835,0.41457683,1.8899286,NA18552,CHB,2
-6.6431704,2.431581,24.455738,27.158535,1.7988364,1.3439168,-0.57762146,-0.8064756,-2.224518,-1.6200014,-0.48236492,-0.39518183,-0.5121893,0.5938617,-0.8995278,-0.21340235,-0.29186353,-0.46323156,-0.13888039,0.4691578,-0.09749756,-0.070981175,1.2966791,0.15635568,-0.5623446,-0.44556898,0.63438255,-1.2522223,0.21814296,-1.8306305,-0.38011602,-0.23686232,-0.6750594,0.076671824,-0.16398095,-0.32374188,0.9563811,-0.15963423,-0.44516695,1.5158846,-0.142467,0.5418384,-0.7955126,0.48710567,0.538884,-0.87994015,-0.055916272,-0.22852913,-0.8014505,-0.11577329,NA18611,CHB,1
-6.1963873,2.0187829,25.204653,26.364443,1.4452318,0.904345,-0.980819,0.26993603,-1.8328199,-1.87175,0.23909168,-0.6958139,0.728749,-0.29067257,-1.1345738,-0.7012397,1.2388561,-1.2332205,0.6685387,0.78854275,0.28449103,-0.58071846,-0.4679855,-0.35620177,-1.2108326,1.0188872,-1.3451351,-0.11413156,-0.028125713,-0.8511734,0.99299383,-1.5324942,-1.425444,1.2601321,1.8912666,-0.064749196,1.0249748,0.20068105,-0.58490175,-0.4254973,0.5692763,0.3715444,2.8210015,-0.7675537,0.1323339,-1.1437706,1.9257798,-0.26614138,-1.7596585,-1.1571786,NA18555,CHB,2
-6.5829043,2.1722949,24.602453,26.468653,1.1731838,1.8959233,-0.6576628,-0.5009616,-2.309431,-0.18080378,-0.5684334,0.9167382,-0.2308895,-0.24368125,0.95794433,-0.7721299,1.4762331,0.12875213,-0.2572311,0.038772613,-0.22048888,1.9424922,-0.49443892,-0.89659333,1.6763622,-0.16127497,-0.9739741,0.4946202,0.98256934,0.18631707,-0.3184391,0.385051,0.30602738,1.4853327,0.8896355,0.2547233,-0.25301635,1.0835185,-0.33896255,-0.5568116,-0.9348619,-0.47303346,-1.0116434,-0.5832877,1.4772788,1.8589988,0.61240244,1.3910435,-0.56228215,0.39821446,NA18566,CHB,2
-6.3136125,3.0342102,24.291283,26.889605,2.0482907,1.3034575,0.06115685,0.85411894,-1.2519041,-1.189308,0.032842346,-0.31695172,0.53600997,0.16657263,-0.05134358,0.76164526,0.39510038,0.17626652,0.4245953,0.15617467,1.7455173,-0.1544565,-0.7404156,-0.5787666,1.4980602,0.9163946,0.3233518,-1.1607631,-0.3305536,-0.3347015,0.20921968,-0.57651687,1.2034299,0.33160266,0.21981573,0.7275814,-1.5827578,1.0637397,0.09946802,-0.44509935,0.25726318,0.58109987,1.0060644,0.30030438,1.2188518,0.048364054,-0.50350916,0.7357471,-1.8401777,1.8357601,NA18563,CHB,1
-6.0201917,2.1912284,22.956713,25.855715,2.359848,1.7820636,-0.5434034,0.39408356,-2.3716915,-1.0630208,-0.39086264,0.13597299,-0.52367103,-0.096327044,-0.7526784,-0.61733717,-1.6082656,-0.7421011,-1.4400856,-1.2170218,0.45896205,-0.6371315,0.34650093,-0.0016801547,-0.7085955,-1.039461,-0.21624546,1.2646697,-0.71106076,-0.6265934,-1.0160264,1.1485513,0.84556425,-0.43197083,-0.27045032,-0.2376087,-0.4675607,-1.140385,-0.60162854,1.6080586,-1.971664,-2.7797053,-0.020943103,-0.16496982,0.49386868,-0.7832845,-0.73768234,-0.78972423,1.3923824,1.0629263,NA18570,CHB,2
-5.1691723,1.8024127,23.548624,25.788677,2.0417879,1.5156621,-0.59022987,-0.027608292,-1.9901103,-1.1411641,0.08828519,0.5147642,-0.5603994,-0.8495401,1.3502597,-0.99425685,-0.29013288,-0.43473643,-1.4734887,-1.5738956,-0.39386895,-0.9200588,0.47682473,-1.5532993,-1.0472844,0.029435834,-0.8082305,-0.9705596,-0.35284775,-1.2303101,1.0765598,1.3948473,1.0035883,-0.423211,0.084147096,0.54130816,-0.013726628,-0.29730207,-0.0059374506,0.9823434,0.12979789,0.2276158,0.5703999,-0.91609716,-0.2567216,0.23745215,0.85272014,0.28691703,0.39446473,-0.28048962,NA18612,CHB,1
-5.689089,2.165235,24.11569,25.411367,2.3047674,1.3179245,0.44590813,-0.4696271,-0.99081844,-0.95816076,-0.060097996,0.97584325,0.04299299,0.5237375,0.56075305,-0.31413737,0.81954587,-0.2977593,0.9314278,-0.40552333,1.000479,-0.61528355,0.4722481,1.7061296,0.11557385,0.36086616,0.23937102,-0.8820703,-0.49099478,1.0017483,0.97655016,0.56838554,1.5050709,-0.23594181,-0.30182517,0.6235805,-0.45111308,0.26789388,0.9784808,-0.1906834,0.7155501,0.28688487,0.4234574,-0.09242106,0.5973191,-0.10729722,0.9733166,0.09256299,-0.118504845,0.69722736,NA18621,CHB,1
-5.804815,1.6748701,22.95258,26.269564,1.638887,1.0615617,-0.287382,-0.14572558,-2.4796429,-0.6742038,0.24856287,-0.54696083,0.17037518,-1.0172856,1.0100467,-0.24137416,-0.84413046,-0.33247292,-0.5526405,0.033863682,-0.43678033,-0.0060150884,-0.859138,-0.8556724,-0.06990871,1.0455374,-0.5212095,-1.0631275,0.41657346,-1.3287013,0.52370423,-1.2868333,-1.1322596,-0.5210992,0.99109894,0.81180227,-2.1748114,-1.4888916,-2.5718203,-0.0952057,-0.21039255,-1.0241423,-0.26895097,-1.0349492,0.3526271,0.8944505,-1.5807066,-0.703904,-2.6495185,-0.41322428,NA18622,CHB,1
-5.749422,2.098565,23.960806,26.113592,2.920077,1.1834824,-0.38486075,-0.9522079,-1.0237899,-0.18781559,-1.4669768,-0.03951146,0.9404513,0.5715126,-0.8966458,-0.19627775,-0.8182589,-0.24589975,0.05753822,-0.06632437,-0.14021689,0.33964336,0.12598781,1.2124472,0.16759658,-0.45746547,1.8212364,-1.281129,-0.7361062,0.994759,0.54214543,-1.0317887,0.1279496,-0.38041106,1.106873,-1.0069022,-0.89378947,-1.4456087,0.33010787,1.7101467,-0.38184327,-0.5269329,-1.1986243,0.64996487,1.2911155,0.32835424,0.6560693,0.018003348,1.1295865,0.7309986,NA18573,CHB,2
-5.3599114,1.7124306,23.527351,27.190979,2.3069305,0.42494342,-1.1486424,0.14039262,-2.5140603,-0.6696777,0.4024533,0.6950246,-1.1412531,0.4975691,-1.3055884,-0.11761728,0.5461559,0.2956794,-0.21505742,-0.20239763,-0.042968754,0.31006148,-0.012549967,-0.30228662,-0.3778863,0.3765976,-0.16768658,-1.398944,-0.5177186,-1.0406097,-2.0189435,-0.66463894,-0.00420421,-0.50215423,-0.2859878,-0.56434846,-0.2137086,1.388457,0.20808034,-1.0386724,-2.108349,-0.34880927,-0.1845705,-0.09010583,0.17259212,-1.0323408,0.41449252,-0.73099643,0.52485174,-0.33341908,NA18577,CHB,2
-5.84926,2.6026342,24.360958,27.34018,2.2841303,0.89835685,-0.4920442,-0.4375396,-0.98050183,-0.18527728,1.1978676,0.21393736,0.15583971,-0.5263477,-0.121483326,-0.83582014,0.23855753,0.5990719,-0.10781081,-0.5076044,-0.1358256,-0.30227935,0.36955613,-0.3277862,-0.85733527,-0.053085007,-0.7029708,0.18932204,0.32777008,1.0467497,0.0788073,0.0025101067,0.9157,-1.4369137,-1.7917883,-0.24449977,1.2406257,1.1442714,0.09658484,0.5379722,1.5639528,0.26964593,0.012037246,-0.017962579,-0.07054911,0.71544033,0.37386474,0.018770285,-0.91754436,1.0598587,NA18579,CHB,2
-6.3024883,1.8582343,24.131731,26.154821,1.9836951,1.2318534,-1.0330707,0.12918982,-2.657604,-1.4198229,-0.06566822,-0.71241736,0.059687205,0.075841814,0.7400063,0.363049,0.052271463,-1.5915061,-0.5621123,0.023281248,-0.06125622,-0.93771416,-1.0138228,0.43078107,0.07052345,0.68585455,0.5295363,-0.46493834,0.3810933,-0.28375542,1.1388208,0.8754459,0.352171,-0.039873183,1.0080261,-0.34278557,-1.4046018,-2.0267718,0.13181883,0.39214355,0.8717627,-0.17536022,0.72786623,2.076372,-0.4260204,-2.5753613,2.5289059,-1.0438929,1.2273524,-0.4930066,NA18632,CHB,1
-6.5344872,2.3925407,23.437973,24.736616,2.4252183,1.1108395,-0.48337108,-0.31829858,-1.8200775,-1.689911,0.6424544,0.55565435,0.010366553,0.31909552,0.0634407,-1.0519156,-0.25800726,0.5793454,1.17088,-1.4373645,0.92698765,-0.91802585,0.64292896,-0.83829,-0.23312975,0.26130673,-0.8239371,-0.69218296,1.3681499,-0.8630819,-1.1465119,1.3040662,0.01886798,-1.1451699,-0.43488994,-1.3438379,0.75736487,0.89293295,1.0218666,-0.40372947,-0.4072912,0.65907127,0.010957191,1.620062,0.019617299,0.62257487,1.1770215,-1.4554143,-0.83206844,0.06804868,NA18636,CHB,1
-5.4752326,2.3178997,22.910933,26.57551,1.9648409,0.10993666,-0.7197241,-0.6292972,-2.0307155,-0.49885923,-0.77850866,0.008495001,-0.24819443,-1.0853267,-1.0078778,0.18808495,-1.4088315,-0.41851482,0.6267178,-0.920409,-1.5508641,0.094586454,0.4121227,0.1288881,0.8844426,1.7021807,-0.019969674,1.5502751,0.07077831,0.9798751,0.5563327,-1.267621,-0.41690576,0.7531838,0.122494355,0.25185457,0.18820515,-0.024418337,-0.19956979,1.6139511,1.2662972,-1.1472604,-0.6622901,2.0633438,1.5589309,0.101076744,0.15641785,0.46938086,0.11974579,-1.0681256,NA18593,CHB,2
-6.0069156,2.4750018,24.19921,27.037594,2.2782419,0.79360026,-0.69429785,0.21029875,-1.9169072,-0.58641636,0.9875753,0.24670961,-0.33629522,-0.3189975,0.5380733,0.8074013,0.8058645,-0.14030097,-0.8069584,1.5564166,-0.34208605,-0.39449582,0.7993257,0.0509171,0.5489776,-0.58151793,-0.6158887,1.2782139,-0.5495205,-0.44027612,-0.33216965,1.0084151,0.6967519,0.19370395,0.31893405,0.32661083,-0.82285935,0.44637027,2.6460574,0.44754368,-1.2874196,0.053563166,1.6008666,1.7223997,0.2892174,-0.7016198,-1.2759658,-0.39338174,-0.51767784,0.42973003,NA18603,CHB,1
-6.081037,1.6744941,24.063515,25.892675,1.5918978,1.2405399,-0.8884823,-0.667101,-2.4532428,-0.57353175,0.032532673,0.78725857,-1.3523799,0.67418146,0.29872257,0.28712222,0.010251622,0.50800765,-0.2279931,1.1076659,0.5446912,0.33720133,-1.2025568,0.049065985,0.07074288,-0.40375876,1.080641,-0.035797086,0.48276952,0.81666046,-0.08686778,0.4761481,-0.32366142,1.2486336,1.0451881,-0.314168,0.81945986,1.3695681,-0.52158725,0.30791402,1.3761898,0.00764742,1.1064733,-1.4479467,-1.5938989,1.0447223,-0.6333788,-1.015997,-1.3088146,-0.38642243,NA18624,CHB,1
-5.973662,3.0755024,24.824678,25.947277,1.7268914,1.4083552,-1.0457666,0.23435052,-1.2299107,-1.164074,-0.10132968,-0.92035,0.3405149,0.35980183,1.3716303,0.06095332,-0.90337473,0.07453185,1.2429978,0.65939295,0.83884865,-0.8980486,0.5173128,-0.9291497,-0.88585323,1.3402183,-1.3294452,-1.325708,0.47990835,-0.6002753,0.0060271095,-0.5725606,0.6045681,0.29008564,0.7893033,0.0027561293,0.20580637,-1.0108416,-0.0038956124,-1.761797,-0.048320018,0.04889256,-0.3697961,1.2122434,0.34460902,-0.44063362,-0.6597564,-0.64599276,2.103785,0.1529209,NA18550,CHB,2
-5.5876546,2.5643742,23.810474,26.300486,1.4599544,0.44574547,-0.9580625,-1.508976,-1.9838239,-0.7177853,-1.0541553,0.20833173,-0.56446385,-0.37524915,0.8485973,-0.057261996,0.8367568,-0.54834807,0.16639191,-0.22547066,0.36465275,-0.48045534,-0.15338302,0.22679594,-0.62278235,0.27508426,0.39412406,-1.4412831,0.5516953,0.6702946,-0.46959466,0.92973024,-0.62517035,0.075256266,0.818291,-0.8693348,-0.0160031,0.31293303,-0.31428272,-2.2493258,-0.13831156,1.5637063,0.36182228,-0.9824146,-0.040540826,-1.5299312,0.08919876,-0.09151043,-0.8225183,-0.3904644,NA18605,CHB,1
-6.2793646,2.3014755,23.567421,26.148617,2.3324058,1.2895852,-0.7789155,-0.6505386,-1.5831045,-1.4591987,-0.4501726,-0.6516049,-0.51669306,-1.1561354,0.23162037,0.014809184,-0.16990167,0.872974,-1.2578002,-1.0382749,-0.058740325,-0.31002003,-0.80607164,0.8656505,-0.58218575,-2.133828,0.107316494,-0.27429074,-0.37797922,0.8455366,-1.752163,0.95580286,-0.3512254,0.569023,-0.5546944,1.5295081,0.63734853,0.23306097,-0.39973074,-0.13226758,-0.74619764,0.14369336,0.5368674,0.40297607,1.1074985,0.92362857,-0.28470033,-0.056507904,0.94733274,0.2009467,NA18542,CHB,2
-6.058809,2.4852238,23.592726,25.336277,2.933391,1.0609074,-1.0941912,0.117029995,-1.6857158,-1.0536858,0.25007552,0.8391515,0.29626516,-0.14881144,-0.05372491,0.82865334,-0.02474454,0.7669952,0.65046895,-0.27827212,0.96543217,0.12694144,-0.85298836,0.06920542,-1.1195444,-0.31374252,-0.8052429,-0.1723028,-0.884405,1.8042059,-0.26096356,2.4191315,0.41720745,-0.342555,0.120008945,1.4161433,-1.1780066,-0.6534844,1.9111005,0.33889788,0.2810646,1.4046522,0.6146978,-0.082700506,1.7692158,-0.20660892,0.046223864,-0.29493293,-0.4841241,0.18283454,NA18532,CHB,2
-5.911749,2.4954877,23.758488,26.434097,1.8923393,1.198691,-0.4414447,0.9195235,-1.4208748,-1.3474457,-0.23261698,1.3831187,-1.2128395,-0.55126446,-0.3478088,-0.12390001,-0.57319117,-0.49678528,-0.6028057,0.70477027,-0.74516344,1.2086899,-1.0564526,0.8129977,2.3584845,0.22809073,-0.5136147,-0.8537871,1.3606305,0.9427313,-0.2539842,1.9617251,-0.48971918,-0.31308708,-1.3198962,0.14031859,-0.8023819,0.036940694,-0.5426515,0.96220446,-1.9222164,0.62800026,0.90306604,-1.3257643,-2.0128164,0.516585,0.43356392,-0.8687294,0.65890163,-0.5841463,NA18561,CHB,1
-5.8928413,2.0827384,23.932238,26.616982,1.9540062,0.8785857,-0.3250556,-0.66980475,-1.8991878,-0.9187693,0.09549326,0.983172,0.579296,-0.056763828,-0.23052573,-0.35797855,-0.74046856,-0.25203788,0.12749672,0.56657475,-0.8327779,-0.42737117,0.5838226,0.46857855,0.8003853,-0.10944393,0.09799879,-1.4502877,-0.3184178,-0.8834325,2.2087226,-0.80762535,0.33166727,-1.1920774,-0.35636407,-0.06963779,0.42057934,-0.33531293,-1.5919719,0.85698885,0.8291616,-0.037846565,-0.5598721,1.1831535,0.32534793,0.31610373,0.27760705,-0.50030416,1.8660419,0.3785659,NA18608,CHB,1
-6.571375,2.76316,23.19315,26.132301,1.413137,1.3892248,-0.4059736,0.06939217,-2.4965048,-0.775419,-0.8432536,-0.38456073,0.07995313,0.8106983,-0.6660217,0.6572211,1.1008028,0.108818255,-0.82802165,0.32954815,0.02465383,0.5495028,1.4737536,0.5447886,-0.17393681,-0.03456399,1.030054,-0.0074546346,-0.31751174,0.041680485,-0.7785065,-0.48539835,1.2333443,0.43585217,-0.070105605,-1.4719701,-0.14730236,-0.115855135,-0.76645774,0.4263079,0.8818947,0.46513924,-0.039368436,-0.34965244,-0.37186664,-1.0001619,-0.07285647,-0.96736485,-0.28958666,1.0191774,NA18564,CHB,2
-6.1021795,1.9499142,23.880953,26.108807,1.2837545,1.2644783,-0.71969384,-0.7716835,-1.4346149,-1.1619354,-0.18966806,-0.62913483,1.7736987,-0.53327084,0.43797487,0.14159015,0.80257106,-0.9996903,-0.80807346,0.6140786,-0.45211178,-0.64653456,-0.6399513,-0.7418609,1.2151676,0.023650426,0.70400286,-0.3226763,-0.92226064,-0.5550103,-0.46643138,0.9615728,-0.92360425,-1.4148619,1.8404069,-0.65076417,-0.95616245,0.65263534,0.6361559,0.5803616,0.96809787,0.5548059,-0.048210643,0.33887774,-1.4566425,-0.118233785,1.0170454,-0.68913203,-0.9954987,0.4127044,NA18571,CHB,2
-6.953036,2.7184367,23.154013,26.073566,1.4567804,0.9226763,-0.27830413,-0.7915278,-2.7523668,-1.4034873,0.12524913,-0.5238164,-0.09334846,0.6487477,-1.2814927,-0.067981154,0.391305,0.25564647,1.1650602,-2.3817809,-1.4045753,-1.6681784,-0.17732885,0.3124227,0.10617165,-0.59277606,-0.46345288,0.72337145,-1.3257617,-1.0299511,1.2375721,1.1491591,0.18199918,-0.46344614,0.39293054,0.5526839,0.9651367,-1.5142356,2.027792,0.14675288,-0.2588267,0.9202136,-0.5665509,-0.53245145,-0.2400743,-0.8799375,0.0011331568,-0.63474315,0.13423516,0.02070092,NA18620,CHB,1
-6.1852775,1.6860367,23.219967,26.393095,1.6846081,1.0132921,-0.41049913,-1.1692221,-1.9138598,-0.5470669,0.33790037,0.13424599,-0.63656914,0.17941101,-2.1582062,-0.75345904,-0.4806725,-0.12924509,1.3821892,-1.6792059,0.8131073,0.12299638,-0.4520742,1.2872944,0.2676048,0.5339628,-0.27686906,0.4956358,-0.27197012,0.82979137,1.3674114,0.039912865,0.67589927,0.38449934,-0.6828836,1.8667923,-0.48254305,0.1345776,0.31179595,0.10392558,-0.96860945,-0.47775593,1.0755042,-1.0263158,-0.6354932,-0.89730996,-2.1270034,0.9498995,0.7172824,-0.30796042,NA18623,CHB,1
-6.2070327,2.3987422,23.904196,25.44556,1.3529979,0.573953,0.2969046,0.015731107,-2.2196574,-0.26468894,-0.21605289,-0.4270869,-0.4103991,-0.12800258,-0.22084269,-1.1661493,-0.47148052,-0.34823605,0.20108141,-0.92734677,-0.4619831,0.19248195,-0.25940672,-0.59917885,-1.20278,-0.9198536,-0.2069737,0.68293864,-1.2110637,-0.83459294,0.18983,0.65959597,0.16967972,-0.10519597,-0.8139859,-0.47710845,-0.23927803,0.9680411,0.14576457,0.82615936,-1.7182691,0.5488873,1.0633342,1.1881583,0.23145944,0.09826965,-1.2079717,-0.752249,1.0901105,0.7372698,NA18576,CHB,2
-6.7004695,1.9019777,24.065722,26.670248,1.6322709,0.44532004,-0.36900067,-0.70298105,-1.7513691,-1.0096824,-0.13680983,0.049722634,0.25689837,1.2517033,0.5454404,0.28619722,-0.19907859,-1.1544234,0.21917889,0.50273865,0.22856542,-0.5409683,1.6748827,-1.437965,-0.7476466,-0.76255804,-0.34991556,-0.6159892,0.331531,-0.6146632,0.049342085,0.0800642,-0.08715284,0.23373589,0.69129664,-1.2348996,0.38613462,0.97099876,-0.14573564,0.5294694,-0.83875483,-0.7214019,1.574208,-0.045199107,-0.1947771,-0.36891636,0.45448336,0.039296776,-0.37114352,-0.5649905,NA18582,CHB,2
-5.9018803,1.8582723,23.225204,26.274836,1.1635697,1.952383,-0.19076934,-0.74286133,-2.442775,-0.60962796,0.16167988,0.91362715,0.55766016,0.055625092,0.15856135,-0.28678587,-1.1575289,0.32266626,0.15928823,0.027303988,-0.7149128,-0.2796895,1.3665501,0.7768919,-0.67021656,-0.22514421,-0.16620852,0.25082836,-0.69904053,-0.18665537,0.035839867,-0.6470435,-0.02559811,0.61910665,0.7674713,0.96240866,0.90977997,-0.018876988,0.8714432,-1.8414977,-0.11642427,0.68812776,-0.14325243,-1.0761311,0.10362382,-0.01783226,-0.20333242,0.9567391,-0.9650907,1.2673293,NA18633,CHB,1
-5.9867277,2.0138476,24.482958,25.624949,1.4817048,1.2350639,-0.14688024,0.24776435,-1.5872288,-0.69736046,-0.09759818,-0.08487484,0.42015776,-0.65627104,-0.6260623,0.86859345,1.0524756,0.84484994,0.8514626,0.0037454467,-0.6001752,-0.6020923,-1.584653,-0.50710684,0.25874904,0.4081775,-0.20105383,0.7107345,0.543965,0.3919161,-0.10300677,-0.3023919,-0.27374947,-0.23794982,0.36235213,0.8590519,-0.05592911,-1.3089515,-2.229086,0.7486531,1.1283798,0.032811977,0.3001979,-1.44963,-1.5025283,-0.84443516,-1.7243714,-0.48130116,-0.9138516,0.94725317,NA18637,CHB,1
-6.624278,3.0758047,23.87645,25.618126,1.8951352,0.6681152,-0.8501685,-0.3358811,-1.8567982,-1.2209649,-0.038052075,0.037071075,-0.66421586,1.1303793,-0.6656145,0.35072654,0.8304081,0.55129606,-0.5552085,0.61975443,-0.1337955,1.5244625,0.30155876,0.05547759,1.6151091,-0.55379474,-0.8112162,0.5396721,-1.7263275,0.48253098,0.29124647,-1.5096778,-0.81352746,-1.0759314,-1.3017653,0.36525336,2.058273,-0.8806159,0.17753889,-0.28839704,-0.49168208,-0.6490816,-1.2578932,0.7769206,-0.993954,0.80178785,-0.65297693,-0.21219532,1.3330209,0.6079787,NA18594,CHB,2
-5.979962,2.5836203,23.887583,25.641565,1.3298842,1.5644683,-1.2909882,-0.7116337,-1.4691147,0.12867194,-1.0884341,-0.18778814,0.87257725,0.38115808,-0.031258326,0.24673623,0.88996756,-0.33388954,0.7487164,0.80820954,0.59245133,0.060626864,-0.44470656,0.52164006,0.36256078,-0.20784567,0.71947265,0.5602838,-0.1397027,1.0597107,-0.6450856,0.16144179,-0.09159123,1.2597687,0.77924657,-0.7832213,1.9073664,-1.0024627,-0.02032451,0.24212486,-0.37190762,-1.5159996,-0.29216406,-0.11704472,0.24365094,0.10417969,0.39643452,0.74119014,0.69954836,1.8805599,NA18792,CHB,2
-5.598648,2.898667,24.164072,25.13224,2.3171065,1.0871842,-1.0161777,-0.22299302,-1.7107338,-0.054364543,0.22664373,-0.62170696,-0.44946253,0.9054244,-0.49648225,-0.78745556,-0.4398851,1.8852676,0.43997338,-1.1084464,0.038640264,-1.2046636,0.21649207,2.3601635,0.4435459,-1.0446106,-0.27214545,-1.6330775,0.43932745,-0.5213099,1.2074473,-0.4718984,0.34646782,-0.6550325,-0.16520892,0.14076045,-1.2711048,-0.33360076,0.3353285,-0.2796909,-0.5502562,-0.9698424,-0.11267029,-0.6526669,0.923613,-0.0015317561,-0.6293174,2.0988693,0.042230323,0.11617154,NA18795,CHB,2
-6.7205906,2.5347989,22.979464,25.004923,2.1660123,1.8348805,-0.28297764,-0.984653,-2.076661,-1.0240556,0.15822846,-0.09991552,-0.21301526,-1.5972502,0.470973,0.22407962,-1.243921,-0.056434058,1.1563826,-0.98114884,-0.38334838,-0.3473014,-0.144794,-0.073306814,1.0599872,-0.008745171,-0.1305647,0.12395041,0.4205699,-1.3444055,-0.20666431,-0.85112756,-1.8843439,-0.25598642,-0.3955434,-0.046804488,0.68329,-0.32676503,-0.78761494,0.3557042,-0.73883486,1.1125562,-0.36684033,1.3886333,0.074485354,-2.845587,0.14278473,-0.39486933,-0.06705343,-0.60792893,NA18794,CHB,1
-6.142945,2.0211194,23.073883,25.378563,2.6620522,0.32053494,-0.2922772,0.2977482,-1.3909463,-1.3889154,-0.71282434,-0.10188458,0.47130468,0.25599754,1.0441675,-0.24766742,0.107920446,-0.09697215,-0.13548934,-0.72071856,-0.35082307,-1.5565825,0.5375994,0.23384804,-0.17023098,-1.510224,-0.93455523,-0.63828856,-0.01422585,-0.2921904,-1.5739232,1.2769734,-0.73099095,-0.067108095,0.1584625,-0.00042522958,-2.0645323,0.34020475,-2.1901963,-2.331253,0.90258086,-0.81473804,-0.29664555,0.998265,0.8035879,-1.4561863,-0.597233,1.2895077,-1.9494339,-1.0237986,NA18538,CHB,2
-5.9706955,2.6983845,23.770918,26.10794,1.428363,1.1405058,0.072497465,-0.3482596,-1.7594389,-1.2592572,-0.6597485,1.2370431,-0.16131014,-0.66512936,1.1700706,0.8876928,1.7798218,-1.1765237,1.141026,-0.78218365,-1.4061662,1.2752812,-1.9160244,0.4572226,-0.20103641,0.46438202,-0.77360606,0.66255724,-0.1840771,-1.2262062,0.1006377,-0.50059927,0.3288953,0.77802116,-0.20428067,1.6482816,0.8325747,-0.9608617,-0.793151,-0.004394271,-1.3823736,1.04538,0.5336494,-1.0213425,0.56991315,0.29872096,1.5776404,0.7478764,0.38250777,-0.041539256,NA18541,CHB,2
-5.576345,2.6317751,23.741459,26.383608,0.7648165,1.4536436,0.079039484,0.3341452,-1.0385756,-1.3961574,0.5880398,-0.30843124,0.42022383,0.631934,0.9270008,-1.5661799,0.722797,-0.25440723,2.1395643,0.042569943,-0.9958102,0.029987037,-0.614024,0.17347394,-0.38892317,-1.333098,-0.53386277,0.45081532,-1.1451526,-0.89794546,-0.3036554,-3.0788171,-0.10071931,-0.8016374,-0.58477885,-1.3396423,-0.66969115,0.5751626,-0.46064588,-2.0103164,0.78815967,-0.81849045,-1.8927255,0.30791456,0.7671036,-1.2311279,-2.2142239,0.47932327,0.05615573,-2.4144866,NA18580,CHB,2
-5.887032,2.7848217,23.37498,25.09581,1.7715845,1.4923046,-0.16751882,-0.11752414,-1.4909031,-1.0805165,1.3067245,-0.6696294,-0.034461036,1.5890325,-1.0594867,-0.96672523,1.0093375,-0.2432978,0.23322836,-0.6373622,0.3653927,0.38497958,-0.77588725,0.1380482,1.3469911,0.36584836,0.048132233,1.4585606,0.16026457,0.31055072,0.41077554,-0.8815156,-1.2223172,-0.61783946,0.20529544,0.6534524,-0.70250654,0.7580345,-1.3148621,1.1807231,-0.24132814,0.98721415,-1.2740269,-0.6127631,0.06970495,-0.36052996,1.3978728,0.5139528,1.6893876,2.462669,NA18591,CHB,2
-6.3005147,2.3277228,23.306038,26.323503,2.231015,1.4368451,-0.30500105,-0.26537302,-1.5697922,-0.81030023,0.40676966,0.11601463,0.2715449,-0.07715914,0.35176295,0.69638294,-0.15539491,0.4024317,0.35458428,0.6518487,-0.9772209,0.0945444,-0.7410297,-0.88593775,0.9099932,0.11994326,1.9646722,1.1575452,1.0425413,1.6427363,1.2244643,0.5219148,-1.0658063,1.0202963,-0.289381,0.18193051,-1.1312867,-0.015203551,-0.30061552,1.2168727,-0.17646529,-0.16961442,0.40981773,0.09194841,-0.40688208,-0.54946315,-0.6448099,0.90811616,0.04130945,-0.61671346,NA18644,CHB,2
-5.819128,2.8004358,22.49504,25.407265,2.6492615,2.061817,-0.9225769,-0.27404612,-1.5337315,-1.3035213,0.2761451,0.9782515,-0.8339554,0.17736414,-0.7257445,-0.7972078,-0.15374443,0.8526437,-0.42253375,0.92311525,1.1402135,-0.14561391,-0.5868277,1.5758326,-0.23923734,-0.08936829,0.7264094,0.29437086,-0.64052755,-0.53437346,1.0716503,0.5220084,0.9339626,0.426039,-0.6493921,-0.008716382,1.0231979,-0.7230466,0.022898449,0.26454148,-1.614339,1.1973174,-0.55143553,-1.3826672,0.22622561,0.006880086,0.016076706,-2.2684371,0.3992981,-0.68108356,NA18649,CHB,2
-6.2565584,2.17024,23.362896,25.482912,1.7711066,0.6571471,-0.15158418,-0.3925232,-1.385622,-1.0532856,0.6957128,-0.24893492,0.44104472,0.41044524,-0.92393285,-0.03264066,0.2878695,0.8969359,-0.54149705,0.56418836,1.2002677,0.07107436,0.3428237,1.3488774,0.20505941,0.6415879,0.51233196,-0.5812248,0.3654102,0.17059466,0.07997295,0.8252306,1.1570336,0.7560159,0.114000484,1.1172254,-1.2913017,-0.2666928,0.8119429,-1.2865719,-1.4223589,0.9141752,-1.0740534,-0.14167608,0.8310496,1.0455832,0.39053422,-1.4326179,2.2950275,-1.3360165,NA18739,CHB,2
-5.963539,2.226618,23.53154,26.692608,2.9116669,0.8693268,0.010435892,0.5996707,-1.332231,-0.06448022,0.118423335,-1.0954759,0.68215525,-1.0162649,-0.123643376,1.5757463,-0.5827947,-1.0159364,0.25537404,0.034751862,-0.8940027,0.32851195,-1.7436448,-1.5414453,-0.11186042,0.36554977,0.7341255,0.8877464,-0.34198248,-0.33072254,-1.3102584,0.5406713,-1.361012,1.8323396,1.7881706,-0.5492341,-0.34632763,1.2237519,-0.48437414,1.3935242,0.87290823,-0.48417094,-0.3839411,-0.39643067,-0.027936347,2.228451,-2.2327735,-0.36537087,-0.650301,2.3976781,NA18751,CHB,2
-5.747262,2.9136264,23.372961,26.238764,2.5781999,1.3069243,0.37883532,-0.4696167,-2.1505253,-0.40294418,-0.15747662,-0.9217516,-0.7761677,-0.24682896,1.5856287,1.4886581,-0.0498976,-0.25829148,0.33796546,-0.53398347,0.4475752,0.92589915,0.23886317,0.1065684,-1.7535416,-0.11777668,1.0114157,1.2624077,-0.044947743,-1.0350332,-0.3390209,0.32631513,0.22718777,-1.709686,-2.1438644,1.2236334,0.5085241,-0.8710055,-0.35387895,-0.38716578,0.54936713,-0.15932928,1.310908,0.17765869,-0.2646694,-0.7148107,-0.22351979,-0.84065855,-1.0217597,0.017173517,NA18752,CHB,2
-5.4353743,2.5705848,22.965225,25.403015,1.7413042,1.3120669,-0.97408855,-0.19127242,-1.4963684,-1.0152853,-0.60335016,1.2288753,0.3529701,-0.098023385,0.075335726,0.38889724,0.16411196,-0.29926848,-1.474231,0.098992616,-0.2816,-0.33339977,-0.2143481,-0.48146474,-1.1827235,-0.37152365,0.6437208,-0.7600368,-0.6891635,-0.9156804,0.18694411,0.8406626,2.1774085,-0.22039676,0.13653563,-0.6685534,0.978917,2.1042325,-1.2184976,-0.7223852,0.45615888,1.1092253,0.43841407,-0.32273787,0.3158621,-0.020748531,-0.009238282,0.12191946,-1.6909608,0.76860553,NA18763,CHB,2
-5.5114365,3.0575554,23.026491,25.69551,1.6611091,1.2976595,-0.29885784,-0.380378,-2.3549185,-0.27623674,0.92881805,0.45011982,-1.784017,0.6531639,1.0523794,1.5632554,0.6134286,-1.4653105,-1.4052927,-0.12965,-1.4375933,0.2806738,-0.4488393,-0.68028504,1.4317951,-0.3930599,1.3528676,0.061767686,-0.82590073,-0.29367298,1.521058,0.050161216,-1.5803837,-1.1809027,-0.7662137,-0.55219984,1.1679163,-0.65136474,0.30614188,0.99913067,-1.5306214,-1.5734781,0.94158,-0.253026,-0.64069617,-0.5453485,0.14327493,0.46733963,0.23231192,-0.23008105,NA18769,CHB,1
-5.6445365,2.27576,23.524406,25.27387,2.0436864,0.89066064,-0.52953,-0.017740278,-1.3097569,-0.73175603,0.72718567,-0.68979496,0.93668926,0.024603281,0.6124471,1.3485044,0.23784265,0.026623422,-1.3717763,-0.68561506,0.7410021,-0.21677534,-0.16700643,0.27935237,-0.64297587,1.0282459,0.85675246,0.65989065,-0.96344215,0.4389934,-0.17899616,-1.3995563,-0.9767623,0.9446279,-0.03450995,-0.33398038,0.74403495,-0.08989713,-1.3451519,-0.3295198,-0.41545317,0.9699588,-2.0349197,-0.9044489,0.1712734,-1.7497836,0.5413163,1.665222,0.3807841,0.85415465,NA18771,CHB,2
-6.992837,3.4938781,23.86793,26.216974,2.4789996,0.5143501,0.18861179,-0.84135664,-1.4800808,-1.0125598,0.0028817402,0.49569127,-0.55032617,1.1837521,0.5974188,0.54209954,-1.5901512,0.150572,0.8219147,-0.14149149,-1.5265881,-0.24726129,-0.5061792,0.47335467,0.45865056,-0.91978514,-1.5257733,-0.90395707,0.85780746,0.13073446,-1.1125469,-0.8278737,0.27950987,-0.33821443,-1.1636122,0.033808485,-0.80351853,0.29649073,-0.95643765,-0.89725184,0.13593388,-1.8316817,-0.17152223,1.977312,-1.5227039,1.3802782,-0.9995423,0.31524533,0.39173892,-0.17044616,NA18773,CHB,1
-5.7108603,2.2051275,22.701014,26.387466,2.1486058,2.190745,0.3402975,-0.12414322,-1.7172207,-0.3974729,0.4224001,0.8168873,-1.5955653,0.74479115,0.579484,-0.012162227,-0.8033292,0.6991957,1.7873939,0.60429347,-1.5860378,1.2344635,-1.5389688,-1.7639563,0.99687135,-1.1165794,0.66160274,-0.2744836,1.5587517,-0.675551,1.2556975,-0.017750703,-0.52727973,-1.0838205,0.12847929,-0.13882962,-1.1760508,-0.36355948,-0.50339764,0.3862789,-2.2941878,-1.5901208,0.46279377,1.2861063,-1.1174031,0.5436117,-0.25043976,-0.78898793,-0.43765926,-0.19645801,NA18774,CHB,2
-5.6229267,2.6072693,22.765963,26.29151,1.3002449,0.90619254,-0.76733947,-0.9679329,-1.1371771,-0.08061629,0.04733682,-0.48646587,0.05859304,0.07968934,-1.1155949,-0.14196552,0.47879872,-0.25472683,0.5522179,-0.18885267,-1.1573068,-1.1482384,-0.085756265,-0.2938333,0.47865993,1.0258178,0.2614559,-0.06477121,1.0629615,-0.62016827,-0.640098,-0.5460429,-0.23404145,0.57804364,0.32430276,0.3049695,1.0622377,-0.89827937,-0.9650931,0.173544,-0.09894448,0.68993694,-0.96928954,0.18994816,1.2751178,-1.1722115,-0.28657287,0.17046131,1.5772636,-2.5578234,NA18779,CHB,2
-5.31386,1.8685689,24.276255,26.545267,2.1636767,0.73994976,-0.18429421,-0.52383256,-2.267527,-0.1976031,-0.23107903,-0.11100311,-1.216981,-1.6679392,-0.97739094,0.973598,0.48464832,-0.9532792,-0.9095167,0.6529093,1.2505252,-0.29331255,-1.0358789,-1.083353,-0.9885859,-0.2702201,-0.650557,-1.401746,0.4916947,-1.4438989,-0.6185372,-0.5105868,1.701934,0.6131234,-0.36368918,-1.0755922,0.6369164,1.779618,-1.7481803,-1.59181,-0.71773195,0.18258518,-0.0109931305,0.6887604,-0.024966616,0.76883304,-1.4597509,0.8806409,0.7106287,0.003888643,NA18780,CHB,2
-7.0353537,3.0032973,23.825233,26.072056,1.1455017,0.9471901,-1.6219751,0.2115618,-1.976955,0.032617703,-0.5848537,-0.3567001,0.99862677,-0.48215806,0.2517387,0.45338467,-0.24452694,0.29407194,-0.20347211,0.65181476,0.6193988,2.082115,1.0681473,-1.2816508,-1.8555431,1.2301624,-1.4399376,0.32358962,-0.36208102,1.2797949,0.8307333,0.07255975,-0.44472638,-0.3694621,0.28200632,-0.3675953,0.28923994,0.8335826,0.63546157,1.3234091,0.56281716,0.061644956,-0.0135955345,-1.10993,-0.27974576,2.5634654,0.8049727,0.38042143,-1.3011745,1.9048625,NA18525,CHB,2
-5.8551536,2.426176,23.461283,25.749502,1.0353895,2.2695708,-0.31007144,-0.19266376,-2.0002282,-1.2235868,-1.0917399,-0.33437937,1.6332574,0.119186476,-0.037242398,-1.1664748,0.041293204,-0.46127534,-0.004147309,-1.1329244,-0.9557986,-0.05406726,0.6185274,-0.07155308,0.13603328,-0.68569696,-1.2380829,0.9966277,1.2641641,0.3343456,-0.041028593,-1.24793,0.11250999,-0.08526896,1.2221004,-0.6253048,0.012925204,-0.6183656,0.4733306,-0.38225168,0.1437982,0.019790903,0.47198883,0.5365535,1.1478771,0.7029961,0.015381262,0.3813109,1.2741529,0.6468542,NA18553,CHB,2
-5.787908,2.149973,23.796005,25.765718,2.813313,0.30960912,-1.0786388,-0.7768615,-3.007301,0.36313623,-0.23871021,0.8131461,-0.7744382,0.43595597,0.64281386,-0.1663828,-0.37261504,-0.5375638,-0.56637377,-0.11372803,0.27474096,0.13036251,-1.2370229,-0.8943661,-0.18996142,0.69859266,-0.58953726,-0.34775722,-0.09420056,-0.16860916,0.5944709,-0.96261644,0.86327195,-0.1522817,0.16660358,0.09932255,1.2378626,-0.87008214,0.22807902,1.0652404,-0.56631124,-2.0718887,-0.42196465,-0.4458684,-0.032582648,-1.360409,-0.6397753,-2.2637453,0.14713036,-0.05129832,NA18567,CHB,2
-5.678231,2.097319,23.888298,27.01326,2.852975,0.9108781,-0.39942873,-0.33949456,-2.0016515,-0.22690693,-0.1639498,0.16912675,-0.07214458,0.67040074,-0.3142908,-1.192921,-0.14974314,0.52715194,0.54835707,1.5182446,0.36955184,0.31768683,1.2294501,-0.23484059,-0.59180814,-0.39495632,0.30061018,-2.5047667,-0.2683436,0.48724306,-1.1817331,1.0987067,-0.91100734,0.5451444,2.2697392,0.9216497,1.4468534,-0.6168882,1.8871897,-0.820965,-1.0405298,-0.6099099,0.10375557,-0.14416903,0.4586138,-0.06755411,0.76041937,-0.26663813,-0.12330932,0.756656,NA18569,CHB,2
-6.401522,2.849592,24.486658,26.661352,1.672165,0.5073776,-1.2454667,-0.32601607,-1.2330358,-1.2241317,0.70487887,-0.72307265,1.2121569,-0.16302282,-0.66554266,-1.0668559,0.40291855,0.9089431,0.42682445,0.6001762,0.43994045,-0.34163165,-0.17319775,0.009204294,-0.8487196,0.504284,0.16619426,0.30491832,0.26243785,-2.0097237,-0.40934896,-0.73578703,0.9844932,-1.0565852,-0.30232477,-0.70777136,0.24285255,1.2120404,0.61805326,0.3990865,1.3347477,0.44723514,-1.1527045,-0.8387111,0.10234807,0.8092109,2.9917371,-0.7304455,0.42273635,0.6844344,NA18583,CHB,2
-6.3777347,2.0703826,23.350452,25.446333,1.5313442,0.2911179,-0.47752783,0.20005518,-2.0113633,-1.2976774,0.24953973,0.19857904,-0.97564596,0.82927084,-0.85273606,1.2968556,-0.081469625,0.5715254,0.08626797,-0.007608108,0.5674076,0.024497598,-2.2845826,0.15825047,1.0112733,0.525378,-0.75861657,0.40419018,-1.6935729,0.9222617,0.5173332,0.51680195,-1.0446304,0.54779184,0.01401588,-0.61998147,1.2244738,0.10774169,-0.6061992,1.7744573,-0.035717066,-0.55482084,0.20717281,-0.59008265,0.53197587,0.42911726,-1.0270077,-0.29208082,1.2627769,-0.32738537,NA18629,CHB,1
-6.335589,2.4424744,23.107452,26.506247,2.322132,0.6048002,-0.9202901,-0.7900263,-1.5101941,-0.8321504,0.19695663,-0.6975139,-0.80242586,0.52770436,0.22412667,-0.1977431,-1.1874969,0.40291712,0.33465165,0.3545187,-0.20857356,0.066210784,-0.2779822,-0.37452075,-0.42542416,-0.35481837,0.31243342,0.051062427,-0.9540286,0.8692977,-2.6554167,1.8476529,0.29165903,-0.43877724,-0.80368155,0.82848847,1.4029412,1.81591,-1.3802791,0.0001496496,-0.012801016,-1.7974056,0.9197884,-0.020865543,0.3230115,1.1465592,0.9553195,0.14226152,-0.5831936,1.7696321,NA18648,CHB,1
-5.3154926,2.440264,23.214222,26.034441,2.0971463,1.1008295,-0.45710856,0.5723195,-1.1309409,-0.5793592,0.66587764,0.06702736,0.4949896,-0.1855361,0.20578074,0.28188202,-0.17584929,-0.08107611,0.56336164,0.99218893,-0.39982826,1.4619677,-0.35260662,-1.2795659,-0.10000689,0.1538267,-0.09281132,1.1710805,1.1865863,0.08535066,0.5635742,-0.14295082,-0.19213165,-1.3951972,-0.61510414,-0.6969004,-0.31305352,0.9447011,-1.0838952,0.27040502,-0.42751884,-0.758384,0.09539292,-0.29169843,1.9548771,0.49028683,0.17092267,2.4659228,0.4632469,-0.27416837,NA18741,CHB,2
-5.825192,1.2344173,22.863155,26.988386,2.3040588,0.37520462,-0.6597089,0.15185802,-1.6825069,-0.58223456,-0.48786503,-0.71399194,0.8738254,0.41018343,-0.62881243,-0.6527695,-0.94909346,0.53973603,-0.34970403,0.27505192,-0.5026155,-0.82202214,-0.97877055,-0.64418805,0.16123189,-0.20947905,-1.3942173,0.31238726,0.14804563,-0.4151413,-0.8904691,-0.5878842,0.18168345,0.36587015,-0.26421088,-1.1289859,0.22122404,1.2231599,-1.3346353,-0.8038308,0.25925204,-0.26564395,0.011352215,0.37111512,-0.03515201,0.08157303,-0.88469577,0.12359889,0.72816074,-0.0068107545,NA18742,CHB,2
-5.838042,2.8094656,24.560965,25.64251,2.0919523,0.7668237,-0.328348,-0.5476319,-2.9359896,0.1313819,0.38412744,0.65844506,0.4168486,0.19739322,-1.3442433,-0.49231693,0.42843962,0.25817525,-0.21338284,0.36430028,-0.7355266,0.65773875,0.97871643,0.6171043,1.6988953,0.685905,-0.37508726,0.818143,1.8891046,-1.2102671,0.64606464,0.4834235,-0.4439047,0.024185894,1.1628357,-1.6518784,-0.6431257,0.6486301,-2.5423746,0.25084203,2.149271,-0.38216528,0.29279262,0.8906854,0.15145758,-1.1662933,-0.13447791,-1.7661165,0.6920829,1.9401778,NA18743,CHB,2
-5.4660034,2.3430624,23.61413,26.071207,0.97720987,1.1096456,-0.6137816,-0.84336835,-0.94492334,-0.8753612,-0.124682665,-0.22513372,0.7123966,-0.6061912,-0.6475023,-0.28272763,0.46086144,0.29589257,0.10453231,-0.34429577,-0.57089955,-1.7630309,0.27310252,0.2361138,-1.5012344,-0.39845827,0.008569521,0.46283916,-0.31025246,0.71523386,-0.3434176,-0.8473168,-1.6655827,0.49327302,-2.2446227,0.57821405,1.6957018,-1.4572406,-0.03819376,-0.48466697,0.38533333,0.22465244,-1.4168655,-1.3282288,2.788301,-1.5733328,-0.48410472,-1.9242615,0.78597844,0.8472564,NA18755,CHB,2
-6.6472964,2.3827114,24.312332,24.796831,1.7562712,1.6904293,-0.4644726,0.5450821,-1.4388617,-1.8285024,0.04589247,-0.83117497,-0.76586366,-0.12775806,-0.59884936,-0.18623309,0.36937138,-1.113307,0.6926873,-0.05507387,-0.16448109,-0.8586574,-0.8382087,0.17536552,1.2531621,-1.0538945,-0.3883188,-1.3388389,-0.657332,-0.3710727,-0.029867634,0.81257313,-1.9827666,1.1977413,-2.1049666,-0.4210071,0.44406766,0.39906505,-0.23320545,0.23782404,-0.5192748,1.2820146,0.26934862,0.66410035,0.1479034,-1.0695015,-0.9959245,-0.5193031,0.75975746,-0.58979523,NA18758,CHB,2
-5.90611,2.1509402,24.109343,27.73453,2.1161041,0.07943271,-0.8214336,0.62574625,-1.954932,-0.66771466,0.57703274,-0.5703364,-0.02513475,-0.30705774,0.6297262,-0.29952636,0.047075037,-0.5368372,-0.3886897,-0.14810842,1.5503186,-0.13990434,0.11802108,0.7663433,1.4207059,-0.6180866,0.6698658,-0.22127448,0.20878568,-0.9472274,-0.26812065,-1.6850893,0.266721,-2.0766487,0.7072843,0.15252648,-0.4818332,-1.6938882,-0.08766848,1.9641439,-0.83293635,0.44790223,1.3545468,-0.83361644,-1.9161705,-1.0068402,0.0009303199,0.4310256,0.6164269,0.1679607,NA18759,CHB,2
-5.9713736,1.731965,22.147856,23.906214,1.251539,0.6492715,-0.84178877,0.06869283,-1.2739013,-1.2109864,1.2873275,0.583995,-0.48967555,0.14383186,0.19224319,0.93734795,0.04735164,-0.74142826,-1.0638397,0.5715149,-0.22180669,1.238027,0.35088366,-1.020452,-0.124176525,0.6803131,-0.46315768,-0.0819319,1.9816433,-0.37143132,1.1029918,-0.58420396,0.7222165,1.4757707,-0.3553138,0.7837533,0.32933745,1.573817,-0.33729434,-0.95397323,0.096623376,2.0157063,-0.3634473,0.5053708,-1.686308,0.19715045,0.8606227,1.6492015,-0.52623373,0.016935084,NA18760,CHB,2
-6.1876354,2.4058506,23.533205,26.261246,2.4332132,1.8688655,-0.16399902,-0.22264448,-1.4529188,-0.6625921,0.0022517832,0.0985591,0.60483235,-0.27750164,0.41232786,0.075936094,-0.027227389,1.7710953,0.14458317,1.2008473,1.6649328,0.40030706,-0.14587486,-1.1378347,0.45412084,-0.6604394,-1.3545368,0.15054642,1.9381092,1.3594887,-1.407895,-0.049941212,-0.8945762,0.20758991,0.28141233,-0.47287586,0.62780553,-0.42380142,-1.4094727,-1.5754268,-0.3871037,1.21961,1.3300343,1.929199,-0.8063044,-1.1345315,-0.23453258,0.39701992,-1.0224984,0.7354369,NA18761,CHB,1
-5.746603,2.402218,23.16745,25.123768,2.0411894,0.45428184,-0.72425574,0.33100015,-0.9827443,-1.2881513,-0.18490224,0.012918956,0.36382303,-0.088368915,-1.4394976,-0.85206586,-1.4690655,-0.37518123,0.13332598,-1.0199909,-0.8498434,-0.58567256,0.62647,-0.18475133,-0.40186188,-1.2711245,-0.93916416,0.18076798,-0.3043803,-0.68176305,-0.5542897,-1.6975281,-0.51907283,0.23758024,-1.2456938,-0.5470639,-0.45808783,1.582761,1.6599871,0.14071925,-0.28641644,-0.60965747,-0.41028172,-0.91091114,1.199253,-0.99637115,-0.5703249,-0.5789646,2.0841765,-0.24117364,NA18762,CHB,2
-5.558293,2.3195546,23.105024,25.444845,2.355857,0.7643963,-0.68861526,-0.049234856,-1.9050382,-0.6338267,0.31392583,0.2337145,-0.6045463,0.83789754,0.55528516,-1.9328729,-0.33952567,0.86012894,-0.8048908,0.9318154,-1.0865746,1.1567808,-1.1358079,0.4164357,0.3657559,-0.82214195,1.491993,-0.9137364,-0.5352667,-0.31645152,0.28844172,-0.9706055,-0.53193355,-0.16678527,0.79760015,1.8494779,0.9299134,0.6511514,1.5714889,-0.5526099,-0.5918285,-0.85055834,-1.0309356,-1.2314773,-0.22743808,-0.30937484,0.780163,1.077532,0.8509002,1.6508874,NA18765,CHB,1
-6.110897,3.05114,22.733246,25.654825,1.4051021,0.8714286,-1.1101911,-0.5250535,-1.3585352,-0.3401122,-0.32968405,-0.028107718,-0.865396,0.42569038,-1.3603884,-0.4056873,0.39578635,-0.48682013,-0.33878952,-0.09138104,0.26792213,0.27704346,0.53871775,0.33128893,-0.5700928,0.97595084,1.5620625,0.6223378,-1.4443915,-0.46631783,-1.0623777,-1.2800527,-0.12722303,-1.5298834,-0.53768873,0.5664841,0.68601084,-1.6149148,-0.23308925,1.0294029,0.4213171,0.6293704,-0.50086606,-1.6212031,-1.0101558,0.65764326,-0.028949225,-0.018900357,1.0928824,0.6186068,NA18777,CHB,2
-5.9252844,2.7028625,22.950409,25.85218,2.8202088,0.5104225,-0.9194677,-0.46328276,-2.074822,-1.1546124,-0.308931,-1.0777224,0.24884623,-0.8255752,1.0696113,0.09788594,0.98918533,2.2620187,0.13819423,0.33174372,2.1173673,-0.9875811,1.2084202,-0.6510115,0.42089584,-0.5287158,-0.2956671,-0.2532044,0.62234753,0.4730283,-0.32967716,-0.10517106,-0.53397244,-0.250719,0.62692654,-2.1052587,0.4247233,0.20033965,0.105050996,-1.6643498,0.02209241,0.1709201,-1.027383,1.8284024,0.7679172,0.9118299,0.52777904,0.24522263,0.62362033,-0.5874499,NA18783,CHB,1
-6.2225137,3.275373,23.75302,26.665356,1.4967567,0.9360733,-0.09454207,-1.3046471,-0.868766,-1.027084,-0.7564173,-1.6583298,0.33560973,-0.42426482,1.4241894,-1.1418893,0.76102877,1.8814903,0.826123,0.52784944,-0.8442501,-0.7382533,0.5407651,0.18490277,-1.1419991,-1.5863516,0.70150405,-0.23403895,0.5146957,0.6069073,0.58052766,-0.56168723,-0.33127177,0.24298626,0.37893558,1.2033317,0.83891714,-0.15018058,0.8231893,-1.987026,2.2006156,-0.75792277,0.32070488,0.61521816,1.0666245,0.9539035,0.965167,-0.19753052,-0.5359932,0.3198535,NA18787,CHB,1
-6.8019924,3.081185,23.223265,26.304918,2.4489202,1.31333,-0.98811185,-0.39539114,-2.502578,-0.67596734,-0.16390806,0.88505656,-0.15042055,0.40893304,-0.57338,-0.20237699,-1.6701424,0.27124694,-0.87656665,-0.88845974,-0.33433366,-0.17290367,0.12024615,-0.28630817,-0.059151087,0.14474419,0.07055461,0.036969833,0.029474858,-0.81728846,-0.71818167,-0.7036111,0.8685919,-0.8389582,-0.4593625,0.6166873,0.06698978,-0.74452835,0.16585718,0.9551128,-1.098074,-0.8667423,-0.637423,0.17495632,0.20756263,-0.41846922,-2.1411047,-1.1405066,0.76265746,1.2188109,NA18790,CHB,2
-5.2311316,2.2040174,23.168707,25.506691,2.2964609,0.28943315,0.25085428,-0.107833564,-1.5968378,-0.117537186,-0.4715469,0.08574039,-1.1174161,0.37334925,-0.69027686,0.4729492,0.6993513,-0.653312,1.9567541,-0.3877976,0.3428647,0.81751233,0.9784552,-1.6655765,-0.16043139,0.46254048,0.3360492,1.7018194,0.5339371,0.19114648,-1.8795519,1.5790486,0.32482034,0.099155076,-0.1834606,-0.83706367,1.4751704,-0.65584415,-0.6170006,-0.56321454,-0.46688956,0.6144981,-1.0420438,-0.43805075,0.98691124,-0.68447334,1.6018325,0.47053978,-0.18927337,0.8847691,NA18527,CHB,2
-6.5307555,3.5675972,24.692183,26.9644,1.81275,1.8832971,-0.47837132,0.4552311,-1.900365,-0.3342717,1.1053534,0.25698248,-0.46145654,-0.20954181,-0.36328918,-0.1658386,-0.043898888,-0.6311944,-1.3307898,0.090595745,-0.3035535,0.39395094,0.8681213,0.4744249,0.5032904,-1.2180613,0.032298695,-1.3745806,0.2919663,-1.3569884,-0.1495609,-0.042337272,-0.812592,-0.54722565,0.5721877,0.13914253,1.1521653,1.7458159,-0.19912712,0.24692406,0.6521612,0.09700208,0.89028096,-1.790676,0.47833684,-1.1755902,1.1873064,-0.15042888,0.15358724,0.056893803,NA18528,CHB,2
-6.5923085,2.6731586,22.496685,25.871351,2.0747578,2.0962195,-0.77152604,-0.2136809,-0.92543197,-0.76891476,1.7286304,-0.28393593,0.68060756,0.13385673,-0.1352562,0.56863815,0.07265327,-0.19389156,1.3036523,-0.5296824,-0.12962094,-1.3038601,0.18425135,0.6186143,-0.6864986,0.11002226,0.04047808,-0.23854253,0.38767406,-0.23892725,-0.0959321,-0.54679024,0.53773385,-0.9124365,-1.4865335,-0.9929949,-0.2649412,-0.7931843,-0.33064866,1.1155769,-0.8016157,-0.8587698,-2.6436875,0.23115823,0.75355875,0.17453863,0.7696844,-0.51895374,-1.1039953,0.49155298,NA18531,CHB,2
-5.2925897,2.2049508,23.815458,26.91694,2.4564996,0.86951375,-0.72712344,-0.43750206,-1.3907859,-0.53952605,0.97850275,-0.08565321,-1.2854736,0.35019934,-0.2587681,-0.90241766,-1.0842376,0.46967453,1.1038133,-0.18295056,0.83390045,-0.102392584,0.99247676,-0.0830817,0.19314478,0.36335286,-0.28016773,-1.1125015,0.26620832,-1.0030421,-0.012242458,-0.9414048,-1.5961145,-0.5619764,-0.8341445,-1.0694036,0.4607938,-1.2006929,0.7526444,0.4289835,-0.28499725,-0.7410588,-0.30302447,0.30255002,-0.57010025,-2.1275167,0.21210541,1.3377337,0.7497627,0.6754046,NA18533,CHB,2
-6.143972,2.1610384,22.972933,26.427069,2.6530013,1.4030308,-0.70555454,0.07753763,-1.5074283,-1.5208629,-0.59707886,-0.07114104,0.652366,-0.32768795,0.11366157,-0.0033880798,0.57706213,0.5730391,-0.16058604,1.8146985,0.32546124,-0.77827406,-0.42260104,-0.14071433,-0.705661,-0.17400675,-0.099149406,-0.950007,-0.027123954,0.28012374,-0.6972975,-0.18250103,-0.14669357,-0.5432638,0.91763514,-2.1822479,0.3261851,1.1090692,1.1441206,-0.09710742,0.0011794411,-0.7798301,2.4348447,-1.8625814,0.6329264,-1.9486623,0.08929968,0.98103195,0.9229939,0.19489561,NA18560,CHB,2
-5.955891,2.8379886,23.226252,25.544931,1.7796617,1.4136869,-0.02657783,0.30650234,-2.201655,-0.35857195,0.49746808,0.08389248,0.17936176,0.046848796,-0.55852735,0.12218195,-0.5241072,-0.6676294,1.1613233,0.46350536,-1.3878697,0.039808262,-1.2484839,-0.32361177,0.61139977,0.40954995,1.1799964,0.7857408,1.6115524,1.1975635,0.6980983,0.6285618,-0.31968594,0.75293505,-0.5080537,1.374652,-1.0003386,0.059780557,-0.20155089,-0.5948227,1.5675664,-1.4006069,-1.2359612,0.5882194,-2.138823,-0.7050857,-0.5222546,-0.71129715,0.7252253,3.1642423,NA18750,CHB,2
-6.290804,1.9496369,24.135416,27.56722,1.6438584,1.467325,-0.44290674,-0.31235382,-2.2768435,-1.1202475,0.10883428,0.20513824,-0.17014058,-0.11256408,-0.28164312,0.107796736,0.10013607,-0.1688856,-0.8215725,-0.030275136,0.40670606,0.4496109,0.3381053,0.25447807,0.961818,-0.013677596,0.02200928,-0.0017582235,-1.6300782,-0.28893384,0.7968439,-0.79489523,-0.7183371,-0.4501439,-0.5153358,-0.810688,-1.886207,-1.1982251,0.5261536,0.59775585,0.7157166,-1.3088665,0.92133206,-1.7228539,0.3632566,-0.09135321,0.017895265,0.6532584,0.17848441,-0.6615118,NA18772,CHB,1
-6.3566136,2.7344062,23.209936,25.52287,1.4049569,1.1647619,-0.19811286,-0.26445845,-1.7295188,-0.7549512,0.004981691,-0.43348175,1.0478,0.1689774,1.0000709,0.8003344,0.51766235,1.3850434,0.16206528,-0.17771663,0.9700017,0.2498253,-0.7853608,0.27048457,0.777094,0.3054217,0.30684417,1.1396087,-0.73544544,0.20976068,0.8532683,-1.109258,-1.2449065,-0.043412793,-0.6220553,-0.6109023,-1.2033681,0.588927,1.0301958,-1.5009108,1.3025469,1.8246748,-0.46710727,0.124103054,2.2531903,0.35328692,0.12789159,1.1995461,-0.8223963,-2.0547676,NA18778,CHB,2
-4.997432,2.88201,22.914091,25.215845,1.9808308,2.0061605,-0.3850724,-0.44494206,-1.3408588,-1.070058,-0.71067566,-0.25888,0.15047452,-0.33056253,-1.2919352,1.2281048,0.85708666,0.30478552,0.13912417,1.5771437,-0.4504569,0.64627534,-0.24070117,-0.5448321,-0.9364693,1.6674631,0.60780287,0.2098791,-0.030102147,-0.16085541,0.42458805,-0.5598959,-0.68225443,0.10046888,1.444549,0.9348143,-1.4544889,-0.7611829,-1.5119177,-0.7168631,-0.8276371,-1.7114749,-0.44009575,0.17613403,0.1928054,-0.52195495,-0.20479186,-0.53276473,0.44278964,-0.8703627,NA18784,CHB,2
-6.522832,2.7247484,23.07812,25.937132,1.6628053,0.9297861,0.3326984,-0.324925,-1.0567812,-0.9890443,-0.2289375,0.0775751,0.14204906,0.3882852,0.25241902,-0.83083713,-0.99809855,0.3884606,-0.588601,-0.28408375,-1.1304828,0.2386092,0.84621763,-0.6320286,-1.3394175,-0.64108896,0.78458685,1.650838,0.87598366,-0.1922256,-0.051295076,1.1452155,1.0936215,0.35826057,-0.9660668,-0.16136116,-0.28061837,-0.38594168,-0.016756525,0.15717568,1.3356206,1.5183762,-1.0575081,-0.69585013,-0.42609957,1.6375712,-0.4004734,-1.1581415,-0.5068676,-0.27020884,NA18785,CHB,2
-6.7495327,2.477061,22.461365,26.241446,2.1803765,0.8125138,-0.27234197,-0.592514,-0.9846435,-0.49402708,0.6455395,0.6704685,-0.18143968,-0.66384506,-0.2656558,0.08124709,0.73046947,-0.6220804,-0.61490625,0.25837877,-0.10046729,-0.057346158,-0.292603,0.5971275,-0.26814735,0.5062494,1.6726667,0.62931335,-0.77394474,-0.7724628,1.1437602,-0.54989743,-1.0066619,-0.14994319,-2.330852,-0.79518324,1.511698,-0.11273711,-2.348324,0.43576306,-0.76535517,-0.096400924,-0.96908414,-0.20546432,1.1658536,0.40857065,-0.5967066,-0.89601076,0.63447285,-0.51102304,NA18798,CHB,1
-5.496295,1.9803884,24.063076,25.742434,2.3045597,1.7006621,-0.07043112,0.67111814,-2.0947266,-0.0044105332,-0.29186797,0.7849161,-0.40699047,-0.7458462,-0.5315576,-0.4268846,-1.1337211,-1.5657995,-1.4501879,0.37552518,0.032077733,0.43229172,0.96168756,0.85571134,-0.70520145,2.2210064,-1.6138254,0.50904244,-1.9257487,0.70931023,-0.49232608,0.86011934,1.4108679,-0.6961201,0.26419014,1.376465,1.854955,-1.4333665,0.7924282,-0.48974422,-1.7078677,0.029204613,-0.58753914,-0.84715104,0.7488206,1.336726,0.15143938,1.1310238,1.1250135,-0.6629052,NA18539,CHB,2
-6.274041,2.3097248,24.6263,26.720232,1.5035567,1.3753328,0.66177917,-0.03116769,-2.4124696,-0.55868316,-0.2582571,1.4108065,-0.06332139,-1.4439281,0.35823342,-0.6331874,0.32013476,-0.70980686,0.80583894,-0.85061896,0.09675637,1.401571,0.627838,-2.034442,0.7894433,0.12174147,-0.31791988,1.7672483,1.8113868,-0.8233193,0.07018073,-0.48797962,1.2686968,-1.149884,0.1495405,-0.3297935,0.045607775,-0.14878407,0.16205171,-2.2834897,-0.98761624,0.69591016,0.32683843,0.90722924,-0.7207738,0.41145104,-0.75699997,1.9669138,0.863243,-2.9884043,NA18568,CHB,2
-2.5201647,1.3911816,6.127091,-7.975982,-9.732728,-3.2328503,5.4781804,29.308016,-8.041334,-5.6813297,-0.3768379,0.34493914,-0.52342343,-0.052549176,0.054606657,-0.6965101,-0.22148816,2.4715934,-0.5947744,0.7484068,-1.717927,-1.8109295,-0.03761794,1.2152585,0.47980317,-1.242623,-1.0177509,-0.8397451,0.9655634,0.7473982,-1.1279662,-0.5209624,-0.5799244,-0.60222256,-0.23684178,-1.2619292,1.0050977,0.34208128,-0.31734645,-1.5646067,-0.089258276,2.2157419,-1.3129202,1.7210401,-0.43876505,0.18996365,-2.514345,0.62794554,-0.26597902,-2.8583887,NA20847,GIH,2
-2.977942,2.002637,5.5067353,-8.462424,-8.743994,-4.9205647,6.651912,29.281673,-7.806783,-5.093549,0.33603847,1.0283672,0.419497,-0.97764957,0.6259628,-1.5530341,0.87146866,-0.6536806,1.1910576,0.6244055,-2.0647068,-1.3906801,-2.4960234,-0.23816021,-1.8030478,-1.0474892,-0.2327092,-2.72643,2.6712677,1.5223097,-0.43949497,0.31596768,0.39868185,-0.9797851,0.8445619,-0.59492403,0.2175766,0.34156823,2.258451,0.8639811,-2.5399227,-2.5182521,1.6285636,-0.63430476,-2.4971523,0.560723,0.9721984,0.73160887,0.90809196,0.52275485,NA20849,GIH,2
-2.780397,0.6718322,3.9316862,-9.023459,-10.196729,-3.3547132,6.3831425,30.184883,-8.285368,-5.5356045,1.2121338,-1.5798365,1.2687088,-0.26310238,0.012098628,-1.4362726,0.31915092,-0.8256186,0.3209047,-1.3642957,-0.97936517,0.70635253,-0.22377667,0.8049074,0.9803185,-0.7853989,-0.30435562,-1.5180793,2.1434002,1.0955899,-0.59480405,-0.17095135,-0.45418483,-0.89611286,-0.3989322,2.6163561,-0.8248055,-0.8598017,0.07982252,-0.58743757,0.6168015,1.9552232,0.15262927,0.924854,1.6410205,0.5431895,-0.23205213,-1.0720111,0.4949821,-1.0905908,NA20851,GIH,2
-3.3902862,2.1739817,5.0830894,-8.100437,-10.698946,-4.680029,6.733186,28.866192,-8.373717,-3.9505825,1.3763694,0.8606668,0.63983786,0.08962213,-0.55522716,-1.2551403,-0.5439829,-2.029533,0.44252047,0.21698372,0.051630404,2.662451,0.023576379,-2.4880629,-0.6522328,-0.85678226,1.6722258,-0.73378885,-0.6687881,0.7403327,2.1679175,0.785172,-0.90065926,0.10847878,1.2736899,1.523706,-0.09718512,1.5681278,0.41279674,0.51400405,0.3664552,-1.9850001,1.4985648,-0.520352,-1.7855871,-0.4502168,1.9641135,0.79553545,-1.9403446,3.4779177,NA20853,GIH,2
-3.1074247,0.6297999,5.6465726,-8.985372,-9.292041,-4.0134134,5.323337,28.240526,-6.8785195,-4.4587994,-0.22100966,0.8192454,0.4266379,0.6119664,-1.7768404,0.44562557,0.09932216,0.84434915,1.8123238,-0.025420234,2.8690045,-1.8192587,0.41925833,1.4679251,0.6005997,-0.6887036,-0.9996008,0.7677403,-1.5364956,-1.1741409,-1.0709944,0.055728074,-1.0822173,1.4674574,0.030110398,-1.1993115,-2.7479627,-0.6093755,-2.3830225,-2.076788,2.1782625,2.7185879,0.5791489,0.59082025,-1.7068405,-1.0691444,-0.651182,-0.808635,2.0166023,-0.46673533,NA20906,GIH,2
-2.9905732,1.112322,5.159078,-9.360689,-10.246045,-3.8889956,5.365089,29.747725,-8.37616,-5.1159697,1.3437679,0.16868615,0.77565587,-0.31008312,-0.66063607,-0.09749646,-0.2651022,0.58920187,1.4293737,0.9214082,2.8073835,0.64802295,2.4001498,0.14533369,-1.4989449,3.3948052,-2.1098723,0.4282822,3.840331,-2.4048061,-0.99863046,0.0020093287,1.1142354,-2.4929054,0.73208994,-1.4546738,-0.74465936,1.4911842,0.5428971,-2.1622581,-2.11354,-0.57799673,3.369443,-1.6990923,0.4924234,-0.1801065,-0.7826711,0.06617756,-1.3094177,0.4963362,NA20866,GIH,1
-2.8657274,1.8944224,4.9368353,-8.634275,-10.149925,-3.275893,5.3589745,29.364622,-7.9874988,-5.600529,0.6313897,-1.9469435,0.8648048,0.12619397,1.2572612,-1.469946,0.7310077,-0.6260198,-1.6085656,0.81981206,-1.4683571,-0.38916165,-1.8474222,0.28153566,-2.3270047,-2.1926985,3.7205088,-0.42770207,1.2084576,0.8264619,2.6725118,-0.31550658,0.591651,0.9446397,1.6577556,-0.9658721,1.9016157,-0.28944144,-0.3981362,-2.1295903,-0.8238992,-0.20848139,0.7152812,1.0704905,0.1678982,-1.4765607,1.9422479,0.531946,-0.2811297,-2.4917216,NA21104,GIH,1
-3.451709,0.92791677,5.541088,-8.556126,-10.167024,-4.2185493,5.592927,29.19229,-8.14385,-4.56511,0.13995437,-0.47036338,0.5146471,-2.9454257,-1.8967917,4.355974,-1.2715702,-0.34511176,-2.5955536,-6.4311666,9.470114,3.2547147,5.754769,1.0936916,1.3545303,5.4442363,0.48351467,5.0518804,-4.402918,-7.8007474,-2.3420768,-0.09918089,1.1875197,0.33301586,1.0754577,0.035484403,-0.030126767,0.7928287,0.72673494,1.0170069,5.636145,-2.0112398,0.13722679,-0.92920446,1.1650548,-1.0846773,1.6108531,0.7380352,-0.9022917,0.99441713,NA20907,GIH,2
-1.9139279,1.3629711,5.0450916,-8.454283,-10.153108,-3.7483604,6.670356,30.092281,-7.151079,-6.023162,0.5730937,1.1595018,-0.6467677,-0.09930208,2.0759676,0.26652375,1.1486886,-1.3842367,1.3917763,1.0308299,-1.1381992,-3.0186357,-1.9746664,-1.8692935,-2.2680557,0.28236806,0.17629722,-1.3061386,0.89608145,2.6431131,1.232274,0.1267498,-2.3480928,1.667945,-0.16701518,-0.3686195,0.07217349,0.33686358,1.790839,0.95663285,-1.723968,-0.5810978,2.123107,-0.49312654,-1.7593211,-0.00323167,0.8681805,-0.9538508,1.4110471,2.7603345,NA20908,GIH,2
-3.1710186,0.65873814,5.882512,-9.030156,-10.027187,-3.6171982,5.7378373,29.25417,-8.158874,-4.424204,-0.014284013,-1.1109294,0.3429528,0.24638295,-0.6340273,-1.3321732,-0.2652129,-1.4199178,0.3036441,-1.0141479,-0.37778044,0.5555276,-1.2215638,1.0205368,-2.0931911,-1.6300267,-0.3292078,-1.3582964,0.21171966,1.8710052,-0.25104883,-1.0044683,0.8691869,-2.924743,-0.68252325,-0.5243715,-2.7962036,-0.998902,0.8695952,-1.2891837,0.637102,-0.12398917,-1.1868087,1.7761775,0.57795006,-1.714237,0.7246535,0.18559097,-0.11673079,0.05671508,NA21086,GIH,2
-3.1266716,0.97975427,5.6087484,-8.459405,-10.93173,-4.088108,6.36242,28.384352,-8.083816,-5.085273,0.4993815,-2.2025037,-0.42365006,-0.3218917,1.6184235,-2.255017,1.5680867,2.2419624,-0.37984905,1.6624552,-2.3929594,0.7287363,-0.017446265,0.19465642,0.13646068,-1.929731,1.584943,-0.7679365,0.9912568,2.4042659,-0.5204199,2.402379,0.025525259,-0.89901704,0.07466487,0.78707796,-2.0077026,-2.3459735,-0.6301926,-1.6264359,0.95868963,-3.008597,1.1992692,0.64428663,0.29467964,1.2459285,-1.441488,-1.0669777,1.4578227,2.6497076,NA21101,GIH,2
-2.847237,0.8006843,4.8187785,-9.035409,-8.714192,-3.0456157,4.936608,27.36991,-8.768578,-4.195913,-0.29466283,-0.92581195,0.42024484,-0.5060322,1.0097767,-1.1644866,-0.018972069,0.7126128,-0.11316024,2.295249,-0.80211043,-1.0536381,0.007007065,-1.804564,-0.2969259,-1.5293412,0.40682164,-1.2226523,-1.5669932,0.17920601,-2.40548,1.9220972,1.5318921,-0.9714902,0.25442487,-0.049950182,-1.0645579,1.4193763,0.4832362,-1.5300772,-2.472145,0.88950247,-0.5010381,-1.7417955,0.58762646,0.7092466,-1.7972049,0.34493238,0.50835395,-0.4189401,NA21106,GIH,2
-1.7925375,2.0135045,5.6933413,-7.9911523,-10.755481,-4.7237716,5.4516926,29.643116,-8.023161,-4.711511,0.99176544,-0.8454406,0.109926894,-1.3637977,0.4381533,0.39825952,1.1138575,0.30166504,1.5806919,0.84920585,0.3903073,-0.31564465,0.6111441,0.17543465,0.6808085,-1.0457438,-1.0161848,1.472749,0.30872247,-0.90601736,-0.06221539,-1.3814077,0.32067978,0.025295924,1.9395783,-0.4624745,0.61336505,-0.62850225,-1.4797617,0.96009475,1.3920475,1.5496691,1.7891356,-0.5522925,-2.0871525,1.3925817,0.19830886,-1.3325288,0.12029036,-0.9180772,NA21125,GIH,2
-2.1729434,1.5579478,4.7126417,-8.887597,-10.030531,-3.6991754,6.2836504,28.125784,-8.2975,-4.7049656,-1.1946957,1.7102218,-0.81932205,1.8416917,-0.19379598,-1.5395226,-0.2908238,-0.7917829,-0.9527892,0.76594007,-2.4772544,0.81864744,-1.5306966,0.23790587,1.7510153,-2.6995568,1.0408965,-2.3810132,1.2704432,1.6629441,-3.624112,0.41512415,-0.19702815,-2.2263997,-1.3042402,-3.541139,-0.1608118,-2.1785543,1.5838081,-1.5564208,-0.49346694,1.5444967,-2.3088138,-0.749246,1.2765851,-0.011709941,-0.19702435,-1.1774752,-1.0949974,-1.7628688,NA21137,GIH,2
-3.2736566,1.1908137,5.942472,-8.227276,-9.303445,-3.779442,5.4987054,28.705423,-7.811132,-4.81304,0.71212,1.9427923,-0.24436055,1.0227971,-1.7681127,-1.8720134,0.4694291,-0.33783385,0.9526467,0.9769981,-0.62170863,-0.06140866,-0.061746687,0.9046973,1.990483,-1.2269046,-2.6009676,-0.7787083,0.16791594,1.5855192,0.88593984,1.5449018,2.010259,-1.5359945,0.15152182,1.8606275,-0.5942907,-0.28079277,0.13425702,-1.24456,0.05770959,-0.02146181,1.0899856,-0.5394491,0.8648115,-1.1678021,-1.8722714,1.9290713,-1.2610899,0.8272058,NA21141,GIH,2
-2.3895264,1.6047349,5.936236,-9.716148,-9.36614,-2.4096072,6.4766555,29.286135,-7.986975,-5.045818,0.23523323,0.19049996,-1.0846041,-0.28422588,1.7401317,-0.4393245,1.7273037,-0.039424807,0.39459184,1.9362652,-2.5562105,1.5494732,-1.8056929,-0.119050354,0.8720995,-3.7329595,-0.8352404,2.4738216,0.6973992,1.709878,0.2589799,-0.9025556,-0.20530048,-0.4944998,0.90096325,-0.63379425,-0.2679316,0.42869893,3.3479657,-0.98040193,2.5150874,-0.36768368,-0.09020022,-2.15044,1.5599382,-2.144579,0.18697178,-1.4232956,-1.4976983,-1.1593443,NA21142,GIH,2
-2.9751718,1.586562,4.877193,-8.486228,-10.121202,-3.1969762,4.7133565,28.867651,-8.243418,-4.9642334,-0.086112246,0.34368724,1.366978,-0.46865553,0.9280136,0.6695601,-0.43613464,-0.8371256,1.2529902,-0.04586103,-0.37712675,-0.49216348,-0.76873046,1.2658501,1.9562819,0.6230485,-0.8105286,-1.3345003,-1.5622188,-0.36871803,1.0626274,-0.87518114,-0.008268718,1.3253635,1.8348571,-1.7717673,0.6201129,0.62469035,-2.1078842,0.22340187,-0.61522305,-0.52830434,0.34577915,0.020672817,-0.14251761,0.4153228,-2.3356738,0.27357545,-0.1453386,-1.8244077,NA20883,GIH,1
-2.4622567,0.93232566,5.1904964,-8.81392,-10.252175,-4.2130914,5.75621,28.672281,-7.664684,-4.8224444,-0.71904767,0.27620158,1.158229,-4.1819377,-1.7037541,6.279388,-2.324403,-1.967963,-1.9841313,-8.762665,15.860226,5.6592994,7.674413,-0.15327176,2.7279177,10.969881,0.074727304,7.1551423,-4.851476,-9.2550955,-4.986522,-0.04846715,2.737458,1.6581725,2.436196,-3.648409,0.085245505,2.4960155,1.7943007,2.0481472,9.241966,-1.6225657,-4.6266465,0.04619765,1.7198521,-1.4936993,1.8276128,1.2259455,-0.028742779,1.0971997,NA20891,GIH,1
-3.1626675,0.95756435,5.338333,-8.335399,-10.51908,-3.6432905,6.0407577,28.772287,-7.9140387,-5.616165,-0.15405133,-0.5307715,-0.6802429,-0.3398967,0.41663358,1.186148,0.88568294,-0.45468178,-0.7538836,-1.7252336,1.4225955,1.1058503,0.97034425,0.01864258,-0.3830076,1.4039667,2.0879264,1.4456687,-1.0711969,-3.2583368,-2.1044285,1.0311058,-1.3725126,-1.5373328,-1.4350375,0.48209625,-1.3704146,-0.71953446,-2.4533708,0.8962461,-2.786586,0.5259941,1.2008408,0.3642664,-0.21152231,-0.82061434,-0.29313067,-0.79129946,-1.2995487,0.04103131,NA20901,GIH,1
-2.8146539,1.7748145,6.317753,-8.920292,-10.072304,-2.700703,5.6493936,29.903261,-8.216705,-4.746437,0.22991283,0.011332119,0.2782168,0.8687242,-0.45138133,0.68726635,-1.1275265,0.4285737,0.39400807,-0.377589,0.04733694,-0.37353542,1.9189897,-0.48973617,-1.1241257,-0.5282802,-0.019275213,-0.08579056,-1.0237637,-0.15403062,0.4081479,0.27205765,-0.22911368,1.8876144,0.73775834,-1.2249984,1.4953642,3.0682318,-2.5901992,2.0981925,-1.3181628,-1.7105802,-2.8947716,0.5183246,-0.5705672,-0.20363162,-0.93446726,2.1043003,0.79319257,0.8897326,NA21090,GIH,1
-2.2266595,1.477936,6.0302396,-9.272009,-8.678623,-2.921529,5.3759212,27.456266,-7.72556,-4.39172,1.7720009,-0.64392996,-0.98078877,0.900443,0.6631538,-0.6507762,-0.08996901,-0.09084579,1.026751,2.2726698,-2.659689,-0.58747196,-1.5579299,-0.4432061,-0.265465,-1.5784773,-0.283797,-2.3588161,-0.38458896,1.459821,2.3033442,-0.9492244,0.06506928,-0.6276292,-2.8989103,1.5269847,-0.8778772,0.84288645,2.1470063,-0.19602035,0.23197588,1.5782114,2.7755456,0.1597592,-0.54230696,1.4045024,-0.12183639,-2.4662986,0.3765026,1.5880339,NA21092,GIH,1
-2.9022353,2.1917164,6.089651,-8.85043,-10.602872,-3.974225,6.360112,30.10878,-9.080971,-4.893207,0.25274128,-0.9890098,-0.42023864,-0.6542944,1.149382,-2.9020216,0.065565035,-0.47725558,0.35838377,0.780533,-0.52213156,-0.747238,-0.7482702,1.3916423,-0.8507446,-2.6927788,-2.4553156,0.5139146,0.50789875,2.1280584,-0.33556762,2.718524,0.54222095,-1.3919683,1.4095689,1.7229446,2.9920514,-0.19122979,0.632025,-0.7659986,-0.36905622,-0.35631117,1.5624002,0.5198223,0.18461578,-2.079012,-1.2845453,-0.9858065,-3.791561,-0.5056854,NA21094,GIH,1
-2.7807553,1.311766,4.7113504,-8.654145,-10.455314,-5.722137,6.937781,29.151348,-7.7470284,-5.172452,0.36549386,-1.6062897,-0.49715775,1.6606556,1.0260462,-1.1142477,-0.46958762,0.9972167,0.8533938,1.4753877,-2.5616522,-2.2303958,-2.2744045,-0.10733212,-1.7575212,-4.5826893,1.4233277,-0.5919814,1.2100458,0.85954213,0.6262864,-0.7313353,2.582781,-2.7100966,0.7241482,-2.1811278,-1.886732,0.017974405,1.0633096,0.33368024,-4.9624634,0.83109784,0.80658025,-0.64304286,1.57452,0.6744726,-1.0448548,-0.17612131,0.65497386,0.26796308,NA21098,GIH,1
-3.1219795,1.3632251,5.5780015,-8.175204,-9.970749,-3.8689277,5.8274183,28.916769,-7.5377617,-4.8569765,-0.36483815,-0.39563262,-0.70990485,-0.4949328,0.7250587,-1.005812,-1.4528432,-0.007163986,-0.24592553,2.032441,-1.6366204,-0.86730564,-1.057787,-1.56076,-1.6128266,-2.7704406,-1.7178749,-0.5102097,2.3944638,2.3224757,-0.029994719,1.2580043,0.3108025,-0.78732204,-1.3773602,-0.39618066,-0.024845893,-0.39299107,-0.2665608,0.6576729,-0.7281245,2.3316755,-1.6704005,0.025232647,1.1641552,0.57049036,1.7686261,1.2335048,0.36568752,-0.0041576573,NA21100,GIH,1
-2.5872169,1.8516093,3.8333085,-7.4525476,-10.664734,-3.4731266,6.7294235,28.782476,-8.375582,-5.1272864,-0.24055722,0.8313636,0.54677343,-1.3386399,-1.1708065,0.78992164,0.6203502,-0.31198063,1.0397978,1.4735237,-1.1862422,-0.051654518,-1.0890064,1.0381843,-2.19414,-0.8747481,-0.42768627,0.5530057,1.3327446,-0.42047793,1.0867996,0.25465018,-1.8452787,0.58109146,0.044678893,0.15102068,2.1103668,0.3854315,-2.1280718,-1.1725484,-0.94881344,-0.3615779,1.3908714,0.8812998,-2.9150558,-0.06128539,-0.79124177,-0.36726573,0.7047627,0.6730322,NA21105,GIH,1
-3.1859336,1.3237898,5.3702383,-8.847129,-9.461464,-4.4666734,6.185176,29.335659,-7.4981036,-5.873868,-0.6718134,1.27614,-0.8683377,0.020253593,-0.104091145,-0.34991875,0.19595434,-0.19366826,1.1581976,-0.20595844,-0.89377517,1.2268329,-1.0976288,0.046577863,-0.009395094,0.58757323,-1.0023355,0.30965126,0.06128797,1.6945362,-0.66421556,-0.86594146,-0.09578426,-1.8595049,-0.07368172,-2.1283457,-2.0626578,3.3503993,0.31857985,-1.8304372,1.6845855,0.26211622,-1.5856571,1.1215185,0.8083431,-4.4152517,-0.03870767,-0.5853578,-0.7749496,-2.8514173,NA21107,GIH,1
-2.8957734,1.9146891,5.764217,-9.659765,-9.252247,-3.551007,6.5686703,29.894129,-8.7113,-5.4496884,0.9202742,-0.81735945,1.7887112,-0.43404344,-0.61936355,-0.7470617,-0.0039092004,-0.5765977,0.18253005,-0.09252469,1.0971844,1.3417597,1.2242289,0.3164618,-0.08558892,0.8986888,-0.427618,1.0945135,-1.1673088,-0.3941561,1.165289,2.2078683,0.26451728,0.20788825,-0.21741779,1.4245131,0.33853978,-1.8820401,-2.2825933,-0.04823242,0.9730902,-1.1395278,-0.5713942,2.0083575,-1.1689966,0.06250655,1.1433866,1.7296869,-0.22854492,-0.6826762,NA21109,GIH,1
-2.8347363,1.3221052,5.9867744,-9.229608,-10.248353,-3.7420707,5.951922,29.391481,-7.4737635,-5.159388,-1.9656445,-0.74403435,1.4612561,-0.20276783,0.6582481,-1.6011372,0.23401864,1.6987336,0.9509975,1.0184551,-2.5094674,0.6164583,-2.488533,0.6093694,0.23515205,-2.9999263,-0.90874815,-2.831985,1.9496491,2.1092565,-0.4608539,2.3414876,-0.05535529,-1.3210517,1.211845,-0.9687429,1.261663,-1.5599871,-0.96612835,1.1829027,1.4228992,-1.1134555,-3.5957036,-0.09945797,0.48427898,-0.26439998,0.20878692,0.15020931,-1.4440775,-1.4709749,NA20888,GIH,2
-2.4246202,2.3787684,4.8885903,-8.638554,-9.994492,-3.2488868,5.5067253,29.440975,-7.4541016,-4.2355785,0.17434914,-0.962479,0.41761202,0.74196357,0.495837,-2.1287184,0.4906758,0.78943205,0.31288534,0.61827767,-0.9460071,-0.8097568,-0.14026526,-0.76912266,-0.5759053,-1.4322138,1.1285118,-0.8138404,0.6267544,0.6950087,-0.77789634,1.4785794,-1.8176,0.034657523,0.22389667,-1.1408286,-0.5446594,0.6077886,1.0758283,-2.220633,-0.21278542,0.11518796,-2.2121027,0.057230584,1.1268907,-0.7120922,-2.2587001,-2.424904,-0.09767936,-2.2501223,NA20892,GIH,2
-3.5991776,1.0035086,5.4449935,-7.8118253,-10.750574,-5.4780626,7.0991898,28.673824,-7.7639647,-5.3463383,-0.86887103,0.9957833,0.88920546,-3.283147,-2.1636295,5.3096185,-2.5986068,-2.532181,-1.5994143,-11.171528,17.982872,6.287527,9.432176,0.25539383,2.8667963,13.9925785,-0.1803794,9.401507,-5.724426,-10.440357,-3.3315592,0.98738843,1.7359145,2.1358912,5.13674,-3.3257194,2.1101742,3.2254453,4.7986717,1.9312527,11.16718,-3.478551,-6.873975,0.7313555,0.19778894,-0.684212,2.558224,1.3856642,-3.2884233,0.092003666,NA20900,GIH,2
-2.6892931,0.95170593,6.684733,-8.769914,-9.875511,-4.6096563,6.2535577,29.29885,-7.616908,-4.5310154,-1.7761699,-0.50346494,-0.2762012,2.4630005,0.1563507,3.0910647,0.8888011,-0.29235247,-1.9456513,-0.6060805,-0.5945826,-0.20469314,2.6558592,-2.0818486,-0.9219155,6.5375085,5.8219867,5.441824,-3.1242077,-3.7170284,-0.58716244,0.38189146,0.25621447,-2.68734,1.6182264,4.333256,6.1870766,-6.9289575,-4.077957,10.630701,-3.2440586,-0.81347215,-2.2021923,3.8162222,-4.8842807,14.92534,3.8839736,7.241185,1.8059018,9.770088,NA20910,GIH,2
-2.767033,1.9860438,5.108349,-8.152642,-9.935077,-3.6254945,5.589413,28.778824,-8.537834,-5.415866,-0.045603346,0.52213645,1.78789,0.19926584,-0.46185848,1.4564221,-0.1674957,0.33559486,-0.49401706,-1.3550986,2.4759521,1.2199501,1.7508291,-0.8827363,-0.5588522,-0.4128959,-0.6633639,-0.47721502,0.29834077,1.1727036,-0.15762922,-1.0763927,2.4856796,0.33379784,0.21235885,-1.8604758,-1.2995198,0.17530592,-2.4684672,0.71443367,-1.3256892,-1.6279415,2.7746181,-1.03612,0.532865,0.5922955,0.1426218,0.4469312,-1.5042028,-1.852503,NA21088,GIH,2
-2.9332314,1.2764663,5.7756634,-8.132472,-10.27719,-3.3839345,5.1834846,29.845997,-7.911353,-5.634553,0.50495064,-0.6688576,0.33392176,0.26924258,0.7808355,-1.4135046,-0.55934215,0.26263806,-0.004008749,-0.83567363,0.023027848,-2.1821148,0.5605025,-0.4466232,0.720989,-1.0346627,0.14076948,-0.35483053,-0.09126418,0.81645185,-0.46280578,-1.1609653,-0.95217973,-1.589481,-0.44787797,1.4536902,0.06417971,-0.809852,-1.6163594,-1.6039362,-0.50744987,2.2575226,0.14980909,-1.402838,1.3470522,-0.8771368,-2.3892555,-0.9628681,-0.9650582,-2.7613623,NA21089,GIH,2
-3.4017174,1.4507316,5.0471463,-8.3579445,-10.137669,-3.6699815,6.6226273,29.304045,-7.7919993,-4.8066683,-0.38721198,0.7774995,0.21238247,0.3212947,0.44413456,-1.5822946,0.29086253,1.4301106,2.501392,1.4934456,-0.23834494,-2.4510071,-2.5514328,0.17258273,-1.6876109,-1.2103395,-1.2639275,-0.5649429,1.0543716,2.221472,0.7412853,1.9721491,3.0184808,2.4713013,-0.8985708,-0.4825524,-1.0041606,-1.5759625,0.060003478,-0.24918416,0.98633975,-0.764628,-0.38781357,0.4767738,-0.5789685,0.06026956,2.6838555,-0.654032,0.19636023,0.2559347,NA21102,GIH,2
-3.8660579,0.29836565,4.776322,-8.365323,-10.26525,-3.193182,5.3372736,29.19046,-8.453361,-4.5222735,-1.2346901,0.70810884,-0.37975255,-0.08677503,-1.1646689,1.9493573,-1.4603201,0.25367332,0.18829237,-2.2352407,-0.29978597,-0.12349794,1.0196664,-0.26605725,0.803912,0.085944,1.736782,1.2866446,-0.27514738,-1.7090328,-1.737161,0.14955996,-0.124516755,1.1501569,-0.6388071,1.7115736,-2.1215994,0.95645446,-0.74286693,-0.3819694,-0.45636216,-1.5352627,2.2261477,1.3448732,-2.3530462,1.4873991,-0.36609474,-1.04328,-0.9299714,0.008578654,NA20845,GIH,1
-2.4639847,1.3455646,5.618465,-9.246558,-10.974904,-4.938703,5.788733,29.278484,-8.159281,-4.010376,-0.2788972,0.04068249,0.19696274,1.4341291,-0.43619758,1.0351377,0.40622842,0.54411924,0.066696584,0.28661624,-0.038643643,-1.5375346,-0.34752136,0.13748051,1.1128131,-0.1987658,2.2418227,1.8176231,-0.6063594,-0.5088966,-1.9009953,-0.7646945,-1.0247236,0.8711064,-1.0593089,-0.66168326,2.184271,1.4957173,0.7845373,2.4303386,0.5748642,-1.3601551,-0.95008725,0.58511436,-0.8380717,2.7155998,2.7086437,0.1883247,0.20330977,1.6177517,NA20850,GIH,1
-3.354164,1.3935509,4.949015,-9.026469,-9.792811,-3.278322,5.9176226,28.3679,-7.09737,-5.0980396,0.25372392,-0.41581717,1.5630254,-0.62860274,-2.0173705,1.5433781,0.44032958,0.3559723,-1.0160555,-0.9484509,2.1004305,1.3176935,1.4874384,0.29755616,0.8238861,0.80058074,1.25881,0.91301405,-2.0545273,0.5228523,0.73464465,0.63954324,-0.57758987,-1.8979971,-0.7593766,-0.4606614,0.12498704,1.8851744,-0.6347918,0.44233468,0.5987317,-0.18139519,0.10203268,-0.6331886,3.031013,0.116031155,-2.2296546,-0.09206607,-0.0352827,-0.21949336,NA20852,GIH,1
-2.3871799,1.1624247,5.9080453,-8.416029,-10.008109,-3.779331,6.2127094,28.963383,-7.7113185,-3.9193308,-0.12672661,-0.75139475,-0.29352877,-1.4483153,-2.035502,1.9264513,-0.7311481,-0.14703432,-0.74930346,-0.5454117,-0.66201764,-2.4783573,-0.64688134,-0.9053644,1.4282597,-0.40657476,2.4600015,-1.2129768,1.3429742,-1.4858001,0.19805203,-0.83679605,-0.6163209,2.379611,-1.8844731,3.363329,-0.5204795,1.3119836,1.4797618,-1.1219894,-0.41850853,0.73461884,0.16425548,-4.098638,0.93015355,0.8694898,1.2174921,-0.29139185,1.0298982,0.28434253,NA20858,GIH,1
-2.845846,1.8924608,5.5349975,-8.621859,-9.856521,-4.2606125,5.7055225,28.761848,-7.301566,-4.8169827,-0.4009569,-0.17794414,-1.3545489,1.1317792,-0.29813763,-1.2702795,1.4737793,0.6649104,-0.3990574,-1.0045273,0.8928259,-1.5825404,-0.94949293,0.33398357,-1.108682,0.7196831,2.591641,0.656455,0.40795803,-4.799341,0.122064345,-0.22112991,-0.25748283,0.08400276,0.767094,3.199164,2.5506177,1.0081925,0.8968494,1.7602384,-1.949719,1.0219413,-0.8721701,-1.1533927,-3.003012,-0.96447694,3.0505652,0.25363857,3.3059173,3.7228343,NA20870,GIH,1
-3.8573124,1.8259203,5.1863294,-8.895886,-10.775165,-4.679574,4.828749,29.886423,-8.263803,-5.5223284,0.8034844,0.29954776,-0.01942102,0.35544005,-0.92027396,-0.3636371,-0.39086398,0.44787788,0.6343934,0.3141549,-1.975608,0.20231074,-2.3619392,-1.9007062,0.14054595,-0.50571805,-1.7930818,-0.96697456,2.149575,0.7141216,-0.86834085,1.2105147,-0.16505258,0.13099024,-1.0005038,-2.659194,-1.7742633,-1.6674249,-0.7040118,-0.43456298,-1.4367636,-0.49748364,1.1569595,-0.34057274,1.3253543,-1.5459375,-2.5373662,-0.116806366,0.99516827,0.032473166,NA20889,GIH,1
-2.3582819,1.7302266,6.276794,-8.544795,-9.906679,-3.482259,6.65013,28.166643,-8.999577,-5.5486736,2.2409694,0.10875511,-0.29752016,1.3931817,-0.8566461,0.9444242,-0.18939942,0.24945529,-1.9845778,-0.8205823,1.6370003,0.058523796,1.1567346,0.4242711,0.029626321,3.5568955,-1.3323543,0.12649359,-0.23031116,-0.81239843,-1.1189518,1.5367571,-0.86870193,0.6508752,-0.73562926,-1.9913346,-1.3087366,-0.018352346,-0.54573256,-1.8884392,-0.5435746,0.74309903,1.3694577,0.47693622,1.9200505,-1.7405092,0.8278064,0.9394128,2.653238,0.7305482,NA20897,GIH,1
-3.3192453,0.48623112,5.0960784,-8.470173,-10.362262,-4.872581,6.7182093,29.644133,-7.730517,-5.3583207,0.05302358,0.45775506,0.51889616,0.15377691,-0.94542354,0.96694726,0.05373146,-1.9987779,-0.68597466,-0.8561686,1.2160746,0.61574554,-0.8297187,1.216548,0.7992145,0.52754515,-1.51766,2.0617523,0.73864216,-1.9178256,-0.45111042,-1.3207659,1.2816571,-1.1257821,0.31046653,2.2249353,1.3887609,0.6508994,0.7096908,0.13610613,1.8721579,-0.013558373,2.7404156,-1.6283102,-0.026749525,0.056073725,-0.706426,0.26194477,-0.08203481,1.1041677,NA20904,GIH,1
-2.3817365,0.85855097,5.015287,-7.709836,-9.566991,-3.663247,4.7993956,29.937666,-7.40179,-5.599447,0.12820524,0.8025131,0.94942534,-1.9258671,0.9046855,-0.77935797,-0.4766141,0.83773464,-1.4206764,0.27770302,-2.7412243,0.4018794,-0.50550723,0.2284948,-2.5102172,0.42741418,-0.4971984,-1.1144689,-1.348019,-0.91999936,0.5473426,0.8028449,-0.3180634,-1.2412769,-2.4475243,-2.6529806,-0.43979824,-0.1362659,-0.2560797,1.2759396,-0.36685312,0.74216413,-1.0728085,-0.026353527,0.4638403,-2.8364058,-1.1781042,-0.23254229,-0.4214708,-4.108467,NA20911,GIH,1
-2.5015635,0.6016733,5.485305,-9.105381,-9.7833805,-3.677269,4.9897547,29.327477,-7.818727,-4.5498986,0.6164305,-0.95628774,-0.7518191,-0.73689497,0.15380383,-1.0496328,-1.0886022,-1.9117603,0.6273849,-1.3016073,-0.1614201,-1.0084598,-2.5692828,0.38287526,-0.9755603,0.2228684,0.28269276,-1.1135983,-2.8186655,-0.8191712,0.099262156,-0.46189892,-0.15952343,1.4209366,0.6156654,0.18014613,0.13708012,-1.8723787,-0.5655198,0.40195704,-0.9826759,0.3399627,-1.6036166,0.9927059,1.2045842,-0.22843957,-1.4855124,0.07146296,-0.013000013,-0.7882504,NA21099,GIH,1
-2.5985217,1.0824882,6.290712,-8.67317,-10.554324,-3.9236662,5.5426073,29.920094,-8.86966,-5.654944,0.5780838,-0.007148904,0.1065999,-0.06891967,0.38546765,-1.3908716,-1.1893656,-0.020371027,0.33678585,1.1839986,-1.0801196,0.72313464,0.29274508,-0.8773166,1.3312654,-2.1920352,-0.15694597,-0.29329833,0.3978765,1.5993909,1.571066,0.6510889,0.84709495,1.2956338,-1.1463864,-0.43481547,-0.96125686,-0.19525242,0.31650534,-0.31757602,-0.94487894,0.39958167,-0.8631372,1.7163621,-0.00040433308,-1.5333179,-3.108757,1.0756196,0.88204134,-1.9977719,NA21112,GIH,1
-1.5597277,1.2767401,4.5609226,-8.352457,-10.918756,-3.380086,6.4701915,30.013771,-9.065936,-5.084428,0.87337327,0.00608847,0.19833808,1.1256986,2.3202312,0.04609312,0.64337134,-0.77843547,1.9487009,1.2192856,1.5008106,-0.3923428,-0.58926374,-0.6950775,1.1446763,0.8674497,-1.0774357,-0.12145986,1.6688651,-0.96729046,1.9204357,0.49914813,2.5149713,0.5270479,-1.1249387,0.1481324,-0.45259345,1.6776152,1.7984756,-1.0178989,1.4479201,0.24656552,-1.186857,0.37341973,-0.99523896,-0.98229593,-2.8142657,3.3223653,0.0021422345,-1.7316985,NA21116,GIH,1
-2.813418,2.1953712,4.844131,-8.400576,-9.988338,-3.0465915,4.8772535,28.57342,-8.588774,-3.4995103,0.6671275,1.6497439,-1.0558388,-0.50667167,-1.5329158,-0.4768247,1.8339854,-0.3804243,0.06462963,0.49969116,-0.5516655,-0.030689422,0.5289588,1.6579314,-1.0386117,0.13160834,0.03326109,1.503187,-0.5864702,1.956149,0.7779432,0.7497042,-0.3358938,1.042941,-1.2668544,3.7084935,-0.54057103,-0.33438742,1.228448,0.52406293,-0.6536305,2.0301366,1.8566953,-3.6939292,-3.5625267,4.6529193,-0.17663294,-0.12893648,2.6837988,-1.0072008,NA20862,GIH,2
-3.0801954,1.3542422,4.7271886,-8.266546,-10.32661,-3.6723833,4.675678,29.306358,-8.495755,-4.198389,1.0979012,1.0316815,0.37963513,0.21857646,1.199315,0.3288503,-1.355278,1.3839931,-0.52893114,-0.07270645,2.199625,-1.3299054,1.5806948,-3.0885441,-0.5500106,-1.0808915,-1.0105536,-1.5548136,0.13404678,-0.24163134,-3.3087015,-0.47511798,-1.7712272,2.4958684,-0.481207,1.1918387,-0.43076694,0.8696977,0.42186278,-0.5799195,1.6994736,0.048716206,1.062837,1.7742814,0.1619093,-3.1675208,1.0760227,0.26317117,0.1315627,0.35474375,NA21143,GIH,2
-3.160349,2.3375857,4.6123447,-8.697092,-9.775128,-3.1927717,5.607047,30.001503,-8.015979,-5.0785313,-0.95546067,-0.6808022,0.3753997,1.0161278,0.12799709,1.3085332,0.6040276,0.0043727225,0.52406704,0.9835771,-1.6984142,-1.3762361,-0.20965393,0.30406684,0.82796913,-1.2340897,0.41701478,-2.7241411,1.6989651,2.7636287,1.3951638,-1.4655033,-0.26112992,2.129246,-1.2112423,-0.80833936,-0.86408806,-5.1547976,-0.5776824,-1.5229356,-1.6856124,0.37074432,0.8374465,-0.36786696,1.1431292,-1.041166,-1.2573087,0.60292405,1.5134039,-3.096972,NA21144,GIH,2
-2.1672165,1.5531588,4.791077,-8.326593,-10.11829,-2.5933042,6.5381365,28.462942,-7.8463726,-4.610684,0.2091149,0.0003108598,0.7606677,0.55199665,0.39497527,0.82306737,1.8364117,2.1529148,1.4987272,1.063372,-0.029437277,-0.69132704,-0.54202116,0.94816995,-0.8861185,-2.0895503,-0.16879511,-1.6208287,-0.46722203,0.88956505,-1.5137954,-1.3050313,-1.5755152,2.2714329,0.88493323,-2.5761356,-0.15065697,-1.1704848,-2.0302873,-1.9891138,0.21867149,0.40630534,0.73739153,0.009248324,4.6449757,-0.64719635,0.53892493,-1.0374463,-0.5369865,-0.7387955,NA20871,GIH,1
-2.6417797,1.8474,5.614025,-8.706643,-9.785181,-3.7662787,5.8865314,29.076883,-7.061129,-4.669193,0.42272872,0.6733937,-0.31905302,1.3160087,-0.17069235,-0.48841357,1.3544741,-0.6685084,-0.95479965,-1.447643,-2.3393114,1.0757556,-2.1142578,0.50400394,-1.1657635,0.9204536,-1.6547213,-0.06739365,1.14515,2.544843,1.4462682,0.9460775,0.9361997,-1.2818435,0.40157834,1.4852616,0.59524274,0.3320623,-1.0180794,0.5693992,-1.915807,0.22619785,4.222773,-1.708433,-1.7010471,0.03497966,-0.8813894,0.22675629,0.026247667,-0.32431248,NA20887,GIH,1
-2.8055656,0.31098607,5.4312353,-8.965125,-9.577032,-3.7104466,5.426569,28.153769,-7.4894385,-4.8909073,-0.7715553,0.4646466,-0.10557431,-1.200497,-0.33248144,1.034928,0.19629128,-1.834598,-0.9126258,-1.6633248,2.6880348,-0.2349747,2.0929341,-1.004813,0.52816194,3.760096,-2.367126,1.8608844,-1.5642343,-3.0758352,0.252061,-2.4153278,0.36392656,0.16487019,1.4891979,-0.15387233,-0.48656386,1.2658182,-0.13040689,0.49851546,0.19722879,-0.6110462,1.8731811,-1.8590273,-2.0518138,-0.027934734,1.1757517,-0.4136083,-1.3828162,1.6858634,NA20890,GIH,1
-2.0061808,0.64826953,6.3530426,-8.012025,-10.355096,-3.6429846,5.3508115,27.053423,-8.439082,-4.39938,0.04251903,0.81439984,-0.7216353,1.0316547,0.18041304,2.0568624,0.59134895,1.0156989,0.08511542,0.42914668,0.2732822,-0.25940624,0.5212095,0.32044244,-1.062406,0.0027531574,0.045527548,0.70442516,-0.8795478,0.78486687,3.2995543,1.0713825,0.8631051,3.162443,0.7504066,1.6013417,-1.1486634,1.731809,-1.0600152,-1.8581741,-2.158114,0.62314737,2.082713,0.2992355,-2.7322226,-0.81055355,3.2380733,-0.9164053,0.4661916,2.3542323,NA20898,GIH,1
-3.6156206,1.5902988,5.6596513,-8.4223585,-10.247186,-4.2579203,5.9022007,28.96783,-7.2851396,-5.2316613,-0.6752046,-0.5098797,-0.5505222,2.3492422,-0.41675717,0.4321647,-1.0606676,1.5752006,-0.914912,-0.59328824,2.5869179,0.74911904,2.9760766,-1.4783542,0.5827456,0.02277962,-0.83168906,0.56272,-0.013779689,-1.2690008,-1.6117365,-1.0936862,0.2653922,0.6581353,-2.0257995,-0.33854428,-1.4256245,-0.28518805,0.43364272,0.18532561,1.4221967,-1.2608775,-1.3398958,0.6564175,3.1592636,-1.1563629,-2.5859017,-0.20201512,0.4096382,2.2988207,NA20903,GIH,1
-2.7161818,1.4338892,5.6567307,-8.069212,-9.587843,-3.6012595,5.923733,28.981525,-7.526443,-5.3409696,-2.0591896,-0.37327388,-0.16479559,1.8295212,0.22582959,4.148765,0.6147691,-0.9195554,-0.81533074,-0.6126524,-2.2441165,-0.698368,0.7598428,-1.0039849,-0.8431956,5.5192847,6.482558,5.5120845,-3.2692509,-2.614498,1.0695177,1.0882431,-0.82370883,-4.7902455,2.5280545,5.4697957,5.1357055,-5.945862,-3.6387596,8.980458,-2.3931139,-1.038709,-1.2261474,1.6797329,-5.682617,13.842288,1.8743407,6.7835255,1.5928,9.669038,NA20909,GIH,1
-2.17571,0.6747569,4.6475124,-8.841611,-9.673298,-3.5555484,5.8628135,28.268566,-7.641156,-5.27204,-0.87630683,-0.23201323,-1.4569845,1.1779114,-0.278609,-0.07165237,-0.35695633,-1.3499666,0.7053633,0.32837176,-1.4257557,-0.28165483,-1.8895333,0.91077393,1.4300445,-0.87843853,1.4362996,-2.1155863,-0.7609887,2.5825756,-0.95295036,0.5617034,-2.9037757,0.94073033,-0.45141727,-2.4818377,-0.93589294,-0.107818805,-1.8373287,-1.6693667,-0.20832445,2.0046914,-1.7518058,-0.03307467,-1.0069038,0.63603914,-1.4255011,-0.024298143,-0.1955767,1.7763629,NA21113,GIH,1
-3.4793515,1.3399478,4.891432,-8.405247,-9.669842,-3.9587362,4.8119283,28.404053,-8.521838,-3.966124,-0.6506657,1.8560576,-0.060063563,-0.9347511,1.7937075,-0.3782186,0.9794559,-0.8878497,1.8868071,1.1616265,-1.5136617,0.11019541,-1.1148611,-0.7952445,1.6567602,0.74105924,0.55345196,-2.803377,0.2166665,1.5185716,1.927782,-0.11356086,1.509122,1.4244403,2.1193335,1.0287235,0.06450051,-3.3963416,0.3259757,-0.68903226,-0.42426234,-1.592966,-1.3199378,-1.5063978,-0.573486,-0.6437837,0.7489949,-1.6556007,0.46315944,-0.4035886,NA21115,GIH,1
-2.7638774,1.0430721,5.0818543,-8.39396,-10.001948,-3.3227322,5.375938,29.561901,-8.459181,-4.9109015,-0.53549033,-0.3573131,-0.115456566,-0.71116865,0.68527687,-1.9233946,1.9452695,1.5864992,0.14538458,0.69677866,-0.80906767,0.66468954,-0.29987592,0.5021724,-1.4374084,-2.8033175,-1.1383195,-2.417035,-1.5799687,1.7553756,-2.3511257,1.7072203,-0.46686777,0.49710786,0.4908691,-0.41161057,-0.95839125,-0.9167756,-2.6566622,-0.6706314,1.0957375,-0.7040669,-1.8945712,2.9985325,0.57449836,-0.19589499,1.0329787,0.39093852,-0.46284494,0.03450558,NA21118,GIH,1
-1.2636769,1.0918947,4.7497587,-8.638624,-9.567305,-4.2835507,5.475981,28.377514,-8.78005,-5.069833,0.049143896,1.0356704,-0.5796559,-1.4120337,0.081049465,-1.1838695,-0.0033334692,0.16055733,0.4917933,1.2764819,-1.5197415,-0.41391993,-0.15202881,1.8523301,-0.08124035,-1.7250279,0.39157724,-1.7972007,-1.8959012,2.6420002,0.5202186,-1.2254572,-1.1817011,-0.7050108,1.4179426,-2.2552738,0.6945574,-1.7029457,-1.386316,1.4973663,-0.06664342,1.4814327,-2.5852005,1.0843083,0.745813,1.488948,-1.6226491,0.19751231,0.42636716,-1.0904586,NA21119,GIH,1
-3.13307,0.6551446,4.850246,-8.855573,-10.393886,-3.539536,5.934197,29.061111,-7.7878175,-5.4383125,0.8828348,1.2345947,0.12053006,0.14921851,0.30064118,1.227857,0.41004056,-1.1851736,-0.27143896,1.4364564,-1.6371194,0.36724195,-1.2512009,1.4346356,-1.2611876,-0.75065243,-0.90009576,-1.8108921,0.51429236,1.4873326,0.93456227,-0.52850455,0.24828367,-1.8093936,-2.4772925,-3.1758373,-0.3812344,-1.7137877,0.6011024,-1.4297333,2.6190689,3.377111,-0.23861189,-0.7493349,1.0963186,0.09436656,-0.32382372,-0.8854609,-1.7785888,-0.65715975,NA21123,GIH,1
-2.6614394,0.25478005,5.81969,-8.82753,-10.431245,-3.463225,5.9843516,28.924166,-7.5763717,-4.4835052,1.5504014,0.589777,-0.97010016,1.1578448,1.5666285,0.3028274,1.2138685,0.6136595,0.41835108,1.0121961,0.86751926,-0.21593712,1.2656938,3.0832415,-0.11178979,-0.21302882,1.1703906,-0.1250275,-1.3656948,-2.5187144,-1.5698793,-1.5817437,-1.0850286,0.20930387,-0.39553598,0.8228708,0.1934579,0.8105686,1.0788264,0.8469792,-2.9343514,-1.418897,-1.5778624,0.8283699,1.548939,1.1362877,0.7679248,0.61438555,1.5930263,-2.0167997,NA21097,GIH,2
-4.222928,1.3629344,5.5575624,-8.165166,-10.079841,-5.1908774,6.7903395,29.42535,-7.661734,-6.0355363,-0.7197755,0.69895,0.6525504,-1.8486693,-1.7413671,2.149245,-1.4312994,-1.1869301,0.21971238,-7.128662,12.233767,2.9678204,6.608089,-0.59537745,1.8220447,10.812559,-0.81336766,7.1769047,-3.8118644,-8.066027,-1.3559719,0.34320444,-0.44084445,1.1771542,5.146001,-1.7986312,1.4364778,2.5277908,5.225463,1.4185679,7.155282,-3.5272925,-4.366188,1.1244867,-0.96059537,-0.80024606,0.71079904,1.9590344,-3.9061847,-1.8455442,NA20882,GIH,2
-1.6582347,1.1830211,4.8509445,-7.796375,-9.01433,-3.9949143,6.46313,29.17619,-8.385486,-5.07866,-0.023385897,0.9110498,-1.567981,-0.28414112,-0.378951,0.9355926,0.076464005,-1.0444537,0.3709769,0.31426153,0.88520736,-2.0518758,-0.4172553,1.4629197,0.16590384,-0.13814314,0.25664344,-1.5449463,0.10164082,-0.09067522,-0.371977,-2.397415,0.2510828,-2.5548797,1.333044,2.4143958,0.9373394,-1.7934221,3.4400542,-1.0561951,1.2650894,-0.5900868,0.5445497,-1.014641,-0.39837775,-0.41971204,0.4327598,-2.1972651,0.6824683,0.23170057,NA20894,GIH,2
-2.741994,1.1867353,5.1035504,-9.255594,-10.151062,-3.755513,5.663552,29.750248,-8.145952,-4.773657,-0.1255825,0.7190769,0.033537474,0.8991324,-1.2371608,0.35766065,-0.4438764,0.91073483,-0.07084875,0.60482985,-1.3028144,1.6258786,-0.81356776,0.8265845,-2.4839067,-2.2212582,-0.87959665,-1.7475513,0.5451012,1.9725608,2.019713,-1.5879258,-0.48447096,0.66058344,-1.3987219,0.45187014,-1.342218,1.5244321,-0.9204435,1.3972868,0.23394941,-1.5368714,-0.9378958,0.10302701,2.189816,0.37551767,0.5295176,-0.6345369,0.046153795,-0.5626443,NA20896,GIH,2
-3.7036464,2.590105,6.593046,-7.1685557,-10.41875,-3.4203267,5.9988728,29.293041,-8.238894,-4.6756597,-1.075327,-1.0455375,-0.7253865,-0.36099315,-0.5401822,-2.7631023,0.77550226,0.4700335,-0.98618007,-0.52487224,-1.7320628,-1.2779846,-2.4062605,1.1250652,-0.33778843,-0.81483865,-3.524742,-0.32214513,-0.5808958,2.977248,-0.04205026,1.2475303,-1.3936847,-1.2341075,-1.5021846,-0.97713387,-0.2731527,-0.04158429,-1.3625495,-1.2184343,1.0936514,-1.022832,0.44864652,1.565239,2.1435516,0.10187202,-0.16507038,1.3388095,-1.1648208,-2.915174,NA20902,GIH,2
-3.6518838,1.3278021,4.741765,-8.984373,-9.655887,-4.258871,4.858586,28.343987,-8.045549,-4.9454846,-0.5821498,0.18462862,0.2884374,-0.5326008,-1.5292332,1.7684696,-0.96836525,0.82316643,0.14739811,1.5854381,0.62140965,-0.1841628,2.0410435,2.1617723,-0.5138151,-0.046878565,1.1206329,-0.24565558,-2.1717207,-0.14891085,1.4321789,-1.5898618,-0.8790769,-0.76935285,-0.33520308,-1.3622105,0.26661628,-1.6046027,-0.8464861,0.21883002,0.2960792,0.65285355,1.26017,-1.0672356,-1.0308877,1.8746274,-0.7821266,0.59079677,-0.21156509,2.5119333,NA20895,GIH,1
-1.8976289,0.6983522,4.9309177,-8.8490095,-9.48507,-3.1530783,5.436785,28.335152,-8.255763,-6.033184,-0.03241791,0.7914122,-0.8066664,0.18089174,-1.5805404,-0.82561946,0.9875096,1.0437706,-0.48164636,-0.8527701,-2.643105,-0.72043,-2.5188932,0.5464097,-0.83979106,-3.5322738,0.14195709,-0.9991621,-0.094224416,1.2409705,-1.0339146,-0.008967471,-2.3944204,-2.390561,-2.3813195,-0.69206995,2.7945797,2.4931688,0.26648763,2.0972283,1.0031927,0.66116583,-1.4324814,-1.3858075,1.8646199,-1.0137761,1.6675454,0.1500234,-0.66286564,-0.0946934,NA20856,GIH,2
-2.5243168,0.28709307,5.708509,-7.8572927,-9.552506,-3.4188185,5.8747067,28.886818,-7.7557096,-4.728461,-0.6200615,-0.64773107,0.79815316,0.42716542,0.28899866,-0.32707933,0.9585971,0.2556666,-0.38719568,0.19680332,-0.42014393,0.21459605,-0.8010301,-0.69049686,1.335289,-0.23289227,-0.9627971,0.5094198,0.7802185,1.9181757,-1.7605164,0.37483948,4.306319,-0.46077403,-1.2247779,-0.2941953,0.13527337,0.27002162,-0.96202755,-1.0285093,0.6923858,0.83820087,-1.3430306,0.79127413,0.35491124,0.21318622,0.84783614,-2.4188378,-1.5968895,-0.9321088,NA20869,GIH,2
-2.716295,0.71078974,4.5008483,-9.279451,-9.425425,-3.914147,5.825894,28.002398,-8.009129,-3.486394,-1.0330623,-0.58586,-0.32447344,0.6099455,-1.2712165,-0.8567726,-1.9938587,-1.0186528,-2.0789554,0.6627055,1.0167248,0.053452402,0.27359042,0.23502785,0.41384816,0.9122625,0.92611647,0.046429347,-0.85516804,-0.79379475,1.0298489,-0.4915535,-1.4680552,0.11617901,-0.4634445,0.69219404,-0.89144546,0.83731884,1.6156411,-1.0034486,-3.0044591,0.7525945,0.7273031,1.6243169,-0.00031548427,3.280018,0.7282365,1.3245527,3.1677036,-1.8241029,NA20872,GIH,2
-2.124651,1.5411522,5.803415,-9.16884,-10.316678,-2.8660252,5.74775,29.490496,-7.7855024,-4.563568,-0.00040085366,-1.3335238,0.42933676,0.2454988,-0.22940993,2.475999,-0.13619804,0.46376503,0.28644156,-1.2529491,-1.5685874,-2.0362408,2.5474772,-0.61454725,0.31209522,0.28711104,0.34873754,1.5799582,5.936797,-1.5268353,0.4211777,-4.7715993,-3.3244123,-1.6542095,2.1693552,5.907794,-7.2757263,-0.17572911,2.5733714,-0.664096,-1.2645346,-2.8204553,3.3484592,-0.099125214,2.0262733,-2.753455,-0.12083214,-1.6222783,0.544143,4.5750103,NA20874,GIH,2
-4.5715184,1.5866314,3.9282215,-7.6852646,-10.142457,-4.0560985,4.735998,28.985283,-7.555064,-5.5808005,-2.1733203,-0.06403709,-0.25646368,-0.9224653,0.45943877,0.22752127,-0.89444244,0.88475704,0.100456215,1.723829,1.0041146,-0.5734743,0.7396042,-1.9606667,-0.3588802,-0.36279038,1.9404575,-0.644206,0.5159773,-1.0464737,-0.037702568,-1.9050452,-1.15632,1.1664114,0.72590023,-2.4759822,-1.3106852,-0.52032995,-1.6675453,-1.2353574,-1.560355,0.39483005,0.068743624,-0.5539047,-0.6749825,-1.2789229,1.9911398,-0.6194258,1.8859161,0.59957206,NA20854,GIH,2
-2.6943753,1.1261147,5.3193526,-9.169254,-9.448072,-3.9322734,5.9081173,29.524336,-7.504733,-5.179955,-0.7594076,-1.5843116,0.257629,-0.17525221,-0.47942758,2.6870818,-1.03611,0.2264561,-0.65268683,-1.648408,0.3904048,-1.6928293,1.4124389,-0.13758875,1.3486499,1.3503383,0.5449596,1.8904026,3.9944463,-2.5483124,0.61191475,-3.0261505,-2.3651643,-1.7348945,2.6385293,6.164382,-5.424782,-0.8009159,3.0085495,0.76048315,-0.37875637,-2.4527853,2.7713227,-0.95057106,1.2892696,-1.8664337,0.071933426,-1.1162825,0.3524248,4.4244657,NA20879,GIH,2
-2.5357661,-0.5014628,5.433685,-8.752058,-9.473509,-5.0252247,5.475579,29.336973,-8.381241,-4.620587,0.7185568,-2.0989347,-1.5224386,0.06458187,-0.77942944,-1.5930581,-0.69946754,-0.89939135,-0.46328008,0.99895185,-2.210542,-0.9133142,-1.192613,2.1610625,1.2724117,-2.242537,-1.3497416,-0.8736893,-0.36671528,2.6384807,1.9816388,-0.026281314,1.4743276,2.142661,-1.2888361,-0.7940976,0.113245696,-0.49094272,1.7433712,2.2147875,-0.21742946,-0.13700524,-2.677634,0.627231,0.98142314,-3.5795135,-0.31742862,-1.1930506,1.6517009,0.879607,NA21111,GIH,1
-2.7447548,0.90464205,5.4310794,-9.292166,-8.369703,-3.065467,5.884008,29.159569,-8.1617,-4.656415,0.15963964,1.0656071,-0.7322603,-0.20991372,-1.3588874,0.69668597,-2.7538729,-1.474184,-0.81238663,0.64699364,-2.1471004,-0.07626673,1.3793077,1.3538804,-0.8585691,-1.7672529,2.1820288,-1.1111069,0.05395395,-0.8734905,-0.38932794,1.519971,0.05939488,-0.7060449,-2.2176368,0.28720942,1.8970704,2.8315742,0.6019865,1.6391608,-0.48320246,-0.3890378,-0.6638327,-2.2601423,0.11721974,-0.2998198,-1.6925011,1.4020958,-0.005560377,0.18786412,NA20846,GIH,1
-2.6985247,1.949603,4.096641,-8.880639,-10.124866,-3.6540496,5.189778,29.842655,-8.959329,-4.5653353,-0.5310332,0.30367315,-1.3202497,-0.9215841,0.79034805,0.37978524,0.5472422,0.74651396,-1.3169765,1.0705793,-3.8362112,-2.7433078,-1.2330551,0.5558472,-0.9988712,-1.0942032,-0.01734634,-1.7593546,0.8426813,0.8906649,1.3042042,0.89155346,2.3757644,0.63893926,-1.7506754,0.8314409,2.217749,0.73267484,-2.9607608,0.22617337,-1.6152871,2.0188406,-2.0458648,-0.15301521,0.46510017,-0.20454042,-1.8794872,-1.0561988,-0.21830378,-1.5659728,NA20899,GIH,2
-2.01848,1.3900337,5.3070025,-8.982698,-10.319358,-2.9469109,5.5996075,29.219704,-7.7701173,-5.0713873,-0.09844745,0.16153267,0.5827447,0.5215312,0.74217474,-1.7766893,0.94053525,0.20217809,-0.9211799,0.5460647,0.38192546,-1.7782058,-0.9995328,-1.242925,-0.8008031,-1.5627472,1.1018682,0.77267134,1.017599,2.2386458,-1.3405133,-0.10344575,1.4658958,-0.58692306,0.67620814,2.7329154,1.351257,1.4710556,0.45630372,0.6235877,-0.44819015,1.9824868,2.8716574,1.7612442,-0.8140478,-1.5568419,-1.8001906,1.9276766,-0.5827595,-1.5511848,NA21108,GIH,2
-2.9754949,0.7872183,5.018741,-7.4491453,-9.98266,-3.1579077,5.448298,28.936377,-7.266913,-4.4133325,-0.6079327,-0.64261997,0.37324706,1.082095,0.83219856,-0.63323605,-0.69191575,0.9909998,0.26941514,1.3897713,0.3951604,1.031435,-1.0785646,-2.1323383,1.1443657,-0.9638661,-1.5671664,-2.815606,-0.1787235,4.269148,0.38895154,0.57011384,0.8439999,0.5550125,-0.22308634,-1.4285161,-2.2822587,-4.700893,1.3864489,0.39253256,-1.6506484,0.6049521,-0.5563081,-0.90129966,-1.6510296,-1.077304,-0.5079018,-1.4534184,2.398455,-1.4919735,NA20861,GIH,1
-2.5206466,1.1786098,5.9466105,-10.117379,-9.572987,-4.161552,6.5683446,29.574877,-7.1354313,-4.273989,0.17932402,-0.6497689,-0.61869526,-1.053892,0.38070434,0.106557384,0.06012077,0.65713817,0.021967422,-0.48252672,1.8072908,1.6864556,2.0831425,-0.9323915,-0.22669348,1.6967746,0.9185083,-1.5450954,-1.169483,-3.996552,0.2374684,1.5134679,-1.664504,-0.73652476,-0.84401155,-0.34558976,0.8095775,1.2650648,-1.3894289,-0.9641599,0.5452761,0.621951,0.40779692,0.24376914,-0.89933234,1.7709516,1.5976955,-0.984962,-2.6102357,2.5464945,NA20873,GIH,1
-2.987009,1.9530492,5.5946064,-8.340251,-10.019374,-3.86244,5.2245226,29.1861,-7.5487103,-5.1958575,0.5939146,1.2499225,-0.2517208,-0.43978944,1.8578963,-3.123276,-0.41753355,0.04003769,-1.4872357,1.9029543,-3.1262908,0.44387186,-0.38798842,-0.57442576,-1.1224936,-2.250295,-0.3722836,-0.05187586,1.3594474,1.7175444,1.2745094,0.6228077,-1.805554,0.36282414,-2.1509264,-0.2622923,1.2377763,0.7399582,2.828331,-0.5080054,-0.921536,0.8215079,2.6690116,0.3255315,-0.010503867,0.74137914,0.9136244,1.3393104,0.3930541,-1.0430747,NA20884,GIH,1
-3.7084563,1.2395339,5.224114,-8.542641,-9.987555,-4.059002,5.91334,30.031612,-8.273766,-4.2191234,-0.2392514,-0.6411554,-0.82725245,0.70560265,-0.13510929,0.10473209,-1.0359889,-0.67470455,0.10609167,0.64767134,0.9835805,-0.83747095,-0.81906396,-0.82252157,1.5820254,-0.3911744,0.03139419,-0.009950376,0.35385102,0.119999215,0.07046933,-0.33198228,0.9903067,-0.5210917,0.42436004,2.1975625,2.210514,-1.0700824,-0.9188465,-1.6154053,0.44463155,-0.4726067,1.9864162,-2.5904694,2.1956692,0.4130863,0.32911503,0.44067666,0.14466666,0.41534996,NA21091,GIH,1
-1.8361318,1.489849,5.8714957,-7.633867,-8.722552,-3.516813,5.671485,28.354992,-8.0508175,-5.1582813,-0.32966504,0.46964735,-1.2355006,-0.50478625,-0.16248316,0.35368082,0.8081411,-1.6396551,0.06861417,1.3448143,-2.4220612,2.9942112,0.24541774,-0.99330336,-0.8309534,-1.6727197,-2.1478486,-0.18844582,0.46701008,2.7524073,0.9989326,-0.19499993,1.4548101,-0.7640431,0.14766476,0.45691642,-2.312711,3.388124,2.1291413,-0.65663195,-1.2596217,-0.4634696,-0.5714131,-0.34068978,-1.0866218,-1.4068741,-0.08825636,0.32510626,0.29632148,-0.31068116,NA20875,GIH,2
-2.632199,1.3022115,5.4991255,-8.303322,-10.344145,-3.2247536,5.2275214,29.873598,-7.2313604,-4.7826333,-0.834714,0.44767737,-0.38830218,-0.3942605,-0.36639944,-2.457036,0.096748956,-0.8306752,-1.9810147,1.25597,0.57594615,-0.82030493,-2.1265116,-2.2177906,1.7055504,0.15247951,-2.2349763,-2.1650398,0.034971014,0.038194288,0.20398943,-0.88656616,1.801902,3.0616035,1.6266483,-1.4520769,-0.65880865,-0.08465898,0.459882,-0.66365975,0.36047617,0.26253316,-1.0682993,0.6233506,-0.7328772,-1.2840503,-0.49578094,0.35483825,1.4124143,-1.99102,NA20876,GIH,2
-2.821517,0.6073681,5.062906,-8.492926,-10.0578785,-2.9131658,5.4243846,30.07535,-8.002272,-3.3784173,2.0590296,0.667699,0.4238667,1.4586564,-0.2237576,-1.0255289,0.8272287,-0.3814828,0.5673905,-0.34313935,-2.2794635,2.140798,-2.909708,0.8526621,-0.4979341,1.2685736,-1.9696748,0.23357403,1.0430048,1.9289953,-0.30025557,1.8289202,0.31450284,0.69719476,-1.0367061,-1.0434736,0.08439355,-0.4784418,1.6171379,-0.014083536,-0.017038979,-1.531937,-1.0467708,0.8678487,0.85132354,-1.7428575,0.1262507,0.9760689,-0.4075409,1.5094813,NA20877,GIH,2
-2.5820746,0.9293468,5.556273,-8.685435,-9.261211,-3.4588792,5.488891,28.333735,-7.979445,-4.953689,0.905877,-2.0454664,-0.24081652,-0.34916732,2.591927,-1.7424442,0.16476128,-0.14131731,-0.8055787,-0.09197368,-0.59938365,-1.513127,0.67852235,0.8050342,-0.111825675,-0.19102974,0.54484683,-2.0426898,1.9301203,1.325732,-0.85558385,-1.2974341,-1.2813472,0.27513856,-0.8690171,1.8534704,0.0984462,-0.7308716,0.29086828,1.4682708,1.3653812,-0.047226414,0.6637398,1.5973809,0.44591692,1.8064462,0.054745957,-0.6078058,-1.572734,-1.6358064,NA21103,GIH,2
-3.6819205,1.3282533,5.22441,-8.396809,-9.255687,-3.8849845,5.5993547,29.092989,-8.600173,-5.242135,0.2812066,-0.5110221,1.3071116,0.08113401,0.9850926,1.0802805,-0.33763444,-1.2832075,-2.2669826,-2.670707,2.0435874,-0.6456278,2.9365819,-1.376513,-0.31437984,1.1169952,-0.25893313,1.0924174,0.8336257,-3.9431882,1.7176989,0.5074268,-0.29923993,1.3116772,2.297823,2.0109193,0.07046213,0.34530702,0.041782808,0.4941988,-0.49760792,1.5308874,0.9479514,-2.2545404,-2.3066971,-0.9019074,2.072281,-0.2825935,0.33317113,2.3604786,NA20885,GIH,1
-2.8345988,1.0830382,6.318328,-8.647896,-10.226902,-3.1511095,5.0418777,28.62605,-7.6963434,-4.8877916,-1.2334784,-0.90673095,-0.79677755,0.744286,-1.911177,-0.13734561,0.90290505,-0.15127848,0.9705014,0.9640146,-2.4564543,-1.7214931,-0.52520645,-0.14544955,-0.3113533,-1.7242144,-0.74826443,0.9573802,0.57842267,0.54211414,0.29429948,1.1415077,1.5128967,-0.05714782,0.75461876,2.043236,0.33909035,0.5872971,0.5961646,-1.210135,0.0061934274,1.4876536,0.22700305,-1.4625775,-3.0914836,-0.49763384,-0.95088017,-1.9805673,-1.6611214,-0.92806745,NA21117,GIH,1
-2.804886,1.7463069,5.3385444,-8.317024,-10.0967045,-3.6790235,6.9637747,29.469582,-8.126449,-4.84826,0.073229246,0.13013819,1.837444,0.4562831,0.5796926,-0.7314566,-1.4418578,1.6062447,0.0018713871,-2.178085,-0.8530633,0.0108949095,0.4083551,-0.46559745,0.08806011,0.8951046,-0.8010638,-2.7181592,1.8095405,-1.0869135,0.47846928,-1.9645118,-0.35983264,0.41128156,-0.9052029,0.19955048,1.4330579,0.8932256,-2.0051227,-1.4291232,-1.0738761,0.46838772,0.76436204,-0.43584365,-0.5412981,1.1838307,0.5068772,-1.5206404,-0.72424793,-1.447253,NA20859,GIH,2
-2.0649457,1.3202462,4.4385467,-8.758808,-10.042571,-4.022733,5.0828815,28.126852,-7.431008,-4.588496,-0.65744084,0.39692262,0.113731675,-0.1753554,-2.4990094,0.8134668,1.098611,-0.9631751,-2.4940984,-0.394466,-0.6875079,0.91106266,-0.05197967,1.2830031,-1.3464233,3.3421404,0.7919115,1.4614235,-0.8787149,0.9547423,-1.0811243,1.2104698,-1.0340625,0.106873125,-1.1247845,0.44087708,-2.3261223,1.4769437,-1.0745149,1.0090833,-1.5420706,0.8570522,0.9062224,2.2327754,-0.97690153,2.470293,-0.17113641,1.2355186,-2.1532776,-0.35838988,NA20881,GIH,2
-1.8913921,0.6678037,4.9332047,-8.0317135,-10.025627,-3.892017,5.7414494,28.52912,-8.216417,-5.8696136,1.3448387,1.008804,-0.18956044,1.3405597,0.28112942,0.9631082,0.7588508,-0.1351536,0.46563676,-0.49044263,-0.10921467,0.036424413,-0.2206494,0.6050091,2.5285525,-0.71568197,2.9667823,0.46798453,-0.24455541,1.8540095,1.0837456,-1.2247834,-1.4501201,1.0034697,-0.9440978,0.7086187,2.8790104,-1.1426754,-0.11998051,0.34371844,-0.49842384,3.0241272,3.0529635,0.082622886,-2.1138928,0.011126964,0.10983224,-2.6930532,1.8691818,1.2742615,NA21095,GIH,1
-2.8739176,1.9567995,5.4929786,-9.01661,-9.638589,-4.5126553,4.8575015,28.454653,-8.593884,-3.9909775,-0.5426691,-1.1696483,-2.8546796,-1.4056697,1.8288971,-0.907533,-1.8137548,-0.21659163,0.9996414,0.32879573,-0.78971684,0.29604203,-1.4650158,-1.5617478,1.8678633,-0.44654274,0.2516597,0.20720556,-1.057246,-0.1678519,1.3003384,0.12506697,-0.60343856,2.5716918,-0.07391037,0.6814538,0.16718352,2.5377378,-0.85973173,0.27270496,-0.79234445,1.9987332,1.177287,-0.7816898,1.2475594,-0.6054204,-2.495676,-0.8956603,0.63593084,-3.2483146,NA21114,GIH,1
-2.4041562,1.8101074,4.801016,-8.254354,-9.257081,-4.060496,4.5375767,28.49961,-7.7803564,-4.5027947,-1.4195911,0.36684668,-0.42857298,-0.6718845,1.282188,-3.2698662,1.1130923,1.7389627,1.6066456,2.4572127,-3.2225966,0.08672697,-2.862414,0.36315107,-0.8425902,-1.937937,0.9906779,-1.6345462,1.3242369,1.4669434,3.3234313,0.41846052,1.1244289,1.8891374,0.47351173,-1.4606618,1.1446443,-0.7350315,2.870278,0.9997073,-0.01246167,-1.1606747,-2.8521905,2.621515,-2.6345952,-1.2238328,-0.6411126,-0.32619998,0.36102128,-1.2074033,NA21129,GIH,1
-3.8086486,1.2880719,6.1632237,-7.399815,-10.43914,-4.1409607,5.4386334,28.947823,-7.9452014,-4.5690026,1.4767127,1.0764427,0.72552514,-0.6714064,0.63545525,-1.6426661,0.020674206,-0.15604791,1.2301776,0.8287428,-0.7307248,0.4648243,-2.0234013,-1.3721666,-1.3085163,-1.0085335,-1.0633256,-2.2471895,-1.2648159,0.26000845,-1.6520236,0.18721004,1.533102,-1.5811207,-1.0757824,-3.4427512,-2.7999027,0.25847256,-0.2563534,1.7802602,-2.7142415,-0.7409029,-0.31139764,1.7617475,0.91312814,-2.7044652,-1.8341552,-2.660876,-0.16428708,-2.3731675,NA21134,GIH,1
-2.1232405,0.6908394,5.203197,-8.509821,-9.616689,-3.3475287,4.8260617,27.891312,-7.572353,-4.7346973,0.2086449,-1.0667431,0.9647988,-0.8188145,-0.35333723,0.27507982,1.0433537,-0.9897793,0.10208017,1.8777015,-3.6936147,1.0084642,1.0816196,-0.68879825,0.14784048,1.5311359,-0.049323574,0.34011564,0.68222433,2.0379188,0.3452394,-0.93917316,-1.0368328,-1.844435,1.4469453,-0.70565164,1.1672626,-0.6739362,-2.6439412,-0.26406533,0.9049676,-0.47417876,0.0066054338,-1.4393381,0.87347174,1.6989539,0.12403064,0.6684343,0.4037151,-0.32271492,NA20867,GIH,1
-2.9784312,1.7128222,5.72345,-8.597336,-10.567408,-3.3257875,6.5259433,30.318884,-7.5565753,-4.3573813,-0.35089716,-0.3739836,0.71970457,1.5424184,1.0729403,-0.37058797,-1.3214154,0.40904593,-0.19807865,1.3285549,-1.166863,-1.9688752,-0.2785691,-1.339919,-1.4189625,-0.55408424,-1.5983982,0.7333848,0.41255888,1.1186471,2.4670348,-0.18183134,0.8083914,-0.79753715,-2.382499,-1.6366713,1.0435503,1.9161988,1.6794306,1.1946337,-1.1117444,0.9514567,-0.28914857,1.5033735,-0.1986576,-3.8034313,-0.94802266,0.4095241,1.4513882,2.1746204,NA21131,GIH,1
-1.9025471,1.2866794,4.2404017,-8.409599,-9.271368,-4.6222014,5.8398075,28.629515,-8.237707,-4.9448476,-0.43589556,0.25747764,0.86669284,0.07619493,1.0363272,1.7156832,1.5368774,-0.7161057,-1.1412944,-0.205429,2.1835558,1.605962,1.8707336,0.85747564,1.501949,2.1515727,0.43008858,0.6025552,-0.72053915,-1.5864874,0.6798354,-2.464642,1.220787,0.35847986,-0.839359,-0.33303553,-0.34218448,-0.36492947,-1.5320854,0.60712343,-2.24232,2.3637211,2.4700506,-0.6465707,-0.013645138,0.50199085,0.3274122,-2.4163802,0.3353332,-0.7565538,NA20905,GIH,1
-1.9085784,0.82101655,5.5584984,-8.426858,-9.787467,-3.6661446,5.9048247,29.639416,-7.988516,-5.436607,-0.93880343,0.70458084,0.8804098,-0.3482365,-1.9154669,-0.0984003,-1.8961524,0.39658225,1.5166304,0.37982443,-1.3471252,-0.268484,-0.6713692,-0.058559924,0.8981504,-0.9378737,-1.7165098,1.0899637,0.5941704,0.077694796,-0.8614014,-0.50772846,0.42959076,-2.42261,-0.90856963,-1.2029345,0.20900878,1.7381717,0.7181862,-2.7281365,-0.024152445,-0.38203934,1.5902394,-0.54729855,-2.0502143,-0.03356226,-0.5799553,1.2353338,-4.004923,-0.5973584,NA21087,GIH,1
-2.0620182,0.71174043,5.7216115,-7.341161,-10.133009,-3.3862538,6.1408815,27.93096,-7.0722575,-5.3347845,-0.8430402,1.7417796,1.3696465,-0.3177451,1.3663011,0.3964649,-0.23075835,1.6639352,0.5880529,1.2919931,-2.5876892,2.4193728,-0.7256207,0.68166494,0.9866611,-1.6650239,0.5946085,-2.5712724,1.096429,1.4398699,0.2562588,0.06637102,1.87284,1.3718299,-1.2440326,-0.2971529,0.78399324,-1.9653691,-1.6619276,-0.95019716,0.30509135,0.6159936,-0.19559631,-2.8291166,2.0238276,0.6141994,-0.080769524,-1.7745314,1.312243,0.6799672,NA21093,GIH,1
-2.7561572,1.3135794,4.3739877,-8.518116,-10.628158,-3.2890065,6.047928,29.103289,-7.2548456,-3.5236187,1.0817592,-0.26954755,-0.089859314,-0.9156533,-0.5915172,-0.16449454,-0.77956927,-0.39356878,1.0599,1.1891706,-1.4287666,1.111516,-1.2792276,1.5650736,0.8904896,-0.9918652,0.25668707,-0.13611867,-1.4157873,0.80825293,-0.6908911,-0.37818423,-2.4855008,0.7923197,-0.7719551,-0.029794311,2.1409862,-1.2411095,-0.68366015,-1.175734,2.782746,0.67388904,1.9857588,-0.511153,0.90231633,1.6402531,2.9616416,-2.4688814,-0.42996818,-0.67561126,NA20863,GIH,1
-3.138829,1.6760236,5.931108,-8.772223,-9.904251,-2.2918792,5.4203386,29.937925,-9.167962,-5.4349246,0.4538924,-0.26998487,-0.5257481,0.630027,-0.57186604,0.4017498,0.22528955,2.111853,0.7216502,-0.302211,1.0148485,0.61221874,-0.45672026,-1.0308257,0.8038285,-0.33635724,-1.2656765,0.4319036,0.7812112,1.4293203,0.67851067,1.957811,-0.7042277,0.8437588,-1.3562852,-1.3057603,-0.33876503,2.553565,-0.48669803,-0.87856597,0.8519113,-1.483405,-0.41627237,0.03081905,2.4668348,-2.826077,0.6412921,0.74475056,-1.166936,0.40747076,NA21124,GIH,1
-3.511078,1.9188403,5.09752,-8.409793,-10.360624,-3.7024503,5.402155,29.898829,-9.071836,-5.2742276,0.24003753,-0.08043338,-0.3071706,-0.57732904,1.5947549,-0.61374474,0.18207844,0.19881348,-1.6059418,0.18241751,-0.5302708,0.14811602,0.49381432,-0.7507993,-0.90193874,-1.7356696,-0.9790212,-1.1133249,-0.7246974,-2.104599,-2.419075,1.0845207,-1.1941323,1.9149269,2.0784447,1.1859211,0.33134326,-0.67485994,-1.6520909,-2.101587,-0.6400384,-1.8587742,-2.2260408,-0.011034796,-0.013781858,-0.42195538,2.6861494,1.9442688,0.26396114,-1.1186599,NA21126,GIH,1
-2.12765,1.341817,5.3828545,-8.154359,-9.16132,-3.946222,4.9754343,28.880405,-8.237881,-5.8101,-0.8772806,0.050452095,-0.24214798,0.19161454,1.1462525,0.25636292,0.7031595,0.3214423,0.5956108,1.6106474,-1.3336207,-0.32533658,-3.111674,0.6912648,-1.4108279,-0.86378574,0.38620943,-0.45294484,-0.4033672,-0.5724407,-0.92647994,-0.83917063,0.662361,-0.21496724,-0.4850315,-1.3425633,1.4414748,-0.53090113,-0.4976798,-2.7761369,-0.54261845,-0.4641054,-0.45275107,-0.89929026,2.5678504,0.111418135,-2.0684907,0.6836312,2.6089702,-2.4066556,NA21132,GIH,1
-3.3226213,2.5445983,9.54814,-15.285025,25.063084,-14.940357,-8.701188,-1.2532884,-1.4838417,-2.668724,0.107896045,0.4323219,-0.1600963,-0.8481018,-0.07061303,-0.2312405,-2.773599,-1.7865522,-0.38718024,-0.9468271,1.0917683,-0.35918573,0.08480772,-0.85318124,0.776566,1.6938083,0.1202108,0.89809424,0.8966336,1.5020235,0.53325284,0.6875585,0.26894823,-1.0045825,0.31642443,-1.9515017,-0.17984574,-0.5772711,1.1070613,-0.2861013,0.62092227,-1.2836564,0.7853055,1.0896473,-1.5312047,-0.45914572,-1.5067564,2.858835,1.5695872,-0.8029863,NA18946,JPT,2
-1.9240186,3.559085,9.123741,-13.574847,25.230062,-15.726906,-8.9333935,-1.3562452,-2.0469983,-2.2449048,-1.0590959,0.59696525,-1.2037362,0.15377825,0.52986157,0.69715255,0.12610747,-0.75752246,-0.05941095,0.7868208,-1.4749113,0.24178296,1.1439499,0.44056666,-0.5192677,0.94440097,0.5488675,0.35355374,0.85632414,-0.44039112,0.30281094,1.612257,-0.9888276,1.2481211,0.88821244,0.6620601,-1.7926681,-0.50686723,0.50176615,-1.0109375,2.199843,-0.06904918,0.15160358,-2.0559819,2.979374,0.45856708,-0.89722466,-0.38747656,1.2754514,-0.7361641,NA18979,JPT,2
-3.0567849,1.5046822,8.844214,-15.522253,25.144855,-14.983408,-8.780415,-1.2664086,-1.3259708,-2.0490594,0.10564074,0.26658335,0.3934308,-0.78501153,-1.1288354,-0.22279416,0.42207462,1.0891749,0.75812185,-0.78000736,0.52078307,-0.18049768,-0.620804,1.0279145,0.7325325,0.2302541,-2.3692806,0.14082776,-1.261337,-0.91774243,0.107261464,0.6884742,0.5447582,0.8545447,2.2850387,-0.10252977,-1.17941,1.9889301,1.4252713,1.3178518,-1.1167433,1.5515431,-0.44004682,-1.0056424,1.55419,2.152408,0.4954918,-0.5776391,0.30752903,-0.8850643,NA19058,JPT,1
-1.9369342,1.71525,8.793564,-13.171809,24.870018,-14.607705,-7.809594,-1.6499645,-1.4255674,-2.6003358,0.6305123,0.35487714,1.9715676,-0.90290165,1.5516193,1.1359615,0.62045115,-0.11145169,-0.47719657,-0.21782441,-1.0583472,1.1997285,1.1132194,0.28203318,-0.9691736,1.7681947,-0.95644045,1.3753197,3.490938,-0.011529129,1.6318126,2.5007436,0.7183181,-0.8961905,1.3386952,0.049682844,1.0592935,0.4755335,-1.2334132,0.15465434,-3.141606,-1.3087234,-0.43019772,1.7007306,0.00094884576,0.8226336,-0.060460147,-0.27026194,-2.7750046,-1.4194406,NA18993,JPT,2
-2.864424,2.4575946,9.184849,-13.620654,25.368032,-15.456822,-8.166889,-0.7824319,-2.1601355,-2.857162,0.6084386,0.50258994,1.0193095,0.55290574,0.35463324,-0.84791434,-1.5621228,0.19884963,0.3520096,-1.0602576,0.06379617,0.12640491,0.21699141,0.9609539,0.43380037,-0.26551086,0.24374343,-0.5804808,0.36990786,1.0796045,0.7075528,0.58874136,0.47414833,-0.96293694,2.63892,0.15908743,-0.20506257,0.3386179,-0.50493187,-1.7991358,0.59425557,-2.203755,1.063375,-0.23409306,1.638706,1.7779917,1.0128609,-2.5693693,1.1214634,-0.8157268,NA19060,JPT,1
-2.5256224,2.4869263,9.651301,-13.832766,25.738659,-15.60085,-8.988899,-1.4875773,-1.7501447,-3.1198044,-0.45376965,0.41820315,0.34603843,-0.20012234,1.7466836,0.09681517,0.06644289,0.90186924,-0.40658453,0.6109727,-2.5561578,-0.25014052,0.78320485,0.36023962,0.039112255,1.0235218,1.8820713,-1.0228866,0.646766,0.8119042,-0.58134335,0.5685225,1.2490668,1.5241754,1.393991,1.4697757,-0.41355526,1.8014879,2.1750996,-1.3806354,-1.063203,-0.80876875,1.1125559,0.79778403,0.29725057,0.40131247,3.5718164,0.34967354,2.609198,0.50667053,NA19062,JPT,1
-3.8460417,1.8049936,9.746654,-13.655656,25.202282,-15.429939,-8.545175,-0.6639893,-2.0276852,-1.5177019,0.4817176,0.5284984,1.8278211,-0.38803807,0.22778445,-0.29930067,-1.518653,0.89373654,0.17734349,1.4553852,-1.6597245,-1.0854121,0.1517463,-1.2857231,-1.056001,1.676854,1.0693816,0.86062384,-0.86598647,-2.1274548,-0.5509139,1.442502,0.5392649,-0.50722504,-0.46085045,1.4989864,-0.58332956,0.15048027,-0.50343573,-0.323046,1.6197095,0.9927996,-1.7638316,0.50084573,-0.6931477,0.9194594,0.8319686,-0.7099743,-0.721832,0.0639676,NA18955,JPT,1
-2.7636058,2.7298372,9.328336,-15.4139595,25.473198,-15.384999,-9.149658,-1.1629264,-1.9301231,-2.815422,-0.748775,0.25776732,-0.0835808,0.8161617,-0.8553405,-0.31159443,-1.2567874,0.9563185,0.7942952,0.14977315,0.7535333,-0.02750107,0.23236407,-1.8758732,-2.2126448,-1.2100823,0.49467605,-1.1243988,1.713254,-1.4756011,0.090992756,0.05458316,-0.38984242,-0.25977892,-0.16553123,0.931341,0.2099742,-0.3788508,0.7252206,0.328712,1.9886419,-0.8435938,1.2002548,-0.65033334,1.1356397,0.67454284,-1.5755237,0.7223331,0.06495338,0.2720284,NA18962,JPT,1
-2.7334926,1.8523159,9.308526,-14.7436,24.942558,-15.504233,-7.37686,-1.1935968,-2.3917396,-2.7301135,0.550219,-0.46694505,-0.4625945,-0.57805264,0.05992906,-0.099290624,0.42973477,0.31202322,-1.0300405,-0.44553655,-0.10320075,-1.4211376,1.4733572,-2.1848788,0.6737883,-0.4075664,-0.18429618,-0.73516434,-0.70206773,-1.5580742,-0.76312244,-2.337075,-0.44513664,-0.37116736,-0.2174972,0.010966109,1.3256732,-1.4413797,-0.73036784,0.35806602,1.7782084,0.7740768,-1.1156005,0.65006673,-1.0528597,-0.119863376,-2.3020477,-2.2557015,-1.350236,1.5326165,NA18977,JPT,1
-2.5348887,2.7077682,8.897038,-14.155112,25.03647,-13.65269,-8.650098,-1.4480463,-1.7564257,-4.0890756,0.8215443,0.40788588,-0.58135325,0.82216114,0.28619352,-0.13118675,1.4896166,0.9281275,-0.11247912,-0.17622937,-0.8189428,1.9721254,0.12141136,2.082833,1.5747494,0.2479211,0.6887518,1.2715209,1.0773613,-0.8572034,-0.13719581,-0.045826122,-0.71796066,-0.38136813,-0.14425561,-0.07988845,-1.0889951,-1.624372,-0.5935202,1.2575548,-1.6042871,-0.63975596,2.3168705,-0.36875015,-0.4621019,-1.040594,0.869847,-1.0746472,1.0319047,0.29188916,NA18954,JPT,2
-2.2566679,1.3239238,9.191791,-14.19094,24.874954,-15.965644,-8.802124,-1.7632933,-1.6376332,-3.190288,0.85605454,-0.0907144,-0.4278732,1.1118435,-0.037011262,0.3301355,0.28430083,0.15195468,0.076648474,-0.72181827,0.42622647,0.8366947,0.4845686,0.8804202,0.16038057,-0.17737119,-0.063686304,-0.8268133,0.30246168,1.0854977,-1.0201844,1.2000344,-0.60820454,0.6183777,-1.8893377,-0.2756655,1.2994599,0.9436626,1.0605599,1.1858382,0.04301351,1.584448,0.56402206,0.16090831,-1.4653928,-2.2954693,-0.34488383,1.3912053,0.21602185,0.035012837,NA19066,JPT,1
-2.7286053,2.9658895,9.401458,-12.826821,24.841818,-14.306482,-9.27555,-0.25957906,-1.9609649,-2.6711147,0.9048943,-0.4713455,-0.5901599,-0.6028644,-1.92549,-0.14183368,0.07421822,0.03064203,-0.8179016,1.2004371,-0.34047163,0.24554552,1.4562414,0.091088,1.3497089,1.1026288,-0.70333606,-0.81846863,-1.3452761,0.91750646,-1.5468037,0.31121442,0.516715,-0.5458088,2.5343862,0.09023043,-0.12807547,1.6064409,-3.3374348,0.18512091,-0.74543476,0.017615575,-0.5786561,0.38037947,1.5754825,0.29093477,-0.35378942,0.78262585,-1.3072668,-0.49877748,NA19010,JPT,2
-2.5157213,3.0841005,10.596638,-13.780969,25.568987,-14.104796,-9.317937,-1.6849008,-2.575164,-2.7369506,-0.48269585,0.5208883,-0.28997573,2.0010834,-0.58697027,0.5452657,0.83128625,0.3109257,0.024368342,-0.059257593,-0.8391435,0.21396302,0.43545705,-2.5651028,-0.8433135,-0.77804124,0.59391224,-0.2778655,0.80808425,0.04483122,-0.8950556,-1.1869662,0.43453488,-0.3167893,0.92902756,-2.023757,-0.5224012,1.0725172,1.1717186,-1.4704186,0.81800354,0.78779763,-0.93255913,-2.2316108,0.7424976,0.35610214,-0.9688366,0.9376395,1.6019175,0.039763737,NA19054,JPT,2
-2.1123664,2.2694113,9.3331995,-13.589927,24.627005,-14.247385,-8.326782,-2.246379,-1.8814877,-2.4223309,0.22501808,-0.2708448,0.37432536,-0.17555262,0.3146444,1.0119998,0.17777713,0.56010157,-0.90612984,-0.6752818,0.8005213,-0.2674281,-1.5214918,0.27040908,0.08970903,-0.2469604,0.56167763,-0.9226587,1.6009115,1.787401,-0.84473014,-2.5127637,-0.9627318,-0.05284322,-0.049038377,1.7105151,1.5116389,0.3559427,-2.6001184,-0.088138275,-0.30676547,2.8699167,-1.8190641,0.49335596,-0.5792178,-0.17798638,0.57523304,-0.9617606,-1.0911891,-2.3735542,NA19064,JPT,2
-3.110678,2.29429,9.501628,-14.767315,25.04678,-15.013987,-8.249901,-1.6401094,-2.7286906,-3.33444,0.7654286,0.9920412,0.7893664,1.0642263,-1.5987818,0.1968288,-0.011741354,-0.40555158,0.1530962,-0.45802343,0.17018357,1.7002605,-0.19602688,-0.1101036,3.083977,0.85961103,1.1045982,0.92358786,-0.17181669,0.18083198,1.1129992,0.97775316,-0.9726229,0.96420616,0.6837811,0.27074054,-0.16114795,-1.6722001,-0.72511196,2.1152287,-0.36531657,-0.41466466,-0.4866765,0.8173211,-0.11294138,-0.64336485,0.891023,-0.8920555,1.9057891,-0.9009692,NA19072,JPT,1
-2.3327584,2.0434697,8.740483,-13.301608,25.306734,-15.079187,-8.48262,-1.1639249,-2.688345,-2.0797617,0.29907215,0.0986693,-0.3664712,0.3277006,-0.7011573,0.50660807,0.09973285,0.24368322,-0.529979,0.34953493,-2.0392168,1.6466779,1.2954683,1.5668029,2.3138075,-0.28444025,-1.0955757,-0.010041086,1.5547351,0.5374548,0.27425668,1.0927867,1.0889164,-1.6399175,0.6668529,-1.1048104,0.4565097,0.18231404,2.6668882,-0.88525116,1.2518224,1.0195057,-0.26903063,0.3131374,-0.63805956,0.98724556,0.89980555,-0.9304738,-0.90929323,2.697029,NA19075,JPT,1
-2.7572026,2.1524503,9.844466,-13.269378,25.010712,-14.32364,-9.034509,-0.934815,-2.254242,-2.6592672,1.1003255,0.03108078,-0.34416556,-0.165212,0.18608516,-0.90220535,2.0409036,-0.9833617,0.1839297,0.39346218,1.5415169,-1.0498425,0.08431109,-0.34500417,-0.04862756,0.5537673,-2.363712,1.1147044,-0.19228382,1.5526693,0.46184567,0.52535,-1.4769249,-0.9212607,-0.7595743,1.8355482,-1.3886228,0.5961734,0.581929,2.431553,-3.1441112,0.8252963,0.7045255,0.104147784,-0.7040924,-1.0100209,-0.34953997,0.7105699,0.79856527,-0.35685378,NA19065,JPT,2
-3.2626712,1.7427328,9.357122,-14.218598,24.812971,-15.836316,-7.7229805,-0.6864951,-3.2049913,-2.8528533,0.99798846,-0.80435765,1.1810782,0.91125304,1.2930584,0.8028878,-0.49651423,1.2234809,-2.5932148,1.5540531,1.2520496,-0.38931975,-0.31000754,0.43374795,1.0002996,1.3599446,0.49549747,0.6962196,0.7939348,2.206069,-0.9729715,0.79905343,-0.7543207,0.06769982,-1.7452193,1.6262778,1.2862444,-1.8994068,1.1473625,0.724257,0.48615494,-1.4709256,-0.95303637,-1.4926795,0.64106095,-0.9986109,-1.1285566,-1.0092878,-1.9318699,-0.99277896,NA19074,JPT,2
-1.718229,1.2559264,8.556667,-13.1884775,25.035957,-14.904048,-9.55992,-1.4971875,-2.3989377,-2.7286494,0.19387645,0.37645024,-0.31416342,-0.6321356,-0.31954196,-0.23280531,-0.75167966,0.7736441,0.4284965,1.299386,0.20868772,-0.5042042,1.0299945,0.7435937,-0.06246886,-0.9107912,-1.321405,-0.47771063,-0.6873806,-1.2361313,-0.5793068,0.1617997,-1.8802538,0.44054505,1.1320745,-0.32050553,1.942534,1.6135534,2.0461433,0.09343954,-0.5501101,-0.27191758,1.3302995,-1.5452609,1.0858939,-0.18028635,0.461685,1.2227411,1.9583136,1.0159231,NA19076,JPT,1
-2.5905774,2.856645,9.935698,-13.095474,25.18907,-15.931777,-8.545161,-0.9274818,-2.360621,-2.6810145,-1.0007524,1.2319201,0.9982525,-0.16677709,1.4533283,-0.002010776,-0.35643715,0.66983813,-1.2415601,-1.6466955,2.0965223,0.98146504,1.0725511,-0.01609201,0.87520903,-0.2214531,0.49445635,0.26880848,-0.1679622,0.43426883,-0.78045964,-1.198991,-0.9910635,1.434984,2.1643484,-0.60734224,-0.12849793,2.6170707,1.5474144,1.7058545,1.3469596,-0.6699149,1.3192383,-0.37072623,-1.8967319,1.3377104,0.77713186,-0.038693424,-0.6202108,1.1433595,NA19063,JPT,1
-2.3681405,2.2477453,9.999344,-14.519827,24.106512,-14.714065,-7.713427,-1.5534998,-2.0570595,-2.7900214,-0.7913525,-1.2558069,0.070093125,-0.85766554,0.30037776,0.1720179,-0.31568527,-0.43976226,-1.3810916,-0.5284743,0.94531614,0.38090926,0.9369917,0.54622644,0.6791339,-0.18597287,-0.76815945,-0.03999917,-1.052842,0.5579167,0.8225455,0.3424246,1.319447,-0.77491623,-0.29120743,0.20421128,0.1977838,-0.6064781,-1.013931,-0.038954787,0.5710024,0.057012256,-0.16420211,-1.9204237,0.71134514,-0.7751073,-0.8451566,1.0311744,-1.8670412,1.9708197,NA19002,JPT,2
-3.7489862,3.202263,9.697,-14.607337,25.429245,-15.670726,-8.277658,-1.0465896,-2.1792438,-3.2920501,-0.28643504,-0.046870675,-0.33884996,-0.28277913,-0.17526418,-0.032274075,1.275232,-0.96675766,-0.81056106,-0.77417755,0.2158736,0.5877941,1.2567977,0.6588211,0.023712104,0.5802076,-1.3599554,0.08628299,-0.48524222,-1.1946541,-0.34153566,-0.39634335,1.1145443,-0.40492845,-1.2322111,-2.4449208,-0.94205534,2.1663015,-0.049656037,-0.70603853,0.70260054,-0.534953,0.7595033,0.022051932,0.118988045,-1.8155936,-1.4230005,0.5433122,0.11547848,0.8504245,NA19067,JPT,1
-1.4769076,2.853999,8.556058,-14.292359,25.012634,-14.695735,-8.50156,-1.8902571,-1.7098662,-2.4857972,-0.96793026,0.9799653,1.9755087,0.7938855,1.094186,0.71554846,0.07716217,-0.9547606,0.19513759,-0.66979146,0.8141013,0.32774562,-0.919998,1.5420306,1.152147,-0.740745,-0.06577265,-1.9602044,2.1286328,0.72809386,-2.5749772,0.09641677,-0.40497938,0.28888062,1.0857607,-1.9305283,0.97257495,0.52097267,-1.3893527,-0.034736797,0.08264991,-0.6074052,2.1294615,0.2653523,1.5085759,-0.8992723,-0.35389614,-1.613201,1.6491313,-0.95903754,NA19057,JPT,2
-1.9839702,2.3551915,9.769989,-14.4829645,25.322222,-14.854987,-8.993477,-1.5209963,-3.4373453,-3.320424,0.937545,0.60849905,1.7008866,-0.36130276,0.76417637,-0.5016701,0.7104957,0.59200776,0.54758555,-0.22987697,-0.0024183586,0.2163404,0.34332207,-0.91121614,0.16348846,0.2711706,1.163154,-1.6780971,-0.37483037,-1.329933,1.1128515,-2.0198615,0.4652121,-1.8462228,0.33709586,0.097149625,1.1296488,-0.86939985,-1.2123021,-1.1061509,-0.49508795,-0.4482931,0.73992574,-0.6371635,0.5380131,-0.74662524,-0.2873518,-0.44521728,0.9516202,-1.0437186,NA19068,JPT,1
-3.0884426,1.2466471,10.459787,-14.356864,24.663052,-14.393318,-8.627677,-1.6253524,-2.1390553,-2.033542,-0.4017713,0.43392822,-0.2770498,-1.0305043,-0.37571087,1.4980321,1.6505764,0.640958,0.37021232,-0.7807732,1.3334731,-0.36998537,-0.8575093,0.03345206,0.9271214,-0.9442173,-2.0949228,-0.43034527,3.4893956,-0.014169241,-2.7398846,-1.2309253,-0.3002263,0.05815605,2.00516,-0.23599462,1.2916614,-3.1807427,0.009396684,0.9152653,-0.6140825,0.37003377,-1.5434349,0.6040601,1.6883397,0.77255046,-0.5304793,-0.9416875,-1.0117034,-0.618528,NA19059,JPT,2
-1.6467149,2.6861737,10.248761,-13.810829,25.202986,-15.862882,-8.757015,-1.0037358,-1.736692,-2.0712442,0.11565034,-0.1862062,-0.035560913,-1.134248,-0.62914044,-0.77143914,0.015175046,-0.83425426,-0.4457634,0.44041726,-0.07172321,-0.68672955,0.42911652,0.34840336,0.92502326,-1.0039996,-0.2864214,0.5222993,-0.48851013,1.1132513,0.7181496,0.17538992,1.5042387,-0.3363439,-2.28252,-0.38163272,-1.3437892,-0.23199162,-1.1154847,-1.4456974,0.38068438,-2.322782,-0.39765573,-2.0912142,-0.022871964,0.24283874,0.11232453,1.4395431,-2.0106404,0.932046,NA19070,JPT,1
-2.569236,1.684629,9.911948,-14.530347,24.578003,-15.114024,-8.683692,-1.4922937,-1.556236,-3.7053142,-0.25791195,1.2032423,1.2774665,-0.13350706,-1.0671773,0.19697261,-0.30951416,0.859203,-0.123764366,0.353262,1.5081441,-0.5410184,0.3168424,0.5890786,-0.17794436,-0.106087364,2.0164626,-1.2494278,-0.7597445,-1.0225124,0.45687926,1.1278224,-0.28409863,-1.1138301,2.237422,-0.45847273,-0.81336373,-0.48846006,-1.6906055,1.4676244,1.2570429,0.8009879,1.5241201,-0.7528308,2.3386955,2.1282206,1.3528773,1.6767385,-0.2020603,2.2701197,NA19077,JPT,2
-3.4981089,1.9114355,9.322854,-14.638749,24.786497,-14.527491,-9.204158,-1.5521531,-2.8847752,-2.2793734,-0.13969593,-1.7313852,-0.21438934,-0.011573394,0.086436205,0.41805682,-1.2767334,-0.22215472,1.027162,-0.17837423,0.8288938,-1.8184329,1.6486139,0.022506716,-0.4980503,0.5586795,1.6279919,0.3549188,-1.8880122,1.1102176,0.10544164,-2.1104393,-1.6418184,0.9022392,-0.31272015,0.26491845,-2.1505187,0.9209866,-0.1967123,-0.19342151,1.021066,-0.46242505,-0.22656775,0.19055082,-0.9569858,0.28306413,0.25718686,-0.9520466,-1.396468,1.0608269,NA19078,JPT,2
-3.0155566,2.105844,9.348626,-13.05933,25.424524,-13.960521,-8.255207,-0.68189687,-2.9791036,-3.9405155,-0.7861728,-0.21684526,0.14803663,-0.2868425,0.28312954,-0.26345196,-0.39905015,0.086609825,0.516918,-1.6359109,-0.21412194,0.122537136,0.5206147,-1.533867,0.6195531,-0.33074972,0.91554177,-0.73757035,0.56774104,0.7193434,-2.7621915,-0.40236253,0.071760714,-2.7065084,0.0963246,0.63330823,-0.050092038,0.023482604,0.9954378,-0.13642697,0.73110056,-0.87031347,-0.19779013,0.40121377,0.58374125,0.4734983,-0.14673989,1.5515103,-1.08225,0.3121187,NA19079,JPT,1
-2.1311517,1.9697974,9.184991,-15.147496,24.004635,-15.679168,-8.615953,-1.2946645,-1.5982726,-2.977249,-0.6070907,0.92012346,-0.68611217,-0.08261469,-0.82022554,0.8432421,-1.8808386,-1.0369312,-0.07947685,0.35663956,-0.8496804,-0.2900609,-0.8093431,0.058445573,0.34420973,-0.14355679,1.9068716,0.45240352,-2.3516517,1.4417136,0.801645,-1.8431407,-0.55104494,1.4131826,-0.6083653,-0.45907012,-1.4896948,-0.6918934,0.79303414,1.1494236,-1.1509649,1.6667795,-0.031222057,-1.1134888,-1.1930096,-1.6132932,0.1460683,1.3560402,-0.5055931,0.62930423,NA19080,JPT,2
-2.7217948,2.1173253,10.082685,-14.390951,24.500443,-14.766464,-8.433684,-1.136822,-2.1061523,-3.0964675,-0.6791882,-0.3959804,-1.1963215,-0.16533312,-0.4336279,-0.84294146,1.6637568,0.11295461,0.17172486,0.60073215,0.2235032,0.2605166,-0.89969325,0.12993412,-1.4119182,-0.7113102,-0.10614247,1.5970209,-1.0632663,-1.8285499,0.29345533,-0.44135475,-0.9377417,2.021959,-0.37037373,0.29771224,2.0687087,1.3491482,-0.9376987,0.37239966,-0.67323875,1.3491732,-0.8212096,0.85768133,-1.2910575,0.15550761,0.89100856,-0.03447666,0.41363546,-1.8593663,NA19081,JPT,2
-1.9706526,0.99365234,9.0314665,-13.739083,24.682577,-14.932834,-9.036658,-0.69550675,-2.3877623,-2.8045692,1.8821968,-1.1148335,-1.0621419,-0.44560072,-1.1137555,0.5340938,-0.2746646,-0.13975523,-1.6460552,-0.16597113,-1.0427172,1.4449488,-0.59743387,-0.7957455,1.0158244,0.8508692,-0.8720399,0.13600253,0.88105273,1.8758011,1.5823303,0.82692236,-0.23203585,-0.24044372,-0.807013,-2.5552063,-0.8539884,1.6109939,0.8988047,-0.5910452,0.06565451,1.0783123,0.5616508,-0.44705182,-0.4481702,1.1973877,-0.47294828,3.0412142,0.23059791,0.6960132,NA19083,JPT,1
-2.3257508,0.8405602,10.208204,-15.1243925,24.433603,-15.00061,-8.254266,-1.5638793,-2.623546,-2.4446065,-0.16947791,-0.58946013,-0.5842312,0.29280588,-0.6627089,-1.0815909,-1.1593095,-0.41558942,0.76162624,0.7090935,-1.0030601,0.13741435,-1.3278506,-0.19697621,1.2710754,-0.76667106,-1.3994598,0.7055951,0.038903818,-1.6245594,0.4474942,-1.2079661,-0.4242287,0.7881887,-1.3590424,1.9488229,1.4305332,1.7879604,0.021777166,0.013518443,-1.2472818,1.417575,-0.15136205,0.994506,1.458009,-0.43914196,0.19894321,0.07182972,0.4871533,0.79789925,NA19085,JPT,1
-3.216763,1.4695394,8.16612,-13.428851,23.490398,-14.349225,-8.365421,-1.7098103,-1.2838595,-3.108766,-0.5996373,-0.67679054,1.7060109,5.7693374e-05,1.5077764,-0.3684868,0.58678806,-0.46406326,1.3034419,0.546266,-0.94472283,-0.15988746,-0.3271605,0.03295625,0.3170633,1.3555669,-0.058168992,0.14363067,-0.89460295,1.7409682,0.1201342,0.1302966,1.8908502,0.86765176,-1.5676637,0.81887513,-1.169408,0.22602674,-0.12951113,0.06791892,0.7423703,-0.64871705,0.1925132,0.4660994,-1.0870656,0.9492125,0.91315097,-1.7320126,-0.6410128,0.25521833,NA19084,JPT,2
-1.6862817,1.4638709,8.278331,-14.188446,25.875387,-15.745366,-9.069421,-1.3170745,-2.063557,-2.7267265,-1.1268481,-0.14948836,0.005826993,-0.37867868,0.21616049,-0.32513937,0.85780084,0.09531612,0.29796758,0.74344486,1.175437,-0.80109787,-0.39172503,1.0733769,0.17296574,-1.8099853,-0.51299804,0.516743,1.8028055,0.60549307,-1.0784619,0.08908138,0.20728937,0.91727674,0.69316787,-0.7015566,1.4617116,0.64989877,0.15802363,0.3188656,-0.5104086,0.22779931,0.55458087,1.8184342,-2.7635317,-1.3725629,0.074818484,-2.2582252,0.9763087,1.2932554,NA19086,JPT,1
-0.97173357,2.0820599,9.4188,-13.301138,25.038486,-15.659458,-8.218264,-0.24111216,-1.1408904,-3.0070033,0.45732558,-1.0917515,-1.282487,0.35210815,-0.50618947,-0.75580657,-0.45168167,0.4614102,-0.08606782,0.5304342,0.6403599,-0.6077843,-1.5801271,1.4996223,0.35284266,-0.6482702,-1.2026294,-0.35831872,-1.4399788,-1.3126715,0.041752584,0.68682134,0.82771826,2.3497596,0.52019626,-0.45499873,-0.8333942,0.22036575,0.5555773,-1.1142864,-1.6381792,-0.87710285,-1.5946004,2.1134207,-0.3392866,-0.5786766,-0.40380502,0.056516584,1.0799407,-0.5416809,NA18939,JPT,2
-1.9802299,2.7718928,9.149357,-14.226015,25.687035,-15.262068,-8.1728945,-0.94864446,-2.923165,-3.4318783,-0.35919887,2.6189103,0.30139554,0.123376,0.29389665,0.92055583,1.5407823,0.17134067,0.14135303,1.1165379,2.2306004,0.30863997,0.37817442,-0.22782578,-1.2563641,-0.18327898,1.3328947,0.9074853,-1.1995475,0.581316,0.020113863,0.1392133,-1.6081728,0.5844626,-2.2902107,-1.716956,0.22625719,-1.9063151,0.53974843,0.049071565,0.7090306,-1.3574038,0.3995785,-0.6454272,0.5814422,-0.8799134,0.0019130762,-0.53480554,0.2895921,0.24579398,NA19088,JPT,1
-2.7916183,1.5620551,8.758794,-13.550975,24.537933,-14.738014,-8.001673,-1.8012612,-2.1465719,-2.4434605,0.3195278,1.0850633,-0.13889092,-0.19660805,-0.6617387,1.8651966,-0.12676702,-0.19037078,-0.87454724,-0.16906479,1.0865165,1.5511123,-0.8651807,1.9154664,-2.6763186,-1.3990285,0.2176846,-0.13772357,1.6719683,1.7858658,0.30244642,0.6102293,1.6049852,0.3304764,-0.4318431,-1.0766212,-0.227415,0.5223169,0.645896,-1.5648073,3.4413183,0.13802958,-0.4393126,0.3260297,0.4526176,-0.10513865,-0.9735653,0.7486597,0.0064109587,0.729447,NA19087,JPT,2
-2.8242128,2.401743,8.915334,-13.821683,26.082422,-15.497666,-9.892268,-1.242693,-2.543081,-3.255417,-0.107394114,-0.19617012,-0.32315832,-1.0695581,1.3293853,-0.61468995,0.9131815,0.7360469,0.70001596,-1.6611925,-0.292331,-0.9284417,-0.6837245,0.23709702,0.35386887,-1.1950237,0.10623826,-1.408702,1.6512537,-0.97419846,1.2754273,-2.5084786,-1.4810343,0.2564312,0.9420443,0.62913007,-0.30669954,0.96367055,-0.7547299,-0.40754607,-1.0906833,0.22538012,-2.5162656,0.10876678,1.615835,-0.273968,0.61253893,1.104299,2.074626,0.10831554,NA19055,JPT,1
-3.0266778,0.87122035,9.748159,-14.393844,25.19891,-15.037022,-8.095057,-0.5028701,-1.8029108,-2.8881764,0.07773767,-1.9381479,-0.8013858,-0.21697316,-1.5380007,-0.15421808,-0.023594059,0.12281764,-0.8252792,0.17612913,-0.15422285,2.3550434,0.5082063,-2.3661954,-1.0602343,-0.88730276,-0.39131853,1.6582955,-0.939499,-1.2400191,1.2935024,-1.3012792,-0.51758796,0.5273818,0.282841,0.9447626,0.4931965,2.025094,-0.23383188,-0.7468214,-0.69462216,0.44857413,0.49669522,-0.3676394,-2.0396168,-1.3864182,-0.544903,0.99810284,-2.5703912,0.27240825,NA18957,JPT,2
-3.0053012,1.7912241,9.701503,-13.1383,24.907574,-14.764524,-8.92666,-1.0040889,-2.5027654,-2.8462474,-0.37235793,0.06757342,0.3794388,0.22518335,-0.08047153,-0.61826134,1.1032517,-1.0166746,-1.3201517,-1.154118,0.6589194,0.05637367,-0.6027175,1.9571892,-2.0566823,0.71675277,-1.2107201,1.1563761,-0.9022676,-0.5934981,-0.065242484,0.7940353,-1.0438112,1.7530515,1.0477779,1.5780737,-1.8261044,1.2470955,-0.9213223,1.6495297,-1.3766757,-0.74164003,0.37487042,0.4599191,1.5029703,-0.71496534,-0.1836783,-1.2891232,0.40819207,-0.78720945,NA18963,JPT,2
-3.407041,1.0470695,9.062833,-14.518592,25.169102,-15.85067,-8.507414,-1.24892,-2.1753006,-1.8191942,0.30809453,0.16314687,0.4426438,0.83130264,0.44500753,-1.2122921,0.8501066,0.52004653,-0.5000205,-0.28396967,-0.75496286,-0.10530402,0.6346246,0.17294246,-0.62606275,-0.5727021,0.04459707,-0.16172352,-0.5110063,0.7538495,-0.24738464,-0.27288485,0.75773686,-1.8186655,-2.3657525,0.411606,0.74135756,-0.21283272,0.9554418,-0.06890985,2.1226525,-0.7827856,1.3002769,-0.39325637,1.0330285,1.4728305,0.00078186946,-0.147252,2.4525476,0.21423078,NA19001,JPT,2
-2.2273893,1.7462243,9.647781,-14.077486,26.488976,-15.963764,-8.54762,-1.2921615,-2.7513664,-2.6768217,-0.4628381,0.58670545,-0.6315665,-0.2622974,1.4716767,-0.9388117,-0.7765258,-0.48196012,-0.18049043,-0.5116207,1.2431232,-0.13705222,0.3279714,-0.5410891,1.1024444,1.0479599,-0.118230715,-1.8625326,0.7917437,-0.660604,-0.40797833,-0.61783934,-2.622008,0.0049599437,2.298582,0.9444869,-0.5023058,-1.7671,0.4919019,2.055376,-2.249324,-0.022982253,-1.6206445,0.038726225,-0.8913396,-0.73929244,0.41528732,-0.10968579,-1.055995,-1.1578157,NA19009,JPT,1
-3.6407695,2.489712,9.437648,-12.710564,24.695526,-15.2670145,-9.042989,-0.14829823,-1.9465065,-3.1055422,-0.47590455,0.4570473,-0.81632125,0.6700178,0.33187348,-1.8513467,0.6966794,0.08740775,1.3470739,0.61673033,0.07846028,0.3226732,0.41070154,0.48315346,0.14729735,-1.7626082,-0.7957746,0.020265633,1.2567114,0.49236888,1.4390936,-0.16917904,-0.42142087,-1.7444396,-1.9159834,0.0019867916,0.7492757,-0.7623559,0.38142812,-1.0576434,1.3298551,-1.7433234,0.74724096,-2.22256,-1.4805473,0.004837786,-1.2331566,-1.810458,0.08042026,1.8604443,NA19056,JPT,1
-2.0851126,1.8201383,9.405422,-14.208901,24.809988,-14.837882,-8.490897,-1.2649496,-1.57717,-1.7515126,0.7096755,0.32143486,0.8338157,0.9907989,-0.5023709,0.07117568,-1.2060478,0.23660773,0.23744412,-0.2621954,-0.16288367,-1.9952263,0.9716539,1.3946881,-0.9746977,0.69779265,-0.14825839,1.1259484,-1.2488086,0.41499123,0.08780442,1.3659897,0.13032775,-0.7315883,-0.055368267,1.6918094,2.6596837,-0.41729787,-1.3336161,-1.1667147,1.2463254,0.45319286,0.95134413,-0.4835238,-0.014596347,0.67037535,0.41342598,1.1576712,-0.20286565,-0.7364384,NA18942,JPT,2
-2.098289,2.6526237,8.728188,-13.888558,24.8326,-14.250479,-8.906714,0.23401555,-1.6647967,-3.5188365,-1.3152303,-0.88259125,-0.63962144,-0.92028534,-0.3359945,-0.68426293,-0.8386081,-0.39191228,1.9379606,-0.26745275,-0.3835883,1.0622371,-0.39309353,0.8844626,1.2907622,-0.89074457,-0.8215644,1.7418382,2.5279367,0.45401374,0.593866,-1.7783802,0.8842277,-0.74690473,3.5278227,-2.1628735,1.1086646,1.9443419,-0.24508597,-1.8656911,-1.262329,0.36494365,0.6345481,-0.33201027,1.5872666,1.651093,1.6201503,-0.41695,1.3307959,-0.008636073,NA18949,JPT,2
-3.6667917,2.6171327,10.397402,-13.684526,24.656805,-15.238934,-8.66802,-1.6507394,-1.9932908,-3.1613424,-0.838335,-1.527588,1.1542727,0.4408077,-0.42432612,-2.2071064,1.5662106,-1.2959545,0.57590353,-1.4964753,0.78033555,0.9014359,1.2489045,0.81374484,1.5240101,-0.60378903,-0.042426623,-1.2391392,0.72769725,1.3729974,0.52278465,-2.8759532,0.66262287,-1.595105,1.4278735,0.04691625,-1.3463237,-0.8432705,0.8850415,1.4666567,-0.22232994,-0.8816699,1.3127196,0.25536752,-0.69004124,1.1708004,0.23267376,-2.9751844,1.6408048,-0.87159634,NA18970,JPT,1
-3.3799002,2.2492676,8.803941,-13.726921,25.181433,-14.036908,-8.889963,-1.9876822,-1.2163147,-1.9656173,-0.30042997,0.114468925,-0.6771996,3.0288162,0.7397016,0.15003243,-0.07415282,-1.0677826,-0.8060266,0.45247495,-0.014781094,-0.84439784,0.67975926,0.013626782,-1.2690381,-1.9791467,-1.2404706,0.6297869,0.3466534,-1.6296504,-0.42027143,-0.42467743,2.4248316,1.473601,0.250546,0.19977708,2.0813003,1.0113137,-0.542921,2.2208998,-0.4214079,1.7980093,0.91109407,-0.15722841,-1.2402296,-0.60162663,-0.33784738,-0.5735119,0.30098167,2.7441905,NA18945,JPT,1
-1.5024143,1.632574,8.790599,-13.781684,24.137281,-15.3970175,-8.158232,-1.4907943,-1.3689374,-3.252257,0.80273557,0.14930299,-0.611929,-0.54692584,1.2458742,-0.6226433,0.93186015,2.5739605,0.16867378,-0.9567008,-0.7275465,-0.8899268,-1.2982436,2.1928635,2.4993322,0.66622525,1.2914616,0.21619326,1.9350835,-0.8060758,0.19840136,-0.0739019,0.040628515,0.47291604,-1.0694118,-1.0899204,0.3419585,-1.3660034,-0.06719032,0.12802607,1.3869649,-2.9468727,-1.4163232,0.18172254,-0.16784954,1.4483004,0.5703349,-1.182444,2.0018404,0.5428812,NA18940,JPT,1
-3.2961342,2.6487527,8.7053795,-14.652154,24.849413,-15.045647,-8.748714,-0.4098103,-2.7766933,-2.9962091,-0.39754274,0.81411994,-0.07762896,-0.53216773,-0.16175956,-2.2472656,0.99838996,-1.2713717,-0.7701237,-1.3875275,-0.75917685,-0.7006195,-0.79642814,-0.24311851,1.5329512,-0.5395189,1.1525044,-0.7464247,0.84511393,1.5075446,-0.08672395,-1.5221255,0.13170442,-0.8864101,-0.32007018,0.60613483,0.9187422,-0.6109699,1.2472218,1.0775875,1.072498,0.05769607,-0.32009327,0.9393863,-0.5058879,-0.42569417,-1.3270656,0.3497453,0.84744775,-0.26222378,NA18964,JPT,2
-1.2357848,2.4801838,9.419092,-14.163142,24.656607,-15.245847,-8.593445,-0.5852103,-2.5634496,-3.2115407,0.2100035,-0.2128784,-0.22538444,-0.43558097,0.27375835,-0.20465136,1.0524164,-1.5353011,0.69369054,0.5345758,2.4927351,-0.71642953,0.9069347,-2.7621014,1.2327961,0.28424507,-0.74865985,-0.3376685,0.24585621,2.3366733,-0.13472508,-1.3233426,-0.07258302,-0.5508018,-1.5996454,2.8192477,0.26063448,-2.096927,0.57225,-0.8958003,-0.80677176,1.6694485,0.18404931,-0.5733185,-0.23948386,0.0901712,1.9154179,1.5136503,0.033856854,0.33873042,NA18953,JPT,1
-2.52334,2.3331964,9.64609,-15.125469,25.601542,-14.653216,-9.112568,-0.83668184,-2.051133,-2.6647315,-1.0085769,-0.031168632,-2.211689,0.922195,-0.19221723,-0.8412506,-0.4917437,-1.9280987,0.8358613,-0.7528466,0.15795314,0.328337,-1.1382118,0.42824784,0.45654416,-0.35151193,-0.4739239,0.6153545,-1.1688617,0.029662505,1.1709319,-0.5615542,1.9103085,1.243973,-0.8987011,-1.640715,-1.8741379,0.27513853,1.6026943,1.8036832,0.051754195,0.51117826,1.5332572,-1.4062821,0.36306787,-0.19909991,-0.8333913,0.9523371,-1.0375693,3.442668,NA18961,JPT,1
-2.0027096,1.7316625,8.879022,-13.820162,25.547916,-15.261731,-7.8289905,-1.0611254,-2.1902683,-2.2263741,0.20864445,-0.32490563,0.9896466,1.7333794,0.40886965,-1.4120505,0.19935463,-2.062234,-1.2275807,1.9834288,1.1056072,0.28828508,1.8793211,-0.79293764,-0.9441327,1.630175,-0.3246373,1.9530282,-1.0870268,-0.5615728,-1.4473948,-0.28700292,-0.76621723,-0.29232523,-3.3380647,-0.08144947,0.2366132,-0.69958,-0.048102003,0.28582978,-1.3986052,-0.55116016,-0.6982273,0.18013549,0.011132613,-2.639285,1.6425282,-1.3651177,-1.0538217,1.3085794,NA18972,JPT,2
-3.3658392,2.569724,9.242283,-14.009723,24.82646,-14.776579,-8.231438,-1.0964746,-2.0355983,-2.9782279,-0.53696823,-0.06713316,0.34110457,0.16425772,-0.12010572,0.74067396,-0.49087793,0.14264514,0.48323777,-1.3902786,0.09445163,-0.031660337,-0.5861628,0.83057684,-0.1488066,0.543565,-1.4940438,0.05248625,-0.3347787,0.50713784,-1.3107698,0.5016864,1.5441377,-0.7415354,-0.8472566,-0.100554176,-0.5108538,0.15455328,-1.9341267,0.6247287,-1.3374506,-0.34437388,-0.30000272,-0.46739197,-0.4582663,0.028371016,-2.2715771,1.7337217,-0.6516063,-0.06792745,NA18967,JPT,1
-2.594824,2.215276,8.957897,-13.44843,24.438932,-15.284514,-8.094723,-1.7468032,-3.0662897,-2.92645,-0.9887917,-0.95758605,0.47302586,0.4809203,0.28827813,0.22474001,0.28108767,-0.32520115,0.07377556,0.08679746,-0.467056,-0.83746535,-0.89974177,1.2761557,0.24010183,0.1753753,0.75291157,-1.3315862,0.660786,0.041433714,-0.2418434,1.2287282,0.39657784,1.1015509,0.5735664,-1.3527553,-0.16381031,-1.467624,1.3770255,-1.2207654,1.044847,-2.8661716,0.18716405,0.6433093,-0.7400685,2.2434556,-0.06655557,-0.4305996,-1.3484285,-1.1491427,NA18976,JPT,2
-3.5151691,1.3546288,10.181693,-13.033321,23.771975,-13.501968,-8.369004,-1.7007811,-2.273807,-2.3138213,-0.32040435,0.022771278,-0.008166117,-0.43178138,0.4035763,0.06780143,0.51022243,0.3153839,0.2298317,0.95906526,-1.2869496,-0.5927274,-1.8004421,-0.32017502,-1.8293885,1.1776243,0.0860378,-0.9206852,-1.1314167,0.48759922,1.8357655,0.77188677,-0.8397102,-1.5372773,-0.37816814,-1.4765605,-1.5403615,-0.86871195,0.62916636,-0.150794,2.2112014,-0.38244283,0.2423374,-1.2063391,0.4024829,-0.107444644,0.8814418,1.1826963,0.41702032,1.8401392,NA18981,JPT,2
-1.8512373,1.9266407,9.390681,-13.311531,24.973701,-14.888361,-9.483303,-1.2941802,-1.6430926,-3.210271,0.28436503,-0.5117535,-0.24805775,-1.2635667,0.9328463,-0.8547006,1.0403564,-0.323356,0.89324695,1.4525725,0.3694286,0.118566886,-0.20872766,0.4711276,1.9636091,0.73775816,0.55116004,1.3684859,0.5221391,-0.554868,-0.893642,-0.25762162,-0.36834192,-0.6408513,1.283984,1.2285945,0.7827508,1.2016761,0.7486757,-1.006587,-1.9996217,1.6619618,0.8017437,1.7083408,2.39898,1.6089641,-0.82290727,1.3801534,0.48990944,-0.20840518,NA18971,JPT,1
-2.1263514,1.945505,8.572741,-15.51748,23.81772,-15.965601,-8.990746,0.16662799,-3.2405381,-3.7235966,1.4163125,0.13557254,0.80211765,-0.32011473,0.016320957,-0.04658377,-1.2765427,-0.06052515,0.88432664,0.5805638,-0.7190508,-0.820901,0.8603211,0.07074047,-1.1891092,-0.3145611,-0.8491437,0.4085943,0.61350405,-1.4622815,-0.8159331,0.5247394,1.487566,-2.20788,0.4797208,1.2993493,-0.51959646,-1.6485403,0.43829477,-0.30891198,-0.82518095,1.0402442,0.28756118,-0.58509505,-1.5844505,1.5143108,0.26525354,-1.6710896,-0.83232284,0.027723057,NA18994,JPT,1
-2.5331175,2.181322,9.384142,-13.943629,24.479364,-14.581151,-9.685835,-1.105196,-2.299055,-2.1271088,0.34558532,-0.4753535,-1.0346062,0.3321288,0.21557559,1.1308225,-1.0361091,-0.08110344,-2.163193,0.1139348,0.7349152,0.1193381,0.73267746,0.3631738,-0.4195849,1.0102268,-1.3199735,-1.3564827,0.8533271,0.33359092,1.0023646,0.75630224,-0.29335243,1.159594,0.0007886746,-0.46436828,-0.946791,1.273892,2.7534807,-0.08143137,-1.4562289,0.1150001,1.099397,-1.0776389,-0.7730616,0.39538464,0.018879373,-0.38954088,1.5108429,-1.0967972,NA18998,JPT,2
-3.1137724,2.379601,8.732502,-15.468386,25.973803,-15.257869,-8.55778,-2.0071368,-1.9339217,-2.6897864,-0.65866077,-0.044640247,-1.7465883,-0.045921363,-1.2500753,-0.15051071,-0.022276457,0.92865276,-0.692698,1.6471179,-0.95776796,-1.1365309,0.069037735,-0.34476328,0.052194186,0.027857231,2.5416608,0.97115684,-1.2815917,2.863505,-0.5934691,-2.1715498,-1.1647072,-0.1083623,3.0576193,0.25419822,0.6799026,0.2549301,0.60351044,-1.7646022,-0.4845365,-0.2158247,-0.59408116,1.8266958,0.70630133,-0.7981389,-1.8318067,0.11922438,0.17147586,-1.881568,NA19000,JPT,1
-2.496434,2.1761618,9.563081,-13.984172,24.08164,-15.568735,-7.4972186,-1.7230814,-2.058923,-2.2222106,0.07215085,0.09457415,1.0909319,1.0347363,0.5984941,0.31557745,-0.36491343,-0.7382502,1.6526538,0.19367245,0.16363099,-0.10608516,1.3765985,0.1471317,-1.45437,1.1277763,-1.5979254,-0.84891313,0.8196441,0.59389466,-3.5097568,0.5972285,0.006831965,0.904151,-1.7849256,-0.85842746,0.9133295,-1.0461657,0.6713361,0.24867691,-1.142756,-2.8433385,-1.56934,0.8201686,-2.1386788,-2.028887,-0.8527534,-3.2670047,-0.46914703,0.47685418,NA18943,JPT,1
-2.9340894,1.1165243,8.440506,-14.498521,24.331755,-14.888207,-8.651603,-0.36623606,-1.9673651,-2.678269,0.32569838,0.23616187,0.8670957,-0.9213931,0.42161214,0.24578583,-0.89714766,1.1601518,0.58113974,-0.1182659,0.058463804,-1.1174053,-0.44154832,-1.1128974,0.044773117,-0.15107076,-0.61360896,-0.20845623,-1.3539948,-1.1530752,-1.664456,-0.09386245,0.33287117,1.912122,0.07548677,0.1442704,0.14291644,1.5912335,1.8991792,0.37728027,-1.7173358,-0.20438844,-0.9956219,-0.82818264,0.1112167,-0.20282024,0.47184268,0.26402313,0.07938622,0.06862207,NA18947,JPT,2
-2.4702957,2.8359635,9.785947,-13.425568,25.01193,-15.768253,-9.121289,-1.2947328,-2.1953104,-4.2193737,-1.5871819,-0.49702662,0.9185325,-0.752045,0.37056312,1.1136657,-0.088523395,-0.03032487,-0.40145266,-0.5484474,1.018179,-0.010298755,0.86435413,1.4002635,-0.015402509,-0.8538358,-0.636344,-0.5645699,-0.14364521,-1.4238225,1.729764,-0.825337,-0.29094723,1.8806511,0.80096793,0.97490925,1.3150357,1.1012665,-0.81631476,0.5580204,1.7869291,-1.1075765,-1.566395,2.0013843,1.8124592,-1.0023466,0.4746323,-0.13782455,-3.3227897,-0.77540606,NA18944,JPT,1
-2.1685512,2.1985035,8.693128,-14.192966,24.903822,-16.148773,-8.670479,-1.2903608,-2.6606727,-3.1830823,1.8268737,-0.316204,0.010493352,-1.4984409,-0.61411107,-0.29848042,-0.94343466,0.1476154,-1.3599136,-1.2219696,1.2403407,0.15101591,-1.8772752,-0.8675025,-0.96909046,0.5881288,0.020321183,-0.9952245,-0.8430725,-2.282435,-2.7804716,-0.61799425,1.5991275,-1.0709255,1.606862,1.3036629,0.43007272,0.59130216,-1.7834339,1.5787662,-0.23220573,0.20245393,-0.75695485,2.0193963,-0.02984733,-0.7854777,0.27599046,-1.2078644,-1.7649739,0.1835507,NA18948,JPT,1
-1.9311172,2.4171817,9.133579,-13.435749,24.275887,-15.581105,-8.345033,-1.6176158,-1.9803017,-3.2445598,-0.17704055,0.774291,-1.0376747,-1.6887147,0.53015983,0.15388252,0.20796865,-1.3141696,1.0943221,-0.98657167,0.3062256,-0.36350697,-1.8846498,0.97371304,0.77464634,1.0473219,-1.1913276,-0.7914339,1.2582545,0.41429332,0.5155783,0.25968003,-1.2108908,-0.099303864,0.32725134,0.88460743,0.90973985,0.37615803,-0.4463295,1.3527867,-2.2107549,0.4265663,1.0928469,-0.7522137,0.99288464,-2.3705542,2.3621917,-0.6516522,-1.1161093,0.045954384,NA18951,JPT,2
-2.183293,0.8333479,9.257027,-13.441954,25.539581,-14.66786,-9.8046255,-1.9713756,-2.5474699,-3.171132,-0.47017398,1.6077182,0.036744583,1.7345904,0.11913556,0.77311915,-0.72489345,1.1340789,0.12604704,-0.7678266,-1.8484303,1.262187,-0.865909,1.0760043,-1.1974053,0.35572058,0.0037776672,-0.5282263,-0.7328877,-0.9749151,1.814142,-1.1219732,0.43391618,2.9445183,-1.750299,-0.8831738,-0.7025956,1.0850453,-0.7928642,-0.15081775,-0.73435545,-1.0265192,-0.2739451,-0.9116022,0.9473884,-3.1321769,-1.8535243,1.2846483,0.25628915,-0.45527434,NA18952,JPT,1
-3.1124494,1.8540609,9.974303,-13.500376,24.391706,-14.504471,-9.075553,-1.2214543,-1.8979546,-3.7130349,-0.67790616,-0.13890131,-0.117964074,0.4475802,-0.52578497,0.22559293,-0.070252776,0.7520462,0.7418643,0.21426894,0.060043957,-0.64397097,1.442874,-0.0994597,-0.14901696,0.73959047,0.4665908,-0.10787069,0.9585387,0.8715617,1.0414902,-2.3230813,-2.1478925,-2.2180765,2.0107436,0.41216627,-2.1222317,-0.98166806,-0.051571585,0.42377982,0.32955152,1.7178007,-0.6252909,-0.8417797,0.6948549,-0.6690533,0.06356917,-0.00849646,-0.20517194,-1.7227843,NA18956,JPT,2
-2.522153,1.966503,9.760465,-13.014185,25.315084,-14.820281,-8.838518,-1.2863051,-1.8031299,-2.3380117,0.67608273,0.4099992,-0.12853028,-0.30870658,-0.9435189,-1.9016192,1.5674312,0.59416133,-0.35764813,-0.54710096,-0.18320678,-0.9946311,0.7341188,-1.340023,-1.2126453,-3.341216,-1.1959581,0.103408985,-1.2706063,0.1013874,-1.7621442,2.4928484,2.147958,-1.2115202,0.8524061,0.5951339,-0.6344972,-0.31734288,-0.587705,0.92461514,-0.219407,-0.3773887,-0.8157767,-1.1316408,1.3583044,-1.4717929,-0.95667803,1.5841106,0.54296756,-1.0171953,NA18968,JPT,2
-3.3936152,1.7308024,9.5265,-13.740862,23.694283,-16.10137,-8.935692,-2.7255244,-1.6672376,-3.697881,-0.5203624,0.33069092,0.61550933,0.9461084,0.5337402,-1.4682174,0.4207546,0.16995394,0.46797314,-1.4382104,-0.25735617,-0.87585115,-1.6663526,-0.34045464,-0.6275115,0.86126286,0.13419005,-0.28356722,0.28551108,0.22735214,-0.8153195,0.20469712,-2.4401371,1.8231126,-0.6343685,-0.14112921,0.887047,-1.1061994,-0.58750767,-1.4838401,-1.1695306,-0.0026836393,0.0805415,0.9332959,-0.6299944,-2.0357466,1.5627302,-0.16028711,-0.03683278,1.5799227,NA18959,JPT,1
-2.7355945,1.3828162,9.647603,-13.130627,24.605267,-15.2458725,-9.966753,-1.06837,-1.9232428,-2.483167,0.071840964,-0.4422492,0.030400768,-0.4304909,0.35026318,0.28791562,-0.19286138,0.20982207,1.4937161,0.94487363,-0.36685783,-1.0566925,1.9410615,1.7103485,-0.9796014,-1.2006482,1.1312723,-0.6479178,-0.07751407,-0.8619933,0.44629124,-0.15363127,1.1697866,-0.7595984,-0.2139882,-0.6111745,-0.06325764,1.1251255,0.36557564,0.49800876,0.72355217,0.15455861,0.8446296,1.3682135,1.1818168,-1.3996134,-0.6548347,-0.09161907,-1.8137583,-0.17474346,NA18969,JPT,2
-2.7547069,0.9817995,9.564791,-14.20159,24.629545,-15.748788,-8.503442,0.0024094598,-1.845644,-1.2005031,-0.34973532,0.36977932,-0.9545466,-0.3274743,-0.41512227,-0.052575957,-0.08440544,0.6422697,0.077883676,0.75568634,0.75218004,-0.7616538,-1.3557332,-0.950198,-2.2544847,-0.2514857,-0.02295179,-0.5136934,-1.568969,-1.0110154,0.5780669,0.8769839,-1.0321459,2.5794141,-0.79898274,-1.2208966,0.5917636,0.6738777,-0.40487674,1.5787712,0.48749018,0.8213395,1.1581217,0.63050413,-1.368464,-0.30233487,0.36454454,2.4303682,-0.023522979,-0.37030306,NA18960,JPT,1
-2.478669,1.9067584,9.9285345,-13.630351,24.954676,-14.7362795,-8.094058,-1.3872492,-1.8745404,-3.1505175,-1.1798579,0.40792868,1.3198189,-0.46081215,-1.2538893,0.56877637,-1.271974,1.1440161,1.7219731,0.34638837,0.69057244,0.19300532,0.16699225,-0.4702775,-1.7976756,0.08943263,2.982398,-0.03472333,-0.065483905,-0.2558364,1.2838184,-0.1430109,-1.162049,-1.3021832,-0.26935944,-0.0034982841,0.750373,1.6826935,1.1021503,-1.3372831,-0.17894626,-0.1943104,-0.436086,1.4339774,-0.35791147,-1.1464859,-0.06273947,-0.096201405,-0.19764017,-0.123003975,NA18965,JPT,1
-3.0444345,1.2907121,9.624588,-13.190549,24.168102,-15.771515,-9.128982,-0.70918447,-2.1582086,-3.0903141,1.0963976,0.1562465,-0.9373027,0.95851207,-1.0868123,-0.30519125,0.115798555,-0.8194515,2.1104376,0.8281083,-1.3310562,-0.6889098,-0.93266153,0.02407368,-2.016291,-2.2132437,1.2789172,0.68938875,-0.36417982,-0.83010936,-0.4523954,2.3494508,0.9204183,-0.053313736,-1.0140209,-0.51847476,-0.07006051,-1.4731874,-0.46890637,-0.2833897,0.5236725,2.1277523,1.2609062,-2.4788525,-0.29989886,0.32337427,-0.20867427,1.3009931,1.798905,1.2628709,NA18973,JPT,2
-2.3813612,1.9163865,9.696421,-13.865617,24.48862,-15.620127,-8.844059,-1.5887831,-2.2797124,-2.801666,-0.30144152,-1.0111257,-0.19726811,-0.24240254,1.2373713,-0.42675877,0.46289307,1.9643817,0.058885053,1.2610099,0.47074264,-0.98752797,0.20583493,-0.47323507,0.01338779,0.34580994,-2.2116385,-0.4775298,-0.13337612,-0.4850565,-0.16060683,0.9061241,0.5059346,-1.6879042,-0.082657404,-0.46489105,-1.5224378,0.061119955,1.3869932,-0.030856539,-1.1205531,1.269337,-1.4542547,2.6606512,-0.051144034,1.4172267,-0.8931429,-0.85927236,0.040930856,1.3676642,NA18966,JPT,1
-2.6560419,0.69700176,9.155874,-14.304325,24.204115,-13.733278,-9.399969,-0.25369805,-2.800944,-3.1724405,-0.1446769,-1.2050414,-0.25618726,0.2535322,0.19110958,-0.98708737,-1.1483811,-0.3022112,0.3476607,-0.71110857,1.5753342,-0.3633131,-1.7577415,1.0898832,0.12806915,0.861773,0.40428856,-0.56758857,-0.68883187,-1.8072995,0.6588774,1.4017583,0.9022821,-1.14952,1.3443798,-0.9157657,0.14417689,1.2458172,2.271436,-0.35690412,-1.2507838,2.3315804,-0.96932214,-0.69538045,1.5509788,0.092963584,0.55150104,-0.32890886,-1.5174457,-1.1346891,NA18975,JPT,2
-3.2533011,1.3480327,9.311481,-13.597494,25.469124,-14.516469,-9.371332,-0.83692634,-2.2190168,-3.4418762,-0.0048128967,-0.20138317,-1.875496,-0.5421252,-0.43623906,1.220252,-0.603229,2.186558,-0.8097265,0.43167487,-1.2430521,0.8480064,0.42028284,-0.9064883,-1.0590255,0.07109789,-0.4299777,1.1523502,0.42558026,1.9818889,0.8892559,0.6356995,0.052060414,-2.000382,-1.248388,0.45791695,-0.42150435,-1.8013852,-0.056254197,-2.6643536,-1.2025222,1.107573,1.5842847,1.979233,-0.74867666,-0.8845639,1.3651866,-0.35212803,0.71262896,-0.2708995,NA18978,JPT,2
-2.144586,1.5454012,9.654942,-13.847585,24.697159,-14.491494,-9.16531,-1.8824873,-1.4516492,-3.1534388,0.03476555,0.31533706,1.0357807,-0.1417168,0.6971118,0.8806193,0.95508265,1.1632161,0.62307125,0.27465183,-0.880132,-2.3738909,-0.1606861,-2.004814,-0.63038754,0.39477384,0.3346754,-0.32731223,-0.34901276,-0.3275302,-1.107728,1.5158097,0.97104824,-1.4409248,-1.6360917,0.48188064,1.8030939,-0.96999204,-0.38455984,0.61167574,-0.36656484,-0.376806,-1.120631,0.09457615,1.8504307,-0.27011463,0.388258,0.6282678,0.48845237,-1.6669245,NA18980,JPT,2
-1.9863547,1.5108669,9.357245,-12.775161,24.527075,-14.691046,-9.090006,-0.4143228,-2.0081878,-3.422871,-0.3231493,-1.3043573,-1.3725376,1.2053695,0.6850121,-0.2662229,-0.87453574,-0.9708592,0.14948024,-0.6809918,-0.40625316,0.93169236,-0.20799693,0.8364678,-0.4685867,1.0707077,1.1291531,0.33730504,-0.3831525,-1.6973174,2.9461317,1.2723378,-1.561976,-0.86026454,-0.61262375,1.963129,1.9024662,-2.3239925,-0.9438669,0.1313553,-0.52118176,0.36186475,1.8279516,-0.019717196,-1.5644469,1.9966184,1.4521443,0.22138862,0.42875704,-1.5463221,NA18974,JPT,1
-2.2507353,1.4536089,10.04739,-14.539623,25.311567,-15.067899,-9.266392,-1.8554175,-1.5501935,-2.2306473,0.8027318,-0.6245269,-0.24115781,-0.9329191,-1.4022535,-0.8130728,-0.9000855,0.7911276,-0.44777772,-0.1282621,0.32164648,2.2847848,-0.042709406,-0.46505406,0.01132988,0.9928507,-0.15134431,1.4619383,-1.0528646,0.27607837,1.0646659,-1.6487637,0.64219713,2.3723688,1.0195068,-1.5382313,-1.2355763,2.6316917,-1.0553883,0.50298166,1.8657517,-2.5482283,0.49858654,0.874122,0.33178547,-4.465048,0.9049607,-0.95547295,0.66733944,1.2207351,NA18987,JPT,2
-1.9194746,0.88509625,8.288824,-13.620164,24.418482,-14.324391,-9.424502,-1.4503686,-2.7822566,-2.480923,0.21263944,-0.062484104,-1.2979928,-0.8150274,0.5657735,-0.6492674,0.729315,0.8685537,1.217008,0.2843491,-0.35099706,-0.7274729,-0.60220844,-1.869659,1.3969862,-0.2535741,-0.07507744,0.24560517,1.0864105,-0.66247946,0.7296891,-1.0048654,-1.3492749,0.93005204,-2.0109906,1.8638718,-0.7713092,-1.4978229,-0.69446015,-0.65589756,-0.54807574,2.8913116,-0.9459839,0.086093836,1.5594256,2.1846502,0.50786453,0.10307769,1.3104501,-0.341235,NA18990,JPT,1
-2.543505,1.211308,9.156161,-14.483933,24.184362,-15.239505,-8.6541,-1.4476541,-3.0978107,-2.8296506,0.10750224,-0.38035515,-0.99814826,0.47989863,1.96548,0.4118423,-0.46756586,-0.7320366,1.1961927,0.42784238,-1.4822236,-0.116845645,-1.0553001,0.11436107,-1.2077739,-0.66386324,0.86093915,0.3963023,-0.19178122,-0.77514803,0.47338983,-0.55056244,-0.94942665,0.19726709,0.6128286,0.12673317,0.38821745,-3.0017085,-1.5426587,-0.117060125,0.9543966,1.3118664,1.6363655,1.0269151,-0.23888391,0.85796344,2.0673459,-0.775997,-1.7109838,-2.0253189,NA18991,JPT,2
-2.3556323,2.4880552,8.99766,-13.9443655,24.324844,-16.300909,-9.732076,-0.63480246,-2.6052048,-1.7154156,0.17870009,0.5681722,0.44376448,-0.18646488,-0.48464033,0.5263631,-0.52678925,0.97458184,-0.098552294,0.61425674,1.0734231,0.35326636,0.65771526,-2.3730562,0.60214937,-2.4599624,0.44550666,1.4553903,0.2182261,0.5610554,0.6917394,-0.21443145,0.68989366,-0.14798659,0.9785382,0.08979474,-0.25610656,1.4302205,1.4242917,-0.5549213,-0.89870614,-0.8245922,-0.17485829,-0.036722492,2.7988663,1.5136701,3.084792,-0.0658816,0.41405016,1.7015848,NA18995,JPT,1
-2.1836536,1.3898643,9.097869,-13.7396145,24.38989,-14.471951,-8.21792,-0.7942607,-2.073777,-2.8314989,-1.0962634,-0.16591285,-1.9255933,0.46998212,-0.33968258,0.23446685,-0.12490135,0.8309541,0.10585731,0.6520083,0.85363746,1.1638342,-0.09594691,1.8961827,-0.5582809,0.9461727,-1.744011,0.60667837,-0.3947582,1.7442621,0.410571,0.110226594,-1.9301796,-1.3195764,0.62173796,1.739158,-0.64623785,1.4947528,1.4710096,-0.17719132,2.1914933,1.1067712,0.8652533,0.6842221,0.4255794,0.008474019,-0.17400983,-0.5832481,0.5349769,-0.0043342146,NA18997,JPT,2
-3.147075,1.6818497,9.895147,-13.350614,24.004951,-15.043984,-8.734087,-1.7017208,-2.471579,-2.8220618,-0.45731586,-1.1813486,0.47253665,1.7410676,0.40001518,-0.052976374,-0.77784294,-0.68563354,-1.6679251,-0.75585914,-0.40305611,0.21902423,1.0556091,-1.0673474,-1.1273828,0.36342785,-0.13706726,-1.1235745,0.21223025,0.704799,-0.7293634,0.8408098,-1.4315847,-1.7775178,0.61354685,0.4824816,-1.0021809,0.14037253,0.29106125,-1.2781223,0.13514727,-1.1795537,-1.4317517,-1.9554591,0.8472316,-0.025541982,0.48606554,0.38159522,0.539951,0.15093486,NA19005,JPT,1
-1.8608872,2.114263,9.718445,-13.929178,24.57096,-14.797573,-8.713331,-1.4674467,-1.4399755,-2.710374,0.1443868,-0.68207705,0.1800937,0.34889582,-0.38266945,-0.6390849,-0.6648319,-1.4770496,1.2062222,-0.52607346,1.2858405,-0.07842827,-0.8210946,1.1715423,2.208813,-0.29992658,-0.34456247,-0.63840795,1.4316872,1.6920115,-0.073728025,0.43436387,-0.9246334,0.14343457,-0.9535958,1.1972489,0.5367795,2.2794113,0.86822385,-1.8060186,3.5807118,1.3860959,0.2522209,-0.020980017,-0.5147172,0.17632201,0.21146698,-2.0390053,-0.56646276,1.4735365,NA18999,JPT,2
-2.2928016,1.9936877,9.317873,-13.933019,24.8775,-15.365349,-8.347007,-1.121593,-1.9982809,-3.0328057,0.20698035,1.581972,-0.87476057,-0.5690611,1.05881,0.0049354522,0.048242584,0.6893506,-0.78772974,-0.43142524,-1.4270666,0.30117,1.0824405,-1.4247315,-0.15091191,-0.3576352,2.618395,1.6157659,-0.7844675,0.19812977,0.5169312,1.5702422,1.3438994,0.9003666,-1.2727327,0.07664266,1.0248396,-2.6632452,-1.2116268,-0.26355115,2.0237422,-0.5737768,0.9480172,1.6576784,-0.3523938,1.2778612,0.68842435,0.68751246,-0.2852592,-0.09461028,NA19007,JPT,1
-2.5345669,0.920769,8.449779,-12.979286,23.602741,-13.875488,-7.900117,-1.0216815,-2.2837186,-2.9161093,-0.7331566,-0.1530188,0.6946165,-0.6002949,2.1006916,0.28790656,-0.4256365,-0.64142054,1.0695461,0.93839717,-0.037630618,0.5309389,-0.6423336,0.853588,0.803218,0.3348907,-2.0695033,-0.6523799,0.61920124,-0.52131367,-0.65570897,0.061486725,-0.8513369,0.030780632,-0.5883892,-0.5911646,0.4850661,-1.260437,-2.8927913,-0.5507181,-0.091698825,2.583794,-0.13934395,1.1696545,-0.5432141,-1.2602519,0.19368623,0.36609733,-0.55171365,-0.0056158886,NA19564,JPT,2
-2.2135475,1.7193379,10.04755,-15.577559,25.584831,-14.823512,-9.654,-1.1395833,-1.8442756,-2.99248,-0.25037932,0.059612617,0.66989547,-0.16680858,-0.9157956,-0.17008737,0.058921367,1.5725961,0.8603589,1.2016922,-0.042217776,-0.20048763,1.1550062,0.4378241,-0.90052474,-0.22799252,0.3012192,-0.13855697,-1.2955394,0.9329063,1.8361588,-0.102726735,0.5634862,1.8164544,-0.5637759,0.70961934,1.1187527,-0.024982546,-1.0524992,0.5589245,-0.1393567,1.2229481,1.7306464,0.0017035012,0.32138658,0.10648098,-0.85897905,1.0918112,-0.06840241,-0.57116413,NA19562,JPT,2
-2.3713243,2.6228728,8.157467,-14.382184,24.546768,-14.520396,-7.5227094,-0.43653727,-2.0965865,-3.2718122,0.07164805,-1.5667086,0.21167678,-1.1012563,-0.72084045,0.621614,0.52898574,0.21730034,-0.0435043,-0.8118193,-0.7648533,-1.8075013,-1.009028,-0.43502218,-0.24481426,-2.75583,-2.1524673,-0.363689,-0.7664598,-2.6639762,-0.1270802,-0.8624447,1.9148242,1.4169904,-1.950442,0.26239923,1.5610176,-1.4784188,0.12694372,0.9771541,0.7486116,0.10975875,-0.65124196,0.28808188,-0.6532826,-2.3116758,0.25642633,-0.33093035,0.118051045,0.4050415,NA19563,JPT,2
-2.7720845,1.8762877,9.125275,-13.373793,24.270397,-15.011424,-8.239152,-1.2731636,-1.2303548,-3.6838722,-0.8835557,0.161637,0.694665,-1.9674746,-0.72171384,0.5503205,1.024138,1.3911172,0.5945783,-0.92042404,-0.009683338,-0.22773732,-1.5092287,0.70101976,-0.4139697,1.1160961,-0.9180951,1.1213356,1.890604,-1.8746052,-0.49365184,0.40973738,-0.5592297,-0.4543359,-1.7494061,0.09627086,-0.94720393,2.6075478,1.3616284,1.2303976,-0.9602469,-0.9091903,-0.9083911,1.2441413,0.33361816,1.0331385,-0.8470553,-0.22044037,0.1046162,-1.8827797,NA19006,JPT,1
-3.0243297,2.4786737,9.287985,-13.36683,24.459211,-15.777193,-8.647014,-1.5040047,-2.2150102,-2.7091582,-0.20099999,1.7264358,0.3027049,1.3388432,0.050615087,0.38036826,-0.57800287,-0.9844337,1.2162869,-0.49597734,-0.5692272,0.17276506,0.42903727,0.87226695,-0.011646229,0.87214017,0.28427103,-0.13291554,-0.0056808977,1.300399,-0.5319226,-0.18300574,-0.80586904,-0.99730265,-2.6195064,1.0556862,1.1857905,-0.22140019,-2.2543666,-0.043729763,0.2403709,-1.0070827,-0.20390934,0.8753274,-1.6868318,1.3869028,-0.8469233,0.3448955,0.595061,-0.07195554,NA19089,JPT,1
-2.682388,1.6303344,8.741664,-13.914337,24.749031,-14.115769,-7.9815087,-1.3916545,-2.3160741,-2.6428025,-0.34609815,-1.302263,-0.14758052,1.1462827,-0.31923118,-1.0723313,0.8266543,-0.77311957,-0.69342,2.2506254,-1.0816064,1.1296401,0.89909506,-1.0407795,0.93882465,-2.2964544,0.91071534,-0.72288394,-0.6682677,-0.25562087,0.06231671,-0.07625487,-0.44565213,1.4953488,2.6188896,-1.2985965,-0.8918202,1.5067586,-0.42965686,1.2573507,0.492873,-0.75822675,-1.8112723,0.22615705,-1.1341113,0.37161028,-0.7668698,0.88396627,2.3545775,-0.88153845,NA19091,JPT,1
-2.5339782,1.7935356,9.169524,-14.414818,24.103704,-15.726555,-9.06693,-1.3127432,-2.3852544,-3.1768672,-0.15782416,-0.69829303,-1.2339926,0.8772247,-1.6335455,-0.16592501,-0.6973426,-0.9277744,-0.46565926,-0.4762941,-1.0360233,1.5789546,0.679437,-0.0826787,-0.43939218,1.0494282,0.17231478,1.2776823,-0.31229955,0.5785704,1.4031452,-0.79707915,-1.0904249,1.8291559,-0.08343349,-0.52359706,0.5787957,0.06803117,-0.51482284,-1.6246169,-1.9374355,-0.11604932,-0.45987958,-0.08318339,-0.4993858,-0.9530155,0.24971114,0.60966825,-0.06666905,-0.5053902,NA19545,JPT,2
-2.034391,2.46356,10.091981,-15.260824,25.347658,-15.818278,-9.1075325,-1.9312742,-2.3200984,-1.656783,-1.3442749,1.3197874,1.7523801,-0.25226128,0.84437305,-0.3881866,-0.25015426,-0.9811401,1.2521077,0.8927972,-0.6830024,0.014193192,-1.7155019,0.2682614,1.683709,0.013683037,-0.12020426,-1.548127,-0.045146246,-0.040454105,0.40466133,-1.3041443,-0.87523484,0.95953876,1.4563806,-0.57314336,-1.4246142,-1.7953843,-0.9251366,0.16404858,-0.9057882,-0.5254585,-0.28208643,0.018583717,0.23527515,1.4002424,-0.15412903,0.6435112,1.1807138,1.4184449,NA19557,JPT,1
-2.6088645,3.063285,8.685638,-15.081312,24.666649,-13.241789,-8.267071,-1.3345941,-2.3120866,-3.3546722,0.18262921,0.07328414,-0.9121814,0.4379948,-0.033858184,1.1409212,-0.468692,1.2020315,-1.2893536,-0.31263563,-0.12875608,0.69121516,0.86294675,2.1202188,-1.7217062,-0.6549838,0.40812746,-0.78864616,-0.79660803,0.40212816,0.68964994,1.7610146,-1.7982497,0.48496792,-1.8234167,-0.21520005,1.1433346,-2.5424993,0.0048440495,0.56037617,-1.6462986,0.3082249,1.6104231,0.6691061,-2.7270083,-2.0481079,-0.80179137,1.528397,-1.8129237,-0.72999334,NA18982,JPT,1
-2.9726365,2.0872164,9.331151,-14.69285,24.696571,-13.976645,-8.843251,-1.1389987,-2.5750747,-2.705566,0.25883532,-1.0836816,1.8802737,-0.51331943,1.0326123,-1.1730211,1.8276716,-0.57503563,0.83479327,0.17414504,-0.40389568,-1.4603835,-0.9898568,-0.012754369,0.22629085,-0.59582984,1.7805022,2.0560393,0.03127761,0.9505186,-1.6676143,1.953009,3.246972,1.4079239,0.9042439,-1.3924848,-1.0820822,-0.3734691,1.1773077,1.1250178,-0.8574956,-0.31904483,1.2420919,-0.53533804,-0.4941574,-0.08839915,0.2812233,-2.1511366,1.1034245,-1.7798667,NA18983,JPT,1
-2.8830023,2.0260327,9.198105,-14.123386,23.828163,-16.404444,-9.470707,-0.5849473,-3.1956635,-2.2409918,-0.40601072,-1.3235711,1.520772,0.6729154,-1.5522116,-0.27848393,-0.5590106,-0.059676155,0.255404,0.0160688,-1.2278233,-1.3886653,0.069791585,-0.15929152,-1.640328,0.2938096,-0.49747053,-1.203537,-1.3393122,0.6790348,-1.054376,0.8374479,0.062224977,0.8247858,1.5167413,0.047795378,0.5660945,1.6060152,-1.4918982,-0.46723035,-0.55744714,-0.56850344,-1.4551692,-0.6420313,1.780201,0.08206722,-0.17999053,0.19284411,2.1242785,-0.05016929,NA18985,JPT,1
-2.2103176,1.7414864,9.321818,-14.742917,24.263874,-14.840677,-9.327817,-1.4534218,-2.5489442,-1.782598,0.13818015,0.36981526,-0.024980327,-0.78766394,-0.53568554,0.9958426,0.21857479,-0.9232254,0.2799011,0.22833067,0.63483953,0.833202,-0.40512785,-1.0023003,0.30281392,-0.09256178,0.5037609,0.19961984,0.120147765,0.28660423,1.012909,1.3269551,-1.1033598,0.8109657,1.1931192,-2.0373719,-1.3399987,1.6593938,-1.9108511,-0.6090969,1.4107436,1.4190692,-1.7065282,0.42728716,1.3334063,0.09004388,-0.49252632,-0.19400352,0.3884063,-0.68180144,NA18989,JPT,1
-3.2188816,1.4703972,9.044867,-14.199571,25.580582,-15.727762,-9.224927,-1.1940995,-1.2686815,-2.883043,0.5725484,0.061171126,0.902679,1.0847785,0.5479986,-0.47397685,0.869623,0.19335982,-2.0122828,-0.5811984,0.6256484,-0.94103247,-1.1825109,-0.76538986,-0.053443283,-0.07892517,-0.18258025,1.5304554,0.25339618,-0.57663715,-1.1475687,-1.163559,-0.059916027,-0.68247765,-0.61189634,1.5523107,-2.2242277,0.13078478,-0.16076222,-0.47610068,0.47559264,-0.57888126,-1.058365,0.18948472,-0.34579712,-0.7439523,-0.2099877,0.3396439,0.44075832,-0.22104596,NA19011,JPT,2
-1.8590776,1.5828464,9.3789015,-13.681953,24.375238,-14.792447,-8.157344,-0.95134616,-1.606994,-2.2541044,-0.059691384,0.18958099,0.22842592,-1.0730323,-1.4095899,0.41552594,-1.4188623,0.76020545,-1.1650798,-0.73814636,0.10589874,2.2304585,0.72436273,-0.8420556,0.88582295,-0.13299447,0.81684726,0.1897319,0.022448702,0.22858785,-1.0578663,-0.31044406,0.66821414,-0.14313136,-0.0024978488,-0.8144111,-2.001803,-0.6198365,2.0034103,-0.6331939,-0.32522085,0.6352472,-0.3083687,0.33555934,0.66462404,1.2597399,1.5525973,0.98374134,-1.4072943,1.3860718,NA19546,JPT,2
-2.530965,1.758092,9.917279,-14.904358,25.664385,-15.054685,-8.719762,-0.99316967,-2.5325873,-3.4632292,-0.5466961,0.35634187,-0.2984535,1.0929296,0.1989828,-0.7632288,0.34960276,0.40234575,0.6820228,0.4491856,-1.0188191,0.5834111,-0.855859,0.14258935,1.5838287,0.9629691,-0.34818986,-2.5405092,0.013600785,-0.9839941,1.4591963,0.39414775,-0.023343908,-0.62794954,-1.6122242,-0.6233424,0.17195846,-1.633148,0.53278196,0.8602429,0.44564372,-0.6282309,-0.8173384,-1.4255533,-1.3376564,-1.1069728,-0.20552664,-0.38317668,-1.0135767,-0.053545784,NA19548,JPT,2
-1.7550718,1.9025929,10.333555,-13.954543,24.640123,-15.379817,-8.092464,-1.0862677,-2.7870255,-1.3466929,-1.5820794,-0.098784134,0.44669223,0.07277647,-0.21598297,1.7563213,0.09995558,0.11499904,-2.9977672,1.2675245,-1.1612968,0.10776994,0.7317463,-0.74859214,0.5889329,-0.3642579,0.046260335,0.65100247,-0.20197265,1.5669612,0.6251671,0.69016004,2.3688545,-0.6003769,-1.6058512,1.1122615,-0.4545621,0.02830676,-0.89140767,-2.093222,1.6892732,0.37569398,0.71149486,-0.45610815,-1.6791313,-0.36892205,0.5247325,1.3695852,-0.10138542,0.2143084,NA19550,JPT,2
-1.6944015,1.0843499,9.855349,-13.762101,25.250528,-15.05722,-7.8484282,-0.8780428,-3.0017905,-3.1619422,-0.18743686,-0.1927767,0.4043605,0.25753084,-0.4284608,0.8196277,0.4935272,0.5696524,-0.35064733,0.5550979,-1.1164495,-0.20398046,-1.5427208,-0.65365773,-0.13276486,0.78168386,-0.098176055,-1.9948574,-0.70109576,-0.14801775,-0.804207,-0.7355849,0.5848768,-0.34983444,0.54761297,0.04922361,0.715698,-0.22192393,-2.2696366,-1.3580328,0.9044973,-0.94379896,0.074944906,-0.10308014,0.2713233,1.0411649,1.9466689,-0.3642398,-0.36153635,1.319474,NA19556,JPT,1
-2.5098605,1.2231855,9.815768,-13.621445,24.294552,-15.079276,-8.041952,-1.2486298,-2.8308291,-2.3958843,0.31415275,0.04241224,-1.0517812,-0.26236778,0.6670701,1.2135942,2.0671687,-1.0111705,0.39017972,0.8870274,1.65871,0.6406146,0.3329747,0.6477392,0.3031772,0.8430389,-0.6162639,1.2654448,-0.15308039,1.470135,1.1164474,0.23142323,0.97335404,0.8439623,-0.58640903,-0.046676517,-0.66295457,-0.28569546,1.8808879,0.7649679,0.78054035,0.02741927,0.6848499,-0.42092824,0.89393854,-0.39351657,-0.46942288,1.174861,0.13536653,-2.0122414,NA19558,JPT,1
-1.9035295,2.2337165,10.264497,-13.916299,24.34644,-14.312664,-8.797542,-0.8903834,-2.444149,-2.7731895,-0.56809986,0.013236094,0.12772074,-0.0906441,-1.0786926,-0.27885416,1.4675208,-1.4498732,0.10909415,-0.9586009,2.7868829,-0.20090038,0.77732617,-0.76683384,0.067744374,0.75943875,-0.8805982,-0.05907405,1.4573848,-0.23153897,0.123444416,1.6934165,-0.122169465,-0.53233624,-0.31473473,-1.4185866,0.110061534,0.8032186,0.33219913,1.4252163,0.7536667,0.3135793,-0.09491407,-2.1847594,0.5625565,1.8026602,-2.4038813,0.8946904,-0.12983151,1.596687,NA19566,JPT,2
-2.1093502,1.7455869,9.230507,-13.671331,24.332811,-15.525218,-9.170716,-1.768,-1.6852318,-2.7123246,0.5928876,-0.04925143,0.6508921,0.7036714,-0.29097053,0.26169074,-0.018670721,-1.3200713,1.006888,-0.46863186,0.5275561,0.055369966,-0.9700525,-1.3646013,-0.15558536,-1.210909,0.14731091,-0.4511836,-0.18516016,-0.34309316,-0.8075152,0.17802827,-0.11047204,0.8248432,0.83127147,0.9848573,0.65233713,0.026617352,-1.1351742,-1.7190479,-1.8208314,-1.7902553,0.057269294,0.01669306,-2.680825,2.34838,-2.343063,-0.26701304,0.027475502,-0.38654298,NA19570,JPT,2
-3.6598465,2.9510796,9.75004,-13.455475,24.464138,-14.982928,-8.919969,-0.17917754,-2.3808885,-2.7729628,0.51837885,-0.97882676,0.6862782,-0.5034506,-0.6679078,-0.6738963,0.5444325,0.009919954,-2.2473066,-1.5315161,0.1034907,0.9407711,1.1330625,-2.422179,-0.014896285,-0.06172908,0.35741228,1.387154,-1.724526,-1.9366949,-1.1372136,-0.11610474,0.17378534,-1.6646783,-1.2452452,-0.08985527,0.59727603,1.455227,-0.37871248,0.8039969,1.6011823,-0.08574362,-1.0990207,-0.8535124,1.0360236,-0.8086467,0.6140789,-1.912862,-0.754407,1.2283095,NA19573,JPT,2
-3.308591,2.022779,9.17857,-13.236588,25.177588,-14.540818,-8.590628,-0.7607096,-3.1302047,-3.3218718,0.047545712,-0.079545245,-0.5123916,1.3491642,0.75070345,1.0831231,-1.1222186,-0.34172076,-0.65130705,1.2673981,0.68711436,-0.93821335,-0.46047142,-1.3122563,-1.322965,-0.030625368,-0.6633843,-0.40490526,-1.3315696,-1.504231,-0.43129963,0.24182655,1.9643912,-1.418388,-0.34493926,0.11309358,0.12273726,0.9563204,1.4765402,-0.27271348,0.7995737,-0.045424283,-0.58621675,-1.0437934,0.017005336,0.43861347,-0.7164316,-1.5091066,-0.7027175,-0.40582553,NA19004,JPT,1
-2.0774224,1.8128093,9.070686,-12.983119,24.185339,-14.918647,-8.676518,-1.3144757,-1.8852885,-2.0509324,-0.3555885,0.20743975,-0.32999662,1.2137555,0.1045029,-0.48668945,-0.7262108,0.16617198,-0.28331968,-0.5416709,-0.1317881,1.5274867,-0.18572344,-1.1966493,-1.5696673,1.1334054,-1.9706906,1.6413729,-2.6305609,-0.53896785,-0.3138629,1.2197279,2.3059757,-0.8638528,-1.8422031,-0.014893898,-0.8699524,-0.90862006,0.13251951,-0.3383929,1.1033294,-0.36670086,0.50378436,-1.1991117,-1.4060572,1.3400525,-2.11531,-0.7072979,-1.3147109,0.31706455,NA19559,JPT,1
-1.9226084,1.9448853,8.779253,-13.520121,24.53911,-15.090956,-8.028065,-1.5865338,-1.5749296,-2.7256374,-0.52959585,1.22855,0.22639346,-1.6475077,-1.0909758,-0.14356133,-0.1567007,-0.57281435,0.92235494,-0.39145303,-1.2773057,-0.62816405,0.48377183,-0.89043087,0.40566182,1.0739071,-0.74534684,1.5037612,-1.1434046,0.21825483,1.5892209,0.77846324,-0.29691806,0.52480125,0.36923078,-0.10702712,-0.3576092,-1.050705,-1.2567627,0.86808324,-0.96729165,1.2173157,1.5164465,0.25212657,0.84809333,0.41998953,-0.66789806,-0.73907226,1.2132508,-0.75265247,NA18950,JPT,2
-3.0555,1.4129215,8.466871,-14.045899,25.342438,-14.304001,-8.04349,-0.52353877,-2.2962096,-2.471765,1.3559539,-0.63196695,0.41056517,-0.6672725,2.1286316,0.4111208,0.7740066,1.0105456,-0.849308,0.72606146,-0.38505098,-0.07468574,1.1019882,1.1053213,0.17197303,1.693057,0.69478685,2.3696604,0.57379895,-0.7146532,-0.22224417,0.55055314,-1.8938516,-0.5214487,-1.936823,0.39817226,-0.19321287,-2.0416443,-0.9911784,-1.014957,-1.29581,0.41704544,1.0499493,-0.20156004,-2.7703323,0.66047037,-1.5272667,0.74872416,0.22401729,-0.5480149,NA18988,JPT,1
-2.8739243,2.356898,8.68094,-13.162673,24.886877,-13.639746,-7.410249,-0.53061587,-1.5714617,-1.9530361,-0.090617545,0.3919884,0.06192314,-1.0413331,0.50219136,1.9412612,-0.88046396,-0.8291215,-0.82270163,-0.30297384,-1.3530177,1.0472622,-1.5197256,0.9512541,-0.9976098,0.76403016,1.3296248,-2.110339,-0.39677352,0.54349935,-0.53279984,-1.2331232,0.21201399,0.33669394,1.8814435,0.63703907,-0.96596974,0.62472844,0.13140872,-1.6137784,0.11849752,0.74953234,-3.9317186,1.5545145,-1.1108423,1.4983747,-0.8650619,-0.40123454,1.1952671,-2.2563539,NA19569,JPT,2
-3.096627,1.3957429,9.468344,-14.426766,25.242367,-15.509089,-8.928973,-1.3007554,-1.9780241,-3.5212326,-0.1732828,0.3629987,-0.48569897,-0.06996152,-0.79573524,2.3959577,-1.0266961,0.49723002,0.5503857,-0.028307503,-0.31125727,0.662043,-1.5568113,0.5579995,-0.15242013,0.22593135,3.4504023,-1.1517487,1.386775,-0.8976328,0.028023247,-0.8516508,0.95050997,-0.9768912,1.4689173,0.16598262,0.36679962,-0.54373,-1.0605437,0.90994674,0.4722413,0.20331524,-0.78818744,-0.5715416,-0.01030921,0.616293,-0.9788352,2.018243,-3.1420398,-1.896463,NA19090,JPT,2
-16.377045,-27.23776,-14.903836,4.9501796,1.4192357,0.8893282,-0.015523046,0.037504017,-0.54270744,-1.5498363,-1.1025943,-0.52231216,-0.4152453,-1.0295193,0.34837723,-0.047281437,1.424978,0.39355773,0.75597155,0.4040138,-1.5122288,-0.65670305,0.16358426,0.21014242,1.387921,-0.77858293,-0.29683632,-0.113349296,0.15397109,-1.5848119,0.42728752,1.3054461,-1.3756273,0.6179272,-0.9458497,-0.73316824,1.2704734,-1.4263746,1.1133107,1.3866197,1.9085696,-0.5107498,0.8815355,0.25642145,0.3594008,-2.8309197,0.5475142,-1.3690988,0.89233303,1.1186129,NA21297,MKK,2
-15.796061,-28.443457,-14.62907,4.9017754,2.2360919,1.5074531,0.4777077,-1.1828867,-1.2549186,-1.38214,-0.8831768,-2.3052487,-0.9242329,-0.8302369,-1.074007,-1.0029947,-0.0293382,-3.1898808,0.53532016,-0.87609553,0.19840556,1.3063834,-0.6255198,2.437334,0.4664284,0.70851904,-4.861268,0.6104997,0.09270913,-1.4328816,0.21110336,-1.5657012,2.1974208,-0.8173144,-2.2376661,2.3385613,-4.121269,-1.9561639,-2.0613096,-2.2866547,0.1468793,-0.5426145,-2.2058902,1.9181741,0.5302288,-0.9577137,-1.5212733,-0.88908195,0.918253,1.1091857,NA21379,MKK,2
-16.101406,-26.762098,-14.264045,3.999071,2.0466166,0.26324573,0.2434787,0.06402647,-0.6714108,-1.4207966,0.0034127282,1.3556005,1.4748758,-0.69390947,0.9871046,-5.447205,-1.7799953,2.73644,2.4068055,3.0633092,0.057376802,1.0119846,-4.5170045,4.374226,11.139567,0.9703792,0.8980052,2.3686485,4.3941736,0.41504857,3.7051406,0.6644083,2.088636,-0.6569902,0.27475655,0.48780492,3.2650008,2.266801,-0.82688236,-2.1055193,0.14083475,-1.295875,2.337757,-2.8437722,0.48057243,3.1120806,1.3149072,1.6188003,-1.49436,-0.7032512,NA21528,MKK,1
-15.664894,-28.017216,-14.526787,4.8454576,2.5490544,0.52757823,-0.329011,-0.0697502,-0.9484718,-1.0353856,-0.3043267,-1.4281015,-0.2577597,-1.6861211,-4.055624,-4.6534476,-0.75311524,4.6651797,-6.2122393,5.270214,-5.8480425,4.0423036,0.28627884,-7.267293,-2.3513472,2.545756,-0.7413822,0.011161177,-0.9384499,-0.78836554,-0.4805052,1.0739268,1.8429871,1.1293652,-1.0040637,-0.03219075,3.271881,2.391195,1.777096,4.3331127,4.0985627,1.9065421,0.52291673,0.7367421,2.6274543,1.9599661,-0.30339313,-5.0661297,-1.082895,-0.56053096,NA21423,MKK,1
-16.07965,-28.128794,-14.75141,4.3357253,2.5533164,1.1721232,-0.105809554,0.19191198,-0.88852507,-1.4601867,-0.547027,-3.1954012,-1.5245955,-1.1201423,-2.520067,0.86529964,-0.21095672,0.67987776,-2.748198,-0.55009687,-1.1536912,-1.7453097,6.408247,-6.401884,-6.1819434,-0.5803953,6.362807,-3.4335718,-1.2172811,-1.2770782,1.1264738,6.7730417,-3.394968,-0.06443992,0.90513414,-0.62894976,0.6638987,5.073741,-2.7224386,-2.9358163,0.5771914,-3.045059,2.0609803,2.181389,0.13652697,2.481051,-0.7085737,-5.266039,-1.8432602,-2.6041858,NA21634,MKK,1
-16.435354,-27.122189,-15.090307,4.9371333,1.7096409,0.52518225,0.1747811,-1.1246115,-0.59467554,-0.3584961,-0.04499671,23.989422,3.3990998,4.2556896,-0.60656464,-0.36233133,-1.6539061,4.9905405,-1.8342117,2.1073036,0.9547006,-0.19570126,1.5649042,-3.3397686,-2.1354299,2.0858881,1.1630687,-1.4665899,1.1642494,-0.26822355,0.021256788,-2.6237504,0.11489748,-4.2702827,-2.8919723,-3.3185315,-1.0491115,1.4213406,-1.3353196,0.324493,-0.58689266,1.9708151,-0.55023295,-4.101129,-0.12078131,-0.34988472,0.61470973,-0.35732433,-0.68527657,-1.3535762,NA21302,MKK,2
-15.973761,-27.708038,-14.612238,4.573911,1.9530033,0.41556618,0.013951124,-0.58801097,-1.1097884,-0.65975934,-0.37437218,-1.2052648,-0.6442413,-0.62465245,-0.42049983,1.8944703,0.7620501,2.245766,-1.1707586,1.1178014,-4.4949045,-0.15327144,1.5462954,-7.686281,0.028898792,-0.5839703,-1.6821826,-1.1139526,2.8137684,-0.39085853,-1.6720653,1.3450308,6.861806,0.42125183,-5.0807066,-0.6242235,4.257352,1.2359391,0.82765603,4.5420084,5.2845407,0.2688588,-2.5436497,2.774635,3.7862964,1.4597456,-0.65461504,-2.4367776,-1.1944895,-1.8383263,NA21447,MKK,1
-15.789568,-28.275742,-14.342657,4.3693886,2.8138006,1.3820198,0.013492184,-0.2252338,-1.301265,-1.6050192,-0.18024094,0.29109675,5.387602,-4.213247,-11.585733,15.663902,0.57477635,3.984319,0.7457451,-1.1195219,1.2342325,-2.7281675,-3.8873367,4.6712756,-2.8897402,-4.343657,3.1040852,-0.16791679,3.7261612,0.15713166,-2.6850019,0.4605293,0.47121713,-1.6583316,0.6428405,-0.58497787,0.23388539,-1.2681639,0.97836757,0.21173586,-0.61579067,2.6762426,0.7331359,2.0852273,-0.33697438,0.7492945,-2.3920674,-0.5395832,0.13239619,0.55742574,NA21513,MKK,2
-15.722727,-26.926651,-13.919094,5.425955,1.8337761,0.9930469,1.1916273,-0.369873,-0.96999377,-1.2542485,-0.07950795,-3.3063962,-0.7378754,1.1526089,-1.4111662,-2.3380516,2.46584,-5.8171115,-1.8086811,0.09298756,2.3978007,-1.7339591,-1.3113635,4.255326,-2.275656,2.3847933,3.2427979,-4.5233703,1.811183,2.831889,-3.8857732,0.7394469,-2.9928575,-2.723661,1.1473187,0.3087178,0.43748662,-0.71169883,1.3699182,3.0411549,1.9224583,2.574894,2.5484748,-1.2624949,-1.5795746,-2.2303731,-1.158464,-0.26454866,0.45458847,-1.5493348,NA21400,MKK,2
-16.208591,-27.261988,-15.382113,5.420262,1.6772283,0.24697125,0.20863649,-0.6624048,-1.6574912,-0.5110944,0.6663583,0.588384,-0.9314438,3.0126004,5.1677275,2.0867076,-1.5150844,-3.4551346,3.679598,-0.06167503,-1.0972587,0.3710596,1.0953647,-1.8782696,-0.49513042,0.4622311,-2.2463887,-1.1473721,1.34881,-0.5866125,0.16772132,-0.17575309,-3.3920078,-0.4280268,1.3201325,-1.9362938,2.323132,-0.037712377,-0.27147597,2.240141,1.7726732,-0.32176918,-0.8658349,-1.0271598,-2.343711,-1.1810325,0.37815395,-1.1755946,-1.4531405,2.4514017,NA21454,MKK,2
-16.097252,-27.17874,-14.846663,4.701156,2.1199212,1.2335968,0.9683177,-0.25484622,-1.1735295,-1.0823634,-0.4750552,2.0786502,-3.4374871,0.84419024,6.819755,4.9821663,-3.8376586,-0.69756025,2.1323817,-1.9798678,1.5638614,-1.2928035,3.0189695,-0.59522945,0.9105091,-2.7874506,3.2658112,-0.6377806,-4.035036,-2.780236,1.39984,6.020656,-2.4560568,-1.5093647,-2.4364338,1.7605507,-0.7206568,1.6741959,-3.0071988,-3.1386476,-0.6302355,1.5998424,0.29155055,2.837962,-3.378899,-6.5157504,-4.609163,-0.44642895,-2.690964,-2.0860069,NA21480,MKK,2
-15.934265,-26.84262,-14.3344145,4.452124,1.9581251,0.34014142,0.1578247,-0.50656354,-1.2569928,-1.046717,-0.7417558,4.933043,5.23732,-4.2397456,-8.401563,14.142763,1.7812625,6.1484203,4.950205,-0.2517381,1.0712334,-4.477968,-7.7054105,4.5399685,1.0181321,-0.6649951,-0.9673723,1.093519,2.4447591,1.8934456,0.033946007,-2.2466075,1.7107121,7.122413,3.433047,3.3716524,-0.7882465,-2.8539,0.21898422,4.2852077,2.4680448,2.9519029,3.948983,1.2376535,4.0253644,1.7225039,-2.937147,2.0131624,1.1783206,0.06494334,NA21608,MKK,1
-16.226362,-26.800875,-15.452681,4.552077,3.2834122,0.036114614,1.2182896,-0.8105266,-0.18621282,-0.10310802,0.42218915,3.1251762,0.21053675,-0.99259657,-1.8821476,3.1241293,0.52548444,-0.7968405,1.9259872,1.2256814,0.29900694,-3.78928,-0.52223283,-1.689912,3.134499,1.3133365,-0.8313393,-0.44457698,-3.4006612,0.2540581,3.198892,-4.132448,1.6002426,5.3506885,2.8923554,4.3918667,-0.5824155,-0.14617732,1.6059296,4.410426,0.28349602,0.17437518,6.5625896,0.30851585,3.3907216,-3.3490179,-0.6915685,-0.8008165,2.1771574,-3.2050486,NA21717,MKK,2
-15.5271015,-27.311058,-13.016801,4.9635625,2.5951285,0.23867217,0.2846959,-0.9411329,-1.0155818,-1.3070761,-0.54395086,-2.8141344,-1.1979809,1.5102823,2.2088408,0.98839515,0.88510394,-8.374016,-4.866637,-0.4328272,-0.04106799,3.9846046,-2.2826662,3.0050895,1.3912212,-2.308453,1.9148767,0.51688313,-0.3684459,-0.58593076,-0.98284245,2.3640668,-0.05847787,0.83839345,-1.6431745,-1.813363,-0.8064697,1.5009981,1.2788587,2.483869,2.1041024,-1.2745446,-0.5300646,-0.99045855,0.62551665,1.0307218,2.1013916,0.9181675,1.2019283,-0.63349485,NA21476,MKK,2
-16.279451,-27.575075,-15.019859,5.098897,1.7460974,-0.058879286,0.3010566,-0.22333539,-1.8196715,-2.188312,0.4809266,1.7121471,-2.0974712,0.90015686,8.541882,-7.8503156,-6.899228,23.162516,-4.8064113,-7.6027117,-3.0587842,7.2289004,-7.0838985,13.4053545,-1.7995211,-3.5663917,0.3324715,3.2330856,-3.3446395,-4.3028274,-2.740135,1.7125223,0.3097238,1.0207974,2.880014,0.5906846,-0.047055602,-2.5067227,4.6695137,-1.5799096,1.5733812,-1.8122336,-2.2973776,0.94583106,0.58602995,0.43266436,0.10960916,0.5973696,-1.0171883,3.3102663,NA21384,MKK,1
-15.826996,-26.530691,-14.529811,4.9167833,2.504207,0.8490889,0.2761032,0.12740803,-0.030643532,-0.8070936,-0.7115092,-0.49714068,-3.497544,2.702397,8.656394,5.883031,-3.3334749,2.2461152,-2.6307313,-2.3691645,-0.65472966,0.060540255,0.31126505,-3.6913455,0.220175,0.89756435,-0.48362222,-3.4068398,-1.5410401,-1.7060136,2.5335083,-1.3291034,4.50292,-0.59824777,0.5311048,2.1682549,-0.8753634,1.2085145,-2.8713748,-0.3926284,0.045932606,-1.8274186,1.3294265,1.5040172,1.4382302,-4.431689,-1.9682163,1.9070433,-3.1078944,0.5065784,NA21391,MKK,2
-16.030321,-26.789845,-15.499298,4.171366,2.2569413,0.5801087,0.50402004,0.1254847,-0.99218124,-0.6286741,-0.33178282,-2.282604,-0.39547086,1.1014194,-1.14917,1.7189363,0.09334785,1.0091779,1.2213836,-1.4598522,0.7071494,-2.5946677,1.3419726,-2.2731915,1.5649426,1.5776429,-2.7518945,-0.11984649,-4.80478,2.111331,2.8938408,-5.7532234,-1.3760003,1.7183884,3.1946588,1.0219227,-0.3041332,-1.27155,3.7075138,0.8960273,-0.48504505,2.2250383,3.1008317,-0.84192836,1.4272349,-5.2958646,1.032363,3.6805935,5.8166385,-0.2987252,NA21716,MKK,1
-15.688562,-28.449709,-13.989654,4.943339,2.4506874,0.62450475,-0.42800993,-0.74214125,-2.0503929,-1.6322613,0.7458543,-3.7521546,-3.3380985,6.222025,13.9166,12.795823,-0.6793122,-7.5795507,-9.991514,-1.2089399,0.28416884,3.7200623,-3.6479,-0.28896603,0.8694215,-4.2352395,3.1842647,1.5692106,-1.9858577,3.1855226,-0.034589805,2.5935593,-1.0314257,-0.7492058,-0.46422958,-3.3251626,-0.10345331,0.99065065,0.8517255,1.2559423,0.2695039,-0.947055,-0.7219973,-1.822637,-0.20341589,2.0422692,2.3748112,0.26724967,2.3651545,-2.2220805,NA21477,MKK,1
-16.161282,-28.105589,-14.809729,5.0191274,2.1846204,0.41739208,0.2470608,-0.8568064,-1.0214245,-0.37454635,0.31115958,1.0843803,-2.963976,-0.007184351,6.0469046,-4.939299,-1.2928197,10.324596,-0.5210882,-2.5886266,-0.50952107,2.9829702,-1.3807968,3.5601664,-2.3767653,-0.6574752,-1.8644011,1.8316271,-2.7076106,-4.326443,0.031459235,-1.2335325,0.7251043,-0.9159039,0.57234365,2.3863761,-2.4384568,0.1657964,-1.6488241,1.6922662,-2.0836365,3.2566686,1.9963187,2.5045714,2.4960659,-2.5309813,-1.0761037,-4.0930924,0.0038849886,2.8930933,NA21382,MKK,2
-15.876792,-27.62851,-14.911034,4.9090986,2.0721996,0.82617325,-0.2161431,-0.48626488,-2.0443506,-0.73316413,-0.50966275,1.3121121,6.32478,-3.1735451,-13.683937,16.87659,3.0474672,5.5049047,-1.7222034,1.0130516,2.5394046,-2.0552332,-3.2290192,2.1564176,-3.625555,-3.1662028,4.5224767,2.499826,2.6181254,1.0815834,-4.3395457,1.1198132,1.4669474,-3.7062314,2.8410134,-1.7634798,-0.5549726,-2.8133907,0.32094312,-0.5730795,-0.24490604,0.6580477,-0.878349,1.5360265,-0.43669307,-0.69174564,-1.5938224,2.0603507,-2.0943272,2.5840502,NA21686,MKK,2
-15.664542,-27.41548,-14.834797,4.014453,2.066735,0.29224777,0.76989865,-0.6169208,-2.0773199,-1.5057224,-0.39391163,-1.3647715,-0.9252045,-0.18902496,-0.36102548,-1.6678101,-1.3916453,-0.8658755,2.0247173,-1.261454,0.5058724,1.4679902,1.5188237,1.5158014,-1.0020821,-0.7496353,-1.3497528,-0.14395869,0.57295513,1.3205531,-0.67445135,0.7457258,-0.31890616,0.42644507,0.85321563,-0.9886355,-0.0095264,0.46573928,-1.6771724,-0.35902107,0.21299314,-0.1257867,1.4157648,1.876991,0.88283396,0.67889196,0.20134099,-0.39848685,-3.0835676,-0.0057609095,NA21336,MKK,2
-15.988489,-27.01563,-15.304152,4.6501455,3.3937829,0.023530602,-0.085533485,-0.6244005,-1.2369915,-0.6904114,0.0885847,-2.7271862,-0.81327766,0.88672554,0.6414401,-0.6664413,0.050756652,0.8389437,-0.09222382,-0.80560815,-0.81341475,-1.3847976,0.042477924,-1.0890757,0.5098857,0.9320478,-0.82096183,0.2321015,-2.5256472,2.051114,2.1042347,-2.820471,-0.64317465,2.5757315,0.7086024,0.6403353,0.9973905,-2.0066311,1.6845962,-0.64721626,1.0207274,2.2782958,2.9017804,-0.87501854,0.10395618,-3.5248365,2.5215316,3.882171,3.63237,0.8185,NA21741,MKK,1
-15.689085,-27.108837,-15.062133,4.843266,1.9679183,0.34406874,0.80779546,-1.7228644,-1.2400726,-0.7169506,0.53362316,-0.7022373,0.29265645,-0.6652971,-2.503026,-2.2851903,1.3746555,-6.004568,-1.3924835,-1.295562,1.5090289,0.7730495,-1.6035188,5.1359057,-0.06993654,0.025010426,-0.8375562,-0.9705594,1.807085,0.3739449,0.11845061,2.2988827,-1.1310804,0.2210005,1.0368638,-0.21386817,-0.27511847,-0.8635375,1.3364704,1.8641446,2.0066047,-2.7215977,0.24130665,-0.97699785,1.5542496,-0.16744757,0.13448848,0.19261858,-1.5112295,1.319536,NA21576,MKK,2
-15.894445,-27.99024,-14.656572,4.767474,2.044214,0.28033975,-0.14964412,-1.2485733,-0.3681272,-1.3133782,-0.38479808,-0.9235627,-0.5036688,-0.41484812,3.4515908,-1.0639343,-0.59401125,-1.2998563,3.9673557,-1.0982803,0.41393003,-0.5192134,2.454327,-3.1129065,1.5504113,2.4997559,1.9807624,-0.2733177,-0.7733128,1.143629,-2.0993412,-0.1022884,-2.4403505,2.1461618,0.26384124,-0.8150441,-1.6669409,0.6140091,-2.579415,-1.0720495,-2.2892241,3.2419446,0.86208904,-1.7200066,-1.4403086,-2.1752176,0.5425179,0.7859509,0.018112175,-0.317677,NA21740,MKK,1
-15.457834,-27.052776,-14.257706,4.5341077,3.2779272,0.48608807,0.0055794585,-0.55872947,-0.7641618,-0.09022062,0.1150619,-0.83066803,-0.3391001,-0.8679343,-0.9395774,0.04165616,-0.46782118,-0.09612251,1.2498112,-2.3660295,-1.336342,-0.21643311,2.1636138,-1.0775702,-0.43690965,-0.92042494,-2.8975608,0.036902305,0.8880998,-0.76579744,0.30817273,-1.0389429,-0.1654206,0.26902008,-1.4894563,1.1910008,-1.7660719,0.3461478,0.005934151,-0.3296572,1.4022294,-2.1285214,-2.2023861,0.89459,0.01666379,-1.3585038,0.9029042,-0.78813803,0.35561273,0.5362311,NA21451,MKK,2
-16.254953,-26.528461,-13.1604395,5.217863,2.249001,0.14237526,0.37065077,-0.9126537,-1.2355373,-1.684904,1.6037074,1.2879806,-0.21251035,0.8645621,-1.7997336,-1.3615041,3.6840544,-6.041287,-2.9337811,-0.21831113,1.3329483,0.19517301,-2.4333575,1.8180549,1.0859843,-0.8964218,0.34058812,-0.2898058,0.36369056,2.455737,-2.204706,1.4294109,-1.7719439,-2.351244,2.309576,-1.3381197,0.83197916,-1.4977964,3.5856,0.30351698,0.034094878,1.4413872,-0.66464996,-0.29176942,-2.3217423,0.66391796,0.2112454,3.8797846,-0.0017496189,-0.005665858,NA21733,MKK,2
-15.880456,-28.288486,-14.720976,4.1972904,1.618222,1.1029954,1.0635142,-0.83488697,-1.370916,-0.47505656,0.4109933,-3.5266304,0.2964715,-0.535353,0.085358396,-0.87511975,0.24681838,-1.9591687,2.100934,1.0572591,0.6071052,-2.61922,2.678304,-3.543962,1.3697929,-2.9975657,-1.9210283,-0.40478513,-1.5350341,0.83460116,-0.8954902,-0.1496154,-0.16733564,-0.9594292,-0.5254665,-0.19007446,-0.8160827,-0.4023164,-0.4839964,-0.70508444,-0.9550842,1.8420225,-1.4163584,-1.3597863,-0.4285535,-0.3728046,2.1239767,-0.55327415,0.509265,0.11670403,NA21616,MKK,1
-17.015305,-28.329056,-15.78061,5.4434066,2.7973995,0.5135942,-0.5037254,-0.5788124,-1.3264247,-0.103013985,0.39292663,-1.8951666,0.0128898425,0.09223301,1.2087464,-1.2034454,1.4820454,0.36219454,2.5120454,-1.9202447,1.9077548,-0.89362466,0.8280201,-1.0446494,1.2222648,0.03816299,-1.0642891,3.4028132,-4.7890964,2.0071363,-1.0688932,-0.35457522,-5.086103,-0.9747384,-1.9751719,-3.257061,-2.2245986,-2.0892696,0.0597185,-1.587867,-1.1842897,-0.39461386,0.5762423,-1.9996749,-3.1929355,1.5301838,-1.8019778,-0.041602414,2.1350138,-2.1628613,NA21434,MKK,2
-17.037352,-27.962793,-14.723533,4.3768272,3.0877502,0.38996276,0.9096436,-0.23161373,-0.43985435,-0.9509599,-0.16131577,-1.7636849,-1.6194162,1.4089744,1.7226149,1.7968317,0.16857079,-1.4396759,-2.895019,0.7609896,0.25819364,0.47659516,0.2665485,-0.23581193,-2.0291994,2.0620008,1.4038283,-0.03631617,2.2800112,-0.7597958,-0.934466,0.31907484,1.1904973,0.20986545,0.9309245,-0.32284918,0.93350464,-0.6781008,-1.2496346,0.51162267,1.034343,-0.065499656,1.1088984,-1.1384096,-0.56128085,-1.4683133,-2.1065576,1.518597,1.5218227,-0.044417452,NA21784,MKK,2
-16.645784,-28.386496,-15.360554,5.0957193,2.1677814,0.4896452,1.9187217,-1.5128648,-0.9514361,-0.18197778,0.56460816,-0.34275028,4.280413,-2.4178398,-6.478846,4.6194606,2.067285,3.075755,-1.5418669,3.3215988,1.4661621,1.5988154,-0.5296448,-0.147315,-3.1199303,1.1207108,-0.12445885,1.8853685,-3.5552623,1.6412834,1.5088236,-3.1482608,-1.0923218,-2.6186705,0.53499025,-1.5977035,-2.8043258,-1.2048389,3.5642664,-0.91049665,-4.0384464,-0.9064639,-1.2730131,-3.1641977,-1.6955788,-0.7542506,0.7152144,-1.832375,-0.27014396,-2.941781,NA21300,MKK,2
-16.119446,-28.262907,-14.065933,5.3293805,1.9545221,0.053334035,0.5376895,-0.52939576,-0.13356833,-1.4942324,-1.1003152,-1.8297423,0.90026754,0.07374132,-2.8933322,-0.6277239,-0.025382906,-0.39380774,0.88513416,1.0798888,-1.939175,-1.3681501,3.164694,-4.187001,-1.5279357,-0.34993342,5.0959272,-1.8426226,1.6856638,-3.3816328,-1.6596437,4.543627,-1.1806135,2.531664,0.31080937,-1.3052064,-0.40969732,2.900362,-2.8707817,-1.0471946,0.2483979,-2.5418985,0.6714523,0.102602825,-0.8642947,0.33781952,0.4620575,-3.4820917,-2.1935282,-2.3062835,NA21435,MKK,1
-15.928055,-28.419996,-14.467253,5.2003007,2.1094694,0.032879412,-0.017736854,-0.44392756,-1.154259,-0.68555075,0.5868201,-2.0001957,-2.2324624,0.9561584,-2.6377816,-4.585089,2.9580545,-10.694225,-7.5389004,-0.68650556,1.8733885,-0.33804345,-2.9421463,5.401284,-2.9151473,-1.2284849,4.8585525,-3.8868644,4.6848607,-2.5205507,-2.7601292,1.3965843,0.3490473,-2.721139,0.22018503,-2.4590242,-0.66675407,-1.4285055,1.0097793,2.6209512,3.4217722,0.119741105,0.9667926,-1.0990195,0.44195068,-0.9345655,-0.17944254,3.0595582,0.3442672,0.632474,NA21357,MKK,2
-16.138166,-26.389565,-14.408071,4.980884,1.6759274,0.2839209,1.1499965,-0.7488468,-1.1782633,-2.6394358,-0.29749185,-0.3835709,0.18493442,0.6250687,0.55303806,0.48400402,-0.37926927,1.3473612,-0.015133536,-1.5744354,0.39250368,-1.080748,-0.19010429,0.3447767,0.9775161,0.00260508,1.414638,-0.498669,0.30468634,-1.1978779,0.18737572,2.4108799,-0.06993434,-0.15335892,0.41045687,-0.07065406,2.1372654,0.9762495,1.3006572,0.70395017,1.6642854,-0.0768612,-0.35057485,1.22464,0.041877724,-0.30204657,-0.5365447,1.0466577,0.34293765,1.1172088,NA21355,MKK,1
-16.331266,-27.606531,-15.044547,4.740432,2.7163534,0.2138017,0.03846786,-0.61494297,-1.9374597,-1.4529357,-0.6371517,-0.75450915,-0.9942965,0.7635291,0.24240242,0.39250672,-0.40682575,0.34559155,1.8626078,-1.338285,-0.17328452,-1.1261533,-0.045025095,0.030707706,1.0415663,0.91259825,-1.3345586,-0.0027825776,0.633885,0.7517707,0.15513958,-4.0897503,1.0179545,3.5164876,0.42001277,0.7902875,-0.5010847,-0.25909114,-0.9823493,2.8865204,0.3381911,0.6511218,3.7259314,-0.43384403,1.6780553,-1.5613962,1.2524856,-0.21331282,1.9783115,-1.7389581,NA21578,MKK,2
-15.776922,-28.30201,-14.910934,4.9562397,2.2622235,0.40488428,1.3911506,-1.2746081,-0.04860812,-2.0357077,-0.73806304,-2.7643516,-0.74847203,-1.814269,-3.8199916,0.6692966,0.43668258,0.4662253,1.3367034,-0.25540367,-0.8385592,-2.5667565,1.6541595,-3.4471061,3.9290972,1.0776027,2.0339892,-3.2243295,3.0348852,-0.76560915,0.45701417,0.4855091,2.3803523,-0.84226584,-4.9585557,-0.9434328,-0.5163124,0.5325237,1.9086981,-1.1942825,0.42402378,-0.30883348,1.5570099,-3.217882,2.3344507,1.0022147,1.8246855,4.2674117,-2.9005687,2.410379,NA21414,MKK,1
-15.913201,-26.772638,-15.350443,4.562463,2.234646,1.1017225,0.927003,-1.271524,-1.9337871,-1.0703578,0.37225538,-0.99399626,-0.8261925,-1.1291239,0.12151233,0.5239008,2.1067188,0.7341294,1.7926936,-0.49832496,0.62202245,-1.4411558,-0.6090053,1.1655306,0.75275743,1.0244671,-0.77631474,0.39861315,-0.035255346,-0.82767755,-0.3810142,0.5742928,0.30745617,1.6311883,0.31093127,-0.6401475,-0.44010046,0.9324985,0.18886131,0.2927005,0.4126418,-0.42010784,-0.2254125,0.16122177,-0.18044661,2.1003869,0.5804504,-0.9386613,2.9681993,1.4097531,NA21491,MKK,2
-16.65374,-27.24942,-14.125968,5.1558495,1.2368395,0.13472092,0.39000893,-1.8208421,-1.2443669,0.057910107,-0.34849283,-2.9039857,-2.2914417,-0.1320631,4.282285,-9.93701,2.9378874,3.1059678,3.7205486,-2.6192718,8.678501,1.2720094,4.0069423,3.8948317,-7.846264,9.183457,12.109666,-2.3423016,1.457111,4.4246507,-0.57956815,0.2563679,1.6373194,-4.587535,3.2280452,0.6539413,-3.8915079,-1.304903,-0.9531335,0.72693807,-4.026394,6.7830033,0.9979857,0.3323231,0.13869369,0.54775745,-2.289993,-4.257177,-1.5404577,1.1837788,NA21405,MKK,1
-16.688374,-27.612658,-14.86905,4.4899564,1.0812461,1.04197,0.3726954,-1.3967983,-1.6553394,-0.5963845,0.19591726,-6.707685,3.7958686,-2.5974314,-2.7828856,-6.073222,-0.48651746,1.8830966,-7.560995,8.741236,-4.4640837,8.40385,-4.673546,-1.2498546,2.058361,6.230098,-5.646848,7.116034,-1.6407285,3.6371896,2.5226705,-4.0816355,0.65131384,-0.98083675,4.8430486,-1.8798419,2.968328,-0.90691733,-1.5689598,-3.070282,0.9328492,-1.224429,-3.5462766,-2.6354947,-0.90427196,-0.061897457,-2.388636,0.87164176,-2.3431833,1.5836719,NA21313,MKK,1
-16.230959,-28.230555,-15.722666,4.333523,1.8994856,0.6943157,1.0213155,-1.1119289,-1.5372493,-1.3274492,-0.68391603,-3.977215,-3.230652,0.57443625,3.673369,1.3282585,-2.4954906,-1.4353015,-1.8036807,-0.54969126,-0.20420532,0.9385739,0.29297858,-0.53229016,1.9710926,0.67244893,-0.5561056,0.41763708,5.138855,-2.0218472,2.613333,-0.018880129,5.1844473,-1.1806277,-2.0074482,1.5789635,-2.0518436,2.1543198,-4.104662,-0.094926074,-0.1180064,-0.22971392,0.5395957,3.0400484,2.416414,0.07016938,0.69997007,0.53633374,-0.7344007,0.3717763,NA21486,MKK,2
-15.527925,-27.752426,-15.264348,4.4979496,2.297616,1.3366894,0.29856312,-0.7891758,-1.5741547,-1.6184102,0.61651355,6.5054846,0.39093894,2.0810041,5.820765,1.8718916,-2.0002632,-4.950846,10.507791,-2.079552,-3.881927,-0.7969124,2.1438468,-4.119754,4.9784737,-2.1239233,-1.0820233,2.9482877,4.271142,0.48828104,-3.211588,3.3271043,-7.6959705,2.230206,3.8473554,-2.2180088,2.9039693,-2.8068142,-3.888904,-0.033432636,3.3352358,3.773921,-5.7628074,1.4733185,-3.9645345,-3.4005148,0.5528817,1.5908909,0.88125664,0.24595802,NA21453,MKK,1
-16.832449,-28.252947,-15.267732,5.1120667,0.7323618,0.30084482,0.036615524,-0.45713717,-1.0847052,-1.9758453,-0.15369332,1.6862565,-1.2626635,-0.4680252,3.2320094,-9.994808,-4.7302947,17.514051,-1.4985335,-3.653635,-2.399183,4.398472,-5.360277,11.174216,-0.2403718,-3.347239,1.350431,2.8700857,-1.3096855,-2.5361102,-0.12369322,2.776793,1.4917381,-0.31880313,2.0176115,0.46160462,1.824109,-0.937065,2.365163,-1.7246273,3.3207047,-3.5850577,-2.2741013,-1.9331996,-2.2240846,0.74221677,-2.3062932,2.592731,0.23592079,0.7194048,NA21386,MKK,2
-15.738028,-27.408258,-13.780266,5.031695,1.7306669,0.49639636,0.11634414,-0.714053,-1.7468483,-0.46963713,-0.009545705,3.3266652,5.8752937,-4.880328,-11.347808,14.448842,0.07735556,7.2220383,3.0284588,-0.6013592,0.6649949,-1.9231173,-5.7219534,3.082647,-0.8706547,-2.859304,2.3332436,1.6533418,5.271402,-0.522336,-3.1581864,1.9060562,1.2424223,0.10829316,1.2493774,-0.9321481,0.7364644,-3.6033208,0.35051632,1.2609653,0.33795166,1.038554,-1.7221422,1.1175772,-1.0561436,-0.038894854,-2.4337656,3.1222851,-0.40287787,1.0377973,NA21614,MKK,1
-16.02207,-27.966301,-14.418042,4.6783557,2.568163,0.93805784,1.1064878,-0.35988417,-0.2735837,-0.97668296,0.65294576,0.08327407,-0.5690358,-0.33255416,2.88845,-1.6138185,0.18832622,-0.6696673,3.0954142,0.85445213,0.48866355,1.2964611,1.7463164,-2.1404934,2.5717387,-0.80773586,-1.8326205,1.8895895,0.16386823,1.5535238,-1.110397,-0.70544666,-0.9673905,0.86749834,-2.182481,-1.4132031,-1.0452535,0.5041671,-0.8463537,0.5957452,0.65408933,0.96045256,1.2314517,-0.44378152,0.06787488,-1.5004237,-0.41274872,0.35185716,-0.47197545,0.11450899,NA21390,MKK,1
-15.956754,-26.596033,-13.356633,4.7438054,3.10804,1.0567648,0.7624077,-1.4874818,-0.4206682,-1.1243784,0.4099594,-2.0095909,-1.8065959,1.6427209,2.9835124,-1.6133163,-0.40462017,-2.0770743,1.8844951,0.29967055,0.6493465,0.8080858,1.9109656,1.2180725,0.14483085,0.34972185,-4.0494175,-0.46586695,0.36114576,-1.2759969,-0.7591359,-5.5807505,-0.2906254,1.4130976,-3.4897883,-1.3223718,0.4255087,-2.5097075,3.1813865,2.9798894,-1.406985,1.2659225,-0.34400687,-3.7234328,-0.20227036,-1.4127092,-0.39753935,0.2831336,-1.2969226,-3.033384,NA21600,MKK,2
-15.999278,-27.52135,-14.235328,4.817381,2.7443283,0.11987541,0.32095233,0.35043806,-1.4171401,-2.5126667,0.4802151,4.8332767,2.695504,-1.1278511,3.3742187,0.95021623,-0.1941496,-3.2009048,8.877289,1.506384,-0.9219306,-1.9092002,-4.7378807,0.31149563,18.790249,2.5455403,2.8258333,3.604119,7.6446524,0.08122044,1.1818349,2.3410418,-2.9100914,1.8342521,5.36372,-1.3900356,3.5493574,-1.7117742,-3.5455446,-2.806554,-1.1233766,1.0465176,2.3216434,1.637782,1.2523594,1.5477562,1.0858903,2.6143143,0.3116191,3.3750892,NA21494,MKK,2
-15.671793,-27.486692,-14.35335,4.8877115,2.6024282,0.6689189,0.81503016,0.49754298,-0.71059376,-2.6458027,0.5835289,0.5447892,2.1003926,-3.0855439,3.8093178,0.14692129,-0.70337605,-3.3711236,5.479458,3.5264182,2.594822,-0.13831525,-4.1438937,4.513585,21.713243,4.015611,2.392602,2.9419324,8.069413,-0.88919336,3.7097437,0.25543246,2.7676532,-1.1355683,0.78064674,0.008815322,1.1795424,2.0666964,-3.2253344,-3.9211364,-5.2857113,-3.5363312,5.880931,0.4267485,3.4429283,3.9808435,2.3219016,-0.028027086,-4.5653987,1.995224,NA21522,MKK,1
-15.876508,-27.9239,-14.796572,4.7140026,2.06947,0.6285289,0.35113543,-0.6927557,-1.4262853,-1.3888217,0.29953995,-4.1311703,-4.6210804,6.280961,19.446857,14.005265,-3.284089,0.19994807,-9.641871,-1.1476517,-0.4135313,3.17929,-4.0120726,-3.6899345,-2.7011218,-0.4060764,2.1925187,-1.2882563,-2.6792994,0.23655076,1.7142715,0.88740104,1.1289763,-1.8871058,0.91767186,-0.6824599,-1.2490505,-0.092018984,-2.2709532,-1.7650999,-1.4117081,-0.08030228,0.721381,-1.6459763,2.4122875,-1.015023,-2.977749,0.16905667,-0.34242302,0.52262694,NA21488,MKK,1
-16.796772,-27.52474,-14.713294,4.382826,1.9388288,0.9975918,0.39557245,-0.6805995,-1.5695392,-0.33680773,0.37100363,-1.6378,0.6417788,0.6128657,1.8099908,-6.0103383,-0.6624747,1.0274911,-1.6966835,4.243877,-3.7501562,4.0164914,-1.8001096,-0.7197986,2.965434,3.763516,-4.5271015,3.4009392,1.3399442,1.5335546,2.4680233,-1.8472096,4.4126263,0.118641235,2.15357,-2.5718234,4.1034255,-0.5563017,-2.2020843,-0.06418998,4.620309,-0.36672556,-3.5197968,-1.3243506,-1.0622033,-0.26694041,-4.433672,1.0920047,-1.3155775,0.8073896,NA21362,MKK,2
-15.670943,-26.903658,-14.668772,5.1244397,2.0824823,0.06781281,1.0534489,-0.6238416,-0.9471843,-0.78470474,-0.76375324,-3.7031355,-1.0363185,1.3777534,1.4065293,-5.6807847,3.668948,-3.9703782,-0.21009727,-1.8335998,8.051416,-1.3537338,1.894954,4.4383764,-6.4430733,6.52447,9.764253,-4.4794025,2.4572833,5.298476,-3.044055,2.3611147,-0.039950006,-6.6342864,3.688658,1.2970055,-0.26487437,-1.5125577,1.0392828,1.6427528,-0.9340166,3.9438999,4.0623612,-0.040092997,-1.4212708,-1.263437,-2.17139,-2.624482,-0.64935887,-1.1835564,NA21401,MKK,1
-15.271673,-27.4357,-14.357975,4.487982,2.068283,0.48572865,0.2544847,-0.030618327,-0.9882412,-1.5272003,-0.6923981,2.3012714,-1.9766616,0.025751317,3.3298037,2.8803644,-1.959458,-1.1544477,5.7421155,-0.85594594,1.110323,-1.1060888,4.3030505,-2.8149686,1.0818177,-1.6877477,0.15305412,0.6823355,-2.7080774,-1.6017759,-0.9165763,1.9870476,-3.731238,1.2450354,-1.1115915,0.94740325,-1.2514309,0.2058469,-0.15698807,-2.1837192,-1.8989617,2.7681298,-0.79048914,1.2902869,-3.8050852,-4.009829,-3.0110703,-1.5401869,-0.7290456,-0.81730634,NA21479,MKK,2
-16.302744,-27.310568,-14.67842,4.1677666,1.4461472,0.44105667,0.11475267,-0.23912133,-1.8558342,-2.3525167,0.87759274,1.9496549,-2.6351724,2.0737798,8.662468,-6.349254,-6.089144,19.403122,-4.132358,-6.7375746,-2.3918664,7.130112,-7.568009,10.958436,-1.9760039,-2.4163918,0.5868152,2.9846563,-2.702001,-3.6022325,-3.2247071,0.3034723,0.6313074,2.635063,3.7508214,0.7870734,-0.34321406,-2.6295676,4.1012173,-1.3901198,0.79834163,-1.5588905,-2.2429953,1.6366191,1.2832271,0.09994187,1.5960819,-0.9832435,-0.19048935,1.9676698,NA21389,MKK,1
-16.478094,-27.737137,-14.694137,4.1340575,1.1130457,0.13187572,-0.36821052,-0.9445489,-1.2718713,-0.8775934,-0.7129722,-0.39981338,0.21621813,-1.8366528,-1.8057705,-4.532115,-1.646324,1.3504695,0.5581501,1.9931098,0.0158578,-0.02473499,2.5579648,-1.2428237,-0.29299065,0.38775262,0.25420794,-0.430756,1.3060333,-0.2131382,-0.61936426,-1.4851345,-1.166532,-2.1786947,-3.0088072,-0.61255884,2.2497523,-0.76228386,-1.303581,0.41296566,-0.90690833,0.07262209,-1.2320004,-1.9899498,-3.0861416,-1.2594817,1.9047912,2.1253126,0.9509369,-0.27958128,NA21650,MKK,2
-15.129579,-27.059874,-13.856958,3.4556324,2.0847259,0.6244684,-1.1043762,-1.0984606,-0.69728416,-1.0778862,-0.44093934,-3.5300348,-0.69903857,-0.67559844,1.215786,-1.2951032,-0.14730082,1.2005811,4.4095926,-1.2809548,0.29034844,-0.691213,0.2686763,0.69157565,0.5067771,0.082484655,-3.1306021,1.1968464,0.19130862,-0.8066317,1.2007606,-2.101972,-0.44402805,-0.35987604,-4.185931,0.39516184,-2.4504244,1.4106983,1.2894281,-0.7899435,-1.5874854,0.15060142,0.41620734,0.8857068,0.8370402,1.0551325,1.228462,-1.0424765,0.28548676,1.57752,NA21768,MKK,2
-16.354937,-28.049152,-14.74317,4.7145953,2.1657505,1.1619262,-0.25064838,-1.5166254,-0.66330904,-0.6609523,0.071051285,1.2201797,-1.5145642,1.3101169,2.0162723,-1.5782439,0.59073687,-0.19509651,0.9224295,-2.2945132,-0.13825375,-1.1194228,-0.7831664,-1.53658,-0.57433534,0.4841772,0.47354758,-0.47012702,0.563944,1.224241,0.22279283,-0.45457014,1.3878301,-1.264907,-0.048845425,0.15416643,0.78993815,0.74829614,0.50869834,2.6828227,1.5747105,-0.08166367,-2.7862136,0.36383507,-2.614031,-0.06656632,0.7635056,-0.99830306,0.31256428,2.487993,NA21582,MKK,1
-15.385192,-27.00567,-13.450233,3.8947623,2.4543169,0.569117,0.7987218,0.4242813,-0.73114806,-0.6018106,-0.6937879,-2.559875,-0.4794599,-1.1778866,1.240924,-1.1866279,-0.09134358,1.0365272,0.34866747,-0.57418424,-0.1325683,-0.054043896,0.46110967,1.408539,2.0135052,1.0979042,1.1367863,1.2272515,1.6207587,-0.15234229,-0.9640296,-0.62506413,0.6706601,-0.06026487,1.6516168,0.54060566,1.7381032,1.3271004,0.40456262,-0.91409117,-1.3995633,0.7124276,-0.6815295,-1.1308806,-0.5388152,0.57791334,-0.2723378,-0.19253437,0.84422773,-1.5027761,NA21776,MKK,2
-15.389114,-27.909079,-14.116938,4.8815007,1.9109962,0.3678455,1.3048989,-0.65143776,-1.3023508,-1.1356754,0.698468,-3.373995,-0.13947469,0.7256396,0.7617273,-1.2902923,-0.025325472,0.7803468,1.8083377,-2.1313205,-0.8048681,1.0424616,0.8265162,0.26810634,1.4482595,0.71486086,-1.6880206,1.1733313,1.6856198,-1.9638777,-0.59088504,-2.278469,-0.75595987,2.7118793,-1.20017,0.2642786,-1.4589003,0.38948458,0.50024825,0.65423614,-1.7380773,-1.2631146,0.31369847,1.3844364,-2.5724685,0.8535619,0.69606334,-0.45041245,0.3910106,1.9585766,NA21575,MKK,1
-15.962507,-27.747944,-14.024395,4.384982,2.070268,0.39915523,-0.19763915,-0.60362095,-1.581423,-1.3056009,0.22916387,-0.8982665,0.4235896,-0.11043696,-1.2207898,0.7840085,0.40475655,-2.9453533,3.2774522,0.41409218,0.43616292,-1.8864675,0.57537436,-0.6194012,2.9414744,-0.95170003,1.9718386,-1.0652912,2.827294,-3.6763015,-1.2685306,1.4255153,0.15321586,0.7497197,-0.25976536,-0.6424042,-0.29551652,0.4105527,-0.72157925,-1.0871246,-1.241654,-0.28502092,-0.60804546,-0.7018184,-1.4927272,-1.9456761,0.9222834,-1.744175,-0.5922804,-1.4330921,NA21825,MKK,2
-16.126032,-27.190937,-13.606,4.1196375,2.0322113,0.70001346,0.6532224,-0.680618,-1.9514413,-1.5325025,0.081702024,1.9163231,-1.6498915,0.014241207,-0.27898726,-4.124429,0.41275048,-1.1363387,2.804093,-0.47033396,1.5342085,-0.3432716,1.3999267,0.9810476,0.06356527,0.24932389,-1.5575767,-1.3971031,0.7914824,-0.03723424,1.9381622,-0.96531636,0.35021022,-2.04959,-0.35547563,0.7179923,-0.8835781,0.31086165,-1.9028105,-0.93747985,-2.5619493,0.39080504,-0.26816356,0.3538,-2.428492,1.218891,0.8999003,-0.20701684,0.6094128,2.288853,NA21719,MKK,1
-15.47108,-28.284206,-14.53991,4.726912,1.7683067,2.3009832,1.414603,-0.94723105,-1.1135963,-2.1890585,0.74095345,7.942287,0.8841122,1.9648377,3.1071777,1.7481709,-1.2854954,-2.896766,7.841874,-1.0734863,-3.202129,-1.70874,1.985836,-5.506947,4.279425,-0.6635072,0.26332083,3.2817123,2.2552035,2.7720532,-1.7067512,2.3876157,-8.414731,2.0779085,3.8915203,-3.508967,3.6679628,-4.8212247,-2.0652914,1.7121944,4.884855,4.515832,-5.1096997,0.39385918,-1.835235,-2.4596,-0.597967,3.9139657,4.5010505,1.7221743,NA21378,MKK,1
-16.487782,-26.952038,-14.046001,4.2733817,2.7454388,0.7553493,-0.3679868,-0.71213776,-1.0516018,-0.8792006,0.7846636,-2.24786,1.6985763,-0.317773,-2.6680417,2.7864432,0.9837978,-1.488832,0.6969585,0.60844976,-0.42847046,-0.5291281,0.18499467,0.54286957,0.46382916,0.7402057,0.21764134,-2.0711212,2.1406481,1.0686849,-1.2426189,0.7506528,0.12929717,-4.5181203,0.7649421,1.0805267,0.16722459,-0.83166486,0.8100178,0.17615308,0.350811,-0.20712495,0.7810074,0.25286856,-0.91951495,-0.47727594,0.29923144,1.1708254,-0.7178707,-0.86319625,NA21368,MKK,2
-15.657959,-27.876602,-14.006805,3.7244656,1.6474347,-0.089534625,0.5401358,-0.47414482,-1.0711883,-1.5811968,-1.0504144,-3.012796,-0.9379932,-0.94112027,1.1345967,-6.158586,0.7920203,1.2776138,3.4486842,-3.019195,-0.51836354,-1.3777466,2.1088128,-1.4158051,2.3010807,0.545631,-3.2568364,-0.21363005,-2.165397,1.581387,0.052910887,-3.1050353,-1.5071354,-0.7387004,-3.700341,-2.0979517,-3.9398832,-0.58782756,1.623605,0.97468174,1.2424433,0.3311525,-5.851971,1.6105359,3.7707036,2.3438592,3.6224737,0.5315252,1.0711014,-2.6180983,NA21573,MKK,1
-16.396923,-27.825735,-14.73644,4.2701707,1.8261895,0.76930934,0.25132388,-1.481322,-0.98744565,-1.0782309,1.204985,-5.3693314,1.8415284,-2.024176,-9.091852,-4.8519125,0.9336519,-8.55233,-15.741916,9.473167,-3.610775,7.444395,-8.118552,0.6403735,-1.0227013,4.4853163,-0.211687,0.7556523,0.00383604,-0.03364196,-2.5461776,-0.16270661,-3.6020064,2.6350598,3.3064122,1.9954139,-1.1976029,2.6680884,-0.02460763,-0.52881515,3.31397,1.2021973,0.25535437,1.6130495,3.2182608,-0.14391226,-0.34035456,-0.27544755,-1.5562304,2.7059577,NA21320,MKK,2
-16.328001,-27.669462,-14.448248,3.93452,2.0956302,0.5031279,0.16012256,-0.2486786,-1.6412642,-1.2115221,-0.33916336,0.99660236,-0.14129496,-0.3779663,-4.166496,0.22938845,1.113762,-8.283992,-0.8701512,-3.1888437,1.8188522,-4.360702,-0.07320556,6.309558,-3.1954904,-7.767319,-0.28899047,0.82883453,-3.6932898,-2.103826,3.3357782,2.881598,-3.6099982,0.47557017,-2.9876738,0.8183292,0.9696359,3.6111424,-0.47691908,-2.8587046,1.5653979,-1.9574512,-0.5268334,3.2375193,1.265954,2.7042136,0.117857724,0.9016125,0.9670042,1.0672578,NA21678,MKK,1
-15.890399,-27.985775,-14.064741,4.6114507,3.1323826,0.98427534,0.27780348,0.4304007,-0.98430055,-2.2847912,-0.2542104,0.88062316,1.1903505,-2.9993625,1.4989915,0.5062969,-0.7119937,-1.0776598,3.4423745,2.470961,0.894375,-0.85400105,-1.8333535,1.7735924,17.00438,3.2378948,3.392367,0.8647772,7.2212796,-1.6533452,3.2582958,0.32290596,3.659381,-3.261181,-1.624036,-0.621755,0.8735195,2.203641,-2.356874,-3.187182,-4.6194487,-2.5318286,3.6123004,-1.8565239,3.7263925,3.4917579,2.0477324,0.8662193,-5.2315373,1.8677968,NA21682,MKK,1
-16.112865,-26.753187,-14.228083,4.430243,2.6211915,-0.05590512,0.56591314,-0.21967073,-0.50180745,-1.6094282,1.7249902,2.101147,-0.85251254,0.33899742,-3.2898533,-2.921891,2.4738076,-6.581287,-4.6690354,-0.2764566,1.1330091,0.6699358,-2.9254491,3.4339955,-0.068352684,-2.777428,-0.7977409,-0.8742111,0.8415037,1.0766155,-2.4409695,0.7733407,-1.6011358,-1.7592518,1.3958557,-1.3564564,-0.29142603,0.16902635,4.197186,2.0440843,2.0134661,-0.44152606,-0.8761868,0.11894116,-2.2795813,1.800846,0.8900306,4.5050263,-0.12748724,0.528642,NA21723,MKK,2
-15.700059,-27.148848,-13.842616,5.209832,1.0834131,1.3152235,-0.43614396,-1.3599439,-0.6242128,-1.8511196,-0.8786062,-1.8780276,0.065253034,-0.5602654,1.8953389,-1.841068,0.6821997,0.02930098,2.2053878,-0.52745366,-0.168643,-1.2567277,1.3123367,3.9875212,-0.522724,2.1080518,1.5636274,-1.5261942,3.0038612,-0.6315501,-2.3809054,0.5108316,-0.6190349,-0.21080475,-0.5775383,0.79844123,2.829381,0.9338743,1.9556249,-0.31372336,0.7627627,-1.4711666,0.74694973,0.6442128,-2.081203,0.26066697,0.08805362,-0.51429653,-0.49045494,-0.41951156,NA21356,MKK,1
-15.314131,-27.493176,-14.465281,4.186189,2.2235053,1.0934803,-0.19383067,-0.89593124,-0.8269418,-1.4787018,0.46615645,-1.559976,-0.9460435,-0.5087326,0.6570078,0.6165315,0.30587414,-1.3152537,1.8684688,-0.31156528,-0.98682815,-2.0490675,3.414419,-2.0656786,-0.96915346,-1.4886382,-1.7188154,2.1955419,-2.1148176,0.2421347,0.08921678,-2.0011861,-1.4966505,0.9854473,-1.5735415,-0.59501,-1.498555,0.82270163,0.74085605,-0.9809815,-2.991716,0.25002643,-2.6336856,1.19345,-0.9493898,0.94838417,-0.943351,-2.491823,0.16150886,0.09170044,NA21685,MKK,1
-15.819829,-27.63485,-14.621237,4.2711186,1.9904782,-0.00084703544,0.22610924,-0.9258281,-0.25305745,-0.8766219,-0.30573812,-3.4181573,1.3990788,-1.9169478,-2.4516451,-2.1816921,1.747823,0.0782488,0.27174053,-0.032271422,-0.4932602,-0.055520922,2.3982139,-1.8483398,-2.8866637,0.560601,1.838424,-1.1991204,-1.1356364,1.338813,-0.17870699,2.6507583,-0.8171899,1.5790762,0.3470122,1.0798454,2.8286648,1.0950854,2.0269675,-1.4555151,1.1026802,-0.5732847,-2.1278243,-0.3345836,-1.0258234,2.203433,-0.084197275,-1.785623,0.21217255,-0.8752275,NA21339,MKK,2
-16.18956,-26.8117,-13.779992,3.6760533,1.45198,0.8961459,0.13969316,-0.770021,-1.543911,-0.99174756,-0.2511848,-4.4955363,-1.0215577,0.5814258,2.00014,-0.8314327,-0.80660516,0.80081004,2.4413257,-1.6055577,-1.541917,1.0942334,0.2994077,-0.5464221,2.3103528,1.3067077,-2.2218025,0.42398176,2.808911,-2.4213328,-0.11560212,-3.5314891,-2.0568116,3.3647535,-1.5148245,0.723214,-2.3967834,1.1948502,-0.9734559,-0.87665933,-1.9317571,-0.2550688,0.8337667,0.94873613,-2.6398757,-1.0064827,0.7950772,-1.9517064,0.6489274,2.2898517,NA21574,MKK,2
-15.787202,-26.329674,-14.195517,3.249623,1.5202385,-0.14976437,0.6808524,-0.43495864,-1.3604621,-0.85616887,-0.3143079,-1.9876835,-0.8225073,-1.5795528,1.3732753,-2.4168396,-0.25195053,-2.5054493,1.4898211,-1.1558284,-0.2055211,-0.3945873,0.6005915,-0.44569823,0.45036465,-1.6178677,-2.4936497,-0.037499674,-0.460241,-0.35518312,2.868571,-1.2196345,-0.17784101,-0.29907337,-2.636332,1.2932907,-2.8076417,1.5210621,-0.21655767,1.2553278,-1.9028566,-0.86075234,-1.8461888,0.5993888,-0.62408435,1.2669308,1.6824596,-1.283931,1.9138079,-0.32768157,NA21826,MKK,2
-16.115522,-27.850805,-13.726856,4.73179,2.1075037,0.2740749,0.40744033,-0.97477233,-0.8857855,-0.96313834,0.51124793,4.109754,0.71755505,3.0228028,-3.184343,-4.1356735,0.59185725,-6.4623046,2.286139,-3.0353427,0.91508,-4.300559,3.4484823,1.8150808,-3.2104328,-6.223524,-6.84096,2.9605882,-6.287131,3.2728114,1.1439589,3.3420937,2.149522,0.2623712,4.00249,-3.388112,2.399824,3.3734765,1.2907748,-1.0647053,-0.72440827,-3.2814746,-0.16122137,-0.16130352,0.8556232,0.725205,-2.3965383,0.49481863,0.42885068,2.434747,NA21519,MKK,1
-15.777776,-27.218334,-14.829484,4.477086,2.0118473,1.0388175,-0.17456986,-1.4305918,-0.90251195,-0.13669759,0.26566356,-2.3798964,-0.12064171,-1.058938,-1.5915668,-0.33327165,0.38321272,1.3883663,0.02578084,1.3246586,0.63644063,-0.10964433,-0.07789211,-2.5876188,0.016692579,-1.6161041,0.503614,-1.7397252,1.0810431,-0.18597734,0.81911016,-0.50400573,1.6252205,0.22346285,0.5062448,0.62232006,0.64620703,0.05091188,-0.50874025,-0.9128725,1.443714,-0.2582537,-0.2810565,-0.055806145,-3.115394,1.9879234,-2.0455637,2.357601,1.3734167,-0.1199345,NA21611,MKK,2
-15.814065,-28.208178,-14.08863,5.636564,2.5287223,-0.2356421,-0.1759572,-0.075256065,-1.2253829,-1.4404937,-1.0091636,-0.82366246,0.4955708,0.44376978,0.5748096,-1.1892924,-1.8684975,-0.88727254,-0.5200331,1.105723,-1.5624475,1.2170076,-0.48586637,-0.76855487,0.8912378,-0.5262805,-1.8704216,0.29781404,-1.3591896,-0.14737076,0.92555195,-3.5725405,0.63404775,1.483504,-0.00994359,-1.3707595,-1.7318637,-0.48911974,0.043327767,-0.03848263,-0.51840633,1.0550424,0.77081335,-0.88789034,-0.21099344,-0.26224685,2.7794142,0.8401018,1.6564348,1.3946586,NA21632,MKK,2
-16.89622,-27.934061,-15.533138,5.617116,2.120631,0.3845231,0.23309055,-0.48868412,-2.0975907,-1.1311185,1.0501057,-2.0728245,-1.3782806,5.2535114,10.979462,14.31141,-1.4141585,-3.3181744,-7.9597797,-1.8017828,0.74700344,-0.84258586,-2.9273589,-2.0418954,-0.541412,-4.982623,3.1422648,0.8118358,-3.8432946,5.63728,-1.229864,0.28307933,-5.460507,0.2682315,1.2953343,-0.35179526,2.233843,0.91940504,3.6349618,0.2877293,-0.17163683,0.20385711,0.9175067,-1.2152188,-1.2565228,4.4325857,4.158757,-1.673635,3.5203807,-3.8819244,NA21489,MKK,2
-16.170368,-28.10325,-15.298355,5.576652,2.3040116,0.81762475,-0.19059984,-1.6313981,-1.8137081,-1.6306888,1.3021945,-5.009675,-3.5105467,7.6246715,20.059374,18.030266,-3.2995872,-2.6786761,-10.454662,-2.2139573,-0.8347247,1.6033975,-4.540022,-2.9166222,-1.3741968,-3.4714859,2.565659,0.41890413,-4.196522,4.5816255,-0.048920464,0.92498773,-2.7960265,-0.5845827,0.7903547,-0.6920159,1.3700402,-0.046996526,0.745656,-0.79069495,-1.0674812,1.0284396,-0.027084969,-2.174998,0.28805578,2.4822016,0.45414162,-0.6165872,2.4533522,-2.451367,NA21490,MKK,1
-16.58432,-27.03106,-14.348794,4.518717,1.8318964,0.5752335,0.9450336,-1.1475139,-1.4644358,-1.1086478,-1.3420451,-0.45093206,-2.482002,0.25136283,4.079592,-7.7814627,3.1525717,-0.21742028,5.1256104,-3.2451055,9.158279,1.6584551,3.9535248,3.8613544,-6.62947,7.2871313,9.974239,-1.6314188,1.2541755,4.7708626,0.9457284,1.5936656,1.266485,-3.729461,2.0107327,-0.65608984,-1.6082338,-2.667973,1.0123363,3.412464,-3.257081,6.9936523,2.5042686,2.0138438,2.2484472,0.6598282,-1.5341591,-1.6779208,1.718748,0.20902395,NA21404,MKK,2
-16.553188,-28.44445,-15.227044,4.745918,1.987632,0.52214503,0.41484058,-1.1656172,-1.2701616,-0.19736522,0.35979173,2.216934,-1.7381252,-0.40264332,3.869089,-6.7316265,0.6068797,6.0747294,1.906259,-2.839416,-0.75550073,2.7205257,0.3467783,5.0530534,-3.5737936,-1.8654635,-5.1404276,1.060981,-2.7314558,-4.3995576,-0.5758526,-1.3706598,-1.1528075,-0.2975116,-1.7510085,3.0068693,-5.3579745,-0.246974,-2.009697,2.367227,-3.924672,5.381935,2.6089528,3.3527403,3.0834804,-1.3652695,0.71183354,-1.6588249,0.7468213,3.8213766,NA21383,MKK,1
-16.137293,-28.46271,-15.21199,4.307761,2.3577178,-0.24635075,-0.304682,-1.2557595,-1.2376353,-0.6977296,-0.46497402,-3.505021,-0.965226,-1.3760741,-1.9795798,-4.001238,-0.20673537,3.2334335,4.5834684,1.521353,0.619392,0.41752988,3.3918996,-1.2364198,-1.684997,-1.1256659,1.7565268,-1.5215338,1.4763114,-3.4641557,2.1336362,-0.36334142,0.531956,-2.4657397,-5.56499,-0.73095983,0.5610432,0.8827224,-3.0535302,1.9874892,-0.5155077,-1.2493521,-1.0471517,-1.9591498,-5.0799737,1.8491268,0.22990872,3.8574476,3.8055696,-0.9193442,NA21526,MKK,2
-15.416931,-26.848898,-14.481042,4.4999223,2.1755972,0.80511874,-0.11464866,-0.20462403,-0.6715438,-1.2708541,0.5157626,-0.7033563,-0.94624037,-1.8015127,-1.2594451,-4.489006,-1.5944618,3.2678297,5.1224976,-0.5429644,0.4445685,-0.023117248,4.4439263,-3.3664842,-1.695379,-2.017479,2.3060238,-2.7213597,2.358116,-4.4542947,2.8492057,2.2831953,3.4748518,0.08419698,-5.551207,-1.845647,1.9081296,1.6865188,-2.1450167,-0.4517378,1.8708603,0.45794302,0.13569635,-2.2521884,-1.01236,1.7842522,-1.7276409,3.2405019,-0.67155564,-0.6612422,NA21583,MKK,1
-16.384743,-27.646273,-14.123765,4.78847,1.3802613,0.20731944,-0.16098318,-1.7021606,-0.72926676,-0.16161464,-1.2168117,5.185984,1.4845767,-0.34742635,-4.015991,3.1859832,-0.5155573,8.654943,2.2291489,0.69697326,-0.7452847,-2.4306803,0.4353545,-2.4860983,0.0068696686,0.4120536,3.7076683,-2.6500752,5.178385,-0.2510377,-1.369536,-1.3627158,2.7819624,-4.8304205,-2.8994114,-3.1331832,0.64596075,1.982306,0.58243,1.7809207,2.2598531,2.1572807,-0.38232842,-4.7577767,-0.424957,0.64449084,0.6885708,1.1601055,0.7676957,-0.69091,NA21303,MKK,2
-16.640293,-28.636724,-14.997079,5.1627355,1.1856176,0.45142987,0.057583846,-0.42675206,-0.4965281,-1.0813122,-0.8274651,-1.50973,-0.6144646,0.4706628,-1.676716,1.2838713,1.5732735,0.84838074,2.9991095,1.0809058,0.16013046,-0.64318025,1.2497563,-3.904948,1.6993768,-0.96951765,2.0115702,-0.9719747,-0.22521386,-2.9897652,0.4152659,-0.21111847,1.76145,1.7200719,-2.0001097,1.1361055,2.253116,0.7465219,1.2309887,1.0474418,2.9849823,0.29335526,2.2183297,2.340168,2.9759743,-0.06480052,2.2597497,0.46749815,-0.11242757,-0.31817105,NA21440,MKK,1
-17.07509,-28.626846,-14.589591,4.9601655,1.296416,0.9471415,0.5102897,-0.44676012,-0.80681413,-1.5516721,-0.23042463,1.0464132,0.22735971,-1.2192885,-1.2107854,-6.844892,-1.4574041,6.494131,2.9310062,1.0532048,-1.0344167,0.2796102,-0.5968224,3.3106868,0.60736,-1.3449422,0.36546183,1.2961183,0.6983183,-0.93079585,1.580129,1.3033912,2.3579156,-0.3576092,0.14907373,1.6404583,2.3882234,1.5075098,-0.12623945,-0.071523674,2.946996,-2.5718095,-1.6277109,-4.152357,-3.853399,-0.008816688,-1.817017,3.1193707,2.097782,-1.0453742,NA21385,MKK,2
-16.347498,-27.01232,-14.535316,4.373461,1.3960271,0.33762679,-0.29947382,-0.28060362,-0.4465993,-0.24624243,-0.7808602,3.7242165,0.9155412,-1.6142846,-2.3203294,7.277226,2.6239376,2.9240506,4.9591913,-1.3218098,1.1499176,-4.7473617,-5.2460833,3.061281,2.0160465,1.2730024,-2.7537136,-0.95446444,-1.3385936,3.1229367,3.2067049,-5.7639956,2.2839968,9.564884,3.1641493,6.1338024,-1.0019295,-1.2793926,-0.39379013,5.2567515,3.2337313,2.940269,7.463074,1.3300376,5.874176,2.2798266,-2.3025632,-0.8806269,1.7759326,-1.4604192,NA21615,MKK,2
-15.398816,-27.001059,-14.566679,4.8976526,2.2244797,0.6148954,0.1365693,-0.8527181,-2.072945,-1.5027226,0.9807626,5.3044515,0.3194516,3.4506676,7.6293426,2.050032,-3.6136074,-5.264454,7.4063525,-0.29916337,-3.660119,0.6238983,1.7744883,-4.0441713,2.617643,-0.4965394,-1.4745203,1.0621564,4.4787273,0.3812698,-2.1085289,1.947311,-6.7012677,0.9869261,3.9372718,-2.3949265,4.0303245,-1.4843092,-2.9756703,2.2573822,3.924301,2.7237046,-4.388583,-0.6104454,-4.367178,-2.3327484,0.19380671,0.2981489,-1.0228862,2.6096606,NA21455,MKK,2
-15.526387,-27.35854,-14.207379,5.0569506,1.767764,0.8533575,0.5023102,-0.14705212,-1.225236,-0.64273113,0.26895288,-3.9635034,0.006326221,-2.1202018,-0.80590564,-3.764218,2.7312725,-9.938129,-3.3918788,1.2292098,0.59226346,1.1557676,-4.0214934,10.540687,0.6032019,1.4491189,-0.28694984,-3.7350469,4.755754,-1.2552131,-4.154831,-0.014383832,-0.33763105,3.2558682,-0.63694113,4.417221,-0.18927847,-3.8234735,1.3832302,0.5317794,3.4171414,-3.7566037,1.9844801,1.5926627,0.46508035,0.033181682,1.5264659,-0.43014106,1.5121455,-1.7653611,NA21525,MKK,1
-16.297535,-27.718786,-15.284777,4.9565144,2.0913126,-0.20802188,0.658087,-1.8078908,-0.96123487,-1.2417725,-0.25351712,-2.5335872,-1.4757462,-0.04929572,1.8872693,-7.0115104,3.1372225,-0.86887336,2.5011475,-2.7694128,9.464675,-0.58977145,4.635116,3.5601814,-8.353552,7.319072,11.244683,-2.6390748,2.0388482,5.022938,-0.7578859,0.4347916,1.5791178,-5.903589,2.751237,1.0111647,-2.540004,-1.8320456,-0.31764385,1.0148374,-4.4949684,4.777128,3.0687315,0.22744331,-0.5129405,0.1383312,-1.0143212,-4.4201317,-1.3714052,-0.06882923,NA21399,MKK,1
-16.347525,-26.703064,-15.559949,4.863693,2.1915956,-0.05943049,0.3315826,-1.0428903,-2.369851,-2.3365738,0.07665632,0.853002,-1.921491,1.5396299,5.567641,-5.8988037,-5.4494977,17.47026,-5.7599983,-5.793945,-2.1161122,6.4283934,-5.851819,8.938724,-1.6773835,-2.9200397,0.74387056,1.0006899,-2.288161,-2.324015,-2.5853486,0.97802955,1.0904863,1.5683143,2.4410338,0.10205876,-0.6315859,-0.86307347,5.1583023,-0.17740579,1.2634308,-1.7576302,-0.7328423,-0.098369285,1.0199903,1.2285546,0.52895415,0.86720437,-2.82178,1.4144704,NA21388,MKK,2
-15.983404,-27.170433,-14.385657,6.0326567,2.0551705,0.6995566,0.76581085,-0.22347575,-0.45816278,-0.9057283,-0.09410101,-3.6254606,-1.1982074,-0.28800857,3.1754255,-2.9200532,0.49602902,-0.71362525,2.172487,-2.4212906,-0.3202401,-1.1424632,2.2865303,3.8863297,0.6155174,1.570288,-1.6815245,-1.4920214,2.31379,-0.2596832,-4.7865543,-2.490936,-3.366897,1.9330178,-2.5191352,1.0538583,3.5743737,-1.9690989,4.4840455,0.15642384,-1.7411344,-0.99619997,-1.9748951,-2.913216,-2.7412124,-2.025498,0.7315173,-0.49497497,-1.3220099,-0.12834127,NA21599,MKK,1
-15.779014,-28.036201,-14.183352,4.752722,2.1193223,1.387681,-0.025639758,0.49101517,-1.1210054,-1.2768916,-0.64898705,-2.2230794,0.10842857,0.09853406,-4.0821495,2.8225825,0.45643228,1.3241011,-1.7724025,0.36924598,0.008695224,-3.3253822,6.0658755,-5.1381865,-3.9123845,0.5859352,4.8472185,-1.5136813,-0.85864997,0.23560195,-1.608006,3.7588036,-2.0883543,-0.9742132,3.3734536,-2.131256,0.19351201,2.362839,-3.254751,-2.350979,0.6625717,-3.109798,2.2344842,0.20490061,0.7614732,2.2715564,-0.14359911,-2.2476928,-3.2657442,-0.09895616,NA21647,MKK,1
-16.604084,-28.722404,-14.775219,5.3504524,1.1358151,0.6529678,1.0856266,-1.2230393,-0.97760475,-0.39421946,0.18438825,-8.343867,4.7199416,-4.155107,-7.430418,-5.491605,-0.8167572,0.81015474,-11.647575,11.63892,-3.6763103,9.948136,-6.1125646,-3.90876,-0.10610954,6.448301,-5.1032825,7.1638284,-4.7624664,2.7189336,1.5951523,-5.396441,-5.1510634,0.36000034,5.21832,-0.08811777,-0.23253925,1.3450099,-1.0871865,-4.2948766,-1.8357832,1.4233794,-0.26858148,-3.3438199,1.112888,-0.6885251,0.17788386,-0.032465685,-3.5783663,2.07681,NA21312,MKK,1
-16.537426,-27.5272,-14.782485,5.4426756,2.402922,0.58523834,1.612144,-0.12614724,-1.4137722,-0.99211633,-0.50444895,-1.2033913,-1.5482619,1.568009,1.8257055,0.6092889,-0.069854505,-0.0064297426,-1.5595579,1.9681277,-3.2196417,1.198436,-1.130664,-0.8772052,0.071696304,1.3708079,-6.1906586,1.687436,3.0126529,-0.8067538,1.7555381,-1.2438964,8.714018,-1.411512,-2.0946054,-2.898969,3.561549,-1.7956494,-1.3706739,2.8338153,5.5583153,-0.47192642,-4.7984443,0.7033648,1.7983931,-0.23249203,-5.1832876,0.69554216,-1.994391,1.3615254,NA21438,MKK,2
-16.24165,-27.775478,-14.044612,4.9753585,2.3484595,0.02391836,0.041288633,-0.26504913,-1.0561392,-0.34557122,0.8671497,-1.9013114,-2.054741,0.07491103,-3.153286,-3.196678,3.1055796,-11.255251,-6.473117,-0.69615453,1.1914734,-0.6906251,-2.567631,5.6851535,-1.5556628,-1.3985479,4.1065593,-3.4103155,4.4401274,-2.3195622,-3.4364061,1.0270879,-0.3215835,-2.1173425,-0.17113991,-2.184003,-1.2969178,-1.646689,0.6652526,2.765283,3.5720482,1.298646,0.8763458,-0.8152624,-0.03417134,-0.8704567,0.14164935,3.385489,1.071227,0.50962543,NA21509,MKK,1
-16.419243,-27.375776,-14.842475,5.352381,1.9949472,1.1655033,0.35571736,-0.110637605,-0.8881451,-1.1679101,-0.4621614,-0.6959984,2.8088977,-1.2641559,-7.619077,5.9627767,1.1828612,1.5953125,-0.2150649,0.76009953,1.2776539,-1.6565344,-0.5682836,1.1853884,-2.5273871,-0.31575552,2.7540767,-2.081529,-0.68094766,-0.5825467,-0.8042378,-0.31929037,0.82312435,-1.2702234,-2.3882174,0.73965776,-1.3151782,-1.1152159,1.2475971,-1.0320802,-0.7268865,-0.24543057,-2.070888,-3.136915,-1.7238725,-1.7158012,2.127189,1.5447159,-0.25876576,0.12904401,NA21473,MKK,2
-16.52501,-27.629519,-13.99837,4.4276905,0.20030646,0.2635029,-0.25228342,-0.9110171,-1.0252397,-0.524971,1.5526401,0.5252036,-0.8830408,-0.23304033,-0.49344403,-1.198299,0.12452265,0.048919257,0.33184707,-1.4298439,-2.414746,-0.552906,1.3275063,-0.95280004,-0.95476884,0.96284765,-0.8958553,-0.9946375,0.4139368,-0.89688104,-2.2260609,0.573991,-0.4844502,-0.31516874,-0.5776044,-0.059439696,1.3968099,-0.60825586,2.8179007,-0.42801124,1.5717893,-1.2996666,-0.5961763,0.5299895,-1.5957353,-0.370975,2.40621,-0.71390843,-1.3197645,0.32821834,NA21408,MKK,1
-15.471957,-26.644684,-15.434238,4.2334666,0.8375443,0.663484,0.14274178,-0.6592028,-0.8312602,-1.5337261,0.1947259,-1.0252757,-0.41121477,-0.79117036,0.6507726,-3.4118314,-1.2052087,0.37878463,3.7950237,-0.9870968,-1.2863252,-1.3773757,1.8432838,-1.4450933,-0.029823259,-2.062926,-3.2153203,0.39966163,1.375553,0.24596901,-1.1971661,-0.6425618,-1.950843,-0.5557521,-0.31282634,-0.9512952,0.047727875,0.0030145936,-2.5116522,0.6447487,-1.2695961,1.3689057,-2.3615983,-1.9935468,-1.2923135,-1.0104572,0.071652144,-0.28265396,0.7158716,-0.22914706,NA21510,MKK,2
-16.23118,-28.119688,-15.140528,4.293244,2.0257344,0.6540863,0.26476097,-0.9005274,-0.9447062,-0.98168814,-1.110008,0.70588714,1.2604986,-0.0743642,-2.4089403,2.4393153,-2.0037637,4.360603,4.0254264,-1.3077247,-0.0895471,-2.5442362,2.7746747,-3.5563076,0.7378083,-2.8853412,1.9642917,-3.8685644,3.5851758,-2.2728667,2.5606878,0.93646175,4.5309634,-3.1539106,-5.2838106,-1.7448533,0.9887282,2.7733095,-0.87564874,-1.9565933,0.719077,0.47734427,-0.040962234,-4.549859,0.05101292,1.6955014,0.59658694,3.2584014,-2.7759705,0.38298064,NA21352,MKK,1
-16.697184,-28.97558,-16.141819,4.078128,2.5397494,0.94881725,0.5980272,-1.2663171,-1.0998876,-0.32870954,1.5900905,-4.6365523,6.1345725,-4.7599883,-8.028684,4.6531606,1.6059595,0.42615366,-2.9104397,5.1961374,0.8726126,3.7140048,-3.426239,3.9534225,1.8513561,0.17314129,-4.644316,5.4500556,-1.6513186,1.9478954,-0.04884709,-1.0952138,-3.092588,-2.4483485,0.74173164,0.27721885,-1.4353775,-2.2253616,1.8732625,-4.5406575,-6.175914,-1.9838798,-2.2462406,-1.0215355,-3.0331192,0.57692146,2.5337899,-1.8127526,-1.3406589,0.11464159,NA21617,MKK,2
-15.417595,-28.129377,-15.243777,4.810924,2.4137375,0.6452552,1.0588942,-1.0769033,-2.2164743,-0.30273056,0.11742297,-0.2841545,8.588346,-5.108533,-15.412173,14.893414,1.9135433,9.420757,-0.34953207,2.3256109,2.3065202,0.46288535,-4.017447,4.017207,-3.4006903,-2.4376435,0.587653,4.807611,-0.27960747,1.3174858,-1.2401003,-1.6531641,0.927315,-5.5478315,0.88316995,-3.4489934,-2.6944063,-3.9653654,3.0986342,-2.840099,-4.741444,0.58952945,-4.6854424,0.14771312,-2.1732838,-0.4596579,0.37502676,1.4595203,-0.21667627,0.6873234,NA21520,MKK,1
-15.056046,-27.554697,-14.144085,5.129062,1.9597853,0.31742844,0.64712137,-1.1928972,-0.55644864,-0.8443256,-0.4320411,-0.6093296,0.1727483,-0.72733706,-1.8988428,-1.6175694,0.19750886,-0.7941008,1.5876436,-0.478519,-0.40192708,0.62132776,1.2164454,-1.9345089,-0.70016485,-0.7856053,-1.5471362,-0.53409564,-1.1292629,0.20843282,-0.87595654,-0.046658847,0.15347427,0.6020002,0.05147184,0.062840074,0.14123899,-1.2655908,1.8544168,-0.7959774,0.59579605,-0.40189174,-1.9306517,-2.6086733,-0.69675016,-1.6160233,0.7128608,0.6248144,1.6469051,-0.15512152,NA21418,MKK,2
-15.271976,-27.222433,-14.332822,4.985667,2.7552445,0.6057838,-0.13353665,-0.7597964,-0.86474645,-1.9186491,0.58237845,-2.2995756,0.7847453,-0.46723565,-0.27109727,-0.5326162,1.48825,0.059510585,-0.8678736,2.3792925,-1.3951131,2.0827837,0.52991056,-5.9753175,0.35207146,0.67929053,1.3440915,-0.88028145,0.42554805,1.1308194,-2.03247,1.4049274,-4.2474475,1.5855895,2.2694972,-0.7096262,1.2781621,0.8927646,0.4094029,2.3292406,0.69427556,2.6249492,0.5023903,-0.065593,-0.6083552,1.4201334,0.47634122,-0.90284586,-0.47542703,0.5690093,NA21367,MKK,1
-15.784989,-28.303984,-14.592749,4.4334908,2.0804749,1.0909352,0.18578303,-1.60172,-1.1748474,-1.6611664,0.69358087,5.348927,0.1983117,0.3036853,2.7094262,0.756597,-1.8133403,-2.6007395,8.017646,-2.1076808,-2.7289987,0.6383445,1.2327384,-3.2283711,2.6192822,-1.6142308,-0.96533585,3.2871642,2.7356713,0.62040466,-1.4987924,2.3574183,-6.752935,2.1743248,2.3704226,-0.82117504,1.443222,-3.9276683,-2.2167318,1.0423793,2.9141061,2.3747258,-3.8118463,0.87761617,-2.118274,-1.7686962,-1.0374808,2.5998774,1.9064927,1.7247536,NA21448,MKK,1
-15.324789,-27.795942,-14.919628,4.695355,2.0334637,-0.062111996,0.02612355,-0.5236589,-1.2725903,-0.8117876,0.08732625,-2.1180913,2.5353909,-1.822716,-3.6932645,5.5131774,0.49093926,0.0018873463,-0.8306603,-0.19242238,0.672215,1.7567713,0.40007767,-0.6585223,-1.1737918,2.2613974,3.3909132,-1.8292252,1.913132,-0.33070514,-0.86252254,0.5867397,2.3300674,-4.161536,1.679492,0.7196087,-2.3978875,-0.08809397,1.665933,0.91302097,-2.0640957,0.87478375,-3.0260618,-0.64819664,-0.67012507,-0.23361385,2.340692,-0.43355876,-1.1249292,0.37174776,NA21683,MKK,2
-15.398487,-27.422836,-13.719368,4.3606963,1.9469656,0.21071601,0.150044,-1.0143108,-1.0175393,-0.06437947,-0.6622354,-1.1027169,-1.4693654,-0.59903765,0.66967565,-1.5351896,0.45405757,-1.6563203,2.0712452,-0.9384017,1.1469744,-2.1458693,1.4862982,-1.1161499,-0.5247173,-1.3421086,-1.6395351,-0.07432404,-0.33142075,0.26470912,-0.69597024,-0.5587464,-0.32447317,-0.83462334,-1.2263819,0.32766286,-1.9785149,1.0969068,0.5161598,-0.13328776,-0.60102624,-0.005276281,0.20731878,2.7825832,-0.9101096,0.22541463,1.080732,0.6777427,1.341099,-0.53076893,NA21738,MKK,1
-16.679564,-27.641048,-13.926349,4.3426766,2.4854958,0.4335205,-0.11590582,0.40777338,-0.5386962,-0.8561354,-0.57048005,-0.2694615,-0.2154324,1.352484,-0.396217,-0.113803566,0.94545114,1.6290836,1.720994,0.83254653,-1.2597443,-0.7661706,2.292537,-1.961174,-0.06378927,-0.6629061,-1.4059333,2.7051592,-1.358236,1.5975778,1.7724701,-1.9109404,-1.6353396,0.40793356,-0.225405,0.22010112,0.29338536,-0.84717613,-0.45815086,-1.0649593,-1.9488827,0.972961,0.99604076,-0.5442638,-0.3815558,0.98300153,1.1032491,-3.9995232,1.3318983,0.038707647,NA21739,MKK,1
-15.143664,-27.448908,-13.370168,4.681501,2.6195104,0.23491165,0.33256292,-1.0891021,-1.6678958,-0.93335116,-0.3163269,2.0460074,-1.043806,0.65400803,0.43658066,1.2354337,0.48306817,-0.7370533,0.4821584,0.061235845,-1.0185761,-0.9066071,1.815995,-1.3918738,0.59268016,0.056912255,0.71710604,-1.4797255,-0.49011174,-1.3438958,0.045366608,1.0382266,1.0891358,1.659107,-0.96022224,1.8398726,0.8366992,0.59196013,0.8041842,0.651091,1.7206616,-2.0881796,0.8980526,1.5923748,1.334313,-0.61694366,0.29357144,0.8415103,-0.7689191,-0.8331238,NA21417,MKK,1
-16.042845,-27.781298,-14.823492,4.43647,1.80328,0.44475994,-0.090359405,-0.35616648,-0.5351352,-1.3657118,0.055945683,-1.5016474,-1.8500326,-1.7056955,1.0213735,-2.3490674,0.42646307,0.022300398,3.4831247,0.7051728,3.0083036,0.18613766,0.21194096,0.51160324,-0.007485764,0.7239362,0.09572528,-0.5777371,-0.6744811,-0.7675649,1.8626099,-1.4014796,-0.925165,1.4910123,-3.1027648,-0.68985474,-5.012447,-0.878813,-1.4714001,0.52058655,-1.3546511,0.5400106,1.5855777,-4.6173954,-2.7129345,-0.20443037,2.6610513,-2.0556138,2.4615717,-0.9533871,NA21415,MKK,2
-16.189533,-27.321623,-14.458838,5.5428305,1.7042257,1.1141517,-0.06383865,-1.4833573,-0.6579289,-1.7035874,-0.036139514,-2.573867,-0.4188136,1.7428675,2.0484939,1.5174134,1.0618936,-3.3848853,0.29353464,-0.9229041,-0.7790873,-1.5627108,-0.67080045,1.4727188,1.117604,0.027672796,-0.81558335,-0.6352823,2.3953943,0.06931926,-2.1344864,-1.6935534,-1.8894296,0.08513524,-1.2882773,0.38972786,3.2841222,-1.3672019,0.18769966,-1.2786493,-2.0565126,-2.2452621,-3.5476418,-2.6867404,-1.9224895,-0.31068775,1.3376731,1.8788279,-0.7099122,0.7617031,NA21521,MKK,1
-16.420061,-27.739252,-13.864019,4.80715,2.3685343,0.89201045,0.61630577,-0.84182316,-1.5917759,-1.3228534,1.5363905,-2.9242907,0.64696926,-0.95714676,-4.473021,-3.5712202,3.7765512,-17.664015,-9.576215,2.124328,0.2039915,3.130819,-6.614222,13.569609,2.146687,-0.4595384,0.07302617,-3.6073427,6.782957,-2.872905,-5.523915,2.799431,-1.3161974,2.2444794,-2.3571305,3.9027128,-2.4322565,-0.87461144,2.3827076,0.99074894,3.0547078,-3.8985138,-0.07563496,2.8082943,0.08141286,-0.06919577,0.6658292,-0.34602934,0.6757127,0.5452321,NA21523,MKK,1
-15.870363,-26.666042,-14.60613,4.1387606,1.6942328,0.509931,0.7598331,-0.33300903,-0.4670387,-0.91061294,-0.71106297,1.2266227,-0.7894567,1.1052734,-0.5298251,-1.9347486,0.044885922,-0.65485334,3.4239821,-3.7786558,-0.36550435,-1.0550166,2.1220636,1.3320767,-1.9602932,-6.0757003,-4.790991,2.6317306,-0.93918127,3.2021587,-0.24751598,0.90312266,3.3666854,-1.5487529,0.42183444,-0.67711437,1.2483094,-0.3443574,-0.39585492,0.8520357,-0.567078,-3.3909507,-1.4361145,-1.3308966,-1.8156095,1.2280835,-3.9066916,0.6980729,1.1161269,1.3647307,NA21580,MKK,2
-16.53721,-28.416985,-14.897254,4.2649665,1.5795176,0.5252659,0.42338437,-0.78348184,-0.15906557,-0.68810904,-0.41678062,-5.7537465,1.716118,-1.3264979,-4.0115943,-5.8172235,-0.4613057,2.4459186,-10.924834,7.176126,-4.2702513,6.738232,-1.8186575,-7.5720735,-3.3724728,6.0128703,0.99890065,1.1688628,-2.6008189,2.495994,-0.8246228,-2.4415128,-3.1032588,0.9730142,6.3504558,-0.14195482,0.8971856,2.141922,-1.5517461,-1.9368701,1.0852666,4.320692,0.85102457,-1.6012038,1.5562717,-0.34108877,0.2901771,0.68971723,-2.878396,1.111522,NA21311,MKK,1
-17.206285,-28.425331,-16.203136,4.855845,1.7722387,0.9904414,0.51456356,-0.32702142,-0.74696636,-1.5301597,0.28336835,-1.0085181,-1.5671586,-2.2365198,-4.490378,0.52897704,-0.2905891,-2.6590145,-1.7610343,-3.0529897,2.38629,-4.3000097,5.591547,-0.24465296,-6.483358,-5.6449647,3.3856618,-2.4519372,-2.8395944,-1.3386285,4.513038,6.293049,-4.408233,-1.3021802,-1.7433314,1.130156,-0.65001947,5.1344023,-2.5655446,-4.730974,-0.43157202,-3.2695014,0.9604808,4.175857,0.68877083,2.199426,-0.9292554,-4.472595,0.7612181,-2.2823033,NA21636,MKK,2
-16.279743,-27.240341,-14.212597,4.6961293,1.3433248,0.7620576,0.10237428,-0.8715272,-0.28755823,-1.1106691,0.089547604,-2.7534163,-0.69525105,0.24133702,-0.31751564,0.5294017,0.052537877,0.74147224,-2.3813055,1.96844,-1.820456,0.08174186,-0.76382774,-3.2772741,-3.245338,4.008135,-0.85259014,-2.677377,-1.8047287,4.5898767,0.06419646,-2.8198428,-1.0998064,-1.0189363,4.7623878,0.29355207,3.2052927,-1.3569973,0.41093215,0.5009293,-1.2130514,0.20180938,0.17891309,-2.0723004,-0.7460848,-3.8346376,0.66517365,3.7560213,3.5627978,-1.6562161,NA21360,MKK,2
-15.927561,-27.159807,-14.637866,4.363496,1.9473526,1.0516976,0.49227107,-0.828279,-0.7793603,-1.1514899,1.1741096,32.73293,4.591867,7.097873,1.3798032,-2.4678948,-1.9465334,-0.3032321,-5.3190575,3.8590906,2.057306,2.0471303,0.8673843,-2.7205417,-1.1879373,3.2224014,0.44713593,-0.46314138,-1.6084642,-0.8219316,0.7195076,-2.0702667,-0.87746865,-0.4034165,-1.6305324,-0.6064449,-1.8598591,0.52475095,-1.6757181,-1.7938435,-2.429191,-0.8396516,1.4522464,-1.0747374,1.1183144,0.32095197,-0.2640194,-1.4042493,-2.329729,-0.72261393,NA21301,MKK,1
-16.533838,-28.733255,-14.872458,4.1734657,2.3698788,1.0439501,0.09390846,-0.20986235,-2.7145793,-0.78112304,0.29102653,-0.8011371,4.716518,-2.6632478,-11.086403,12.790585,2.3099723,4.8074245,-2.021573,0.9062718,0.94032913,-3.7055237,1.9792519,-1.6750997,-4.265639,-1.44659,6.9846673,0.52442336,1.3073257,1.305339,-3.8910842,2.4480305,-1.1399921,-1.956126,4.4623594,-2.6069252,-0.5211363,-0.4656575,-2.1510758,-2.1848419,-0.072559826,-1.9058069,0.834207,1.0320144,-0.395263,0.39707747,-1.1995878,0.19764465,-3.208446,2.1744235,NA21648,MKK,1
-15.799487,-27.197973,-14.018934,5.2707105,1.7093084,-0.28551838,-0.16355354,-0.42752498,0.06781617,-0.7945087,1.0260495,-3.1883633,-1.5483433,-1.3945082,0.14117873,0.17041653,0.41071093,1.0102209,2.77869,-1.2118081,0.39019012,-2.0414658,1.7769096,-1.0033796,1.3965337,-1.9200422,-0.59684414,-0.43689626,-0.15899529,-2.103765,-2.6925232,1.0727303,3.35195,1.4646238,-4.6171436,2.6426978,-0.06988059,-0.22081919,0.8718981,-0.34545365,1.9993658,-1.4845862,0.15802684,3.0232728,1.1338779,-0.78433543,0.9959513,0.1570765,-1.2511564,0.03672226,NA21441,MKK,2
-15.822159,-27.94831,-14.9053335,4.6740594,1.7123927,0.8865694,0.12388255,-0.8591296,-1.4799434,-1.2091367,0.8043656,-4.717341,-0.44401628,-0.8399008,-2.0502093,-1.2402864,-0.08624127,1.0871239,-2.626629,2.4065738,-3.2099419,1.3602875,1.7473885,-7.2260914,-2.2116594,4.1961,-0.22787859,-1.3493416,-2.4959986,-0.008441667,-1.695419,-3.6684272,-3.3413224,-1.2878807,4.854846,-1.0723122,-0.48842967,1.226059,-0.2825447,0.4050994,-1.3423511,-2.3671956,0.5240237,2.5751991,0.566838,0.54655486,1.7932998,2.831711,0.65858066,-0.99642473,NA21359,MKK,1
-16.61116,-27.940992,-14.406501,4.9133935,2.6908655,0.71659416,0.55235606,-0.29319572,-1.5633922,-0.2166945,-1.3915371,-2.016091,-1.0794624,-1.1013201,-1.9215859,0.5542117,-2.133264,6.339606,-1.1563754,3.4468474,-7.701012,-1.456488,5.4087715,-12.274294,-3.3315053,2.2250896,6.2205987,-4.480685,1.8416529,-2.487766,0.11203291,6.6558614,-0.1573331,2.9195127,-0.5200225,0.02138203,2.4337778,3.4995856,1.5160872,5.1978455,5.473649,-4.511836,4.2691016,2.8071067,-0.10031966,3.2983806,2.103998,-4.0854173,-2.4768863,-2.3000975,NA21424,MKK,2
-16.611921,-28.134586,-14.551808,5.0828543,1.4459028,1.2698606,-0.26528046,-0.40374437,-0.5117878,-1.2742633,1.1032777,-6.2521424,-0.3122015,-0.81456023,-2.7636108,-0.15407048,0.20597747,0.3611047,-3.1607106,3.0828304,-3.2662132,0.33431035,0.57146734,-7.3921566,-3.9588587,5.864832,-0.98797745,-2.4424784,-3.6806622,2.8835163,-0.4891643,-4.213214,-3.4702854,-1.2345685,7.2578516,-0.23026401,2.2508817,-0.51479036,-0.50174195,0.12706047,-2.7043056,-1.6606864,1.0216715,0.41579053,0.6639902,-2.1656208,2.3289049,4.1891465,3.1043913,-2.3756478,NA21361,MKK,2
-16.434364,-27.738941,-15.037677,4.488768,2.0866666,1.1226908,-0.057250854,-0.001279914,-1.2640582,-1.4636347,-0.55229133,2.4845254,3.917877,-3.578228,-8.497516,14.8675585,0.41335866,3.9728596,2.4373736,-1.4332012,-0.26339334,-4.687041,-5.204182,5.5019474,-0.11227106,-2.2502682,0.1010934,-1.0341569,2.1154246,2.740315,0.028973907,-3.9741395,1.3993008,6.441041,2.1096723,4.5215096,1.707116,-1.2511929,1.817315,3.947271,2.2548103,3.8897738,6.025576,2.361926,2.6848762,2.3402977,-2.7663105,-1.0535015,1.7379743,-0.49904588,NA21514,MKK,1
-16.22147,-27.452885,-14.289142,4.8332744,1.6916627,1.2401863,0.54712176,-0.535006,-0.47435266,-0.79996794,-0.20903471,0.35024264,-4.5778503,1.2889001,10.052119,3.9930604,-3.9278574,0.22218984,-3.2630858,-2.1509807,1.8714828,0.09503184,0.043002833,0.73834854,0.55737,-2.2583704,2.7171154,-1.3024288,-3.609066,-1.8270454,2.8518722,4.989089,0.74479413,-3.2017484,-3.220319,0.91675436,-1.1450568,2.7221398,-3.767027,-2.926126,0.3109493,-0.91583526,1.0404336,2.892526,-0.17335603,-5.408225,-3.364624,0.48196772,-2.5559494,-0.8331764,NA21478,MKK,1
-16.033228,-27.958319,-14.396218,4.9483404,2.6323023,0.022556048,-0.090768605,-1.231666,-1.5018929,-1.0661036,0.18401256,23.151413,4.3982625,4.9907107,-0.65006256,-3.7740486,1.2095126,-10.5729885,-9.941737,3.376873,1.529977,2.793952,-3.75711,5.0118313,-0.8499293,2.4334793,0.30629268,-1.8442026,2.387667,-3.9744027,-1.8746502,0.9629339,0.31057593,0.42869338,-2.5469875,2.335151,-2.2368906,-1.0919086,0.30812916,0.13230072,-0.15119894,-2.1701894,-0.11686839,1.2469605,0.21203348,0.49620867,-0.18224049,-1.9434174,-1.8524003,-1.1498142,NA21366,MKK,1
-17.015999,-27.438978,-13.865114,4.830854,1.1752295,0.051128738,0.976408,-1.0666366,-0.9951758,-0.20885879,-0.5717018,-0.81964755,-2.098276,0.026328547,3.913537,-10.122192,3.7755997,1.5515976,4.9349732,-2.4375293,10.031156,1.2395456,5.1327534,3.7950487,-7.797237,10.570254,13.400151,-2.6405904,2.2101898,4.1116214,1.0380888,0.6251533,2.0621185,-4.170676,2.233427,0.73987573,-3.25912,-2.5790586,0.0776632,2.6690812,-3.9757175,7.349665,0.59190553,-0.11294159,0.6824298,0.8561349,-1.4816614,-4.3643203,-0.27783066,1.1222945,NA21402,MKK,1
-15.8739,-27.468288,-14.099262,3.9679215,2.2740066,0.86246485,0.5366722,-0.42484388,-1.0559336,-0.47060207,0.101296365,39.087982,7.2755632,8.814501,0.71931773,-3.6937928,-0.0506254,-1.1496513,-6.5936575,3.9754467,2.0459297,2.2615812,-0.193776,-3.8749053,-1.7168713,3.854217,1.1312697,-0.35096365,-1.9838082,-1.3483647,0.006314369,-0.8818727,-1.3786824,-0.23697829,-1.0316466,-0.5934957,-1.124909,-0.82366097,-0.7306943,-1.3906736,-2.5447383,0.5820433,1.3793919,0.23155743,1.8270104,0.26718217,-0.0040633758,-2.696026,-1.6642691,-0.79170376,NA21344,MKK,1
-16.636986,-28.176601,-14.469909,4.9768248,2.6980853,0.16518396,-0.20993781,-1.8390117,-1.9997809,-1.5439299,1.0648869,-0.94687325,1.8512231,-1.0291848,-5.018081,-1.9451637,2.372308,-16.32432,-11.206205,2.273637,0.3012953,2.8229587,-7.4452925,12.677036,0.770119,-0.24333677,1.0140691,-3.1610482,6.936457,-4.468168,-4.568776,4.6813,0.22144082,1.569915,-2.62715,4.52595,-1.9621649,-0.2330849,1.7274507,1.2006515,2.7564607,-3.5184731,-1.2191164,3.4646223,-0.43264598,0.86341184,-0.1389829,-0.45933035,-0.8597326,-0.32635254,NA21365,MKK,2
-15.862259,-27.930555,-14.371085,3.7175505,1.7387809,0.2712821,0.45226708,-0.5341904,-0.34582847,-0.5195172,-1.229272,3.8469057,-0.21832857,2.6971288,-3.151404,-5.2992835,0.1438655,-4.1297364,3.4929774,-5.383066,-0.2551775,-2.9981143,2.0289173,2.6335473,-4.10772,-8.993158,-7.863658,3.826041,-5.247556,4.266416,-0.855797,3.5000322,4.139261,-1.5369402,3.698639,-2.2350914,3.9650488,3.6262357,1.6664591,-0.914208,-1.1040056,-5.6849856,-0.613066,-2.3732963,0.30564272,1.0002837,-5.406586,3.0874064,0.29698956,3.3620548,NA21317,MKK,1
-16.318861,-27.946552,-14.729343,4.347999,2.0742674,-0.07399314,0.06794455,-0.34513086,-0.83715105,-1.2546384,0.3138813,-2.8006675,-1.3242574,-2.20408,-1.8071345,-5.563507,-0.59069306,4.434607,5.6919656,0.38871187,0.5445077,0.12841699,5.326758,-2.943762,-3.265351,-2.0350778,1.7761686,-2.805626,2.4983847,-5.785723,2.926025,1.6405007,3.1541,-1.2139463,-6.603472,-1.5037814,1.6078976,1.7851192,-3.9200163,0.6999468,0.3185637,-1.3248433,-1.3309954,-2.859981,-4.963964,3.1848836,-1.2161449,4.2947254,2.050225,-1.2646699,NA21527,MKK,1
-14.860855,-27.586456,-15.414437,4.928989,0.572093,0.6061058,0.075306326,-0.15754998,-0.5394007,-0.7064587,0.11492683,-4.1207333,0.3797663,-0.71699774,-0.3669033,-0.67117244,1.1988176,-3.7269785,1.3887725,2.5239425,1.071052,-4.480838,2.739773,-2.4374013,0.982514,-0.9080736,-3.5021465,0.62241805,-1.8609422,-0.3814987,-0.71542567,0.0855136,1.8729597,-2.1570969,0.12667598,-1.6802562,-0.78542304,-1.7671379,0.50352854,-2.0916884,-2.1410854,0.1644645,-3.9198751,-2.196905,-0.81941336,-0.9222267,-0.12341748,-2.5795753,-0.36970907,-0.08261123,NA21307,MKK,1
-16.491428,-27.024723,-15.382475,3.9888062,1.3987362,0.12876223,0.41090608,-0.23066552,-1.0018085,-1.0677048,-0.80510587,3.4572358,0.5142427,-1.4402037,-4.006607,7.6608152,1.9584782,2.9290385,3.7186027,-0.9446906,0.09470275,-4.993131,-3.4890656,2.967286,1.7630411,0.08295292,-3.0440845,-1.0058999,-0.6434554,3.3738313,3.3662622,-5.9766865,2.8897903,9.289367,2.7662125,6.1715436,0.57029414,-0.9172394,2.024036,5.5779057,3.546432,3.2276223,7.6454964,1.7777915,5.288897,1.3923262,-1.1457223,-1.1233542,2.0990884,-0.6681725,NA21512,MKK,1
-16.425537,-26.771048,-15.465215,4.2067575,2.9953308,0.36298898,0.83557516,0.011292045,-0.2642734,-0.42824182,0.27744815,1.1573429,-0.16936713,0.17947201,-1.0415077,2.5666928,0.31573063,0.561822,1.6607075,0.38156185,0.77477187,-2.8318121,1.3276778,-4.061827,4.0014014,2.0511005,-1.9498992,-1.1316754,-5.4544272,1.2797133,4.535532,-6.8876276,0.64770854,4.0908113,2.8902853,3.1392965,-2.2491372,0.13448288,2.6147444,2.4915187,-0.015940225,2.433449,6.0276413,-0.07880987,3.4001987,-4.926725,-0.08793065,1.3154863,4.154892,-2.5659184,NA21718,MKK,1
-16.169008,-27.375925,-13.815592,4.378705,2.035718,0.0013141499,0.22747408,-0.05632617,-0.6128593,-1.0660535,0.7357019,-1.3979433,-0.1516348,-3.2487025,-2.4526813,3.439293,1.4960239,2.2923377,1.5411105,1.4418426,1.7987741,-1.1164485,-1.4147631,1.9176717,-2.2207487,0.2206827,1.875265,-2.458525,-0.43110916,-1.159603,0.89100313,-0.82234347,1.4789207,-1.1847943,-3.4731572,-0.66047263,-4.5977345,-2.4527192,-1.1310917,-0.01386214,-1.5211369,0.7527642,0.32630304,-5.644793,-3.008121,-0.22144626,2.7249718,-0.9205118,2.3273458,-2.4684312,NA21363,MKK,2
-15.907839,-27.584736,-13.873384,5.137156,1.463397,0.35514015,0.038699076,0.16209655,-0.8131973,-1.0161995,1.1329089,0.7255641,-1.3864198,0.5622208,6.9571767,-5.0615187,-4.600072,15.749195,-1.082582,-5.5158587,-0.88051164,4.7103357,-5.045218,9.319535,-1.517706,-1.6559656,0.56668293,2.5378513,-1.8570982,-3.5061457,-1.9648465,0.028111072,0.94119173,1.8068031,2.4763844,1.573214,0.1321293,-3.022977,1.8096429,-1.8797913,0.59232944,-0.16661085,-2.8379664,2.1118503,1.3542558,-0.6121197,0.8717385,-1.3205839,1.9132445,2.5465667,NA21387,MKK,1
-16.73048,-28.100657,-14.004556,4.7613006,2.6280725,0.4402206,0.6398835,-0.39924172,-1.6271127,-0.6056114,-0.8082272,-1.8027872,-0.5267377,-2.4732113,-3.203546,0.30008888,-2.100168,5.5267496,-0.2590917,2.963321,-6.000172,-0.99615985,4.3400693,-11.099024,-2.0528214,1.67547,5.760976,-4.0283017,2.4231513,-1.5702385,-0.71943533,5.0223374,-1.3205415,2.7142868,-0.83028567,-0.6241088,1.1903874,2.085601,1.8393255,3.454872,3.8405285,-3.6674283,2.8125973,2.1143286,-1.675244,2.967502,2.9100192,-2.8095124,-2.0073316,-1.5850899,NA21596,MKK,1
-16.136017,-28.03135,-14.798026,4.552935,2.9534314,0.44107315,0.20072712,-0.73524463,-0.88503253,-1.9219593,0.78764075,-1.9769186,-0.7104417,-0.40733394,2.5312536,0.20228156,0.14597224,0.07743683,0.27051723,0.62123966,0.3898065,-0.4393686,0.04948795,0.82951254,-2.4121463,-1.3870119,-0.64863247,1.1274843,-4.951078,-0.1475984,0.64182544,-1.3873094,-0.603704,0.16086885,0.61925566,1.0248035,-0.7089525,0.39525756,0.4758695,0.7607265,-2.6681993,0.055186223,1.0688221,-0.43142813,-1.2344496,-1.0654142,-0.3749267,-0.4010701,1.2235687,-1.441767,NA21693,MKK,2
-15.685634,-27.214846,-14.141128,4.367263,1.4077873,0.58067685,0.23169795,0.13139802,-0.61570257,-1.8462043,0.30802336,1.2605908,1.2477655,-0.18675707,0.675586,-4.543192,-0.48992068,1.3280281,4.019273,4.8217525,0.6202121,0.55893713,-2.8007798,2.515589,12.506329,2.398089,1.3104833,1.6114897,4.233022,1.044021,4.2579,-0.7045297,2.1722872,-0.039509308,-0.3498169,1.0161564,2.5542402,2.9600227,-1.5015917,-0.8774131,-0.15809126,-1.6918868,0.9725059,-2.47587,0.76739377,2.1129396,1.1817327,0.25736108,-2.0301332,-2.1088629,NA21587,MKK,1
-14.70228,-27.706186,-15.151212,4.9005866,3.407586,-0.27790168,0.2145555,-0.92288995,-0.7478076,-1.8030598,-0.7793724,-1.3036072,-0.45928386,0.38169962,2.56378,-0.84674925,-0.4921278,3.2636003,1.4031456,-0.29431254,0.2741017,1.5753906,0.61422235,-1.5133733,1.5533656,2.0894487,-1.6642787,2.5009015,-1.1988584,0.27189636,0.92232424,-1.8170431,0.32822928,0.72830904,-0.98990506,-1.3530325,-0.5635433,-0.70578206,-0.40849254,-0.5449528,-0.87926126,-0.05566386,1.2577432,-0.30260617,2.4406457,-0.20256895,1.0955757,-1.3882569,0.66516715,0.64250964,NA21529,MKK,2
-15.841733,-27.249195,-14.64133,3.790593,2.899251,-1.3209455,0.92127484,-0.9321776,-0.6762711,-0.48320967,0.70850474,-1.0436479,-0.9636161,-0.5898798,1.2181308,-2.5547106,-0.07643022,-3.706722,0.65374666,0.084437475,0.035826746,0.5167017,2.7448545,-0.21974845,0.28296983,-0.74709696,-1.8488721,0.68769133,-1.0711724,-0.5853959,1.7938889,-1.499273,0.8925057,2.0467076,-0.6957923,-0.6837768,1.1082681,-0.9448565,-0.14891537,-0.38685697,1.4120667,0.76022214,-0.64158857,-0.9126741,-0.8296217,-0.06312605,0.20811534,1.6101034,0.22896874,-1.0555667,NA21436,MKK,2
-16.118313,-28.283628,-14.796967,4.4462605,2.0699816,1.4911816,0.8152434,-0.26451126,-0.4742932,-1.0125433,0.6360936,0.687433,-0.6013002,0.12288357,-4.580764,-2.5186694,0.007214691,-2.5992057,-0.18498553,0.22663306,-0.9013431,-1.2812647,1.3777959,0.44490445,-1.04385,-3.5342758,-3.742297,0.75085,-2.3056796,0.7144026,0.9444179,-0.82082355,-0.8616759,2.345719,0.08195365,-2.0468092,3.4377677,1.4975414,0.19495282,-0.2828119,-0.582948,-2.1960747,0.47195202,1.101792,0.2522545,0.786576,1.0463302,-0.64056295,1.4797152,1.5415529,NA21420,MKK,1
-15.608631,-27.4884,-14.422301,5.080382,2.5518472,0.38933766,0.20476122,-0.17419386,-1.9730253,-1.7207695,0.56563896,-0.37669164,0.6028407,1.1721227,0.440392,0.2709622,-2.091672,0.9666136,0.31106225,-2.1586535,-1.519903,-0.52387947,-0.7408752,2.2826993,0.6445486,-1.4863254,0.22448549,-0.9186708,1.9114949,-0.6084094,-0.81424725,-0.50119126,0.2804206,0.76399744,-1.1928996,-0.052927777,0.40911388,-1.0805523,-1.0738536,-0.2743882,0.14437008,0.7527079,-0.4531349,0.40760776,1.2903028,-0.6998183,-0.27151135,-0.13052972,1.3941727,1.3968886,NA21364,MKK,2
-15.316862,-27.410093,-15.213567,4.6667128,1.1227926,-0.18104482,0.09356271,-0.8708107,-1.1946547,-1.0848854,-0.53277785,-2.7884688,-0.7553791,-0.28247273,0.18426868,-1.7424102,-0.07884318,-1.3470362,3.2981393,-1.6627787,-0.61758614,-0.9185298,3.254239,-3.5395038,-0.5390409,-0.6961865,-0.6861316,-0.1856921,-1.9329344,0.1345932,1.4156914,-2.053371,-0.6869339,0.4333524,-1.485652,0.53845596,-3.3153977,1.631774,0.56425035,-2.8447177,-0.3358025,0.9648652,-1.7156308,1.0028476,-0.40435997,0.13224445,0.8675587,0.15514572,1.54986,0.58972317,NA21689,MKK,1
-16.820253,-27.887539,-14.608333,4.741246,1.9296443,0.2817339,0.1843618,-0.6287164,-1.1684333,-1.7413392,-0.22025907,0.63683194,-0.16126344,0.73292446,-2.016075,-3.1933897,1.0010259,-8.610377,-3.65634,0.5140483,0.8711959,0.9149948,-1.7938482,5.7836404,2.0542858,-2.0053577,-2.123332,1.3112884,-2.117978,0.667241,0.07284486,3.8663933,1.3837022,0.23622632,0.6773016,0.3976499,0.9554943,1.9730774,0.0453883,-0.8441511,1.1723452,-3.1580646,-0.96566844,1.4223719,1.5834968,-1.0647753,-0.9954384,0.5216043,-0.6481717,0.12320755,NA21597,MKK,2
-16.608665,-26.869781,-14.433982,4.408084,2.6387434,0.41976386,-0.25208333,-0.5371936,-1.3053123,-0.10438978,-0.9088002,-1.7040049,-0.69017094,-0.55304253,0.20206334,0.45629486,0.93795776,2.810388,0.3421458,1.3961936,-0.16388607,0.25482485,2.1563027,-1.5140553,0.7853444,-0.17836508,0.11816441,0.6435415,-0.4524187,0.47082728,-0.15905677,0.4957547,1.0659504,0.95628095,-0.9790966,0.078197666,-0.6018015,-0.3103202,-0.31098163,1.0897151,0.6363419,0.21099816,0.29650915,3.0250468,1.0754014,-0.61337286,1.3119816,-0.5166528,-0.3857996,-1.2960455,NA21353,MKK,2
-17.076586,-28.628298,-16.010475,4.9695287,1.9012249,0.94015205,0.5434905,-1.025301,-0.9383026,-1.7642092,0.15867133,-0.5430532,-0.31952953,-1.8687336,-5.1295686,1.1923945,-0.075623505,-5.712186,-0.85258216,-2.2335293,3.7572968,-4.647605,2.298875,5.519066,-3.8243484,-7.8355937,1.3964952,-0.14558837,-3.5393114,-1.3179284,5.069496,4.651455,-4.9435854,-0.70822585,-3.989667,1.4542505,-0.92063946,3.3856843,-2.0710201,-4.255565,-1.6072232,-1.7449183,-0.5010588,3.865768,0.8417543,1.5891904,0.2644208,-2.0515049,1.9588457,-0.90045375,NA21635,MKK,2
-15.802091,-27.172298,-13.956905,5.5393953,1.9403167,-0.04463954,0.7600034,-0.40332144,-1.2367526,-1.706336,-1.1428857,-0.7682307,-1.1555161,1.2383982,0.73267907,1.8690014,0.7491742,0.81598055,-1.6580832,1.5738906,-4.511348,0.16907294,0.40699494,-4.7201176,0.8830424,0.6187435,-4.2754335,0.33932316,4.243698,-1.1139565,0.07286252,-0.10127757,11.842661,-1.9676927,-4.921791,-2.0889504,4.881439,-1.1953456,0.0065069627,5.6177464,6.8021636,-0.27312866,-4.1163173,2.4593313,4.5055356,1.8451251,-4.308197,-1.2144357,-1.4425604,-0.64576286,NA21439,MKK,1
-16.491343,-27.555824,-14.737141,3.9123502,2.8345163,0.48683986,0.3617743,-0.73076427,-1.2272828,-1.6660986,-1.2620417,-0.45537585,-0.7688134,0.1371894,1.5102812,-1.0614823,1.0804646,-2.5986698,3.9547174,-1.2136368,3.7268834,0.8138865,2.2308414,1.590681,-3.0063086,0.56802785,2.4281993,-1.4628325,0.58730894,3.0030642,-0.30351675,2.2446973,0.25860098,-1.6882112,1.1221492,-1.9530891,0.10016989,-1.3062073,0.25321844,2.886439,-0.34980345,3.0800319,2.2571404,2.3562417,1.0800458,-0.41375208,-0.42842236,1.3071718,2.5965316,-1.3420804,NA21403,MKK,2
-16.135006,-26.513374,-13.637383,5.376145,2.8421464,0.93946874,1.1123457,0.19143036,-0.08991127,-0.72316474,0.44859353,-3.921276,-2.0359757,0.39301288,2.9773974,-3.3201876,0.60783035,-2.0257525,2.8577757,-1.3042935,0.6681673,0.21660836,3.4331443,2.2578688,0.21456443,1.458732,-4.253744,-1.0230651,1.3016592,-0.84533286,-3.1588898,-6.0233793,-2.1443288,1.7535704,-3.3726819,-0.8873304,2.686938,-3.4153137,4.996421,1.7971483,-2.54227,1.2482196,-1.2511833,-4.6498337,-1.6422452,-2.4175932,0.7102236,-0.25775605,-2.6606996,-2.6342428,NA21601,MKK,2
-15.960267,-28.32512,-15.085362,3.8551316,2.260177,1.3666854,-0.23091128,-0.25834095,-1.8232262,-1.5265902,-0.72014695,-3.933529,-1.2194887,-1.122082,-1.978925,0.41400105,0.35001808,-0.7956835,2.0053174,-0.8937429,1.8990594,-1.1814704,0.5123553,-1.0232029,0.41604963,1.4995005,-6.535523,1.4840825,-2.7375402,0.10642389,-0.32939923,-0.45868886,2.0125656,-1.4888769,-2.2926736,-0.66012186,-2.8736444,-3.8738887,-0.16766396,-3.5884268,-4.396513,1.1390268,-4.6736765,1.5106966,0.99115396,-2.6215627,-1.4044499,-2.00077,2.5742536,0.22066817,NA21308,MKK,2
-16.241148,-28.643015,-15.332526,5.2405734,2.681736,0.46966183,1.1152427,-0.3247419,-1.6728606,-0.2742748,0.8971923,-1.107154,6.76846,-3.9402282,-12.6784315,10.814378,1.4455798,7.2266808,-0.70443374,1.9968224,1.6857873,-0.30394274,-2.1432605,3.2802231,-4.3050156,-2.552336,-0.09812116,2.564795,-2.3955252,-0.4928886,0.24828954,-1.975936,0.4846716,-5.6914954,-0.6454363,-2.6546347,-3.837162,-2.3800464,2.2987483,-3.5880408,-6.10116,-1.0273875,-3.7446768,-0.83425295,-2.8176844,-2.1949134,1.5615704,-0.66647303,-0.11900307,-1.3335371,NA21613,MKK,2
-15.861442,-26.440117,-13.680626,5.042029,3.3281877,0.49033415,0.66938585,-1.0537094,-0.44950962,-0.896987,-0.33208454,-1.0423038,-1.9115368,0.255123,2.5248039,2.3291001,0.54239994,-3.5632787,0.9466498,-0.34496847,-0.30482623,-0.6184345,1.1356462,-2.3292155,0.32401595,0.45993143,-1.8440139,-2.1687362,-2.770142,-1.636394,2.4616702,-3.811621,1.3486041,0.6594597,-0.587132,4.260674,-2.2610424,0.60341126,-1.6688671,0.007905603,-2.311016,-1.8734154,1.108648,0.014211364,0.3724548,-0.7045694,-1.7623225,1.467885,-2.3074236,0.49402326,NA21421,MKK,2
-16.469236,-26.3492,-13.239917,5.356557,2.397612,0.097912006,0.32487908,-0.96010303,-1.933873,-1.0433223,0.27539703,-0.3487685,-2.0735447,1.5956774,1.8699224,-2.16096,1.3536274,-1.1712939,2.0485284,-2.4069576,0.49416277,-0.9494092,0.5831955,-0.02237052,-1.3784062,0.6878386,1.7773098,-0.86451906,-1.9725834,2.8968987,-1.1067919,0.3680883,0.6742885,0.53213936,0.27163553,-1.6634729,-0.42105553,-0.46355638,0.04667103,-1.2860886,2.0204213,1.4188677,1.6636178,-1.1282804,-1.2581986,-0.5608628,-0.34074396,0.41884747,0.81589544,-1.0316726,NA21631,MKK,1
-15.308378,-27.695532,-15.202785,4.0930333,1.5084383,1.2616405,-0.11705694,-0.1137773,-1.5319064,-1.2207116,-0.2748327,-5.2699056,-1.0172303,-1.1876123,-0.9916576,-0.72529936,0.53648734,-1.9048376,1.7191408,1.5798813,2.2559993,-3.7724879,1.1452425,-1.3557655,1.1827419,0.61460847,-7.311972,1.6607752,-3.1887653,-0.5624604,-0.20116825,-0.25914708,2.4339237,-2.5257852,-0.9171032,-1.1639261,-2.7940376,-3.7911713,-0.3705308,-4.519772,-5.1311674,1.0745802,-6.1568675,-0.97342205,0.5839006,-2.512332,-0.3829497,-2.3106754,1.2858926,0.15246716,NA21309,MKK,2
-15.857067,-27.616323,-13.450376,4.6883025,2.2675247,1.1867933,-0.2701094,-1.6852185,-2.0242133,-1.847602,-0.57353634,-0.1005558,0.7394341,1.1464763,-1.3218492,-2.8043807,-0.17272791,-1.5346974,2.0624118,-0.36437324,0.15065196,-1.6518508,1.2285371,0.12390438,-1.6337358,-1.4333838,-0.81654507,0.6187583,-1.538585,1.6581213,0.58210796,-0.8410394,-1.0456285,0.96560603,0.97596204,-0.7736214,0.026173595,0.64712614,-0.21887162,-1.7998488,-2.1922703,-0.06090486,0.046207897,-0.13225132,-2.449066,2.864555,0.794111,-0.31526476,-0.13328801,1.8874432,NA21620,MKK,2
-16.220602,-27.758808,-14.598242,5.0180836,1.9726293,1.0382068,0.0010963482,-0.59957904,-1.43651,-0.5611255,-0.78400105,-2.7059166,-0.55881757,-2.4781346,-4.6694465,-2.0057058,-2.0474946,7.7777734,-6.1245418,5.7238684,-8.601247,1.7684555,3.3417258,-12.346098,-2.9292877,2.5883965,4.1560082,-3.095327,0.054290663,-2.6133711,0.0022256356,5.3943563,1.3540958,2.7381494,-0.2944773,0.35767007,3.8109062,4.7162113,1.8673809,5.885642,5.969627,-1.1863642,2.908289,2.9866495,1.3325897,3.4426522,0.8478162,-6.591616,-2.6687565,-1.5324818,NA21425,MKK,2
-15.779776,-28.567274,-14.797834,4.1253123,2.2077823,0.7138819,0.18848892,-0.33130896,-0.91487336,-0.44463223,-0.4018629,4.793746,-0.2539371,3.3164134,-4.343212,-5.326007,1.0881144,-6.8025117,1.2796581,-4.6431284,0.21972382,-4.6723475,2.1421955,3.3853185,-4.937655,-9.36085,-8.031988,1.4940032,-6.894928,3.4386103,0.31277245,6.3614774,4.0104523,-0.8324975,5.207831,-3.8857164,5.256862,5.005583,3.1512868,-1.2881162,-0.3349545,-6.064078,0.4544303,-0.62750137,1.8484061,1.2686301,-4.380931,2.7180579,-2.1605577,3.375124,NA21316,MKK,1
-16.09068,-27.199003,-15.066122,5.5586686,1.9190422,1.2932881,0.88973606,-1.1768082,-1.4857497,-1.3806981,-0.1299955,-4.8596306,-4.965605,3.1588845,13.004089,5.7159114,-3.5430984,-0.16294688,-5.351469,-0.7636074,1.3646569,3.046405,-1.1275197,-2.3154328,0.12242357,1.466031,-0.5653484,0.5732592,1.591557,-3.2245739,4.426486,-0.23995718,5.7959905,-2.1087675,-2.3956354,2.3360152,-3.1252537,2.7059882,-5.99994,-2.2422287,-1.3573838,-1.8913465,0.29454046,0.1778022,3.509545,-0.5816034,-1.6333573,4.6948943,-2.781658,1.9481713,NA21487,MKK,2
-16.04568,-27.24245,-14.251785,5.322589,2.5895307,1.3475398,0.70338976,-1.0519557,-1.7042456,-1.4707484,0.9372211,-4.116139,-5.072244,3.0402157,13.224229,5.6884665,-2.641378,-2.3589325,-4.0125823,-0.9397051,1.5737817,2.414462,-1.0029862,-2.3469043,-1.5552666,1.5624872,-0.44678187,-0.18492788,-1.4371808,-2.9998899,3.328487,-1.3723025,2.7477782,-2.0550592,-2.049286,2.3804612,-3.5687788,0.36823672,-5.9986415,-2.7520487,-2.2665362,-1.5357198,-0.02461491,-1.3986834,2.1037173,-0.98643494,-3.031672,5.2041197,-2.8233862,2.3393755,NA21485,MKK,1
-16.326542,-27.956913,-14.398901,4.3269143,2.0678504,0.24324137,0.8493995,-0.67257136,-0.4794118,-0.68540734,-0.18838143,3.573414,0.046596773,-0.3437375,0.93513006,-6.317275,0.18997775,0.37687138,2.8776155,-0.9530067,0.056776218,2.310409,0.36545914,3.7815778,-2.338026,-1.9876401,-5.6831098,0.35263744,-2.5768108,-1.7787377,-0.11566845,-1.7083595,-1.381918,-0.0772395,-2.538913,2.2125769,-5.515096,-0.31264928,-1.6150149,1.4805665,-3.305592,3.0095105,1.9171067,1.9387335,3.2379785,1.0741746,1.9328665,-0.2370358,1.839451,2.5003843,NA21381,MKK,1
-16.664967,-28.468971,-14.713672,5.1825457,1.3524673,0.033086363,0.28755903,0.41645393,-0.5558533,-0.7056161,0.27609953,-3.5959651,-1.6444577,-0.4468316,-0.538249,0.07439406,1.5222037,0.14423275,3.0876892,-0.072311,0.43638328,-0.7407586,1.5203899,-3.3944042,1.8286532,-2.0494726,0.21347158,-0.26194668,0.07335828,-3.5266268,-1.2075921,-0.35900703,3.1781147,2.7087135,-5.220895,2.444391,2.0463064,0.767407,1.510883,0.77496994,4.3379664,-0.91693205,3.0325031,3.620152,2.416628,-0.9987609,2.2555315,0.7625829,-0.8212378,0.30037495,NA21442,MKK,1
-16.175634,-28.106829,-14.603101,3.5802195,1.845072,0.9961504,0.891829,-0.20451674,-1.7773508,-1.8114516,0.21686947,-2.333431,-0.5793081,-2.1127434,-3.829254,1.5855937,1.4465796,-5.552855,-0.9199326,-1.3589274,1.7813523,-1.4654733,0.19440342,4.5416574,-1.1032337,-2.256542,0.53187436,-1.0987521,0.17116775,-1.7752066,2.246497,2.1375802,-3.1358144,0.4976991,-2.265997,1.3790464,-2.5650506,0.48461157,-1.8869876,-2.6856122,-0.9142207,0.101645075,-0.9301844,3.569802,1.6427988,1.621536,-0.09303784,0.15951417,0.7638439,0.79958284,NA21619,MKK,1
-16.797415,-28.219488,-14.472594,4.3391457,2.5584922,0.69469494,0.14061663,-0.8345379,-2.4764183,-0.676912,-0.31143317,0.49583736,-0.7053882,0.87807894,-1.9400179,-1.7906861,-0.24817511,-0.32855687,1.6708007,-2.1770487,-0.87733275,-0.46241125,1.9732149,0.74622166,-2.5495384,-0.99675375,-1.0817405,-0.486312,-1.1151351,-0.14865974,-0.77701813,-0.43770778,1.9842815,2.3061233,2.1204772,1.0329831,1.0655625,0.21970002,0.22015686,1.3492496,1.4827117,1.5158652,-2.2259645,2.2000654,-0.50163245,0.9345566,-0.15351216,-1.5030236,1.3917625,0.4570744,NA21295,MKK,1
-15.170127,-27.515259,-14.3938265,4.121342,1.6203003,0.98237354,0.6337112,-0.2122194,-1.3739712,-1.0463579,0.22480549,-0.9453476,-0.22645256,-1.6256074,-1.0248291,-3.690402,-1.6704978,2.3640866,2.0010433,-1.503856,1.3153845,0.08381372,1.8412963,-1.0912626,-1.0194513,1.5486182,-3.6594734,0.9585971,-1.8147947,-1.1046565,1.225718,-1.4489884,-0.33913577,0.80270386,0.08308247,1.6419239,-1.0348741,0.8137976,-0.59285885,0.18301788,-4.0435104,-0.20537604,-3.199362,1.7398725,-0.69183415,0.9744744,-0.77944297,-0.5111582,-0.16033909,1.0273525,NA21517,MKK,2
-16.299189,-27.598671,-14.871947,5.1016817,1.3669746,0.18395327,0.4644859,-1.5221809,-0.3637565,-0.9917415,-0.522015,-7.494371,1.4282178,-1.4549242,-6.527595,-7.0042806,-1.1113269,1.2261904,-13.381493,10.805997,-5.705607,8.809255,-4.560157,-8.970536,-2.9457588,6.7012825,-1.6939944,2.9697833,-4.156027,1.8926487,0.5832172,-3.095327,-4.1185656,2.428286,6.3871427,0.55920035,0.061198093,3.247514,-1.5686928,-1.6385009,1.922416,4.7650375,1.0848453,-2.3355377,3.3305092,-0.1460785,-0.022413965,-0.2124632,-2.8041248,2.4821455,NA21314,MKK,1
-15.605931,-27.83677,-13.818547,4.272551,1.8118497,0.51036197,0.43863735,-0.6337306,-1.181552,-1.1267283,0.594713,-1.1070955,-1.0461961,-0.5785217,-0.06691114,-1.2505596,-1.3743694,1.608347,-0.281624,0.3055976,-1.0045875,-1.0057784,1.9021399,-3.8217845,-1.4071622,0.8110383,2.1400058,-1.8760089,0.31328404,-0.6622262,0.120414086,1.7289349,-1.2949067,-0.056559507,-0.7844218,0.7660907,-0.38312304,1.7556646,-0.67370725,-2.1666832,-0.86843365,-0.44053116,3.0676615,0.034418177,1.9765941,0.5710608,1.1433712,-2.617583,-1.9268805,-1.9573836,NA21333,MKK,2
-15.126748,-27.492691,-14.707594,4.973114,1.856735,-0.17193335,0.13399185,-0.04756713,-0.44250146,0.40730727,-0.098470196,-0.26449203,2.016028,-0.8156099,-2.7059639,3.149991,1.2031585,0.222085,0.65873796,-1.2058806,0.12955797,0.78597206,0.81082815,-2.0369022,-1.9072881,1.5983106,1.5591881,-2.7430875,1.5610788,0.3831619,-0.91430134,0.4313942,4.3143635,-3.5575767,2.5537226,-0.30347776,-1.7189063,-0.13767858,2.2392397,1.903471,-1.6557589,0.96324754,-2.6088328,-1.1576229,-1.2687483,-1.1885612,1.3892192,-0.38086843,-0.3901247,0.016384719,NA21457,MKK,2
-15.143729,-26.577387,-13.570606,4.652528,1.7697363,0.52866167,0.61394453,0.06108381,-0.56304425,-1.9155785,0.32839283,7.5931497,0.87495285,3.6347582,2.1367178,-0.5722103,-0.41575798,0.045989472,-2.3126712,1.2363563,1.7529483,-0.16538307,1.0020199,-3.1823583,0.5233459,1.3053869,-1.0518258,-0.63401085,-0.09359441,-0.52226883,1.8385668,-2.0391645,2.6595092,0.045373175,0.95213884,1.2326963,-0.9244012,0.07087836,0.50976115,-1.6537948,-0.73101884,0.1912603,1.7172698,-0.73986566,0.23440488,-0.65765333,-0.171949,-0.04977117,-0.75755775,-3.011951,NA21722,MKK,1
-15.649685,-28.479843,-14.421026,5.2661285,1.7160909,0.25553504,-0.2235114,-0.97298294,-0.31178203,-0.67233086,-0.96112597,3.1104746,0.23243964,2.4603183,-2.9436314,-4.523717,0.99902785,-7.06053,0.8285081,-3.5783806,1.1436876,-3.7057078,2.527847,2.7217326,-2.28684,-7.779784,-7.7457776,1.8746419,-7.3592815,3.0489733,0.8598855,5.1020536,3.0610344,-0.68581975,4.7953377,-3.515661,3.8267138,3.8316774,2.7319443,-1.439024,0.33220053,-5.9920187,0.47057912,-0.98183393,1.6876904,-0.012602935,-4.0625052,2.1782076,-3.5687406,2.3701217,NA21318,MKK,1
-16.67244,-27.499958,-14.867202,4.2000046,1.855257,1.3836311,0.12858316,-0.30174792,-1.2868782,-0.8800685,0.6920828,-3.2688131,4.8722525,-4.4696465,-1.7930045,-0.04630759,0.3820121,-3.6062055,-0.2175229,6.96288,2.3123221,3.8252559,-5.060933,4.8595414,16.124306,3.915168,-1.6307309,5.2079005,5.089642,0.8511494,1.5101091,-2.0530472,-0.4410843,-2.5067005,-0.6463753,0.7708567,-0.09001632,0.5409506,-2.2421012,-4.4572997,-6.6145916,-3.8761082,4.116223,-1.4015397,0.7833661,1.5134265,1.7229334,-0.45206192,-3.970923,2.033102,NA21370,MKK,1
-16.059557,-28.38063,-15.068581,5.0755267,2.6812701,1.2383935,-0.43631363,-0.5499916,-1.8471712,-1.4951165,1.8660398,-4.883328,-3.5266254,8.6208315,21.003906,19.608727,-3.4101472,-3.850355,-11.353872,-2.3709035,0.3406453,0.9962255,-4.4703608,-3.5824246,-0.5329228,-4.523196,3.270988,0.5589549,-4.647856,4.38392,0.7347487,1.1694145,-2.7484078,-1.4857233,0.7897925,-1.4466537,0.67942685,0.5987091,0.793983,-1.4869862,-1.4178367,-0.77602017,-0.3754402,-1.3796747,0.09464923,2.2189627,1.0726266,-0.43390375,1.7677916,-2.9471192,NA21475,MKK,1
-15.789157,-27.969612,-14.722596,4.793277,1.251261,0.5178271,0.23144297,0.60429686,-0.84653354,-0.1439283,-0.8559924,-3.5741608,-1.9787283,-1.5042801,0.43247154,-1.4475213,1.7253678,-0.6728714,0.21290429,0.69317883,0.6400399,-1.1992686,-0.62366945,3.7219377,-0.84003973,1.8133762,0.31245545,-2.1802342,1.3556262,0.13387439,-0.85881394,-1.8675122,1.2275293,2.7678008,1.5601455,2.1125104,1.6401017,-2.2778378,-0.68230945,1.4568472,3.0188391,-2.2936678,2.932299,1.3760878,0.43510634,0.414032,1.5635422,0.28133577,2.1359813,-2.4590485,NA21524,MKK,2
-15.741526,-27.265423,-14.750154,4.509774,1.9126387,1.8645636,0.94701517,-0.13099943,-1.4099241,-1.9240729,0.19864587,6.5234566,0.64019424,1.5037471,2.1363497,-0.2361279,0.23098223,-3.1443062,9.567158,-1.5054141,-3.8574748,-2.4690514,-0.59147495,-4.9070096,8.469931,0.0680501,0.4339749,2.9920502,4.439305,0.7871184,-2.5135083,4.1445026,-8.014548,2.8744586,6.2132034,-2.5949328,4.1763477,-3.9222112,-2.7476902,0.19480033,3.9229128,4.3870106,-3.9824224,1.676614,-1.1769515,-1.6065376,-0.50819165,2.9528642,3.2380862,1.530275,NA21493,MKK,2
-15.624942,-27.413149,-14.310597,3.257777,1.7950165,-0.5543097,0.093808025,-0.40336323,-0.5376009,-1.098284,-1.0739421,-3.8943453,-0.5818955,-0.19865353,0.4412631,-7.767175,1.2089858,1.143231,4.7313814,-3.8192217,-0.31587762,-1.6136359,2.9175045,-2.0197368,1.4847517,1.4534959,-4.898761,-0.6425684,-3.1918335,0.087570265,1.8501215,-3.9403512,-2.0864735,0.3307648,-3.4250858,-2.0859442,-4.236862,0.15330622,1.8224206,0.29419687,0.33456913,0.5413264,-6.3005195,1.9868134,3.943858,2.0587564,3.3090644,1.1361818,0.80126494,-2.234336,NA21577,MKK,1
-15.906787,-26.856762,-14.180791,4.211085,2.0460985,0.90026766,0.43556044,0.0025009068,-0.52412736,-0.5135406,0.3271377,-3.7816133,-1.2803631,0.8595429,2.7149506,-1.0945724,-0.6745575,-0.5601893,1.243169,-0.37987363,-1.691646,0.65555364,1.2254221,0.67031544,-0.7870623,-0.091035865,-1.877054,-0.8584663,0.5720734,-0.21389876,-0.28172788,-2.1751041,-0.7146997,-0.44417214,1.337055,-0.7860808,-0.070437014,0.26626262,1.044507,2.8873773,-1.1486591,0.51426977,-1.0830795,-0.8695675,-0.9716187,-1.1198679,1.0828635,1.3284771,1.4319525,-1.5399389,NA21371,MKK,2
-16.34291,-27.503445,-14.565125,4.6070476,2.1871262,0.42647973,0.98288786,0.07949527,-0.93998,0.17820254,-0.84422475,-0.0054930183,-0.30002072,0.16026752,-0.96043146,-1.8725026,1.2033883,0.2621199,2.7359703,1.5924569,-1.0254011,-0.58031774,2.4770124,-1.9381497,0.7926355,1.6674006,-1.7395564,0.3345019,-0.5121212,0.5252298,-0.60024583,0.87655246,1.6342057,1.8812068,-1.7765685,-1.0305855,-0.4147214,-1.44487,-0.8184394,0.32249126,0.1515294,-0.37809467,-0.35411236,-0.7260037,0.036499742,-1.1263969,1.8419816,-1.9922801,1.465316,-0.11194814,NA21409,MKK,2
-15.925496,-27.923405,-13.9692135,4.9739847,2.619271,0.39083055,1.0556725,-0.6843059,-0.83024395,-1.2753611,-0.19799094,-0.12877639,-0.26220846,-1.5788317,-1.401731,2.9491947,0.3793816,1.5869818,2.9126496,-0.3664168,-0.7580261,-1.0461328,-2.1192157,1.3606377,1.7541949,0.4254861,-1.2576703,-0.39256364,2.6113963,0.14654364,-0.024900323,-3.3890183,3.1065984,4.322891,-1.663575,2.7344432,-0.10294884,-2.2329679,-0.8881381,1.9802347,1.3981175,0.22076504,2.91414,2.310924,1.422735,-0.12985413,-0.56160486,-1.6588113,1.0361919,-1.5519578,NA21298,MKK,1
-16.292942,-27.865772,-13.801064,4.873384,1.4801512,1.5564697,-0.09406426,-0.99350876,-1.1958711,-0.9623299,-0.81219596,-0.18629935,-0.0012453524,0.09855136,-1.4539218,-0.8420982,0.27447855,-0.67872566,0.06906991,-0.9290085,-0.7726486,-1.4468583,-0.76226723,1.0445478,-1.8469975,-2.5924358,-1.0889899,0.9328722,-2.7561374,2.547727,0.23956205,-0.8667514,0.7511854,2.633875,0.043968894,0.5756355,2.338792,0.46078533,0.7572503,2.0399194,2.2986336,1.445888,-1.29802,1.5708172,-0.8258014,1.3048635,1.4636254,0.64887357,2.007518,-0.63101554,NA21304,MKK,1
-15.402206,-26.114107,-14.63938,5.186141,1.9214758,1.3278352,0.8379264,-0.98460716,-0.5036966,-0.9595722,0.20149264,2.8685868,2.9155557,-2.1180604,-5.0332584,6.330998,-0.092335194,5.6922617,1.5229528,-0.77087176,-0.2528569,-2.8497193,0.22560677,-2.2290752,-0.77347517,-0.26447317,2.6349742,-3.066101,3.5240014,-0.58978766,-0.45665315,-0.5666712,4.169913,-3.6972187,-4.6519837,-1.6571339,-0.4478207,-0.9385261,0.5236894,-2.1323571,-1.1143286,-0.48959118,-1.9215789,-6.190611,-1.9750473,0.18824285,2.1225202,3.5749817,-3.0312877,-1.3266004,NA21351,MKK,1
-15.9693,-28.10785,-15.388946,5.245428,2.7099247,0.12134947,-0.3666606,-0.70432556,-1.4046136,-0.8382152,-0.01869674,0.059430674,0.36166966,-0.9490969,-0.5676116,-1.3067172,1.3690933,1.4918758,2.7314017,-0.99342334,1.7014915,-0.9971308,-0.1079406,-0.110188276,0.43548012,-0.18353285,-1.537386,3.5929868,-4.272395,1.650921,-0.039963238,-0.8872627,-2.7747507,-0.7900323,-2.687742,-2.1829205,-2.4216816,-2.6357079,0.50621146,-2.151953,-0.770884,0.66786957,0.07642781,-2.393773,-2.4241116,0.37048274,-1.3221732,-0.4129394,2.3116386,-0.9836269,NA21410,MKK,1
-14.448335,-26.43058,-13.687992,4.532654,1.8389479,0.8262679,0.16581225,-0.70635676,-0.7408578,-0.7411837,-0.37582183,-0.08880984,-2.0669785,0.2381978,2.7687855,1.7603017,0.5823043,-2.2141848,-0.3205453,-2.2000265,-0.27012548,-1.8607436,0.3615559,-0.633667,0.6200563,-2.127779,-0.5358496,0.95255667,-1.1954627,-0.03593431,0.3472978,0.4768177,-1.1310273,-0.7590783,-2.3450387,1.2832931,1.0141146,0.9010814,-0.9325607,-0.5589236,-0.51093495,-1.5294328,-1.6719176,-1.7554278,-2.0066435,2.1256974,0.070708044,0.56455874,2.572964,0.2809809,NA21515,MKK,1
-16.15886,-26.754751,-14.320396,5.232275,1.9698495,-0.08392835,0.40804377,-0.434852,-0.8454431,-0.25235152,0.23135109,-1.383017,0.20855601,-1.8803387,0.1618717,-3.8182476,-0.42007387,-0.2568295,2.027752,3.1701574,-0.107246414,0.44046727,-0.074404195,-0.281887,4.2358294,1.0939772,-1.1782924,1.0317823,0.5809904,-0.7802215,1.9705645,-0.7419781,2.472494,-0.30452153,0.1047381,-0.14361675,0.7402305,1.7879732,0.95112365,-0.5875322,-2.1899369,-1.0146964,1.2689435,-0.5847261,0.41864306,0.48196346,0.42006236,-1.263792,-2.0888953,0.30951184,NA21622,MKK,2
-15.786692,-27.959719,-14.165574,5.1563163,2.5790188,0.22642064,0.33309013,-1.287172,-1.3388859,-0.2142298,1.0190849,0.4229746,-0.552344,-1.0095251,0.54297715,-0.6238859,0.060645636,-1.5387497,3.1069603,-1.086285,-3.3374634,0.2923045,2.56596,-2.9503736,0.3879144,0.45634452,-2.3438938,-0.5771824,1.8659388,0.18565148,-3.842503,0.5497281,-1.0403175,1.7332022,-2.4007442,0.48785466,0.023499904,-1.2327843,0.65514624,0.56269205,3.453002,1.5715446,-1.7985402,2.001371,-1.5269436,-1.6942174,1.702865,-1.3388199,-2.0956185,-1.0476602,NA21450,MKK,1
-14.862105,-26.661499,-13.502828,4.26748,1.8334317,0.7768003,0.10548647,-0.9861455,-0.64766896,-1.1033852,1.1566199,-2.1825933,-0.4154666,-0.07678264,-1.7591767,1.0103455,0.6805792,1.6298153,0.029691268,0.2553247,0.4618244,-0.5453143,0.6542796,-1.5951989,-0.01135798,-1.1427093,1.5025557,-2.2899315,-0.10483303,0.55400383,2.673233,1.1285106,0.03741878,0.18684764,1.7565407,0.72186077,0.60669947,0.060615193,-2.9800088,0.008686044,0.019374011,-1.3262361,1.1682329,0.13112314,-1.2677239,1.0350838,-3.3334436,-0.49717972,-2.6300895,-1.0647857,NA21584,MKK,1
-15.7258005,-27.269987,-13.92285,3.9653318,2.3085673,0.8303997,0.57662314,-0.4799319,-0.9211278,-0.4254591,0.17330067,38.931946,7.2143593,8.837255,0.6733113,-3.8149512,0.01667709,-1.265461,-6.6382995,3.9180524,2.0380313,2.301192,-0.31183478,-3.7529242,-1.7552879,3.7822442,1.1908108,-0.25459737,-1.9778512,-1.1801064,-0.03688233,-0.8235711,-1.416053,-0.21152426,-1.2251678,-0.4416226,-1.1705933,-0.8448728,-0.70816773,-1.2779866,-2.5390265,0.52650857,1.5831145,0.38606828,1.6210539,0.38058242,0.18138774,-2.6879954,-1.6189066,-0.86724985,NA21737,MKK,1
-15.708815,-27.462852,-15.2664175,4.563718,2.155438,-0.02862624,0.42925048,-0.102903366,-0.3414954,-0.6436739,-0.6748371,-2.5191324,0.348315,0.37311712,1.7070192,-0.47751197,-0.037907645,-2.1856942,1.1708211,-0.48835957,1.4420333,-0.9086922,-1.2035276,-1.4769166,2.5239751,1.0795175,0.35906136,1.290155,1.1321918,0.04692738,1.867922,-1.6974744,1.3773768,-0.14379376,-1.133854,2.070712,-1.1549357,1.6297228,-1.4239007,0.5676785,-0.4390147,0.32951513,0.033983048,-0.99206984,-0.5261078,-0.83295864,-0.35171366,-0.74648386,1.4714962,-0.051203087,NA21769,MKK,2
-14.845866,-27.107365,-14.228869,3.7252512,1.8377864,0.28029567,0.081857644,-1.2358491,-1.268336,-0.14921789,0.15525517,-1.5006655,-0.43751228,-0.10119213,0.090706274,-3.6207695,-0.5813414,0.7384341,2.7566314,-0.68984884,0.21211031,-0.98627615,1.2228004,-1.1850275,-0.8395468,-0.5780041,-1.4026105,0.8336946,-1.1988561,-0.25028935,1.5097603,0.7504859,-1.4495045,2.5191255,-0.82447034,1.5300504,-1.7203397,2.1426752,0.9841261,-0.8690153,-1.2045534,-1.0699013,-0.039555468,0.7461048,0.3753246,-0.5265343,-0.57219625,-0.21245486,1.8894433,-0.65889394,NA21770,MKK,2
-16.781727,-27.612875,-14.963782,3.5121157,1.7166264,1.3902109,1.0151451,-0.22879851,-0.7819233,-0.3675174,0.27244145,-0.8463143,-1.2121224,0.33317357,1.7507473,-1.0782112,-0.3847353,-0.24261355,-0.51687795,-0.68932563,0.2097142,-0.45930812,-0.43429768,-2.491618,0.5798076,-2.0868704,-1.6911037,1.1948162,-0.30076802,0.47239065,-0.50673074,-0.21184528,-1.1955516,-1.0260428,-1.890283,0.5569707,-0.47125185,-0.03289657,-0.43514222,1.7397746,-0.93959695,-2.0523558,-0.83970416,1.1767011,-2.043421,1.7839934,-1.1055986,-2.14512,0.46887276,-0.12179704,NA21341,MKK,1
-2.6558256,1.6122711,3.752518,-4.186896,-4.8996243,-1.5249519,0.99977076,3.8157227,33.575764,-7.4235725,-9.737564,0.42747164,1.7020205,-1.3566291,1.9178659,0.3060778,-0.1265354,2.227803,-0.50596875,-0.32039535,-0.53410643,-0.39566213,1.3038081,-2.706645,-1.4323952,4.988432,-3.5544338,-4.1431613,1.0078243,1.1656687,3.8440478,-0.28279102,0.3180364,-0.31306088,-3.0465412,-0.42685154,0.98920006,0.45011348,-0.24144314,1.9716072,-9.813663,-0.52965766,1.7230726,-1.132253,3.6101067,1.9546113,1.4943725,-1.7428336,-3.4920573,5.522461,NA19663,MEX,2
-1.2805041,1.6649961,2.952105,-3.9131126,-4.891437,-0.6651655,0.7932937,3.1643226,34.104908,-7.448507,-3.5031614,-1.3116384,-9.951575,9.637385,-5.58693,0.6619194,1.8741916,1.83144,1.3415055,-0.69097304,1.0534424,0.5838879,0.5318748,-0.29439214,0.8215063,3.1197486,-2.570206,-4.9040823,1.5626913,-0.86391824,3.9851897,0.9564954,-1.8261199,-0.70318305,1.8081807,1.2963027,1.7284971,-0.46029294,1.7162269,1.7584939,-3.8074706,0.16547741,2.0312386,-3.0796537,3.3443232,2.1155488,0.4510719,-2.8082473,-2.2954948,-1.0786781,NA19664,MEX,1
-1.8684267,1.6214751,3.1454287,-3.517023,-5.252225,-0.5409325,0.9555313,3.5147128,33.4253,-7.408988,-9.995426,-1.3199117,-4.228349,3.6704648,-0.86291164,1.047191,0.17241997,2.9086552,-0.33599466,-1.1382562,0.68977857,0.3097586,0.9123051,-1.7341179,0.19218513,4.732214,-4.2021337,-5.731467,1.8163818,0.68633157,5.357235,0.767463,-0.8035086,-1.0992179,-1.4462264,0.11092082,2.4165876,0.06843426,1.3276407,1.9176179,-9.091916,-0.49116957,2.493276,-2.56713,5.1154304,3.1697128,1.3045914,-2.8979928,-3.15933,2.934016,NA19665,MEX,2
-1.383817,2.1238241,3.8763838,-3.4220004,-4.3181086,-0.36161706,1.1929961,3.4261403,33.785954,-7.303848,-3.014602,0.01815538,1.5723711,-2.2480955,-0.09369356,-0.74820083,0.662778,-2.3089702,1.6998364,0.66724086,-0.6639416,0.48182303,0.28870735,-0.31951326,2.0045896,-1.5658783,3.203009,-1.7906114,0.53538835,-2.4651818,-1.905158,0.4710869,-0.4352828,1.8587253,-2.577761,0.8091983,2.5377755,-1.4001083,-1.6702003,-0.33183533,-1.7007949,-1.7356128,-0.63817817,-0.41457587,3.6460268,-2.2855568,-0.8438289,0.016456582,-3.434134,-0.7276072,NA19722,MEX,2
-2.6248085,1.4506239,3.0473044,-4.4415703,-4.831738,-0.9337799,0.8875648,2.8960385,33.69111,-7.291547,4.858416,-1.6739559,1.7232456,-1.4485298,-1.7039241,-4.382628,1.2600763,-0.2947776,1.2178376,-1.4312102,-0.617643,0.74586385,-0.90496266,0.196852,-0.31166616,-2.5810893,5.0528855,1.2912099,1.7344356,-1.0086124,-1.1400127,-3.8966844,-2.454514,0.16376796,-1.1898777,0.6903542,4.010041,-3.3974533,0.8327855,-0.68191767,-0.88524336,-0.13054249,-1.9960494,0.88319385,4.016837,-2.6478567,0.062856354,0.4534501,0.0052673277,-2.4673903,NA19723,MEX,1
-2.5328593,1.7887655,3.8047879,-3.8176067,-4.506625,-0.86592096,0.7025778,2.8512952,32.493927,-7.659281,8.0376425,-0.84487915,1.5288628,1.7854524,1.2630693,0.043006692,1.707372,-2.2165008,0.81498337,0.35480496,-1.7128782,2.4277458,0.7316175,0.2760487,-1.6134421,-9.391311,1.3444539,2.8195403,0.6333995,-1.4423817,-3.792374,-3.4738421,1.2798644,-1.3297447,-1.798508,-1.806057,1.7804602,2.409224,-2.5658114,3.183898,4.3157697,5.772002,-0.6202374,-3.3143198,-5.4019785,-1.0096921,0.9388296,0.86523426,-2.3963451,-1.5373346,NA19649,MEX,1
-2.5453558,1.6526242,3.9322999,-5.320712,-3.609095,-0.587452,0.77111405,1.9747101,32.462864,-6.7249184,7.318181,-0.77205086,1.4471058,-2.3074698,0.6073405,-1.1585572,0.5414745,-1.6507791,0.63703984,1.107967,0.7730757,-1.0768015,0.010128494,-4.000096,0.36154315,-5.3166413,-0.69848955,-1.2249107,-2.7401679,-3.9607832,-2.0712574,-2.6865244,1.8045173,2.6373565,2.6062734,1.7786179,-0.27316606,1.1042961,-0.78713596,-3.0295935,4.0828032,1.3571546,-1.8209507,-3.27771,7.671429,-1.4986832,-1.0180203,-3.4725187,0.6036694,4.733278,NA19669,MEX,2
-2.0287123,1.9385014,3.7681386,-3.4247584,-4.5472713,-0.0020626283,0.95839953,2.4699533,33.070004,-7.2746325,-3.4556684,0.24126834,0.07445947,-0.121766776,2.1221836,3.8039293,1.031089,2.1453354,-0.69880867,0.5760639,0.72280425,0.881183,0.47493786,1.1513771,-0.15047853,0.260624,-2.7526844,-2.7779922,2.2305882,-1.2670012,2.0506873,0.8810946,1.0707431,-0.81190383,-2.4600914,-3.4616084,-3.5214772,-0.3261453,2.7443354,3.9982715,-0.3016579,1.9572206,1.9895873,1.0690167,-4.397346,0.009686235,1.0683459,-0.55035156,-1.3575256,5.530707,NA19656,MEX,2
-1.6281877,2.0004735,3.0696464,-4.319741,-4.1288157,0.77224237,1.2891306,3.4191186,32.16989,-7.674699,-8.665665,0.36690485,2.5300035,-2.9694483,-1.5785699,-1.2298871,-2.9998019,1.846804,-0.152063,-0.20413835,0.8409296,2.893548,-1.4562534,1.1802357,0.95730263,-1.0006638,3.445589,5.3978,0.510372,2.353036,0.6895883,0.5549877,-0.39853474,-0.8864184,-3.2496307,-0.6807848,-4.831133,5.0814605,-2.6932774,-0.20402227,1.7679034,-1.1153381,0.28194246,-0.63743114,-0.065021746,-0.10980661,-1.6745007,3.5441375,3.2948425,-6.6318483,NA19657,MEX,2
-0.5044899,2.2287843,4.0602145,-4.514118,-4.1100516,0.057166833,0.72908837,2.6433358,30.575617,-8.225793,4.843117,-0.3219315,2.0859952,-0.79799014,-1.9584314,-3.039274,-1.7592835,0.970599,0.42343494,0.78203046,-0.7828584,3.8790169,-1.4803905,1.0203607,-2.4666429,-3.9658704,5.0359097,5.688093,1.8751373,-1.524496,0.04251662,-1.5105492,-1.8608426,2.8305953,-1.2974688,4.359512,-2.8555415,4.0204825,-1.3532383,-1.8208858,1.7792921,-0.4484677,3.7676013,-1.7293848,-0.96515375,1.7442094,0.28058064,4.2692113,4.3608203,-5.3091855,NA19658,MEX,1
-1.1700835,1.271142,2.3062844,-3.810672,-4.3970447,-0.51655525,0.16274755,4.219445,32.814503,-6.9948425,7.3555923,-2.0701175,-15.172435,19.34648,-10.290149,1.7920924,-0.64467394,1.2080761,0.5213835,1.9898154,2.5428853,3.3261662,-4.383669,-0.19698733,1.5015979,-1.2384887,2.363872,4.4308233,-1.2384183,-1.5181785,-1.8261038,-1.1138763,-1.7302388,2.868673,-2.800795,0.32061407,-1.3260158,1.3778902,-2.622043,-0.7720196,2.1985788,-0.46807763,1.9216884,4.715079,-1.7087961,-2.4199634,-0.5129616,-0.25414163,0.66173214,0.4852083,NA19686,MEX,2
-2.3269088,1.5212734,3.3629403,-4.5042596,-3.9751697,-0.7376213,1.0057799,2.1744988,31.99855,-7.7811656,-2.182152,-0.4599315,3.3383193,-1.3748982,1.077303,-0.22721674,-2.6853564,-0.8359401,-1.031687,0.11998969,1.48263,-0.5338687,1.9417738,-2.0775602,5.083692,4.406264,0.6970036,1.2611827,-2.0957983,-1.1176248,-0.15341148,0.38646293,0.28704014,-4.4668255,-4.950085,7.5524006,1.5084815,1.4049077,-2.4743433,1.3138509,-0.85514814,-0.8974245,0.17888303,3.7004912,1.3364358,0.72876745,3.318431,2.135505,-5.394678,0.2390242,NA19719,MEX,2
-1.8349168,1.8122312,2.9852498,-4.1812205,-4.919792,-0.7054905,0.78758425,2.7038894,33.79244,-7.4673085,-10.995211,-0.615182,1.8908724,-2.983168,1.4193395,0.4045849,-0.2316635,0.8790785,-0.29918903,0.59615356,0.22963014,-1.5453699,0.8042548,-0.4420636,4.121911,4.0458302,-3.0809455,-0.8865426,-3.7378066,-2.3240585,1.8918315,2.0880377,1.625579,-1.537098,-2.6960204,2.7437747,1.794019,-0.54538935,-3.3657827,0.23339368,1.0729833,-1.9433876,-1.6660339,1.4745299,0.29577863,-1.5002284,-0.093441546,-1.75056,-4.8315454,0.10668987,NA19720,MEX,1
-1.7375553,2.0933726,3.316452,-3.963017,-4.4818015,-1.3242022,1.2353284,3.3595173,33.21661,-7.59047,2.5359704,-0.8352815,1.3850633,-2.3287086,-1.4983172,-3.5495918,1.7290975,-1.677451,1.8797019,-0.6626134,-0.7466029,0.9944983,0.6487152,-0.57999456,0.881941,-4.003463,4.772503,0.30481708,2.5545447,-2.2973442,-2.4535868,-2.6749706,-2.4446464,1.1575562,-3.2392137,0.34505758,3.86309,-4.4152737,-1.1476766,-0.8509835,-1.8548367,-0.9300931,-1.8161536,0.25719124,5.780285,-3.0269003,-0.7873546,0.7108487,-2.7721128,-2.8735142,NA19724,MEX,1
-2.3050091,1.751561,3.919958,-4.089366,-3.2781382,-0.93260276,1.1728374,2.0473204,33.174397,-7.0202146,-2.9853892,-0.7094623,3.3877559,-4.2486844,2.4755766,0.05169828,1.1270612,-1.2616428,1.443517,-0.9624989,-0.32132965,-1.8029315,-1.3277694,-0.448131,1.634916,-1.1409599,1.0907848,0.78681755,-1.5432622,-2.2024465,2.2804334,-3.1479268,2.6494362,1.1390082,0.39326146,-3.8224154,-1.99725,0.35219303,2.414718,-0.8856077,1.646152,0.05927249,2.424306,-1.7813962,1.3043013,1.5504451,-2.8241537,-0.55086815,3.7993793,3.0470586,NA19726,MEX,1
-1.9558367,1.7049159,3.3229334,-4.370874,-4.4030395,-0.72860664,1.1068293,2.4545465,31.823496,-7.481427,-8.120881,1.8969088,-0.18010429,-2.8596423,-0.15826508,1.2517465,1.5230147,-0.27648622,-0.27418444,2.8845177,-1.9831877,-3.2062123,1.3524808,0.7729934,-0.9305563,3.6072323,-2.2089984,-2.8147933,1.0863559,0.30548042,1.5360854,3.8341722,-1.0498896,0.78976876,2.5748382,-3.454564,-0.64813673,-2.3546007,-0.27278426,-3.84859,1.8398949,0.032001335,-2.6642764,2.5115092,3.211071,-0.21238966,-2.4042528,-1.3043166,0.9205201,1.7081952,NA19747,MEX,1
-2.5058851,1.6917657,2.7055504,-3.7044048,-4.0751314,-0.48707303,0.7977639,3.0601616,31.823988,-7.597688,-9.810734,1.4791291,-0.17420004,-1.5870907,1.2089772,0.3483383,0.5230214,0.56327236,-1.8337996,0.29582924,-0.90295595,1.7067572,0.806849,4.1799645,1.3371766,-0.57764465,-0.6011321,-0.2808629,-2.7550833,6.5824704,0.17032254,7.4369407,-2.2000406,0.4248758,-0.04161097,-0.39238095,1.3962204,-2.0615091,-2.0680919,-2.9452026,1.0127908,1.2828933,-4.4183416,-2.3285232,-0.11516684,-1.4168622,-0.109082766,-2.5152047,1.9027281,-1.9432993,NA19759,MEX,1
-0.6852246,2.8634357,2.3220954,-3.4283683,-4.6272783,-1.1055031,1.4462473,2.2684886,31.685638,-7.617263,0.6687895,1.6767658,2.64085,-3.4646459,3.9248445,1.0730212,-1.631656,-2.880163,0.47812203,1.9631269,-2.1267762,3.1707485,3.473045,-0.9090424,-2.8575897,-0.9941358,-3.0165925,-3.1123326,3.0948157,-0.16160828,-1.7228078,-4.4320254,-1.5559428,-2.3550258,4.7654934,6.7271395,0.8829038,-4.076317,4.0119696,-1.4449763,4.0171237,0.9791995,2.1959858,-0.86573917,-2.0841386,0.4645827,-0.95684093,1.0237982,2.929791,1.8075764,NA19773,MEX,2
-2.462942,1.7462788,3.232564,-4.592282,-4.8985367,-0.43242308,0.6296748,3.5856194,32.74643,-7.537418,-1.5658587,0.063309014,2.3394701,-1.8236133,1.7374623,-1.31981,-1.3537753,-2.423472,-0.44103193,1.0721865,-0.4867334,0.13970205,1.3613206,-4.018316,-0.4988798,-7.564254,3.157732,9.409435,-6.425391,-0.963815,-2.283979,-1.8078333,3.327349,1.0317882,-2.2096677,0.055523213,0.31974623,-1.633398,0.90549946,-0.84351975,-3.11055,2.5569177,4.911873,0.9741566,1.2785852,-0.37215662,1.1022648,-1.080983,-0.69301766,6.378062,NA19780,MEX,1
-2.693668,0.9364355,4.8651376,-4.734993,-4.7298164,-1.3122594,-0.059287578,2.7493222,32.357567,-7.328972,36.102688,0.0823753,3.877803,-6.318652,1.9601406,1.7413911,-1.306814,2.134696,-0.7820913,-2.032466,-0.7590906,-3.6780863,-0.32036838,2.29219,0.7170261,9.490049,-5.2577662,-5.0432696,-2.9907835,2.066286,3.664212,5.040204,1.515914,0.8276857,-0.6439246,-2.3765516,-1.95263,1.5120318,-0.19707425,2.353021,-1.41617,0.18055053,0.9811637,-1.7247759,-2.6665812,1.3745933,-2.05627,-0.67909855,-1.7054648,-0.88886243,NA19675,MEX,2
-3.4985073,2.2115045,3.6612515,-4.5571985,-4.2563615,-0.4339009,1.4897379,4.1482925,31.371002,-7.5237517,12.000084,-0.041268054,2.7082512,0.96332127,0.8024227,0.6379963,-0.5534929,0.7016385,-2.0527177,0.6467649,1.3043388,-0.46804023,0.3711898,-0.18285169,0.49797904,0.95599085,-0.26613733,-0.7495594,0.53794974,1.7148325,-1.1193539,0.72994655,-2.6216993,1.5475783,0.13520822,-2.2865007,1.3219197,-3.2444859,-2.9226139,-2.6687438,1.6793519,-0.98952734,-2.7493553,3.789061,-0.41115132,-1.2515029,-1.9912903,-2.9268653,4.0696616,5.9732156,NA19676,MEX,1
-2.473815,1.5330544,4.1961956,-5.603574,-4.5638556,-1.1892177,0.87444216,2.2335176,32.52527,-6.61929,28.088713,0.22696221,3.6926246,-3.0229669,1.4667157,2.101795,-0.9604521,2.3486793,-1.3979073,-1.1507192,1.0942434,-1.7797133,-0.30773088,1.437565,0.2925184,6.895135,-2.8528073,-3.3577194,-1.2337772,3.082781,1.7822167,3.141359,-0.7960178,1.5753083,-1.2477415,-2.6132195,0.026687747,-1.4198506,-2.078074,-0.12892082,-0.85288656,-0.89798045,-2.3540967,1.4016246,-0.6450822,0.52606744,-1.2576691,-1.7291799,1.9287152,3.119646,NA19677,MEX,2
-2.5445907,2.6193967,3.5009437,-4.098575,-4.1371546,-1.2038178,1.1553396,2.1205692,32.81974,-6.621055,6.539368,0.8431586,4.0709944,-1.4146597,2.018197,-0.6045703,-0.2860365,1.2057421,-2.7869887,0.781875,-3.0694275,1.7443702,2.4293952,-4.360646,-4.7906423,-2.5535479,-0.36499828,-0.65161854,6.3165503,0.21955532,-1.0624813,-5.213674,-2.000363,2.41743,-3.2408645,-3.0698287,2.3794584,0.86902183,0.26617876,3.8137143,-6.8683863,1.0472916,-5.2918777,0.8156005,-0.7231426,-0.30700445,0.56287986,0.5901326,-0.8904573,2.4619658,NA19651,MEX,2
-2.952002,2.444391,3.803869,-3.325623,-3.1011496,-1.343425,0.87701356,2.9690635,33.038452,-7.762107,4.542676,0.31618124,3.0623167,-0.34164524,0.29342392,0.9652465,1.5704155,0.14021881,-0.8974763,-0.6819729,-2.0546541,3.3108902,4.4164286,-2.495586,-5.8532395,-2.8162158,0.6710329,-2.694338,10.639736,-0.031617496,-0.7468501,-6.6250157,-2.453962,4.0497293,-3.70753,-6.1559763,0.22968853,2.1098702,0.694918,6.2498803,-8.897012,0.14363348,-7.9020376,0.74578846,-1.6433455,-0.77395105,-0.16365694,2.4963386,-2.748394,1.4933451,NA19653,MEX,2
-3.249626,1.5091866,2.8093572,-4.1454306,-5.2196026,-1.1660488,0.68215233,3.4354815,32.601986,-7.1083755,-0.10802598,0.5906847,2.511838,-2.901064,1.1903508,1.6194143,-3.4491327,-1.2084558,-5.612623,0.6370519,-0.6160574,-0.7551157,2.479696,1.8814878,1.795943,2.8398445,2.160036,2.6592407,-1.6987678,1.5591961,3.402506,7.381306,-1.7177107,-1.1542016,-7.2990565,9.440607,0.18274304,-0.8521049,10.423667,-4.133858,-6.596548,0.398577,-3.6099029,6.1648088,2.7960303,-0.6552384,6.8244925,-4.9711256,-0.2729133,-3.2558303,NA19683,MEX,2
-1.8928612,1.0367217,2.4429853,-3.572651,-3.837296,-0.7974099,0.7641817,3.3552222,32.708355,-7.007361,8.138042,-1.2773067,-2.8618653,5.1908937,-1.9516675,-0.040981952,-0.80805254,-1.787249,0.29122517,1.3983235,1.6939399,4.90714,-2.0420082,-0.80150574,-0.4117931,-3.4191322,3.703294,4.8354464,-1.3001941,-3.2006302,-2.1047347,-2.1629837,-0.42965254,1.4383074,-3.4265044,1.942042,1.0616022,1.3995906,-1.2473541,-2.3849719,2.1893964,0.12663472,2.7691684,5.1518283,0.19975615,-3.6988418,-0.687112,-0.95104057,1.661897,1.2725217,NA19684,MEX,2
-1.3254231,2.589213,4.6318045,-3.6906776,-4.060261,-0.9646372,0.23417471,3.3615835,32.45903,-6.974538,1.5684673,0.15828374,3.8645072,-3.3564126,2.4894989,1.2048693,0.49187034,-1.6416805,0.70602536,-2.924158,-0.1124348,-1.4892588,-2.4609435,1.1431515,-2.5784152,-1.4302801,2.3633974,0.6841124,1.4288739,-4.591452,3.7428718,-4.8855295,3.106938,0.45763478,1.6475747,-2.7059724,0.0070540137,0.106603995,1.2120888,1.549929,0.91322386,-2.1297407,2.7612703,1.5833143,0.016534796,0.76272714,-4.3038855,1.533248,2.070451,0.68991333,NA19725,MEX,2
-1.6958684,2.2887669,4.247954,-4.007765,-3.3867042,-0.997107,0.89906585,3.13692,33.105137,-6.490102,2.1309187,-0.2710905,4.8608155,-4.536238,3.4673479,1.000916,-0.14176281,-1.685727,1.67471,-1.938461,0.09556848,-2.083935,-3.102862,0.16549231,-0.5659876,-2.0746362,2.140672,1.6230682,-0.116711564,-4.9273996,4.1658263,-5.8860164,6.0119987,1.491684,0.17082652,-3.7810998,-0.93372774,1.1749353,3.0649836,0.58150285,1.1997464,-1.1602392,5.4887176,-0.117706664,0.886367,2.2851222,-4.6873755,1.6287897,4.3264103,2.2715337,NA19727,MEX,1
-2.6706166,2.0847788,4.17521,-3.471234,-3.9645302,-0.69731414,0.549611,2.6955006,32.54488,-7.1684217,-12.789979,0.6567326,0.5398139,-2.796195,2.6905859,1.0229609,1.2228172,-2.7440042,0.185334,-0.66712964,-0.33674577,-1.4698616,-3.14808,1.7662802,-1.9768237,3.854408,-1.0277791,-1.9116019,-2.9003747,-1.1597203,0.73949957,-3.5848882,1.8021092,3.1600235,-1.2976497,-3.3660157,-3.8687775,1.8885182,1.2902558,0.6457602,-2.7889714,-1.5051478,1.4596226,-1.0152936,-1.8053873,4.529866,0.5835175,2.8715181,0.35997015,-0.8546483,NA19755,MEX,2
-2.1323085,1.1992861,3.8668978,-3.8422363,-4.5336246,-1.668079,1.0239486,3.2507815,32.842022,-6.5609007,-7.0131817,1.3045579,0.18069907,-1.1819154,3.1116297,-1.132571,1.7393612,-2.2638378,-0.38497922,-0.42830643,1.0019549,-0.14926583,-5.1972456,0.9941836,-4.5214877,0.86946917,-3.0841763,-2.667295,0.13638818,-1.6472331,-1.4519942,-6.567208,-1.900066,1.4785806,0.46992645,-2.846248,-3.4329932,0.9175668,3.2405062,2.7425997,-2.2648022,-1.2121257,3.1809888,-2.6472058,-2.6409285,5.7939663,-0.58849746,-1.2129112,-1.8039052,-0.46502653,NA19756,MEX,1
-2.6142383,1.5971606,3.7391355,-3.9840462,-4.676869,-1.3669786,0.5086947,2.9214826,33.48437,-7.066439,-12.175835,1.1956881,-0.5172874,-1.6496974,3.9208007,-0.033824857,1.9572221,-4.1229644,0.2350072,-1.7904208,0.7430402,-0.41450515,-6.149479,3.3027825,-5.1331244,2.648922,-3.1865954,-2.9240122,-0.7679887,-1.6803052,-0.71926194,-7.44586,-0.24395971,3.1757493,-0.33662757,-3.9833364,-5.1972094,1.5122945,3.2718782,2.1100504,-3.0038192,-0.8802028,3.6194434,-3.254061,-3.7124536,6.2162714,-0.97354305,0.34325036,-0.7862194,-1.3205827,NA19757,MEX,1
-1.2407774,1.1629881,3.161843,-3.1928177,-4.227706,-1.0396019,0.6419217,3.2787516,32.889584,-7.2485104,-2.4002724,-2.138612,0.13232473,2.2920613,0.49894878,-4.6287155,-1.5354731,-0.34686497,-1.2372789,3.0016305,0.88515353,0.084074624,0.9976579,-0.751727,4.7264943,-2.0080307,4.729004,3.0362365,5.3153687,0.6036753,-3.9685838,1.1828872,0.31442353,-6.810812,-2.9780586,3.7646577,2.8214512,-0.11669008,-2.8917572,-0.62448704,4.4845815,-0.50520146,-3.0017433,-1.4106835,-6.0582933,-0.7370771,5.476324,1.4015167,8.4643135,-0.5861106,NA19772,MEX,1
-2.481527,1.2105632,3.0816436,-4.6704435,-4.2124047,-0.77017325,0.40916723,2.3409722,31.073034,-7.6990666,-0.1386302,3.1217756,0.45334005,-1.311614,1.9134307,1.8441416,-0.5005376,0.45602423,0.8851395,-1.3303475,-0.5869097,0.55580014,1.532638,0.23522078,-3.2157393,-0.4363686,-3.5261278,-5.9773335,0.6894786,2.29204,0.37923318,-5.095859,-3.7976398,-3.4495084,2.580729,6.2483063,2.2360559,-3.6584234,6.8675013,-2.4877353,2.7510653,-2.1280384,3.849617,1.7442989,-5.262782,4.6573367,2.3351495,1.4689358,3.0954769,1.7081416,NA19774,MEX,1
-1.1635884,1.9792229,2.8110144,-4.0066605,-5.039976,-0.6546909,1.3287038,2.4673944,32.09454,-8.098556,-2.4735284,2.191625,1.830065,-2.0277932,3.9791052,1.561732,-1.9525931,-1.47699,0.32315296,0.20881699,-0.77334154,2.4111972,3.8191724,-0.9548597,-3.9097536,-0.49673882,-3.8781898,-7.70298,2.9064534,1.6864784,-1.2159228,-6.9883795,-3.503472,-4.006898,5.0852404,9.268587,2.8216038,-4.9939127,7.385509,-4.4895573,4.340633,-1.3584939,3.7637124,1.7022555,-4.988933,2.2169356,-0.13065249,1.1903632,3.0656211,3.0812967,NA19775,MEX,2
-3.1400814,1.2439936,4.664237,-4.5996785,-4.243616,-0.82001,0.50209075,2.1197112,30.809086,-6.93748,1.3097742,1.1632106,3.0749218,-4.6748996,2.6858156,-1.9784029,3.6529355,-1.2605526,1.0953633,0.3354081,-1.643501,0.7943382,1.9591981,0.31476367,-0.70411545,-3.1587322,5.059732,0.91239536,-0.31165874,1.5480671,-1.1388193,-5.1336923,-1.556111,1.7624468,0.11942504,-0.521833,-0.87785715,0.22446108,0.926241,-0.2879925,1.0824213,-1.7783933,-3.6412137,-0.7492888,8.567132,5.101827,3.4954944,2.3102605,0.41043696,-3.19927,NA19776,MEX,2
-2.6416535,1.4461892,2.904262,-3.3784883,-4.427607,-1.1929796,0.5472992,3.0592177,31.80514,-6.589984,-2.5238361,1.2935065,1.2456769,-1.3186637,1.9695644,-0.70831823,0.42929617,0.14442219,1.4258815,0.540086,-1.2119985,0.15409745,1.7321506,-0.7809422,-0.05782703,-2.468643,3.8482826,-0.31221363,2.0976384,1.9087532,-1.9755162,-3.447487,-0.9399378,0.34504882,-0.6552702,0.33507812,-1.9892812,-1.4052689,0.15437509,-0.29166982,2.0422714,-2.7117198,-3.811687,4.4154534,7.1431155,4.5203733,4.3757153,0.71115685,2.80849,-4.1781154,NA19777,MEX,1
-2.9093845,2.3585813,3.8404155,-3.565083,-4.9071627,-0.91954505,0.43016335,2.7850397,30.69133,-6.52946,0.5391103,1.5167056,2.7719533,-3.6173806,2.596636,-1.5347191,2.7034743,-0.3075572,2.4236774,0.9116212,-1.3728932,0.5439379,3.1928427,-0.08013924,-0.3821776,-4.281146,5.89049,0.1893041,2.4272165,2.5475714,-1.8830405,-6.0915337,-2.0578413,2.113751,-0.7078227,-0.21335305,-1.3084403,-0.7212223,0.7804889,-1.0272182,2.252843,-3.7842577,-5.4915805,2.6590493,11.981195,6.782389,6.787137,1.3470381,2.8513074,-5.413711,NA19778,MEX,1
-1.7552116,0.8374556,4.2458353,-3.0479558,-4.4657454,-0.7186147,0.6247729,2.4182694,33.858624,-7.5154076,-12.869593,-1.2307931,0.4340398,-3.2812767,1.3019695,0.9863786,2.3860135,-0.78377825,-0.1830842,-2.3540118,0.5178284,0.7100022,-1.1933974,0.3311541,-1.7350882,0.9855196,-4.285504,-1.0504013,1.4888151,-1.4358851,-1.9663787,-0.17906651,1.8442426,-1.4812492,3.1896698,-0.009677932,0.20227867,1.5013921,-2.8766446,4.601142,1.7964246,0.6701054,5.0863094,-0.2340845,-3.1207209,-5.3786936,-4.8601584,-0.76271605,-2.2164893,0.23722933,NA19783,MEX,1
-1.7702111,1.3744816,3.324004,-3.5769436,-5.235737,-0.39848718,0.9116063,3.1253188,33.789413,-7.8413258,-8.187771,-0.5511363,0.9551474,-4.153516,3.4900222,-1.4163944,2.8933887,-1.5810254,0.52976966,-2.8040512,-0.52623373,0.72897667,-2.0618215,-0.5803159,-1.8781569,0.4192914,-4.1478953,-0.58939713,2.1066873,-1.884431,-5.0418544,0.061838582,1.8988355,-3.6074524,3.4707265,1.8471199,0.881765,0.6516138,-4.947537,6.8206844,5.122321,2.8639379,7.392602,-1.9698075,-2.1392934,-7.0039635,-4.4818764,-4.1508446,-2.7389693,0.9351965,NA19784,MEX,1
-1.8025739,0.16858459,4.396818,-3.8890908,-3.6751566,-0.99576086,0.97994673,2.9766269,33.301155,-7.2606425,1.7482717,-0.37216118,0.53790843,1.1835725,-2.6586397,-2.820408,0.9295466,-4.42893,1.8456736,-1.597989,3.4688423,-0.055519484,0.60024816,-2.9783163,0.56173605,-2.7028432,1.7494897,-1.718968,-1.59137,-3.0267751,-1.5253901,-5.5495477,1.1817647,-1.9200766,15.192259,5.547357,3.485435,-1.0785203,2.309738,-3.5043225,-0.24236146,-4.8046436,1.9260745,1.362863,-6.918061,-2.664415,-6.0627513,-0.92765814,-3.1728194,-5.6653285,NA19796,MEX,1
-1.9848378,1.9661214,4.423588,-3.9877403,-3.6677248,-0.96456677,1.5076187,2.6339624,32.08311,-6.994947,11.875083,-0.3149564,1.4087226,3.4469705,0.32515532,-1.0003891,0.8786294,-1.2784219,0.94446075,-0.23892161,-1.3339572,4.166099,-0.57568336,0.9478087,-0.49934232,-9.493502,2.7137117,3.8967772,0.8950451,-0.9708576,-3.9315963,-4.407776,1.4887403,-0.66876984,-2.2817936,-1.6728939,1.821151,2.6385758,-2.603876,3.9338043,4.1157765,5.355835,-0.061064105,-2.6732533,-3.8728108,-1.1813029,1.2538067,1.6003658,-2.980273,-0.99775785,NA19650,MEX,1
-2.2793238,1.1603463,4.048112,-4.123289,-4.565701,-0.40441042,1.3933473,2.122214,32.854443,-6.7854047,6.92476,-0.21351859,2.6668186,-4.4875107,1.2876978,0.4148825,0.4342162,-2.1707864,1.8992645,0.9485239,3.0765145,-1.3166677,-1.239299,-3.6326098,0.28188494,-3.8160882,-0.645592,-2.5323682,-3.213739,-4.049008,-1.8387258,0.042771775,2.232832,1.7886927,4.6367764,1.8202751,0.20037036,-1.838209,-0.48851463,-5.5473847,6.968124,0.67039037,-2.6420267,-4.595591,11.689369,-2.939288,-2.6476371,-4.4323425,2.533649,1.5770072,NA19671,MEX,2
-2.462823,0.86244756,4.2459636,-3.8194203,-4.4322114,-1.2266525,1.6403779,4.0838556,32.567936,-6.253599,0.19173095,-0.24205689,-12.221074,14.193432,-8.162554,-0.13072276,-1.6512461,3.2632766,-0.13411072,1.7087955,1.2106438,-1.2888405,-2.3398461,-0.6700965,3.1903212,1.8663381,0.076440886,3.565857,-1.5150479,0.3660638,1.6320267,0.01402029,-0.3269536,2.3157423,-3.0318406,1.1570572,-2.2764983,1.9483037,-2.0098743,0.44892842,1.4411318,-0.22076331,1.6201179,1.0071058,1.0481963,-0.07947365,1.442786,1.5523056,-0.78168696,3.448866,NA19661,MEX,1
-2.5724347,1.514954,2.6415186,-3.6753628,-4.7459974,-1.6836646,0.6698763,2.6654193,31.68696,-6.943144,1.8136693,1.085003,2.6427207,-1.764824,0.24578264,0.65815306,-3.4187055,-2.632171,-4.690323,-0.20327127,0.4220663,0.36510745,1.6907804,0.7526636,1.4319199,1.0711473,3.1547787,3.3933332,-0.85838497,-0.56773967,0.7484771,6.295947,-2.1653683,-0.78904235,-5.4213166,8.396957,0.41188148,-1.3874344,7.197974,-5.1207933,-5.02586,-0.9616849,-2.3447976,5.4998236,1.8647016,-1.7545549,4.960572,-3.2053359,-0.03434864,-1.733687,NA19682,MEX,1
-1.5719144,1.8969651,2.4858835,-3.4117272,-4.267292,-1.2034624,0.031085745,2.8522332,32.813416,-6.6013546,-5.5583124,-1.0438104,0.21415034,-0.42142433,1.0983657,-2.8330076,-0.9614563,-1.4485191,-1.3703792,1.5532074,-0.8189068,0.7575797,-0.6786327,-0.55461353,2.239101,-1.9099077,3.6183045,-0.675181,3.070916,0.65604156,-3.3248575,1.7996849,-0.3872604,-4.998741,-1.195882,2.032931,1.5996534,-1.478516,-2.4233894,0.31258494,2.754175,-1.587246,-2.6486816,-2.2839203,-3.6501677,-1.0260098,1.7217071,0.54531354,4.398567,-0.42254606,NA19771,MEX,1
-2.1779425,1.1656874,2.829145,-3.4686632,-5.049611,0.14661236,0.9919575,3.1368563,31.401163,-7.0607686,-14.311976,0.68089473,1.282909,-1.8753755,-0.52690977,3.692025,-2.1790135,1.3870928,-2.5361152,-2.0572214,-0.658891,-1.2380062,0.061916493,1.4413278,2.2570083,5.646866,-0.9304294,-1.593736,-2.1124918,1.2488664,0.023536107,3.848403,1.6168809,0.24585511,-1.6233879,-2.3052692,0.10979927,-0.51635814,-1.5268167,1.580907,-3.2458472,-0.18976685,-2.0162966,-0.42988816,-2.952828,-0.49210426,-0.9752643,-0.22163258,1.2149506,0.72794074,NA19785,MEX,2
-1.888536,0.79477394,3.5959501,-5.023611,-3.3027158,-0.5836018,0.7169029,3.2766612,33.617527,-6.462854,7.7935867,0.7420753,3.1996162,0.42764273,0.20030427,-2.4434538,-2.2241254,-2.009946,0.25480884,0.9239269,0.3079337,1.8592781,-0.8296819,-5.0388727,-1.9261321,-11.621607,5.666789,9.71973,-3.1793664,-2.0362663,-0.3196576,-4.376779,5.8719106,-0.06308185,1.8868326,0.36939082,2.3910491,-2.5151827,-1.6598563,-1.306816,-3.7402985,2.661375,4.3673897,0.8668059,0.588151,-0.46704108,0.32864347,0.30036557,-2.5262573,4.5481286,NA19779,MEX,2
-1.931242,1.6214715,3.4462683,-4.373683,-4.7933936,-0.41417792,0.3313985,3.1193082,33.30239,-6.973119,2.8945165,-0.13079849,4.6385455,-0.74804777,1.9323969,-2.633087,-2.7970266,-3.1925685,-0.17899394,0.7255851,1.0711693,1.3537596,-0.40548423,-6.379616,-1.6943723,-13.754411,6.414218,14.195771,-7.289297,-1.6692065,-1.3633314,-2.8862748,6.290365,0.6144305,0.10541588,-0.87206095,0.6485256,-2.6229157,-1.5582252,-1.5124235,-4.2386813,3.0027053,6.347502,0.84452665,0.71683097,0.028351974,0.30023777,-1.4037337,-1.7198339,8.264662,NA19781,MEX,2
-1.8756304,1.5974122,1.9255724,-3.1317987,-4.531699,-0.7070815,1.6476713,2.4712434,32.848595,-7.398159,-2.3512802,-0.0063331313,0.806075,-2.9494426,2.7560654,-1.8927404,1.9205981,-1.2962112,1.5221362,-2.258928,-1.7538115,-0.0854102,-0.98847616,-0.60321015,-1.1316268,0.97691256,-2.047119,-0.4641677,1.2419555,-1.9485677,-4.7127285,-0.14443445,1.833583,-3.3579886,2.128748,2.2882667,1.3504524,-0.35549524,-3.4609244,5.6418357,3.4733372,2.6817038,6.2214303,-1.1975942,1.0665507,-5.644137,-2.7378516,-5.2059846,-2.0016112,1.718551,NA19782,MEX,2
-3.0756223,1.7384129,3.3910887,-2.8501806,-3.8423915,-0.5853822,0.42223287,2.685398,33.886784,-6.91014,-6.7709537,-1.71128,1.5274271,-1.7737232,-0.45818555,-0.088795364,-0.15285616,-0.33109403,1.0031599,-1.1931093,0.34498116,-3.4360912,1.0777367,1.2395318,-1.3929154,0.10335655,2.9978077,-2.4674845,-0.3805414,-3.6766057,2.0520163,0.14252941,1.093403,3.5915651,3.174146,-3.9658082,0.51506007,3.9291859,-2.0789626,-1.2319162,0.30418894,-1.1325555,0.43360582,-1.5219572,0.5024746,-2.273014,-1.3122047,3.552774,-0.8286353,-0.5674066,NA19788,MEX,2
-1.0553331,2.2411273,2.8600762,-4.3648715,-4.681832,0.26670328,0.6970078,3.0674157,31.555151,-8.514546,-0.7910197,-0.010815023,3.7426546,-1.8078823,-2.4476407,-3.0674791,-4.221101,2.3653953,-0.62857074,0.86633754,0.77638644,4.6193295,-1.8856579,0.9393301,-1.3864477,-3.1657271,7.132664,9.15351,1.4595884,0.9011889,1.102706,-0.76654553,-2.5502338,0.7785833,-4.441115,2.9528022,-5.261684,6.8070655,-2.7373633,-1.512987,1.7686809,-0.7854445,4.236212,-1.5693655,-0.54653496,1.6525807,-0.42592245,5.5204835,7.5889263,-7.997729,NA19659,MEX,2
-1.2519231,1.9896971,3.532597,-4.863291,-4.122325,-0.5002338,0.22637023,4.2153344,33.813705,-6.831808,4.0747576,-1.5872536,-19.515045,21.972952,-12.043597,1.5853995,2.9748397,2.185798,1.9318134,0.57849526,1.0871673,-1.4043692,-1.5091406,0.2388397,1.282867,2.2462409,-2.4289904,-3.5128205,1.508568,-1.7287405,0.49955657,-0.6291321,-1.4103488,-0.56054515,3.2096114,-1.1980681,-0.99321,-1.6083275,0.6891571,0.12785806,-0.4349802,0.07909058,-0.88986754,-0.7737618,-0.5217274,2.0671537,-0.13320608,-1.4812123,-1.3235608,-1.8739512,NA19660,MEX,2
-1.7704177,1.2023846,4.268833,-4.4883733,-4.2174287,-1.0076593,0.6774187,3.9668097,33.721115,-6.3463354,1.6261467,-1.2185974,-20.431004,23.50656,-12.861866,1.2844702,1.5879802,3.5577118,1.7003573,1.8883541,1.9431744,-1.2677363,-1.0930203,-0.08826595,4.11179,2.984889,-0.69778144,1.005421,-0.06847598,-0.14153557,1.7715936,0.22706911,-0.65972185,-0.4080939,0.10755303,-0.123847805,-1.9984617,-0.1605795,-1.5287482,-0.12800528,1.9725971,-0.38686946,-0.47735617,0.02455189,0.6331479,0.9868679,0.72389174,0.2938879,-1.1799128,0.73181856,NA19662,MEX,2
-2.0315092,1.441003,4.911583,-4.9403296,-4.312726,-0.6420794,0.5585654,3.1164377,31.29846,-7.6556916,26.699358,0.5283655,2.5186183,-4.570091,2.2184587,0.08187012,0.33073306,1.4208173,-0.48650265,-1.5792904,-1.1441146,-4.048756,-0.36286855,1.1947676,0.63359714,6.72273,-4.6593804,-4.8244042,-0.93807995,2.1932638,2.3891692,4.4607964,1.5561435,-0.083697215,1.0666006,-2.6323578,-1.0285836,0.18208733,0.5917604,1.9848263,-0.8757759,0.26367316,1.6761682,-2.7084556,0.09240722,1.6233451,-2.9111679,0.7587793,-1.0522343,-0.14656548,NA19678,MEX,2
-3.3708866,0.8983458,4.652007,-4.8890867,-3.7815673,-1.468419,0.28859395,2.9771383,32.248978,-7.5980415,33.56185,-0.4155396,3.7743256,-6.3026733,2.1659617,0.52651906,-1.0550617,1.0448922,-0.027497835,-2.8669004,-1.8416436,-4.2428718,-0.6138293,1.5795723,0.537567,9.013079,-4.6759477,-4.6475997,-1.8600285,1.9296769,3.8426504,5.194841,1.1806835,-0.852871,0.12110871,-3.9651785,-0.8711807,1.7082912,-1.1043674,2.0913706,-1.5084903,-1.1178739,1.5340787,-0.23932445,-2.683476,2.453413,-1.8089567,0.77121973,-2.296168,-1.6669557,NA19680,MEX,2
-3.3621323,0.95311964,3.1558325,-3.9272616,-4.4108925,-0.6199275,0.67630595,3.229102,32.234436,-7.6596794,-2.6685698,-0.48995203,-0.2489734,-1.554739,0.009150929,1.3651305,-1.8064791,0.33296165,-3.319862,-0.6115295,-0.8435945,-0.6063645,1.6133953,1.6001685,1.4860435,3.532915,-0.24986783,1.4795798,-3.2271252,3.0640447,2.0534425,4.2289944,-0.5993151,-1.2185102,-5.253012,5.569249,-0.6768669,-0.8156422,8.20828,-0.55094665,-4.3776093,1.7840639,-2.669424,4.8802576,1.6183801,0.9229171,4.7031813,-4.086582,0.5196716,-1.554846,NA19681,MEX,2
-2.6981997,1.332997,3.5326228,-3.903613,-4.3750477,-1.2795061,1.0576891,3.9907832,33.304203,-7.6813073,-13.741254,0.53510326,0.27299955,-1.8388108,-0.07317322,2.0093706,1.7545706,3.0179224,-0.6250216,2.0845094,-1.653502,-2.4779348,-0.402572,0.77552176,-0.47997373,4.5136123,-5.2293115,-3.3050678,0.40422294,1.2821147,4.515463,3.9328382,-1.3842772,-1.2870209,1.7840277,-7.219438,-2.1178577,-2.8812194,-3.50963,-2.321216,1.2267658,-0.5368776,-3.415351,0.08567196,1.9080735,1.3790435,-4.900869,0.20316365,2.4670613,1.8872758,NA19746,MEX,2
-1.8553258,1.3306948,2.816495,-4.4648137,-4.8812723,-0.82307583,1.0855136,2.625987,32.854248,-7.101539,-8.767998,-1.203441,4.0918603,-2.4207592,1.3926319,-0.6957294,-1.4996578,-0.054755915,-1.336075,0.52474964,0.8037744,-0.96403027,2.9043767,-1.6123078,6.7602134,5.8572173,-1.4279615,1.2880776,-4.1400237,-1.4448833,1.8932315,1.0700264,1.0398937,-4.33163,-6.568914,6.9976263,2.154261,1.6101809,-3.7519176,0.5299283,-0.23401442,-1.6870536,-0.8491576,3.1087627,1.8557363,-0.5669793,2.0921745,1.2189631,-7.4786615,-0.6755084,NA19721,MEX,2
-2.1068718,1.7318794,4.091525,-3.6707175,-4.441827,-1.1052873,0.62781626,3.4254928,33.203323,-7.5248833,-14.773976,1.6213402,-0.5967234,-3.1351624,0.09396438,2.2791839,2.6357667,2.6230724,-0.43872333,3.2546253,-2.7361262,-3.9201682,0.69139117,1.3880014,-0.30686313,6.6908555,-6.3896127,-4.180597,0.5689579,1.8405311,4.359777,6.1183977,-2.29257,0.29246637,2.7807083,-7.830848,-2.9473808,-3.1646793,-3.3321939,-4.0735836,2.2260325,-0.35656834,-3.9280515,1.7492405,2.5659947,1.9026719,-4.1953373,-0.13270128,2.6474493,2.7603517,NA19748,MEX,2
-2.2333217,1.8378216,3.148332,-3.15383,-3.3349824,0.4816176,0.5459966,2.8188148,32.2465,-8.154002,-10.287754,1.9664441,0.4183886,-1.6437962,1.0137285,0.09685712,0.52217036,1.6682998,-0.7070087,1.1362576,-0.38529196,1.8931885,1.1593062,4.081488,-0.38874573,-0.9340952,-0.16203845,-2.9796495,-1.8614091,6.2908964,-1.0336366,6.280143,-2.766602,-1.4968647,1.8199922,0.4097466,1.301181,-1.7361997,-2.5415535,-2.1679006,1.7993228,-0.8708273,-4.616929,-3.0118155,0.36293045,-0.2611281,-0.5274629,-0.96267074,2.7725697,-1.9796008,NA19760,MEX,2
-2.0406656,0.66153234,2.6001527,-3.5142367,-5.055331,-0.13242175,0.5603229,3.5408561,33.279026,-6.6077557,-4.661528,0.99427956,0.9020672,-0.90670264,-0.12017013,2.032605,-2.0883348,1.5514461,-0.5517094,-0.7120786,0.31317684,-0.94013506,-1.1935836,1.1610119,1.990585,2.093114,-0.34607154,4.9167733,-2.902058,1.9713545,-1.8682271,6.0944977,-0.2558576,-0.6738784,0.45721522,-2.8427973,-3.074738,1.286644,1.716138,-2.0992913,-0.30562237,0.30178115,-1.1776235,1.7903154,-0.7463256,-2.206377,-0.8497725,5.401154,1.0279499,-4.6524267,NA19718,MEX,2
-2.0940895,0.8627327,4.031475,-3.7105563,-4.671192,-0.8878289,0.53121054,3.4680266,31.864351,-7.1485877,-11.003471,0.8664295,3.7094667,-2.5059233,-0.3551905,2.9925034,-3.202163,1.6301032,-2.0734296,-2.7515285,-0.7440883,-0.72970957,-0.105444215,1.1889844,3.2176778,2.959724,1.4528582,-0.7806529,-4.6363907,1.42264,0.025156176,3.2157555,2.5166984,-0.3109879,-1.9327321,-2.138802,0.8973271,0.4954254,-4.1044474,4.263734,-0.7670313,0.8071131,-1.7533449,-0.86784256,-2.8863387,1.3939837,-2.1325083,-0.35794866,-0.8340175,-0.9988869,NA19787,MEX,1
-2.514262,1.741263,3.532158,-3.3724768,-3.9437196,0.057460703,1.4015347,3.6909034,33.28757,-7.344718,-7.2415357,-1.7007236,1.2002815,-0.07220369,-0.035261996,-0.36070773,0.21883169,-0.93497455,0.12923819,-1.899949,0.26412067,-3.892027,0.7258525,2.6927376,-1.3402454,0.64587617,3.846116,-1.7893506,-0.030097524,-6.439594,2.4638534,0.04331841,1.324533,5.8601484,2.9354284,-4.237824,1.3786719,5.4394517,-1.4824817,-2.5213346,-2.4501772,-3.0799873,-1.5739846,-0.6377909,4.041426,-2.6671515,2.6637537,4.6847596,-2.7337186,-0.7511663,NA19790,MEX,2
-1.5915756,0.7281143,3.887521,-3.6467283,-4.0873637,-0.3388719,-0.5671122,2.93983,33.260563,-6.823508,1.7577292,-1.0963314,2.0100722,-0.4128487,-0.9589252,-2.7659888,0.9533293,-4.2443295,2.327015,0.7011822,1.6681879,0.7349924,1.8464727,-3.5055509,1.1846375,-4.3164988,2.4319136,-0.27049693,-0.59563893,-3.9501362,-2.4487686,-3.2338345,0.6816592,-0.7985183,11.669251,4.4050736,1.6468499,-2.2580972,0.9589793,-2.1130745,-0.13252081,-2.284384,1.2482063,-0.41163564,-4.0569777,-3.3155496,-6.343082,-0.47983414,-2.520474,-3.9225411,NA19794,MEX,2
-1.8478092,1.1886501,3.620118,-4.1200914,-3.7517915,-1.5370973,0.6102876,3.8625846,32.559437,-7.6948333,-0.6428437,-0.19169381,0.455939,0.101045005,-1.7807609,-1.5070561,0.67345935,-1.6160266,0.25277352,-1.9880762,3.5455668,-0.6986871,-0.05457189,-1.1768808,1.1283991,0.90891224,0.31481102,-1.1436342,-1.940841,-0.36794853,0.755354,-3.873233,1.372849,-2.0526621,10.119536,3.5024464,4.1709023,0.76573694,2.3690503,-3.0962183,-0.79586875,-4.558448,0.9107241,3.033827,-4.488465,-0.34586266,-1.161183,-1.4263066,-3.4875166,-4.8997846,NA19795,MEX,1
-1.9492099,2.2588441,3.1701472,-3.2431142,-4.2749376,0.24287385,0.8498112,2.4232292,32.26836,-6.608009,-5.873005,1.3331364,-0.29482812,-0.8784667,2.5703323,2.9178305,0.57416636,1.9168993,-1.4561512,1.0995065,1.3391284,-0.18914892,1.5057441,3.1712866,0.69428474,1.1093763,-4.019503,-4.112284,3.4268792,-0.55344045,2.4320633,2.5891912,0.561804,-0.5697416,-2.063013,-5.734648,-4.8408337,-0.2057067,0.9228113,3.120481,1.4407629,3.0820272,1.4789975,-0.21486099,-5.513633,0.37811577,0.8880405,-1.007237,-0.76164365,4.5731635,NA19654,MEX,2
-1.3273666,2.5205972,3.2297354,-4.3843374,-5.6217093,-0.98267376,0.6120453,2.9603758,31.927744,-6.9368777,2.223189,0.766442,0.34618562,-1.0896518,0.4402257,-0.75186265,-0.36992946,0.7025918,1.143445,1.795388,0.52902883,2.3402975,3.6849537,0.83242077,-0.47935605,-2.6207583,-1.4323072,1.6940482,-2.7141926,2.4723785,-2.1034102,7.0960917,1.1876984,-8.929151,-0.5188812,2.5129519,3.229208,-2.4094663,-0.133061,1.6295149,1.5783104,2.391855,4.013715,-1.1008425,-0.19091725,0.9256616,0.9291052,-1.9169232,3.9089332,0.5111323,NA19749,MEX,2
-1.259567,2.2381387,3.498279,-3.235291,-5.3707614,0.14768417,0.06378253,2.7842388,31.890753,-7.289145,3.7761786,1.3452659,-0.11032537,-1.2280357,-1.3683043,-2.9915352,-0.34668896,0.923286,2.101621,2.8692074,0.41276547,3.1523228,4.181296,0.36754668,0.058511395,-3.8690114,-1.7497092,4.6952844,-4.7990155,4.6372337,-1.1925496,9.5383,2.127534,-10.931988,1.3607515,4.9650807,3.3091364,-4.6574087,1.4351778,1.2952441,1.6997747,3.7609556,2.9445474,-2.4332726,0.8126572,2.3082056,1.9492741,-1.9385437,4.419266,-0.30622804,NA19751,MEX,1
-1.2186232,1.3024316,3.0229754,-4.6246724,-4.2438874,0.03488887,0.28835407,3.8501644,33.665497,-7.438506,-5.6457,-0.6111417,-0.69908184,-1.3167228,3.6420763,2.2735968,1.2651234,1.5822593,1.0614266,-1.1470016,-1.6523254,1.3195502,0.23195383,1.1909915,-3.712496,1.4759756,-5.2512784,-2.1086106,6.2623215,5.1745563,-0.7834323,-0.13175209,-2.5072036,6.771764,-0.4328574,-0.04715954,-2.5139356,1.4198325,2.6749163,2.6676083,1.8752227,3.9381833,-0.56288993,-3.9311812,-6.9752555,-1.0369071,2.163335,1.2411394,-2.3226652,2.8059044,NA19761,MEX,2
-1.6599874,0.9694183,2.4200606,-3.6797698,-5.054129,-0.27264148,0.9164674,3.1275344,32.012817,-6.0143766,-3.9701166,0.7262125,1.6562399,-1.1437851,3.4682584,0.31007993,1.0140601,-0.24657622,0.7814179,-1.3139225,-2.446286,0.2244975,-2.38117,1.6264104,-2.4267402,0.6372625,-1.964274,1.9882193,1.5737056,3.525816,-3.9965892,1.1519637,-3.103501,6.427424,1.9942491,-1.9822441,-1.8864946,2.7259767,1.4757676,-0.55839044,3.6490662,5.1677284,0.6154248,-1.8642917,-4.769029,-1.3790957,1.6616808,1.3944867,-2.847649,2.1970477,NA19762,MEX,1
-1.3127614,1.2507336,3.1772385,-3.18428,-4.3147297,-0.04652162,0.6012276,3.7998972,33.501602,-6.4899454,-5.1731114,0.5617891,1.2502843,-2.8733487,5.288842,1.0500453,1.6401017,0.8195473,1.6869955,-1.4534365,-2.939531,0.8030825,-1.8199989,2.9689314,-4.820015,1.7900097,-5.3844795,-0.34673932,4.707031,6.2054677,-3.6265764,0.010992528,-2.9590285,8.764782,0.62181675,-1.72572,-2.705772,2.7951303,2.1516633,1.1257869,4.2012496,6.159503,0.6482597,-3.0511062,-7.9584093,-1.9370288,3.3299623,1.7182648,-3.4156556,3.2561512,NA19763,MEX,2
-1.9132259,1.3453954,3.8734617,-3.4885454,-4.346185,-1.297703,1.1361276,3.0584488,31.986963,-6.834653,2.6188352,-1.3000259,-0.34718302,2.236305,-0.60993636,-3.6230223,-1.1324772,1.3487448,-0.524614,2.9809911,0.91202074,-0.048289686,0.8890123,-0.6293288,2.8781583,-1.7790086,4.5489697,3.6857092,4.604965,-0.2102241,-2.575413,-0.14005628,0.18619299,-3.1279378,-3.18538,1.2599906,0.9934628,1.6563547,-1.2861553,-1.2532681,3.0337672,0.17382538,-2.2986796,-0.85179853,-3.9124718,-0.5736889,6.543272,1.917348,8.247328,-1.1105654,NA19770,MEX,2
-1.975852,1.5041285,3.9423227,-3.2831104,-5.120266,-0.8741548,1.2508156,2.599364,32.16297,-7.0684586,4.5719323,-0.26282272,1.3311023,-3.4010854,1.5052365,0.56555927,1.3180875,-1.3255992,3.0477283,0.37972376,2.9530184,-0.13982652,-1.1654737,-0.9835145,-0.57084656,-1.3943053,-0.44267753,-3.271044,-1.149271,-2.6173418,-1.499664,0.88187903,0.93262357,1.0251848,3.4841895,0.122776695,0.16722898,-1.7339835,-0.39591706,-2.8251076,5.3487606,-0.009708561,-3.3831275,-4.4786606,7.7062225,-2.8342946,-2.5938942,-2.501728,2.0290062,-0.5473027,NA19670,MEX,1
-2.4252458,0.6015128,2.5939715,-4.1332316,-5.8006916,-0.6380925,0.5098397,3.623028,32.164917,-6.0502305,-6.0731287,0.9427559,0.3968477,-1.4259888,0.82639545,3.129568,-1.3267331,1.4910713,-0.65092427,-0.8916676,-0.21014717,-2.239685,-1.5659238,1.949033,0.88078374,3.141859,-2.690583,3.8679006,-3.3802884,2.454774,-0.39996514,5.805393,-0.2979286,-0.35176814,1.2600001,-3.0238724,-3.0495777,1.3288629,2.2455256,-0.95731395,-1.2601157,0.6278987,-0.5325136,1.5476738,-1.4700494,-2.5944264,0.19517961,5.332572,1.089138,-3.7327564,NA19716,MEX,2
-2.4047139,0.8856131,3.5259252,-4.4692345,-4.668568,0.050696753,0.7104859,3.141296,31.526642,-7.381918,3.403508,0.7833171,0.3214195,-1.1798676,-0.6538824,-1.7712393,-0.97167104,1.1697975,1.0390278,1.7216955,-0.10988848,2.8549945,3.4751875,0.37103078,-0.27791232,-3.201288,-1.2615602,4.897805,-1.9113451,4.5831184,-0.708566,6.5684137,0.34657115,-6.9070706,0.68537045,4.306172,1.8409739,-3.6634362,2.1497052,-0.0959984,1.2021646,3.532374,-2.1153305,-1.5219008,2.2417417,1.8961971,2.023391,-0.9404783,3.6221914,-0.31081614,NA19750,MEX,1
-2.5262275,1.6000049,3.319185,-4.2712054,-3.476219,0.14867532,1.2160631,4.1898456,30.691187,-7.4657397,0.748991,-0.044533614,1.5998285,0.62587285,-0.95064175,-0.92330056,0.8075325,-1.7260611,-0.32548285,-1.8518296,-0.22544222,-2.0100543,-0.26918507,2.4419115,-0.5755111,-0.6070045,4.2798634,0.2100528,1.223769,-5.1577077,0.74193215,-1.5018265,0.2021597,5.1965475,0.8093796,-3.0298667,0.9572182,4.960141,0.56840956,-2.973334,-2.9527483,-4.2425723,-3.047046,1.1010741,4.6391525,-1.3244838,4.164371,3.421925,-2.5044043,-1.1330861,NA19789,MEX,1
-1.9771954,0.63604385,3.089006,-5.1139,-4.1089144,-1.2153952,1.3018868,4.5906353,33.215218,-6.5735636,3.434014,-1.886582,-22.396484,25.275145,-14.068649,1.6781359,0.60898113,4.0186086,0.97209084,1.9614865,2.4240592,-1.2838076,-3.9088368,-0.29636377,3.5593393,2.1209807,-0.15669665,1.9293723,-1.0752925,-1.6401514,1.1906823,0.09068998,-0.84938055,0.770205,0.5565705,-0.8102988,-1.8358212,0.85660654,-2.1995242,-0.30122924,1.8787794,0.025396839,0.7376254,0.7460102,1.2620767,0.8192153,0.87588465,0.32771012,-0.9693176,-0.4974834,NA19685,MEX,1
-2.951073,0.39399922,4.3390846,-5.0709586,-3.183542,-1.8742855,0.8470844,3.214072,32.035,-7.325835,32.35962,-0.45472142,4.586793,-5.618882,1.262938,1.1853182,-1.8931252,0.9254523,-0.30320692,-2.8433287,-1.5257769,-2.8169127,-0.8014716,1.699766,0.6155352,7.035419,-1.9870392,-2.7249897,-1.8184772,0.54155177,3.4859328,2.6965132,0.33588356,0.4107663,-1.6764085,-2.9654865,-1.8039119,2.2233577,-1.719877,2.7687564,-1.2268933,-0.62182367,1.2542936,0.9806427,-3.2528691,2.1076756,-0.29037973,-0.6497344,-2.712857,-1.7429873,NA19679,MEX,1
-2.4938912,1.5468053,4.1269994,-4.1202893,-3.183262,-1.2409741,1.2676136,3.8187907,33.23725,-7.926909,2.1253355,-1.2310642,1.8996128,1.0116493,-1.3966266,2.2698617,1.2339469,-0.801234,-0.9666392,-0.34114188,0.5983452,2.5689654,2.693443,-1.0889645,-3.132012,-2.0172203,1.6734251,-2.7591484,7.830546,0.3519372,0.6826812,-4.2246847,-0.39485103,3.1393387,-1.8426428,-4.0033298,0.11506082,1.5299182,-0.16323365,4.532204,-5.2775655,-0.6978918,-5.4412155,0.81543106,-0.446832,-0.7122552,-0.07110729,1.1391685,-2.1502817,2.2649179,NA19652,MEX,1
-2.2631958,1.7907233,3.2585104,-4.565796,-3.9011874,-1.4215022,0.83474904,2.4912314,32.578964,-7.3359776,-6.3349185,-0.3928246,3.7623801,-3.593914,0.6457578,-0.41656905,-1.9640276,1.6650844,-0.66761374,-2.0160563,-0.39665696,1.4959252,-1.573505,0.5523568,2.3249104,-0.9391607,2.5560486,1.9973145,-3.4642842,1.1148255,-0.07290108,2.7705016,1.3331451,-1.5496476,-1.3076054,-1.1249418,-0.8321274,1.3778332,-4.1986237,4.6267195,2.2809145,-0.56961024,-0.28461465,-1.1494507,-0.7300787,0.782578,-2.6409638,-0.070834905,-1.8849925,-2.4986496,NA19786,MEX,1
-1.5017953,2.2471778,2.4358563,-4.964115,-3.7658625,-0.55231744,0.3495392,4.018709,32.561546,-7.107125,3.8451297,-1.3117402,-14.522447,17.413927,-9.114444,1.5458757,2.7263923,1.4163642,1.5513886,0.5893005,0.40077445,-1.5419843,-1.4087402,0.014435273,0.31307164,1.7461131,-0.48731437,-3.592636,1.882617,-1.2233416,0.21963632,-1.9728459,-1.2149514,-1.153199,3.4335787,-1.3246983,-0.28725743,-2.1573474,1.4559001,-0.30783224,-1.958337,-1.1043417,-1.0672967,-0.06142209,-0.5797019,1.4707928,-0.56753564,-0.8829099,0.22666612,-2.098856,NA19672,MEX,2
-1.7700721,2.0655313,2.9773,-4.554035,-4.273867,-0.4505465,0.82995796,4.1370254,32.450073,-7.306119,0.80686903,1.0248617,0.31572798,-1.9279586,-0.05680836,0.73522574,0.82136106,0.713246,-0.7913795,1.1854764,0.22557285,-1.5226363,-1.8609478,0.6414241,0.88899976,-0.8597849,1.5474516,-0.44072962,-0.7155242,-0.26552454,0.23407526,-0.7251146,-0.35439223,2.134695,-1.9746637,-1.6537821,-0.036142085,-1.2686511,-1.5973898,0.7793847,-1.0871356,-1.3773533,-2.5780156,0.39201072,2.7063334,-2.1004972,1.0584718,0.4422453,0.9508673,0.20915057,NA19737,MEX,2
-2.0909152,1.6175416,3.6555822,-3.458461,-4.879298,0.19037761,1.0330426,3.526519,33.142673,-7.037682,-10.408847,-0.93265915,1.8384103,-3.485539,0.9470615,0.26022786,-0.7444938,0.6399062,-1.7025256,0.13998239,-0.16255656,-1.5860088,-0.23911081,-1.3137074,1.2231015,1.6254238,-2.3119738,-1.6173482,-0.36984617,2.1108313,1.9563292,1.6928846,1.1509104,-0.35690525,0.46003175,0.32614446,0.84154874,-1.209159,-0.28559998,-3.1936278,0.78759676,-2.5707364,-0.7557885,1.8133686,0.94110143,-0.33888263,-3.5418627,-2.7188444,0.23903659,1.1966567,NA19740,MEX,2
-2.1287146,1.8295093,3.7824833,-3.0031269,-3.4504333,-0.18550588,-0.20968993,3.2496042,33.772144,-7.655277,-13.352544,1.0875447,-0.28292224,-2.0024781,0.21477513,2.7784796,-0.58216786,0.5436382,-1.1153296,-0.96368545,-1.0435061,-1.7759912,-0.28002387,-0.29851794,0.7027806,3.6435907,-0.8355673,-2.339452,-0.587699,1.1100258,0.5958265,2.682696,-1.2216998,0.44238487,-2.5355368,-0.9077575,-0.25935674,-1.7807326,0.25616282,-3.1072078,-1.1440655,-1.6665972,-2.3146968,3.4731004,-0.38754314,-0.58491784,-0.32385355,-0.43242034,-1.0124242,0.08459714,NA19741,MEX,1
-1.8857218,2.3129442,3.1245317,-3.5293334,-3.6075237,-0.6045631,0.87706363,2.7450407,32.862854,-7.299541,1.865964,-0.85184723,0.6562283,-0.5258957,0.6211775,-1.6190993,0.64120066,-0.84617805,0.14223368,1.665148,0.91908866,1.1608063,-0.27417144,-0.8232519,-2.0220745,-2.4448166,-0.17125869,1.5816326,1.3099563,1.5104008,-1.5910645,-1.9401401,-0.97089297,0.54757077,0.4678447,-1.0111557,2.1180933,1.3385674,-0.6147976,0.8581942,1.3208838,0.5961827,-0.6770645,-2.7972786,-2.1918607,-0.09183954,0.21224302,-0.042889535,1.1991919,-1.652608,NA19792,MEX,1
-1.4926053,2.2241285,3.6222246,-4.7654357,-3.493186,-0.34085062,1.1079618,3.2677505,31.987183,-6.6467414,0.8566053,-0.50387305,0.835619,-1.5540982,2.1140149,-0.45318875,-0.038787164,-0.6333664,-1.4698075,1.2028813,-0.13333018,0.9174345,-1.1819869,0.049467724,1.191776,-1.3903208,0.20102134,0.583793,-0.2241246,-0.2591374,1.1165609,0.44300288,0.5032626,-0.1266896,0.7937605,-0.82591194,0.25061476,-0.43642637,0.9553095,0.027804537,-2.4239082,-0.37198928,-0.12495491,1.376396,-0.13611351,0.67413616,1.4318018,-0.33564702,-2.6314256,0.98520195,NA19764,MEX,2
-3.9530036,3.0279598,6.3956175,-8.630683,-7.0321765,-7.1512237,27.281385,-16.102522,-4.0290933,-3.5253742,-0.8975875,0.4101532,0.25476205,2.7143672,-1.6557091,-0.63364965,0.45096648,-0.39401132,-1.2019461,-1.0551348,-0.5358416,0.39281854,-0.17209321,-0.28548706,-0.5687249,-1.1896471,1.3826497,0.73714167,-1.9719515,-0.67152107,0.6072688,-0.31800127,0.4770044,0.23177423,-0.11729737,2.0925963,-2.445864,0.9265432,0.77049434,-1.8759567,0.65938693,2.000384,-0.017381977,1.802292,1.155723,1.3088131,-1.0848658,0.19780025,1.4246075,-0.28440037,NA20505,TSI,2
-3.1954448,2.6426325,6.275826,-8.870603,-5.957164,-6.9311996,26.097015,-15.192348,-3.9271905,-2.574359,-0.8463673,0.57803714,0.90826815,-0.80681616,2.0225942,1.2558067,-0.07644493,1.1597745,0.664957,-0.28562847,0.77251387,1.0844315,-0.2445656,-0.9230465,1.7076911,1.1999764,-0.28073722,1.165549,-0.38709295,-0.9825833,1.8591348,-0.36926338,0.5177168,1.1056479,-0.010120317,-1.253058,0.14100805,-0.56336635,-1.0990645,-0.26617545,-2.5793202,0.0013211854,-1.803649,2.7660031,-0.3499812,0.94251156,-0.59115,-1.4121212,2.5936835,-0.87468606,NA20504,TSI,2
-3.0131943,3.5922122,5.8443527,-9.929989,-7.224706,-6.501414,27.615566,-16.658918,-5.286128,-2.1004875,0.13769047,0.5707336,0.10278199,-0.4319215,-1.3068408,-0.3502878,0.2461725,-1.8175496,-0.107513435,1.3189968,-1.2680826,1.1686553,1.8269608,0.45051947,2.3444285,-0.12084696,-0.5148837,0.91201216,-2.0133247,-0.876269,-0.1249527,-0.17540164,1.3085608,-0.7706314,-0.911716,-0.0097779585,-0.34586325,-1.1994098,-0.3936299,-0.51747555,-4.3668914,-1.1488111,-1.0685651,-0.5680007,-0.43947208,-2.9316695,0.032857213,1.8749938,0.8045926,0.34379724,NA20506,TSI,2
-3.2865462,3.492977,7.3408194,-9.509737,-6.520471,-6.752896,25.705236,-15.759162,-4.3105226,-2.7703602,0.20058735,-0.48444387,2.0162737,0.08104297,0.105583124,0.15843421,-0.45515817,-0.21117374,-2.3400965,0.50851744,0.5070805,-1.7871649,-0.1573137,0.9898206,0.8590994,-1.7341651,-1.3354138,-1.7857872,-1.8230008,0.63032174,1.9353527,1.1110548,0.8625763,2.2317822,0.14907078,-1.2550291,0.0833781,1.7661109,1.0045636,-0.6925683,1.1600099,-0.9398793,2.5912895,0.057045702,1.5006572,-3.073078,-0.72533077,-0.334542,2.4753594,1.9624789,NA20502,TSI,2
-3.4626086,3.4451144,6.375603,-9.124959,-6.602712,-7.1481194,25.563583,-15.879289,-3.6875567,-4.009418,-0.3864184,-0.85597736,0.5204444,-0.7383313,0.60294753,-0.7257338,1.3609102,-0.17110737,-0.6878375,-0.7336316,0.61512405,1.3889656,-0.7176647,-0.2621945,0.46658728,2.4936678,-1.3492655,-1.1212233,1.126241,-0.49540922,-0.79589295,1.3113513,0.13503902,-1.178378,1.8211735,0.53244656,-0.08137359,-0.7448251,0.22147423,-1.3970783,-1.9265068,-0.746306,0.7854137,0.5530287,-0.9182301,0.045608733,-1.1910236,-2.3670077,-1.1158195,-2.446583,NA20528,TSI,1
-3.97755,3.3543897,7.1232023,-10.31617,-6.1039405,-7.0715675,27.082392,-16.915443,-4.73976,-3.88896,-0.042491656,1.3512833,1.335526,-0.64226174,-0.1114994,1.8129468,-0.6093516,-1.1644324,0.45659995,0.6410385,-1.1620085,-1.512657,0.21503974,1.2720674,0.089355625,2.1608891,-2.011854,1.2428287,0.44439983,-1.2951016,1.1178429,0.585737,0.7771465,-1.2326635,-0.88530827,-0.34420446,2.394969,-0.35066018,-0.7485525,0.34804392,-0.6620686,-2.2005906,-0.59586257,-0.65320337,-0.8448278,-2.1469843,0.41354492,-0.16387825,-0.92867273,-2.9870286,NA20531,TSI,2
-3.0821807,3.3945498,6.456783,-9.397004,-6.750783,-7.0450554,25.973944,-15.8545065,-3.6568856,-2.735609,-1.6967293,-0.30264473,-2.4610715,1.0639971,0.7861528,0.5223137,-0.026070371,-0.5010698,-1.2971281,-1.1497332,-0.6844431,-1.5995497,1.7211564,0.68929905,-0.012091283,-0.8472654,-0.35185343,-0.4873774,2.31705,0.33809802,-2.1490488,0.74401706,0.400794,-1.0004187,0.46163276,1.0678843,-1.1535755,0.7377732,-0.8059148,-1.0319839,-0.80719554,2.3236063,-0.4270524,-1.2109761,-1.5741836,2.5115886,-1.2510966,2.4335191,-1.5901982,-1.549396,NA20534,TSI,1
-3.1443307,2.4037724,7.4132433,-8.7743435,-6.9086084,-6.780134,24.952335,-15.307568,-4.0468636,-2.9519424,-0.78495246,0.5157206,-0.7576088,-0.37009564,0.5778617,0.54888207,-0.35552585,0.27857986,-2.543119,0.9817103,-0.4882824,-2.4983785,-1.3434448,-0.15418339,1.5196222,0.09979846,-0.6984404,0.096120395,-0.81852114,1.2554479,-0.7226231,0.15825851,-0.86901337,1.1211739,-0.031694114,0.10992715,2.3259373,0.3973526,0.18471575,-0.8257537,0.21417245,-0.4274696,-2.0963538,0.78023934,0.22579162,-1.1279764,-1.1208143,1.1294894,0.67047536,-0.83337075,NA20535,TSI,2
-3.2314088,2.9171681,6.629418,-9.362592,-7.199591,-7.0672007,26.07844,-15.711176,-4.832043,-2.5549018,0.6205402,1.1990974,0.78923386,-0.12447065,-1.4402828,0.3898379,0.49591598,-2.5451062,-0.64419913,-0.1615085,-0.17573568,-0.44373134,1.0515918,-1.7203146,-0.7130821,-0.04710617,-0.15860154,0.062292967,-1.2327086,0.54318833,1.8777952,0.12652242,0.027600652,0.29364935,-1.6396314,-1.5047534,-2.3460774,1.5678418,-0.7547212,0.94282055,1.1027228,-1.9345394,-2.6068254,1.2235,-0.64528656,-0.071540244,1.5668535,0.043851558,2.0382607,2.7866561,NA20586,TSI,1
-2.5364177,2.773788,6.8370333,-9.338326,-5.9236827,-7.1599727,25.595505,-16.015713,-4.76587,-2.9209085,0.16078234,0.14469106,-1.3346221,-0.1636911,0.102734394,0.25958243,-0.12063344,2.4805808,-1.3542516,0.9318052,-1.5228287,-0.08345632,-1.4966995,1.3279947,0.5836919,-0.89992934,-0.94947577,-1.4938538,0.39335564,-0.34042218,1.2900648,1.3703411,-1.8136762,0.41625425,2.709777,0.18490264,3.1855392,0.66849273,-0.7654422,-1.4961654,-0.19817984,2.213078,-0.7699648,-0.80557084,3.269204,0.016518012,0.6350475,-1.6764252,0.7815269,-2.1997483,NA20756,TSI,2
-3.0592804,2.3810563,7.1944537,-10.013323,-7.0550857,-8.187361,26.889585,-15.808887,-4.0365014,-2.6402888,0.5813778,-0.95170003,-0.18677053,-0.27492487,0.6237021,-0.38360047,0.08891049,0.009455184,0.4388524,-0.05374854,1.8137733,-0.93456286,1.3634412,-0.33370325,1.6970668,-0.2795343,-0.027147952,1.5892563,0.31807256,2.4204712,-0.08333051,-0.9757733,-2.4378169,0.11610651,-0.94325185,-1.2654773,1.6881804,-2.131382,-2.2005925,2.772308,1.5613892,-0.84638226,0.33823425,0.8941687,2.7378974,-1.3191645,2.1977956,-3.208581,3.5346406,-1.134047,NA20760,TSI,2
-3.7002208,2.9144661,5.979954,-9.624664,-6.3429656,-6.9018683,28.17651,-15.17514,-4.53822,-3.4433877,-0.37393507,0.37846625,-0.7833211,-1.3050514,0.82253593,1.9101115,-0.045897376,-1.0166616,-0.32563964,0.19392024,-0.12656632,0.6310953,-0.6739684,0.7809997,-1.040117,-0.069159314,0.71794933,-2.1424263,-0.86991,3.9190516,1.9545902,1.9572642,-1.4963361,1.7256788,-1.1013435,-1.3924111,2.3685045,1.0550286,-0.74457675,-0.2652939,-1.0981841,-0.9913595,1.0820594,0.37182254,1.0330677,-0.21907906,-0.8598723,-0.7374813,-0.17165266,0.057103768,NA20765,TSI,1
-2.963749,3.8204541,7.298122,-9.543827,-7.0572853,-7.2612205,26.888218,-15.841318,-4.0329623,-3.307349,-0.14899613,-1.3350912,-0.11005467,0.26701355,-0.3776819,-0.42106512,-0.045019813,-1.4372602,1.8302704,-1.0003036,-2.5218737,-0.714539,0.14569911,0.90139055,-1.4838002,-0.5591422,0.3008622,1.4285207,-2.3413892,-0.29629233,0.5329758,-0.42366478,0.035565875,-1.1858854,-1.21938,0.7538337,-1.2804785,-0.7608923,0.59490424,-1.2374305,2.097797,1.1922092,0.25976723,-1.5799364,1.5865245,0.2677764,0.42977658,-0.39010817,-1.6713294,0.7163701,NA20766,TSI,2
-3.7102983,2.8496044,6.45993,-8.99739,-6.986716,-6.91228,26.96312,-15.043386,-4.251953,-2.950224,-0.52143854,1.0429718,-1.0569452,-8.5725405e-06,0.64457214,-1.9074476,2.8176012,-0.0040250826,-0.4278393,-1.7310534,-1.1743375,0.18589619,0.57608926,2.4574335,-1.7021853,0.5541053,-1.3358628,1.2396591,2.355787,-0.6908427,0.9888287,1.6439686,-0.74133044,-0.30131146,1.633447,-2.2850945,1.2483244,1.0773985,-0.15917863,-1.9196471,0.13801606,-0.76139635,2.098325,-0.92912877,0.6910455,0.37270036,1.0827701,0.7511526,0.4547506,-4.866249,NA20769,TSI,2
-3.4642231,2.976411,7.0290895,-9.975208,-6.855645,-6.828206,26.994152,-15.234259,-4.369736,-3.054825,-0.022610039,-0.6396621,0.4222656,1.0096287,0.71322113,0.3009631,-0.080613464,-0.18706928,0.509225,0.19091181,1.0217813,-0.5127333,-1.4234629,0.69954,-0.07272241,-1.2588154,-1.2293661,-0.59642273,0.12646602,0.45346433,2.8547664,-1.0012954,-0.04461036,-0.26698327,0.3531932,-0.56728923,2.615542,0.7494345,0.35445714,0.4394318,2.916861,1.291748,0.34607103,2.0765102,1.028846,-1.5552956,-1.2336365,-1.3525873,3.224257,2.561456,NA20771,TSI,2
-3.4271514,3.9707558,6.7993464,-8.476482,-6.6456842,-7.1878877,26.895573,-16.217093,-4.3386226,-2.9179828,1.334473,-0.28202105,0.6313438,-0.21524122,-0.5637847,-0.13425945,0.45480588,-0.67317545,0.5457927,-0.8701427,0.37368286,-0.1032576,-0.33806494,-0.69420695,-0.75143844,0.4008488,-0.1143525,-0.4651225,0.9957686,0.6378986,0.6701707,-0.93371564,-0.5247165,2.4034886,-1.6419773,0.08028841,-0.63348466,0.12547016,2.641507,1.7343467,-0.18548602,0.6782663,1.7572519,1.1655766,0.21117406,-0.63880384,-0.6441827,-0.76063335,-2.646968,-1.5333823,NA20512,TSI,1
-3.4523463,2.604471,6.262039,-8.925014,-6.904379,-7.6955876,25.67729,-15.25024,-3.514314,-3.659246,-0.6764303,0.02501792,-0.02568839,1.706274,0.13339631,-0.4130298,-0.86059195,0.17247513,-1.6016866,0.1090553,1.8971949,1.2058882,-1.0119267,-1.0676467,1.074938,0.42005587,0.9013644,-0.13729203,2.4207423,1.0670406,-0.3830012,0.7852714,0.7238847,0.10261768,2.6274965,-0.069532275,-2.1150436,-1.5956378,0.62417865,0.62230086,-2.165861,-1.2481446,-2.2439852,1.0723734,1.4980686,-0.6294368,-2.4242604,-0.2445678,-0.95070195,-1.499046,NA20515,TSI,1
-4.19597,2.468618,6.2271295,-9.4598,-7.469548,-7.4986305,26.554876,-15.555304,-4.8473225,-3.5360556,0.62944424,-0.35283712,-0.09309389,0.60640264,0.1463228,0.30905586,-0.14085715,-0.42460522,0.28924045,-0.041736376,-0.5734778,0.43283153,-1.9095203,2.770815,0.72591054,-0.65488124,0.41261944,-0.76516616,-0.42823377,-0.69755894,-0.9833255,1.8405124,-2.8428104,0.14902411,-0.87885284,-1.8299698,-1.3564278,1.0335468,0.7204737,1.1843141,-1.9122677,0.66834104,-2.2979772,1.0619521,-1.2457229,0.68623763,0.39142457,2.3478954,-0.16059907,-1.2463962,NA20516,TSI,1
-3.7004302,2.998049,6.48109,-9.09367,-6.619331,-7.5419736,26.749817,-15.783703,-3.697569,-3.0482478,0.6226687,0.26455715,0.07017071,-0.5269138,-0.17375936,-0.32769978,-0.6728279,-1.1225448,-1.6967417,0.07082575,0.88250613,-0.6582288,1.5590589,-0.86414224,-0.10373127,-0.82933575,2.240531,-1.6021627,-1.7339833,-0.7086836,-1.4371134,-0.10664479,2.324448,-1.7892647,-0.009475451,-0.58229285,-1.4105228,0.6726389,-0.38948214,-1.7114294,-2.7217631,-0.8712331,-1.7494162,0.5052987,0.53312975,5.1684003,-0.33813652,2.0315003,-1.6020459,-0.08063489,NA20517,TSI,2
-2.9130447,3.126898,7.1225867,-9.543974,-6.583151,-7.052185,25.110655,-16.219297,-3.820012,-2.1584888,-0.08688384,0.03691091,-0.13864908,-1.4980252,0.76377946,0.692023,-1.2641228,0.029339513,-1.2009168,-1.7595065,-1.8051801,-0.48421428,1.103912,-1.1865181,-2.6725295,-0.027530147,-0.9015026,0.2735827,3.6004424,1.9611142,1.0264941,0.16387898,0.8097123,1.891079,-0.83751386,0.65329164,-1.4846238,-0.06269071,1.2518029,-0.19458176,-0.048182443,-0.05057855,-0.023488909,0.3849977,0.17790587,0.62444866,0.15039441,-0.8721237,0.7285747,-1.5882239,NA20518,TSI,1
-3.4372458,4.3311276,6.4578495,-9.0356455,-7.04969,-7.763861,26.017548,-15.416125,-4.650239,-3.5059357,-1.2047468,-1.5989393,0.091880664,0.5955852,0.066557884,0.05508524,0.45401365,-0.16403715,0.9981773,-1.0372499,-0.33985692,0.03486392,0.6967385,-0.15386346,0.81195164,0.8224761,-1.6462835,0.8399391,1.683169,-0.15201403,0.77462715,-1.1803815,-0.22096545,2.858041,0.70885235,1.2629471,-0.14375322,0.39587864,-1.215314,0.90056676,1.9691525,-1.4917922,1.1016225,-1.5005921,1.6054918,0.383445,2.2485223,0.13734007,0.46906245,-0.7667566,NA20530,TSI,2
-2.6058736,3.531785,6.2140503,-10.1647835,-7.9158306,-7.8009377,25.958923,-16.675241,-4.383506,-3.7903385,0.4819332,1.8655632,0.24451852,-0.95803076,-0.5360714,-0.41986048,1.5573264,-0.6583646,-0.121449694,0.40732363,0.992244,-0.745933,-1.0275222,-3.0401404,-2.3952792,-1.3326339,0.32584298,-0.549498,1.1907156,0.31504348,0.6248961,1.2735335,1.8024825,0.5756935,-0.45137787,2.9858181,-3.268548,1.577203,-0.695421,-2.0148327,-0.40570897,-4.764383,0.5860261,-0.16173244,-1.8339614,3.505745,-0.22493343,-0.70420563,-0.17061032,0.22055763,NA20538,TSI,1
-3.9997053,2.5447168,6.745106,-9.493171,-7.570989,-7.1197653,27.00962,-16.662025,-3.619984,-3.478915,1.3403462,-1.3932436,0.43639416,1.3297044,0.85271156,0.15530221,-1.0079976,0.11852893,0.9080968,-0.55820286,0.17194478,-1.7474492,-0.84240663,-0.048494883,-0.13924706,-0.7398115,-0.4018499,-0.2632487,-0.7024924,1.6234397,-2.1165454,1.4192336,-0.92573804,-1.1042038,-0.82527876,-0.4837107,-2.3556974,1.3556864,-0.5111231,-0.1610765,-0.13474879,0.22065888,-0.1713397,-0.3969389,-0.76481223,0.03354471,2.5132082,-0.19099902,-0.3614817,-1.1046921,NA20539,TSI,1
-2.979365,2.9336042,6.5491233,-9.148587,-7.7840304,-8.019488,27.786663,-16.146828,-3.8143559,-2.6503308,-1.1106606,-0.2307677,-0.76189095,0.6546482,0.37701923,-1.4954,-1.3190129,2.8455157,-1.0927671,-0.1143762,-0.55405366,1.5788302,0.92492646,-0.06289938,0.29431388,-0.60054994,1.3979195,0.17466667,1.5127754,-0.9767822,-0.93469036,-1.3967361,0.09602095,0.4711672,0.49667862,0.6785778,1.5214013,0.27868044,-1.858356,1.2912549,-1.6813728,-0.2596737,-0.5092544,2.1202605,1.5784953,0.25313908,-0.07662302,-2.4741411,0.57323855,0.87862194,NA20542,TSI,2
-2.6227276,2.3205583,6.720663,-8.365359,-7.5112376,-6.478968,25.508932,-15.136101,-4.2268643,-2.2796454,-0.78834146,-0.85618347,0.8279511,-0.12875052,-0.43630192,0.32805595,-0.31820902,0.74327826,-0.005290653,-1.3007187,1.464515,-1.2010086,0.43325987,0.19597264,1.3689148,0.19922133,0.40087813,0.07756218,1.5208404,-1.7118748,1.5326558,-2.2687798,0.4611113,-0.29726833,2.0300796,1.0857893,-1.630224,0.407133,-0.7523117,0.7885513,0.7654044,-0.6326826,-0.16664231,-3.073758,-0.9069201,1.5035244,0.49510345,-1.4117489,0.70831925,-0.44827864,NA20544,TSI,1
-3.4028404,3.4292781,6.7566886,-9.005066,-7.4930654,-6.729848,27.517445,-16.098158,-4.388764,-2.544098,-0.849673,-1.4878826,-0.55052847,-0.7149758,1.3650124,0.48025277,-0.046651933,0.031769548,0.9592764,-0.020089958,0.68476987,1.6543851,-0.47413287,0.2851841,-1.8669211,1.547861,1.2184724,2.1414077,0.45094433,1.1281143,-0.8923489,-1.9359643,-2.2594025,1.4646974,-0.07529317,-0.12938261,0.8709415,-1.1432555,0.3251126,0.44187182,-2.1184528,0.7320881,0.78890777,-0.3821292,0.9736189,-0.31365317,0.016150963,0.5950782,-1.1712492,3.4374998,NA20588,TSI,1
-3.9399252,2.6506133,6.8856897,-10.340947,-6.3097024,-6.487492,27.496094,-15.106908,-3.8217924,-3.656087,0.28684717,-1.1269724,1.3471355,0.5974121,0.62903845,0.50231516,1.5353239,-0.44761914,0.051936656,0.38873094,-0.371087,0.37795183,1.0622823,-0.22631475,-0.86357117,-1.2965444,1.0333425,-1.0158248,-2.661001,0.77054435,-0.1274223,0.45368645,-3.2164972,0.90001255,-0.5943385,-0.9054587,-2.727668,-0.87290496,0.6162434,-0.06827015,-1.2596675,-1.0807706,0.069727674,0.68528265,0.7532055,0.17799681,1.3917986,-3.440694,0.4578412,-0.9125328,NA20752,TSI,1
-4.1405354,3.013995,6.5444784,-10.377828,-6.637204,-6.9360504,26.485909,-16.112755,-4.520171,-3.4948509,-0.13602515,-0.01668763,-1.0817447,1.649781,-1.0091823,-1.3432338,-0.14338006,1.5824679,-0.059969306,-0.55261993,-0.36161852,0.5469093,0.29338667,0.68315715,-1.0129563,0.017531732,-0.2071007,-0.32729885,1.5009716,-0.2410345,0.00021423667,-1.2834255,-0.69906807,-1.2963548,1.2124087,-1.6881521,0.5815851,-0.8126707,-0.6301443,-0.547432,1.1558456,-0.9015877,1.5272379,-2.212095,2.7688825,1.3514413,-0.29098535,0.2399473,-0.31956267,0.2846169,NA20753,TSI,2
-3.6958683,3.4344227,7.450647,-11.073703,-7.0834613,-7.1426635,27.391884,-16.511845,-3.7709334,-3.0599942,0.3771081,0.3494783,0.9056421,-0.84277964,-0.16204987,-1.493749,0.2971444,-0.7300674,-0.40094772,0.21929403,0.23532788,-0.36989686,-0.7765763,0.18898177,0.963371,-0.19681174,-0.3723465,-0.33486116,-3.7502267,-0.4337176,0.35326904,0.09958115,0.47962865,1.2961046,-2.2440841,-0.3142938,-1.4925736,0.617985,-1.9181794,-0.24932797,1.1135511,0.13136952,1.8006428,-2.1529558,-1.8363008,-0.397633,2.1749775,0.6440991,0.008592046,1.5481285,NA20755,TSI,1
-3.7139752,3.4314048,6.921548,-10.903544,-7.326193,-6.602789,27.143196,-15.66363,-3.7993875,-3.1324005,-0.16130143,-0.08809603,-0.8006809,1.3381566,0.3293986,-0.82965636,0.97553176,-0.77484244,-0.088046625,0.56771374,0.08247748,0.63045925,0.8882257,-0.23649606,-0.17466895,-0.78713614,-2.1333597,0.063785575,1.7795409,-1.4234074,-1.2634953,-1.9655907,-0.042881235,1.2987587,0.68524843,-0.8355917,-0.32474115,-0.4293291,0.9091934,0.7548491,-1.9020902,-0.046257846,2.1339107,-2.3211286,1.4951319,0.40690678,-1.3343377,2.3403091,1.1978204,0.16726992,NA20759,TSI,1
-2.879021,2.720364,6.949568,-8.640087,-6.129416,-7.625893,25.904985,-16.164358,-4.5429316,-3.6685781,-0.698708,-1.4703511,0.34995753,0.405089,-0.3724347,0.67916846,-2.8746834,0.009757826,-1.0124897,-1.4325608,0.79062444,0.54886603,1.2991213,-1.3444899,-0.07343075,0.06439636,-0.34224358,2.1329305,-0.25334793,1.7664002,1.760903,0.44218796,0.8580604,-1.8038213,-2.344024,-0.0718747,1.0143001,-1.6979778,0.73334515,-1.7030746,-0.22678195,0.8339313,-0.506331,1.4280757,1.3056195,-0.48664588,1.709047,1.3586199,-0.5575287,0.8733748,NA20770,TSI,1
-4.112487,3.6875188,6.98276,-10.332547,-8.306532,-7.0114126,27.20505,-15.630075,-4.43769,-2.118423,-0.11234262,-1.1193058,-0.18276945,0.5766082,-0.36208978,0.9261161,-2.0484307,-1.7045885,1.6978688,-1.2226013,0.95713586,-0.10130254,0.72857386,-0.5017652,-0.7577008,1.1289803,1.134994,-0.11383662,-0.36539185,1.8570457,-0.55421644,-1.4521099,-0.6921871,0.09306971,0.9921991,-0.76791114,1.8317533,0.1823381,2.4850783,-0.1550366,0.39556414,-0.7656803,0.05491933,1.168623,-1.1198928,0.5100467,2.1193645,-1.520799,-0.19139789,0.20757909,NA20775,TSI,2
-4.17733,2.319981,7.338709,-9.539541,-5.636499,-7.984853,26.596397,-15.693023,-5.4203925,-3.247436,0.90729356,0.06787677,1.2326814,0.28457347,-2.177575,2.1217527,-0.8456615,1.4651808,0.040565845,-1.1122996,-0.8478415,-1.547221,-0.26886737,-0.63423634,1.5712705,0.639249,0.24723157,1.285313,-1.4058801,-1.3793035,0.4650468,-1.0273205,0.9232637,-2.8260133,1.0848862,0.6237749,-0.4538959,-0.38619977,-1.3501998,-0.3767193,2.9890866,1.2710023,-2.6746821,2.1319122,1.1832845,0.9391882,1.0785775,0.2345049,0.26777536,1.0285866,NA20785,TSI,1
-4.152672,2.7778466,7.02084,-9.809089,-6.814485,-8.786814,27.892786,-16.1766,-4.8004527,-2.3736784,0.39451092,-1.0555241,0.06717617,-0.37012693,0.7194236,-1.7451072,-1.4599476,-0.83005476,-0.60340047,1.7749186,-0.27608004,0.0044082366,0.9336574,-0.50704134,2.196324,0.45865646,-1.4329323,0.5198181,2.466625,-1.7174929,-2.0023813,-0.029280765,0.07979907,0.7705849,-1.1401784,-0.8853817,-0.7259673,-0.5234768,1.929144,1.0164881,-0.6254828,-3.0568588,-0.2026737,-0.43827912,-0.3071009,-1.1395091,-1.1745888,-0.5242017,0.7895453,2.4850664,NA20796,TSI,1
-3.8126528,2.8874805,6.3819003,-9.373786,-7.379192,-7.5125403,28.095463,-16.733421,-4.2295756,-3.8408513,-0.48347035,-0.5504013,-0.2614315,-0.22664723,-1.0483153,-0.7762897,0.2642309,0.9833493,0.052648343,0.4185554,-1.7926879,-0.23414795,0.6260462,-0.38318872,-0.4853129,1.3001996,-0.10099018,1.7182499,-2.0149152,0.38987663,-0.68206716,1.5225184,2.2979078,-1.7278482,-0.5252268,1.9286203,-0.23565082,-1.2408661,1.0865817,0.0464188,1.8640105,0.7652963,0.5571827,1.9408956,0.48106626,2.6559043,0.43402788,-1.1920794,-1.1829002,1.765006,NA20799,TSI,2
-2.9412415,2.2686386,6.8970137,-9.27277,-6.086164,-7.4738984,26.204224,-16.303087,-4.5375977,-3.6876235,-0.25417292,-0.11313851,-0.9865331,-0.5111751,-1.702612,0.7290045,0.04442753,-0.18121248,-0.19165826,-0.5396421,-0.8015842,-0.44196287,1.1913738,1.9848883,2.3070097,-1.5409069,-0.27903447,0.30073136,-0.39352086,0.4524831,-0.10222295,1.2529744,-0.6513217,0.76278156,-0.517478,-2.1897545,0.92972296,1.1215364,-3.9962833,-0.99302745,0.16673242,0.22562088,1.7430894,0.11583692,-0.27132216,1.5349083,-1.0911717,1.5147353,-0.810972,-2.8306954,NA20808,TSI,2
-3.004489,3.5784292,6.472116,-9.533291,-6.713083,-7.207835,25.705772,-15.339639,-3.6482964,-2.9148324,0.8748451,0.4166499,0.43959507,-0.22466154,0.33327842,0.40970403,-0.833606,-0.6551821,1.5381471,0.54088295,1.9604862,0.023741562,-0.9434426,0.36640254,-0.00882573,0.5395939,1.2882175,0.54993147,-1.6480376,-0.91576046,0.61365676,-0.656271,0.0073673106,-0.7952823,-1.3195356,-1.1354897,-0.91430235,-1.1355954,0.7777043,0.59566706,0.48654687,0.23151632,-1.1527601,-1.3444697,0.97917813,-0.36490396,-0.86558163,3.3295465,-0.8030936,-0.9502516,NA20810,TSI,1
-4.621826,2.9967813,6.9009542,-8.496567,-5.8655686,-6.3102674,26.288902,-17.000774,-4.2590804,-3.9823637,-1.014976,-0.4976258,-1.2809587,1.9405198,-1.5586091,-1.1638355,1.7522388,2.3982592,1.4076955,-0.043675736,0.8871781,1.5492934,-0.29930338,-0.4911667,-0.14052454,2.2095246,2.6656992,0.122066475,-1.6986022,-0.39158878,-1.8802693,-1.6149912,0.45504057,0.9086204,-1.6208898,-0.31934142,0.49535155,-1.7124153,-1.0359851,0.37494498,0.28932846,0.28744456,1.9288604,0.047863655,0.17477748,-1.0160087,-2.8459404,2.139148,0.12262498,0.9860794,NA20812,TSI,1
-3.1799283,2.6419334,6.707244,-9.877346,-6.6855545,-7.1590276,27.544191,-16.236023,-3.859127,-3.9029396,-1.4530929,0.28620705,-1.5697114,0.31016502,1.2589983,-0.61552304,-0.09312983,1.0372702,1.3746513,0.63090885,0.97048074,0.055047464,-0.121372126,-0.023831317,-0.2851636,-0.24389559,-1.3743805,-2.0273733,-1.3310345,-1.4399902,0.48499408,-2.1798322,-2.0177112,1.4507872,0.50286233,-1.6986108,0.649277,1.4017711,0.8800111,0.17425315,-0.8154231,0.7233525,2.1119785,0.46532366,-0.61307496,-1.7825776,0.052264467,-1.4996026,1.8337041,1.2938933,NA20813,TSI,2
-3.4166787,3.1161654,5.8544555,-8.977108,-6.427028,-6.963447,25.844501,-15.513472,-3.9212697,-3.9263384,0.13917656,0.113101795,-0.313083,-0.909383,0.48551244,1.0699964,-0.87465435,1.5699929,-1.2235205,1.3512087,0.4609671,1.0110348,0.1427282,-1.4722286,-0.8696277,0.39543432,-3.1388948,-0.8461407,1.5803376,0.17073494,-1.6622643,-1.5697062,-2.1728573,0.71734077,1.8040322,-1.0126106,-2.506755,-0.59987754,0.60734004,-0.24282351,-0.47086287,1.8486646,1.9870877,0.28505978,0.1945709,-0.8186243,1.7999846,2.482256,-0.6182854,-1.106546,NA20815,TSI,1
-3.2215638,2.9148803,7.063096,-10.446051,-7.6084137,-6.9434047,27.317202,-15.927591,-4.6710887,-3.3741808,0.9916985,-1.9264799,1.1496122,-1.1402444,-0.036865786,0.71814424,-0.57788044,-0.57569844,0.553677,0.8316728,-0.609949,-0.14030658,0.52685493,2.0156555,-0.0011169625,-1.1633667,-1.6815423,-0.85272545,-2.872175,-0.13997333,-0.86286587,-1.9621241,-1.4941499,0.4366842,-2.366559,-1.1441054,-1.8677311,-1.1788772,1.7546576,2.2922533,0.61774,1.9410524,-0.17671515,0.15600288,-0.7061315,-1.7823367,-0.51631415,0.7742535,2.2754192,2.2328398,NA20816,TSI,1
-2.7265313,2.4828875,6.053526,-9.841048,-5.4052515,-6.701285,26.995789,-16.75777,-3.8879695,-2.719204,0.9410991,-0.120539956,0.017382035,-0.58866143,0.16025834,-0.4799376,0.5157695,0.91266406,0.940198,-0.9413776,0.79396707,0.431371,-1.2525756,0.24916993,0.4174677,-1.0836506,-0.4760343,-0.6709449,0.015406401,-0.94503963,-2.5768373,-1.766001,-1.8470588,-3.5405328,-0.56623775,1.1400621,0.40356904,0.20601653,-0.57008517,0.89684343,-0.36921996,2.1365483,-1.8571666,2.277599,2.303962,-0.7474035,-0.6883883,-3.9765701,0.38617453,1.1847177,NA20819,TSI,2
-3.036376,3.6820195,6.4880443,-9.418252,-6.902814,-7.8575125,28.040949,-14.635563,-5.028512,-4.0834765,-0.40517744,-0.38939252,-0.84327453,0.020192644,0.32514665,-1.5206882,-0.3657439,1.3325678,-0.8617001,-0.32481936,-1.5785187,0.85838354,-1.8668855,1.6094742,0.14536083,0.22064002,1.4564592,-0.63120455,-2.3339157,-0.71946436,1.4407328,0.44899607,0.17324303,-0.20052992,0.4532911,-2.9336987,1.1810695,1.3151761,2.3414905,3.579862,-0.18220547,-1.4227405,0.27543303,1.7204823,-0.9570696,-1.8748698,1.4291384,0.9185677,0.42811018,0.46150285,NA20826,TSI,2
-2.7077656,3.3335996,6.7714825,-9.448455,-6.3693757,-6.3659654,26.772358,-15.134398,-4.132018,-2.9764378,-0.044482827,1.1899302,0.6439559,-1.9706498,0.178261,0.1434407,1.1066782,0.91870654,0.85870314,-0.019960914,-1.0044507,1.7371157,1.1033822,-0.3070614,1.5142932,0.029733788,-0.6465606,-0.13995554,-0.07116189,1.8164768,3.1584394,0.0072074994,-0.60046035,-0.15100545,-0.9521266,1.7283933,0.5684051,3.401648,-0.5332882,-0.9725266,0.20860162,0.7238238,0.6464758,-1.0016766,-0.8196898,1.1173521,1.5189592,0.34313747,-2.144393,0.1922223,NA20509,TSI,1
-3.6950927,2.2192793,6.2010813,-8.799499,-7.569297,-5.824214,26.69755,-15.860773,-4.3475733,-1.9828238,-1.1040051,-1.217019,0.110109545,0.869677,0.036210496,0.87385464,-0.6600567,0.078857966,0.66491,0.0024691492,-1.038403,-2.4789522,0.10135955,1.1456606,1.4764833,0.75230336,-1.3328027,2.149337,1.1789865,0.88631177,-2.6186185,0.4135666,-0.48686475,-2.8540552,-0.31863505,-0.63057667,2.4537036,-0.52106476,0.19906537,1.8414165,1.6891284,-1.4158424,-0.0027319826,-1.4961988,-2.2277956,-0.6820785,-1.2269939,0.89418274,-0.12714091,0.42481098,NA20521,TSI,1
-2.5613105,2.501449,5.8930836,-10.251982,-6.757397,-7.8980746,27.16782,-15.001442,-4.098644,-3.2670856,0.15223724,0.5453673,0.49086317,-1.3396393,1.0782725,0.062321607,0.12856033,-0.851319,1.1271229,-0.029266976,0.48778075,1.3408341,-0.52518964,0.890263,1.1648769,1.2923262,-0.6093893,0.24513939,1.6620209,-0.13152762,0.86176497,-1.040006,0.49537733,-0.92497057,1.4552693,-2.0292685,-1.4474313,1.0122524,-0.88389015,0.84626204,0.42640883,-0.12887575,-0.55414885,2.1693647,0.9595836,1.1037129,1.5787039,-0.52694166,3.3398209,0.27409357,NA20529,TSI,2
-2.8983805,3.3179107,6.688155,-9.520017,-7.4587126,-8.079638,27.531431,-15.097118,-4.2435856,-3.3914454,-0.08641254,-0.9239406,0.16588663,-0.42127496,-0.34239563,1.1220744,0.97967154,0.40712467,1.0280238,0.7559781,1.3855991,0.6079691,-0.21211466,0.075206146,-1.184816,-0.24794316,0.43857074,0.74445003,0.67927593,-0.3727977,-2.6344073,-1.0847237,-1.0889432,0.70178914,-1.4305605,-1.2577577,2.0149877,-0.060377296,1.2077203,0.1761709,0.0814033,1.6687375,0.5976373,1.5584887,-0.33032104,0.01625489,0.3773194,-3.209342,-0.98198664,0.023885239,NA20540,TSI,2
-2.7430232,3.2684433,6.643691,-8.675483,-5.9169,-7.0779595,26.99588,-15.75294,-4.2396784,-3.3141313,-0.1370756,-0.30827662,0.012891831,1.1144439,-0.08953769,-1.4165058,-0.05555133,-1.1624624,-1.1797678,-1.0000193,-0.35231566,0.7012293,0.036698878,1.5579612,-1.4288802,-0.02145271,0.37651402,2.2940345,1.3713521,0.86977005,-0.97231424,1.2067147,-0.7746743,0.50020987,-1.2506354,3.208024,0.5073553,-2.5891545,0.5192402,-0.8512264,0.12332462,0.6669788,-0.41136184,0.5276899,-0.021119684,-1.5504938,-0.7948797,-1.134523,-0.19716416,-0.6186341,NA20541,TSI,2
-3.4293933,2.491233,6.0589437,-8.580587,-6.0800114,-7.247726,27.34929,-15.344192,-4.4496026,-3.4930866,-0.39731488,-0.8687459,-0.4464693,-1.8063036,-0.071372025,-0.68070364,0.008013947,-0.30282825,0.54399,0.60098076,-0.7839847,2.0382152,1.2053136,-0.76931804,0.23959987,-0.69690347,0.08706743,2.2936077,1.1248186,-0.91049206,0.3673674,1.1330676,0.23373039,0.4181086,-0.6920749,0.38611558,1.2855378,0.7692154,0.79132944,2.8076572,0.7022126,1.0130116,1.8781824,0.43753982,0.16693215,0.3230587,-0.33875576,-1.2564968,0.0934435,1.264052,NA20581,TSI,1
-3.6850421,2.779781,6.8077283,-8.569081,-7.16341,-6.447464,26.449394,-15.761464,-4.0797787,-2.6859653,-0.7754812,-0.8341446,-0.74348897,0.24462427,-0.7641319,1.7155638,-0.69187224,0.027951587,-0.39253986,0.79082936,0.67059976,-0.6112868,-0.3123309,1.6349958,0.61996603,-3.1690738,-0.9066697,-0.19055252,-0.12032752,-0.5048745,2.2029095,0.81539494,-0.17751877,-0.57560146,0.86753565,-1.7051762,1.0616641,1.3939855,-0.6690753,0.5033833,0.31611538,3.042239,-1.2214649,1.9871591,0.8692976,-0.14999612,1.9302553,0.75196,-0.2177802,0.9361966,NA20582,TSI,2
-2.275558,2.5970452,6.0883336,-9.084915,-6.840646,-7.7436476,26.217014,-15.568092,-4.068804,-3.608403,-0.8907427,-0.018473234,-0.019977031,0.66395086,0.5086302,0.828512,0.14810571,0.8796774,0.51558465,-0.22963047,0.6794879,0.21679449,0.8360143,-0.14825436,-1.3962799,-1.5175631,0.28450674,-1.6901838,1.841071,-0.4036306,-0.8989353,0.27166104,-0.21262571,-0.35408273,-0.96841073,0.45718867,-0.1016682,-0.7169488,-0.20761642,-0.7295848,-2.056969,0.08481889,-1.6974362,1.2946057,0.26447305,0.1664462,-0.3986265,-2.4884925,1.2238284,-1.5849535,NA20589,TSI,2
-3.5147305,3.0418441,6.3304977,-9.229203,-7.1167116,-6.8951206,26.155691,-16.560764,-4.311424,-2.327089,0.931194,1.1909281,-1.242092,-0.387081,0.0012512187,-0.3477407,-0.7339917,-1.7522018,-0.17046168,0.015905632,2.4647934,-0.26226857,0.7987471,-2.630652,1.8224533,1.2190819,-1.4828594,-0.11867945,0.24480623,-0.21216416,1.7997043,-0.7190401,1.4023056,-0.47123194,0.5153684,0.0029040144,-1.8017261,0.071509704,-0.15801588,-0.3918946,0.6650958,-0.02859867,2.1349037,0.08945141,-1.0191002,-1.2722083,-1.0921642,0.25176015,0.6385224,-1.2685051,NA20754,TSI,1
-3.0622196,1.903877,7.4887075,-9.790406,-6.8019876,-7.3633776,26.236794,-16.180265,-3.8848944,-4.2824206,-1.1929951,1.1547236,0.44530725,0.644143,0.14171958,-0.25017187,2.4473314,1.2247813,1.2528882,1.0260898,-1.260844,1.9011846,-0.30062237,-1.615284,-0.50798947,0.406873,0.71278167,-0.6564548,0.2444052,1.0090541,-0.16865616,-0.7723609,-0.5421708,1.9937421,1.3856977,-0.78482026,3.4751847,1.2131268,1.3912033,-0.1454721,1.1766068,0.8185881,0.73721504,-0.8220392,2.7550373,-0.0934534,-2.1052425,-1.6621927,1.9645687,-0.5947025,NA20772,TSI,2
-3.1505358,3.1959856,7.2214813,-8.984798,-6.6917963,-7.035187,26.177912,-14.259997,-4.7137575,-3.7026687,-0.70364857,-0.45356268,0.06739644,-0.68405104,-0.702393,-2.5123727,-0.23972882,2.0641115,-0.2912252,0.4175742,0.36931854,0.3354989,-2.0914612,0.68213004,1.2664068,1.9555984,2.451264,-2.2462313,-0.7759006,1.4546988,-0.28946507,-0.7255443,-1.6460462,0.84478396,0.5173378,-0.69905084,-0.3800825,0.281536,-0.3894333,-0.7776886,-0.5675905,0.2591636,-0.46034968,-0.9646532,-0.09800301,0.9082002,-0.08526261,1.3822727,1.540727,-2.8882377,NA20773,TSI,2
-3.0820656,3.5126865,7.043117,-9.825987,-7.2962437,-8.065111,26.66729,-15.10741,-3.948778,-2.253082,0.6306726,-0.1895732,0.33273044,1.7976648,1.097667,-0.72451186,-0.9103359,-0.5291681,-0.6085307,-0.74017155,0.35476804,-0.7763155,-1.3933202,0.1289539,-0.9534663,0.5655714,-0.36469966,-0.3727286,-1.5374933,0.56071126,-1.4981848,-0.30096585,0.29764464,-0.49884677,0.2792744,1.2434278,-1.5573905,-0.15456359,0.21681018,2.611602,1.543154,-0.87631613,0.8818529,-0.56813604,2.068288,-0.907395,1.0522078,-0.008812695,0.08363156,2.9475415,NA20778,TSI,1
-3.9328833,3.8935814,7.315323,-10.203545,-6.135449,-6.9553146,26.735935,-15.662848,-3.1870909,-3.808024,-0.3893697,0.42340714,-1.0345664,-0.06150867,-0.9363984,0.6105539,0.9388809,-1.1777804,-1.6090271,1.0720826,0.42821136,-1.1844226,2.3136225,0.2825946,-3.0024512,-0.40299824,0.38066682,-0.59723467,-1.096546,-0.6554028,-0.3862237,-1.2004626,-1.6817157,0.42043632,-2.2207375,-1.8927801,-0.47738883,-0.23228985,0.94106954,2.525954,-0.006311788,0.97199255,0.023032153,1.3558382,-1.6441838,0.042651616,-0.0735052,2.1068568,-0.13494402,-0.54040456,NA20787,TSI,1
-4.105669,3.2463794,5.9207788,-9.921606,-6.4864445,-7.4222965,26.779762,-14.809945,-4.121002,-4.3363333,-0.62585247,0.07539992,-0.7231385,-0.71224403,-1.3389056,1.0236949,-0.50353557,0.29995227,-1.7698971,0.009876919,0.3456994,1.4794188,0.42960075,-0.24019468,-0.09084449,-0.01734827,0.26976106,-0.80988485,-0.14092743,0.6535491,-0.8207344,1.3694711,1.7780261,-2.2645793,1.3231809,0.75165844,-1.895883,1.6396333,0.84738255,-2.2865474,1.7636962,-2.2197676,-1.8329831,1.6984736,-1.1927773,0.3341222,-1.2122883,1.2966884,0.5441439,-0.2854376,NA20790,TSI,2
-3.137967,2.0085788,6.6869264,-8.461494,-6.678568,-7.524236,27.551664,-16.48002,-4.506241,-2.6090808,-0.31259817,0.26852468,1.2599076,0.2501288,1.181603,-0.36276215,1.1583061,0.29885554,1.2925797,-1.336962,-0.673647,0.83772767,0.5787675,0.55709106,0.84829444,1.2206573,-2.388485,-0.8660788,-0.8857793,-0.6851414,0.37174916,-0.48899645,2.7778223,0.82513195,0.84840643,0.85272974,1.2218573,-1.7923927,-0.47028148,-0.42840806,-0.4953211,-0.96139294,0.09530489,-0.32795963,0.33287093,3.420333,1.9659833,0.07576624,-0.45018044,0.1649454,NA20792,TSI,1
-3.1269877,2.9770403,6.338014,-8.53296,-5.929486,-7.5581837,26.17937,-15.491153,-4.3643756,-3.2095768,0.104783334,0.7849681,0.34016192,-0.9753547,-2.599591,1.2824159,0.7968196,0.27255258,0.07931871,0.24330904,-0.2649787,1.3823067,1.1542375,-1.0411216,-2.7372954,-0.44773912,1.2154061,1.4454606,-0.19191216,-1.7500305,-1.5451518,0.13380554,0.72478354,-1.29086,-0.94977057,-1.6366931,0.82010376,-0.159283,-1.746528,-1.4596522,0.080813535,0.61238146,-0.046775103,0.8180124,-1.7251087,2.2802553,-1.9197565,-1.916761,-1.0961566,0.3395015,NA20795,TSI,2
-3.498655,3.339355,7.6236157,-8.570427,-5.9634337,-7.3597016,26.840971,-15.368225,-3.7362204,-3.416056,-0.86446154,-0.049355563,-0.71141046,0.050904445,1.1294546,0.4208955,0.24816988,-0.07461882,0.7362587,-0.59713537,-0.45325276,0.44954672,-1.3136841,-0.3322454,0.3505137,-0.86228347,0.62303305,-1.581725,1.3152475,0.109425984,0.14937821,0.87346864,0.4031228,-0.004383073,1.4258906,-1.7136279,1.7507257,-0.029576212,1.4767983,-2.4249654,-1.055193,-0.61854166,-1.6300179,-1.6492007,0.62049437,-0.49297452,-0.81307995,-0.24413353,0.4046984,-2.9599051,NA20797,TSI,2
-3.1808445,3.1384335,5.657845,-9.605309,-6.8943324,-6.794991,26.777344,-16.546001,-4.1054573,-2.8419147,-1.1243209,-0.41329613,0.26870587,-0.037680253,-0.7368849,-1.1707432,-0.55472845,0.53939486,-1.7230923,0.18181278,0.45845345,0.79286075,-0.5707893,0.06715974,0.8814313,0.81400573,0.43241405,-1.0013604,-0.24332805,-1.5496801,-0.18429655,-0.407138,-1.2662646,0.30088824,-0.18674421,-0.004994638,-0.4866965,-0.2027768,1.8309855,0.90799814,-0.71253675,-1.3775849,1.1051683,1.1089135,-2.3910904,-1.5519781,-3.0298033,1.1175462,-0.10406395,1.0443728,NA20800,TSI,2
-3.1671665,3.5323973,7.646073,-9.514677,-7.164733,-5.801164,26.832733,-16.686434,-5.145022,-3.136617,0.48543003,1.124359,0.15622038,0.6857926,0.21384968,1.2717285,0.38084054,-0.055061005,0.44944102,0.19896495,-0.25417152,-0.32047898,-0.90166694,-0.7428145,-1.2920775,0.10681782,-0.50927806,0.5650987,0.99775046,-0.9496476,0.48990214,-0.0992475,2.4397693,-1.1212903,0.9019741,2.1865284,0.26394057,1.2903026,-0.24636455,-0.49679565,-1.087336,-1.1168815,1.4612384,0.44185385,-0.22735426,0.6104928,0.0877816,0.92024493,0.016396321,1.962221,NA20801,TSI,1
-3.8254044,2.535359,6.5457973,-9.379313,-7.846064,-7.079218,26.921772,-15.9759245,-4.0699515,-3.0358703,-0.868439,0.118227944,-1.6318043,-2.426957,-0.17635585,0.5395767,0.9240217,0.11769069,-0.4973259,0.20884146,-1.6025181,2.5139747,-0.8752132,-1.1543571,-1.3781408,0.37416235,0.25057286,0.2995493,1.0799941,0.02528169,-1.0078787,-0.38428226,-1.9318724,-1.5577806,1.9211042,-0.3994132,1.5724924,1.890611,-0.49030602,0.9802181,0.1433311,2.664075,-1.7867688,-0.36468115,1.1112849,0.506719,1.5607185,1.7136413,1.3823451,-0.72902715,NA20804,TSI,2
-2.4196386,3.7190557,6.8618736,-9.52286,-6.5777164,-7.419836,25.915808,-16.187654,-3.8817809,-2.6427984,0.12728852,0.079090565,0.49584678,-0.7279904,0.42019555,-0.50809276,0.50671077,2.788965,-1.0012249,0.9819574,-1.3939826,-1.0679572,1.4451758,-0.97643507,-1.4539536,-1.1799587,0.19163832,-0.4858624,3.0161984,-0.915183,-1.0884027,-0.032698993,-0.4667412,-0.7688618,2.3378315,0.6075333,-0.980296,-2.17087,-0.64182997,-1.4256768,0.18704061,0.037389603,0.90829074,0.66853017,-0.6940661,-1.2515575,-1.1719823,-0.9598856,-0.93646264,-0.5775824,NA20806,TSI,1
-2.8623219,3.1188436,6.9336205,-10.112868,-6.7008443,-8.5631485,25.94197,-16.219383,-4.668111,-3.5903976,0.108128056,0.13970093,0.82533586,-0.18233119,1.0395184,-1.0190327,-0.21618958,0.39610395,2.6105049,0.63475096,-0.03367145,0.7834704,-0.35320368,-0.6978597,0.21396473,0.18018603,1.5497377,0.74669045,-2.0663447,-1.9741181,0.8688636,1.1159571,1.1935709,1.6758785,-2.1257896,1.2978891,-1.4308879,1.3399225,-1.8496307,-1.4194748,-1.1208549,1.2012988,1.6659951,-0.70740616,-2.0949163,0.93847674,2.5390017,0.115365945,0.40791357,0.301994,NA20807,TSI,2
-3.7653081,2.8403141,6.5520406,-9.804899,-7.6530704,-7.502894,26.81778,-15.8684025,-4.396736,-3.0564573,0.10960806,-0.612816,-0.2524786,-0.75520325,2.6111093,1.474198,-1.1679714,0.73518515,1.7240282,-0.80879945,1.5084742,1.1693617,0.2594353,-0.06300585,1.2307519,-0.45555192,1.0927157,0.42422023,1.151231,1.8954883,1.1462593,-0.79454213,-0.98100156,1.2002257,-0.2070525,0.737872,2.3993714,0.4679857,-0.5571663,0.8278023,0.6836813,0.2304876,2.0235643,-1.3901973,0.18677403,0.3039372,1.8385127,-1.6962396,1.5428877,2.520953,NA20809,TSI,1
-2.663456,2.5696535,6.1969433,-9.656686,-6.678389,-6.068739,27.441172,-16.261429,-4.767932,-3.788655,0.6755788,1.0404938,-0.8137538,1.1448308,-0.5677253,-2.3817446,0.0040635043,0.93975425,1.2276357,-0.9054342,0.8448753,0.6595123,0.615748,-1.4939401,1.0312233,-0.4575854,-1.7112743,0.17615077,-1.4017893,-0.5355634,-0.5761973,0.08262634,0.5413904,2.8114376,1.4558482,-1.1636034,-1.4017811,-0.41281652,-0.3372353,4.2364407,-1.7722541,0.2768699,1.0176965,0.7681912,1.3976773,-1.503636,0.20224777,-1.5828025,0.78546596,0.83682454,NA20510,TSI,1
-3.4203494,3.2442765,6.1257634,-8.978333,-7.305347,-6.459468,26.760908,-15.789245,-3.8569918,-2.6742141,-0.9144695,0.08883164,0.9490029,-0.34501842,0.39594188,0.2007207,-0.0836164,-0.7742199,1.0038633,-0.15198301,-0.40090692,-1.2068374,0.8859019,1.3960147,-0.41762796,-0.9037686,2.1362383,-0.17503388,-0.7058197,-0.29463258,-0.47534075,-0.82846165,-0.7392043,0.44585493,-2.3906198,0.17370851,1.1122642,-1.1266541,-0.1142687,-2.141543,0.0976151,-0.5183772,-1.1316961,0.5907928,-1.2670573,0.7632454,0.021928253,2.4573805,-0.27890325,-0.84839606,NA20519,TSI,1
-3.5563288,2.6299617,7.3607926,-9.351323,-5.997608,-7.8701696,27.035776,-16.056036,-4.09728,-3.8749464,0.62275696,0.2897946,-1.1406444,1.3617518,0.23519821,-0.14589418,0.016480278,-0.7118775,-1.0162023,0.51407737,-0.70510805,-0.21632348,-0.78779286,-0.09973434,-1.5969129,-1.2848856,1.9825186,0.77305925,0.7720376,0.44143307,-1.7952203,0.45314896,-0.36889887,0.3256498,0.54516006,0.9279799,-0.50492823,-0.00075609464,0.14642458,-1.1275982,0.07968176,-0.085516386,-0.97448707,-4.011805,-1.2322161,1.0594523,0.35350654,2.5488484,-6.4257326,1.4889252,NA20543,TSI,1
-3.5724676,3.2049515,6.408296,-10.333627,-6.55642,-7.333114,27.12957,-15.707203,-4.8851643,-3.3140352,-0.0063073873,-0.011404324,-1.1587856,-0.5654153,-0.12320264,0.41950005,0.41339806,-0.9686873,0.68024445,1.6011629,-2.4924905,-1.1224432,1.7362708,-0.07064154,0.47523504,-0.4416747,0.07114997,-0.23536694,0.17371996,0.05273231,-1.0435241,0.49775767,-2.36896,1.1119399,-0.78415996,-0.4244312,-2.023419,0.43274918,0.720337,-0.08318352,0.8692639,0.24968499,-0.8462227,-1.1280404,0.6574793,0.29920706,-2.5784872,-2.0957627,-2.107671,-0.7292313,NA20758,TSI,1
-2.6465921,2.7250495,7.514957,-8.780462,-7.6598516,-6.938806,27.426777,-16.727398,-4.255639,-2.7541177,0.2824073,-0.52903414,0.899915,0.856573,0.6147604,-0.5613666,-0.15319644,1.0599407,-1.9933279,-0.05576594,0.025895942,0.24187641,-1.3724908,0.38255653,1.3634266,-0.15223552,-0.73051864,-0.57351017,1.002204,-1.9321936,-0.0071140467,-1.2051232,-1.2508787,0.7111408,0.085882194,0.046625696,0.8195466,1.3536206,0.56818044,0.23461546,-0.18792278,-0.9342712,0.8326075,1.4398395,1.6138996,-2.3060346,0.2182258,-0.21414922,-2.0398407,0.66608036,NA20761,TSI,2
-4.1698837,3.3073158,7.569025,-9.378534,-6.2806163,-7.18135,27.618416,-16.469725,-4.8777647,-3.2443976,0.27847055,-0.7585186,-0.10997131,0.38237497,0.36157507,-0.006273862,-1.7856536,0.183795,-1.3038528,-2.0751083,1.6520661,0.98217654,-1.7536242,-2.2414432,0.8957645,0.36496595,0.5788424,-2.357892,-1.358749,-2.8336833,1.2340742,-0.12849253,-0.18470347,-1.1466037,1.2042155,-0.15913393,0.8394087,-1.9522873,-0.5506004,1.788032,1.0386049,-0.580761,-2.0567915,2.3362918,-1.9197303,-0.12023888,-1.5579792,-0.8717263,0.9801655,2.0575118,NA20768,TSI,2
-2.965851,3.1213777,6.454986,-9.790131,-6.4084105,-7.157843,26.36235,-15.447109,-4.610556,-3.5662,0.116621025,-0.41173854,0.2731897,-0.46280378,0.63847613,0.2152609,0.9398373,-1.0002271,0.116227224,0.33423546,1.1673125,0.54317266,0.92717236,0.2554361,-1.005724,1.246194,1.0018781,-0.88931173,-1.1205072,0.729575,-0.6377031,2.3348746,0.6179784,-0.21505241,-1.2731885,0.07011603,0.20403877,-0.6176741,-0.5504449,1.3552275,1.9508653,-0.14155345,0.68901885,-2.4375675,-0.6554715,1.2819334,0.031592876,-0.8160952,-0.19637401,2.6835554,NA20774,TSI,2
-3.300417,3.8829174,8.260618,-9.285721,-6.3628435,-7.412542,27.031752,-15.251296,-3.4104633,-3.4736173,0.15226799,0.3938392,-0.912045,-0.23880473,-1.6479412,-0.060040265,0.9734483,-3.0478487,1.4260517,1.965587,-0.9780129,0.46761113,0.282324,0.58059585,-0.38764796,1.7733188,-0.23605311,0.6267032,-0.5927399,1.4309921,1.6098464,-0.16012973,0.40711606,0.49861312,0.5391231,0.7849185,-3.8002543,-2.0092516,0.7147215,0.39223096,-0.3422488,0.18303289,0.9613097,-1.3422533,0.4420848,-0.8625907,-0.84187865,2.4588227,-0.81668013,1.1002468,NA20786,TSI,2
-3.2605262,3.1873462,7.821659,-9.416474,-6.197069,-7.508099,26.445354,-15.824012,-4.3287106,-2.393041,0.7776841,-0.4019016,0.41324735,-1.0779511,-0.12705992,0.98023415,1.4990689,2.1733701,-0.33471513,-0.13533744,-0.47193006,-0.32458186,-0.06157077,-1.5363646,0.08527152,0.236753,0.45838654,-1.7682245,-0.45806792,0.5959268,-0.8237638,1.0327282,0.21464302,-2.6774015,1.1674145,1.9660999,-0.05762358,-0.71261585,-0.82824814,-0.9707165,-0.7523636,2.3033164,-0.09768572,0.4817129,-0.83173674,0.9364765,-0.7532017,-0.2767237,2.3311298,-0.39862883,NA20802,TSI,2
-3.1776812,2.1783497,6.9608927,-9.439794,-6.178763,-6.9430413,26.354492,-16.14311,-3.8493264,-3.3529994,0.03988878,-0.9943773,0.068638764,0.6993316,0.5289033,0.4011682,-0.6292269,1.5655859,0.10236506,0.7942478,-0.9439585,-0.5233964,-0.3973931,-1.8292826,0.37701315,-0.12789671,1.5609636,-0.4309494,1.513423,-0.39720565,0.26187676,0.0728563,1.4010093,-1.1465831,0.023802001,0.80050296,0.22324389,-2.7187228,0.9590671,-1.354299,1.9906632,-1.985083,-0.36886138,-0.26827154,-2.0641994,0.7783278,-1.0476115,-0.13277082,-0.023269009,-1.0399792,NA20805,TSI,1
-3.6897118,2.5321023,6.1717033,-9.441186,-6.17642,-7.277213,27.58065,-15.454553,-4.7349715,-2.8668935,0.12019488,1.042338,-0.38049737,-0.4477259,-0.39845937,-0.6762419,-0.43589792,0.310918,0.829792,-0.7985268,2.1848977,1.9475951,-1.8153348,0.30074653,0.36678088,-0.3605385,-0.57853246,-0.46406412,1.2751765,1.1314613,1.9390769,-0.96220565,-0.93255186,0.4532296,1.645558,-1.3981527,-0.9329537,-0.52704304,-0.35216781,1.2474173,-1.1154956,-0.2317555,-0.9930017,-0.6929544,0.72613657,-0.038819715,0.30735686,-0.7179055,-0.5103218,1.3671021,NA20818,TSI,2
-3.1744967,3.8620858,7.8515663,-9.92589,-7.0339575,-7.6685247,26.210514,-16.171244,-4.5635395,-2.423875,0.9373818,0.74196625,0.87863916,-0.15291871,-1.3439978,1.7705281,-0.88163465,0.6239769,0.12547721,-2.1771164,0.48284784,-0.038995955,-0.17606014,1.5477558,0.08234305,-0.6511135,1.3506316,-0.48288506,0.102236316,-2.0633016,0.8446282,0.1957851,0.11010091,0.59141195,1.5016862,1.2390003,1.5274409,0.48667404,-1.5929797,0.84511083,0.8870856,-0.9551838,-1.4649285,-2.7721062,1.5369335,0.5737625,1.3444362,-0.65180904,-0.3506536,-0.9754494,NA20508,TSI,2
-4.3595915,2.2731671,6.7319536,-9.814926,-6.8467894,-6.154634,26.666,-15.611361,-4.2917104,-3.638704,1.2658206,0.3898833,-0.38104624,0.45017314,0.07007899,0.80839473,-0.08431604,1.1613053,-0.16985749,-0.5142744,0.22482876,0.70119065,0.22957826,-0.40763953,-0.1724855,-0.8856512,-0.96657723,-2.2217185,0.096686065,1.6595042,-0.8779518,1.048754,1.878295,2.078386,1.1406015,0.68850154,-0.049821183,0.17523529,0.70829743,-0.6722053,-0.13106093,-0.28957123,0.5543394,-0.3628328,-0.53651196,-0.49234903,-0.9523746,-0.3436213,-1.0664856,0.8377533,NA20520,TSI,1
-3.850768,1.9468888,7.024286,-10.146026,-6.6809173,-7.488879,26.765211,-15.64594,-4.573779,-3.735541,0.8513554,1.2323167,0.9587569,-0.36137465,-1.348938,-1.4182636,-0.120427206,-1.2173783,0.0969324,0.9806593,-0.92057306,0.52970463,0.01386641,-0.78645283,-1.5986881,1.3478442,0.024984764,0.025219351,-0.7084201,1.2561951,-0.45935446,0.6255974,-0.14181341,-0.034455318,0.14023647,0.6319885,-2.0875382,1.9972688,-1.0522343,1.2453812,0.56769073,-0.60032994,1.5723797,0.08605586,-0.979529,1.8405055,0.7627003,1.9506023,1.9200637,0.52358156,NA20524,TSI,1
-2.852337,3.0722935,7.120263,-10.775571,-6.9130774,-7.745827,26.953272,-16.304806,-4.008189,-3.597194,-0.4664638,0.2458411,-1.5485157,-0.6118755,0.57511073,-0.9881347,-0.21608856,-0.24938583,-0.22214782,1.3951385,0.5275539,1.178157,-0.5635138,0.11764137,-3.0869386,1.5125786,0.021896899,0.8870289,-1.10216,2.870584,-1.3065261,1.5558901,-2.1629655,1.3173788,0.90911025,-0.6789283,0.8683267,-1.0699239,-0.4125841,-0.04979245,2.289241,-0.47166237,2.1181288,-1.7925037,-1.2420409,-0.23132288,0.7866299,1.1444801,-2.1680126,-2.4271216,NA20525,TSI,1
-3.3261187,2.018401,5.956089,-9.997094,-7.324721,-8.013219,28.072617,-16.297832,-4.5933776,-2.9274871,0.8334249,1.7783414,0.6481717,-0.47910783,-0.62176764,-0.69187725,0.21763793,-1.3055775,1.7273812,2.0894313,-0.2570496,0.82653147,1.2579898,1.3586028,-0.35444808,-0.31531963,-0.690857,0.8340431,-2.4584963,0.556778,2.4622862,-0.24813016,-0.070638746,-0.16033606,0.13323706,0.5824513,-0.6847235,0.032064874,-0.4423742,-1.5461222,-0.57788146,-0.4245439,0.56180733,1.5865704,0.05626569,0.7326481,0.5672673,-0.040313058,3.062288,0.5531655,NA20527,TSI,1
-2.8924804,2.8927104,6.741636,-8.618919,-6.5984154,-6.841399,26.184877,-15.375423,-2.959297,-2.5557241,-0.57900715,-0.061082903,-0.6176984,0.5884072,-0.053881876,-1.853454,0.19883014,-0.70570755,2.4472408,-0.7128263,-0.81819373,0.4045746,-0.11403654,0.17596738,-0.032013524,2.7623544,-0.33514217,-0.17669989,1.2987772,0.7248492,0.9611571,-1.5709969,1.436411,1.2934105,-1.2170348,1.1783293,-1.7499704,-0.10803894,-0.18659738,-1.7136651,1.9320188,-1.2804489,2.1106184,-1.6340103,-0.26000497,-0.6255903,0.8672416,1.3148342,-0.2823423,3.3457506,NA20811,TSI,1
-4.1686583,2.29958,6.243875,-9.422465,-7.0403495,-7.20253,26.011307,-14.6973095,-4.005647,-2.460056,2.08038,1.008524,-0.06465624,0.7370581,0.24568029,1.9111879,1.1365004,-0.23345238,0.7521445,-0.3358184,1.140219,-1.3205962,1.2259847,-0.42651066,-1.0952499,0.118370615,0.874458,1.2884978,2.0936754,-0.17139506,-1.3256383,-0.22266899,0.08029785,-1.377602,1.5856048,-1.249575,1.090248,-0.12462149,-1.8444287,0.50089025,0.3889645,-1.6870062,-2.3568792,-3.0052567,-0.22991851,0.0015176223,-0.11931535,-1.2105336,-4.0255733,0.026295247,NA20522,TSI,2
-2.923512,2.7146802,6.859117,-9.4312725,-7.079672,-7.3128743,26.932295,-16.012823,-4.3922787,-2.994633,-0.71527165,-0.37404492,0.56448394,0.23557994,1.3785552,0.5800572,0.54597783,-1.8647414,0.4636066,-0.045884296,0.4584969,-0.711121,0.1374545,0.6200292,-0.22421867,0.09894788,-1.3006917,-1.5753231,0.26527938,-0.4214073,-1.260277,2.625115,0.8930657,0.11949117,0.7386321,-1.0863005,2.7695072,-0.6630776,-0.52200377,-2.3311923,1.1394092,-4.0058274,-0.6878196,-0.53090787,-1.5176764,-0.93542004,3.001468,-1.4190681,-1.4152455,-0.74451643,NA20783,TSI,1
-3.211276,3.4994652,6.081513,-9.321166,-5.534153,-6.875404,25.633991,-15.033088,-4.103129,-3.0582018,-1.631064,-0.57839924,-0.004511604,-0.8838657,0.2333769,0.1831612,1.6177213,-0.85875356,-0.6504688,0.57378674,0.14151965,-2.112046,0.5938235,-0.102841906,1.1244584,-3.0008836,-0.3442425,-0.13907973,1.8280126,1.4127613,1.3104643,-0.09249578,1.4290254,0.89933586,-0.42904288,-0.48822886,0.7021601,-0.87081784,0.34856212,1.6626117,-2.4952362,2.3092828,-0.09319705,0.7451864,-1.5928582,0.5881206,1.1059586,0.8198327,-2.125358,-1.6312248,NA20803,TSI,1
-2.6275742,2.8778234,7.2293777,-10.085419,-6.2147737,-8.040549,27.50061,-16.159256,-4.631005,-3.5096662,0.28360224,1.4006248,-0.46235916,-0.49165678,-0.25749335,0.3429349,1.2406093,-0.997359,-0.57029706,-0.99373597,-1.251139,-2.1831746,-0.62660086,2.0778122,0.7777896,-0.15434654,-1.4448582,-0.6522563,-1.2992907,0.24358441,0.11438311,0.11964215,-0.44630027,-2.383736,-0.2408683,0.48508704,0.2808294,2.708736,0.6322753,-0.6877506,-0.39819244,1.181891,-2.1045396,-1.676428,1.251932,-1.5112216,-1.7372985,1.6692154,2.284864,-0.56136066,NA20828,TSI,2
-3.7358038,2.5683067,5.9296627,-9.595952,-7.530453,-7.702622,26.777363,-16.24469,-4.1406646,-2.7698681,0.49416003,-0.5077933,0.18445164,-0.28741562,-0.22099312,0.5739816,0.5267039,0.5425832,1.5448158,-0.38226336,0.5832621,-1.9576993,-2.966457,-0.048927344,0.035949785,0.30906826,0.2596464,-1.128333,0.11839732,0.7671763,-3.3524263,-2.035937,-1.2834924,1.120032,0.9929365,0.9805883,-1.2127048,0.37560612,0.73247665,-0.056310292,-0.5654075,-0.6108132,-2.1107297,1.6403352,0.3989332,-3.48085,0.63361347,0.26432005,0.13955837,2.5889401,NA20757,TSI,2
-4.3347473,3.0017695,7.564426,-8.546576,-6.650935,-6.396062,26.078735,-14.899006,-4.7361984,-2.2601156,-0.22861841,0.55908626,0.23982893,-1.0923918,1.1231755,0.35437816,0.9829691,0.48581555,-0.6931133,-0.42752907,1.324146,-0.11649216,-1.4047282,-0.327889,1.227597,0.89148825,-1.1208904,0.018723862,1.753046,0.33081472,-0.41094512,0.9308736,1.7583779,0.19468504,0.6876524,-0.28478488,0.70721596,0.86292285,-1.5211152,0.98995656,0.23701699,3.602917,0.21115862,1.2103379,1.049331,-1.0874072,1.3475289,-0.59429294,1.2542247,-1.0244418,NA20821,TSI,2
-3.1324954,3.0472212,6.4254766,-9.635553,-6.42112,-7.4749393,26.568071,-16.334862,-4.0350924,-2.2193182,0.43963435,0.5641118,0.09230165,0.04686353,-1.3098004,-1.3367143,-1.8037305,0.4354269,0.34088302,-0.1470248,-1.1925602,-0.7498774,-0.96215874,0.5679763,0.2628852,0.21120231,-1.8567239,-0.18106693,-0.86526763,-1.2283099,-1.8985146,-1.2477332,0.6064103,0.87138003,0.7306983,0.5350715,1.3327656,-0.4561279,-0.06080373,-2.1032212,-2.4392676,1.477611,-0.26820454,0.2448833,1.2444948,-0.16169496,-0.35096556,-1.6545926,0.21168685,0.23518755,NA20762,TSI,1
-4.696966,2.7892125,7.0971847,-9.855673,-6.4046535,-6.659912,25.683287,-15.63165,-3.9671524,-3.0482526,-0.4001649,0.51353705,0.67299265,1.380884,-0.24351037,0.6150833,-0.4032765,1.5786779,0.54109,-0.5794742,-1.6464118,-0.04630412,-0.26515776,1.6993693,0.02421099,0.08508223,-0.14452085,0.89307046,-0.30213085,0.1112512,0.3118137,3.598391,1.9439129,-0.012354624,-1.4108964,-0.63738227,-0.015679663,-0.25245157,-0.7276488,0.6057888,-2.344981,0.9514071,-2.360025,-1.1170741,-3.57459,-0.3581047,-0.88128716,0.56815654,0.37115863,-1.512544,NA20767,TSI,1
-2.9145098,2.888704,6.9481835,-8.631752,-7.0214176,-7.1970224,25.980251,-15.25717,-4.439767,-3.0279844,0.53842705,-0.57712746,0.86052036,0.27669108,-0.8382762,0.459637,-1.2679288,0.48079944,-1.0935459,-0.74612015,0.44021696,-1.7690618,-1.8446336,0.26102242,0.65071875,-1.1783376,0.5233581,1.6063894,1.2469686,-0.29241994,0.87830377,-1.8222058,0.99749345,-1.0979699,-0.4610586,1.6026514,-0.37898895,-3.5127206,-0.101862416,-2.3406656,-2.445667,-0.48498365,-1.6547426,1.7159883,-0.8904024,-0.92026454,-0.6780349,-1.5984397,-1.4654793,-2.1236136,NA20817,TSI,1
-3.6177952,2.2753098,6.506444,-9.25229,-5.7058587,-6.615046,25.727776,-16.327244,-4.8696566,-5.3091908,0.3810724,-0.9174426,0.57700926,0.29981518,-1.2555878,0.670191,-0.35739106,1.5021166,-0.11908745,-0.16630973,0.0047315457,-1.0202137,-0.36781323,1.1506063,0.6980891,-0.9257379,-2.618428,-0.5888612,0.11784292,-0.47770548,1.0244873,1.7093245,1.4633209,-0.1938622,-1.0131024,1.2374504,0.4834742,1.3540936,1.2048088,-1.1018105,1.1129276,-0.9880626,-0.3822773,1.600775,-1.2204779,1.9387742,0.2697156,3.7040734,1.2088858,-1.838422,NA20820,TSI,1
-3.48851,3.9596338,7.3359027,-9.208404,-6.0764832,-7.212638,26.783228,-16.174402,-4.750777,-3.6004148,0.28695697,-0.8720083,2.2031627,0.25112087,0.2749544,-0.42594475,0.2163757,-0.40265572,-0.75824785,0.124453835,-1.1664118,-0.81432676,1.5304368,-2.199028,1.0164896,-0.3057073,0.33933452,0.31016445,1.4679443,-2.012576,1.2036085,1.0963124,1.9428226,-0.3315818,1.8908148,0.5136974,0.78907436,-0.27706355,0.9527089,0.8281493,0.88019764,-1.0454191,-0.35407543,-0.7638876,-0.29409665,0.008866625,-1.0164016,-0.7419002,0.054595973,-0.50843513,NA20822,TSI,2
-3.8072965,3.1286361,6.919525,-8.339097,-6.5394726,-6.466561,25.57268,-15.183786,-3.922281,-3.521122,-0.2770988,-0.47735837,-0.5162355,-0.87436044,-1.4327458,-0.40955657,-0.51798713,0.07742652,-1.1740139,-0.030080102,1.3050797,1.5436914,-0.41373104,-1.0629216,0.6712553,-0.3095842,0.20568372,-0.073978454,-0.12585704,-0.9399505,0.8695596,0.27397203,-0.823167,0.12624864,1.0538265,-0.5597773,1.2956446,-0.56674296,-0.62374073,1.0129055,0.42649287,0.25439128,0.51187694,-0.6704658,1.5927669,-1.7224793,-1.0299618,-0.20725134,-0.05499908,-2.6128323,NA20827,TSI,1
-3.3015401,2.0786805,6.7659845,-9.313077,-6.960089,-7.321081,25.653095,-16.609312,-4.230011,-2.1618772,-0.5066058,-0.5080401,-0.9658321,0.9687775,0.025026377,-0.78477836,0.5981598,-0.35214964,-1.5236418,0.89099807,-0.087357506,-1.2029843,1.5522177,-2.46595,-1.5236955,1.1487107,-0.1748515,0.87786907,-0.088017404,-1.9118353,1.7422941,0.19498803,1.6570998,0.5561751,0.3885743,-0.42766356,-1.0358813,-1.1527418,-1.3644197,-2.0753324,1.0756303,-0.5509594,0.23703752,-0.9399432,-1.9227717,0.9900066,-0.058530115,-1.0131073,1.3075309,0.8395925,NA20831,TSI,1
-2.7810845,2.9993212,5.659927,-8.974626,-6.8522563,-7.9229717,27.047617,-16.332008,-3.5011246,-2.7951102,-1.3549004,1.4704285,0.24028504,-0.11390707,0.2576636,0.9745112,-0.0046448763,-1.6914387,0.78233993,0.21463868,-0.871664,0.78019065,0.048660204,-0.45238408,-0.935088,-1.755956,2.7245557,0.21279974,-1.4669203,-1.215807,1.5163803,0.5245183,0.19664957,-1.7803584,0.08544336,1.2421905,-1.8890864,-1.7815882,0.9106005,-1.027155,1.5416049,2.6344635,0.66770285,-1.6605203,-0.016314035,0.57951474,0.14686495,2.1238365,-1.2556773,0.87462705,NA20587,TSI,2
-3.4467452,3.2636325,6.9812384,-9.70766,-7.3520913,-7.010125,26.88243,-15.743608,-4.350515,-2.5456517,-0.2565704,-0.00041644054,0.276729,0.5968224,-0.25060531,-0.95823044,0.15756379,-0.4502609,0.15594345,0.20771857,-0.24150737,-0.51263046,-0.120971695,0.3708948,-1.1357317,1.7069796,2.0638545,2.798868,-0.7718775,1.0353729,0.98013616,0.71934676,-0.9588729,-1.3804356,-2.234167,2.8907993,-3.1655862,-0.9499821,1.0150855,-0.93204296,0.9239048,-1.6717874,2.1216404,1.2232044,1.2785168,-2.6035335,-1.3611295,-0.07222364,-1.438324,-1.2393184,NA20764,TSI,2
-3.0722585,3.2695708,6.164259,-8.419483,-7.1349087,-6.7695785,26.470665,-16.1876,-4.2213426,-2.8724778,0.52060354,0.8004424,-1.0930238,2.18404,0.15300798,0.93511784,-0.41568592,-0.5168217,1.3611245,0.6869947,0.26073763,-0.858688,0.20977738,0.36602405,0.8386159,-0.9952524,0.58322144,-0.11690202,0.71310514,-0.61333686,0.9472348,0.9565526,0.77017236,2.0905259,-0.51573336,0.25299597,0.6699262,1.6640304,0.37059566,0.8501322,0.036972154,1.7779795,1.6341171,-0.2020964,-1.541096,1.5339546,-1.6811664,0.5499934,-3.047507,0.46584696,NA20780,TSI,1
-3.018244,3.2700205,6.1432986,-9.721085,-6.4755397,-7.073382,25.960379,-15.653908,-5.208384,-3.989671,1.422235,1.1187345,0.61913437,0.4006068,1.1318923,1.5451936,-0.86856633,0.45745727,-0.42186463,1.1388334,1.1818613,-1.183368,-1.4009762,-1.0537955,0.1595619,0.15339275,0.55505913,0.24472223,-1.9269992,-0.44623232,-1.3284657,-0.70891553,-1.5753073,-0.47985795,-0.55846566,0.81411636,2.782172,0.8655297,-0.7152344,0.7676585,-0.040750097,2.481582,-0.7927754,-1.0787456,0.1185696,1.2810566,2.2556179,-2.646346,0.40962064,3.5676918,NA20832,TSI,2
-2.6957011,2.8677216,5.7584233,-9.899523,-6.938943,-8.243193,27.216171,-16.247944,-4.611563,-3.166286,0.063460015,1.1395923,-0.5326406,-0.25991306,-1.0609848,0.4314115,-0.032660116,-0.23838113,-0.22290838,0.68290734,-0.119731374,0.21596818,-0.27623904,0.044701584,1.642086,-0.4082212,0.22937119,0.59127945,-0.080819994,1.8220311,1.4570509,1.0547037,2.2672281,-1.7303548,-0.47433373,-0.72021127,2.8632276,-0.12710856,1.5650073,0.9323358,-0.6125961,0.29870424,-0.43240857,-0.9669397,0.30364475,-0.34622696,-0.26937047,2.3659356,-0.0021963231,-0.78728795,NA20791,TSI,1
-4.0409408,2.2284522,6.5567145,-10.19695,-6.3721733,-6.3575754,25.62981,-16.425526,-4.8686795,-2.44553,1.2873794,-0.9804468,-1.261523,0.36534598,1.4407848,-0.9105101,-0.3774821,-0.37675303,-1.3097234,0.42506304,0.83438444,-1.0890001,0.04389675,1.8472254,0.34874934,-2.3710508,1.7529925,0.118778676,1.831355,-1.0203667,-1.3498964,0.96561253,2.1043432,-0.68000823,-2.3492455,0.16740116,0.024916355,3.0899634,0.5795364,-1.006621,-0.59559464,-0.106021725,0.08807299,-3.0286405,-0.89123064,-0.32012585,-2.099943,1.8699781,-2.7036433,-2.699689,NA20763,TSI,1
-3.4083114,1.3083681,4.2027235,-6.6140046,-20.698778,-6.251465,-20.156727,-10.172211,-4.7134724,-3.0687616,-0.45662057,-0.85649925,0.6145856,-0.22815934,0.05167491,1.5319401,0.6978082,1.0985398,1.001829,-1.0666428,-0.038639054,0.16875535,-0.49619305,-2.0962853,0.8066156,0.732694,-1.2158989,-0.5871205,0.6612914,1.483113,0.6816412,-1.3667467,-0.5341426,0.2155147,-1.2519182,0.23444906,-1.2724979,-0.48857364,0.3910581,1.234501,-0.4309359,0.41192588,-0.16457984,1.3486222,1.5572946,-0.9163374,-1.6010201,-2.1862774,-0.45795816,-1.2987137,NA19028,LWK,1
-3.6030283,2.0275168,4.3809876,-7.978507,-21.651764,-5.914762,-21.317266,-10.3536215,-5.0863123,-2.636212,0.785335,-0.5154698,-1.1146252,-1.6046001,0.26833844,-0.2582121,1.0512364,-1.9909744,-0.4884467,0.90845627,-1.101475,-0.72072303,0.9376571,1.5278027,-0.05499256,0.46471986,1.2494935,-1.4275447,-1.6325414,0.021355389,0.6646393,0.039104123,-1.7066549,0.22955722,0.8144987,-0.7040208,-0.5449271,-0.031327207,1.1937885,0.39203522,-0.15523714,1.3052071,-0.5186044,-2.2189105,0.4780735,-0.08645649,0.91389656,0.8882966,1.4627874,0.3368442,NA19031,LWK,1
-3.9750884,0.8213868,4.109407,-7.2764497,-22.080332,-6.109126,-21.587795,-9.878871,-5.749539,-2.1928923,0.41426477,-0.121340066,-1.0606195,-1.7255118,0.8333699,-0.6972006,0.6892692,-0.87282634,-1.3373498,0.66883713,-1.0757873,0.35129562,-1.0851891,-0.7501891,1.4748132,-0.36349615,-1.2409596,0.21953425,0.11569977,1.0917988,2.6755946,0.30998763,-1.7050261,0.080305375,0.087138906,-1.8599919,-1.4467908,0.6217193,0.37639964,0.29937637,0.07752449,1.4958278,-1.054414,0.27015626,0.13996334,-1.2979687,2.507493,-0.31437346,0.57775515,-0.75102645,NA19035,LWK,1
-3.954565,1.7285213,4.143583,-7.671445,-21.125088,-5.8699327,-21.147537,-10.025987,-4.7981772,-2.1918554,-0.60709995,-0.9437875,-0.7855713,-0.27191752,-1.7024648,-0.15696298,0.4705873,0.23312931,0.2613584,0.44414648,-0.72105175,-0.71661764,0.4404152,0.7503736,3.0535703,2.0843725,-0.76103705,-0.89560217,1.0281136,0.14000213,0.7102935,1.4029572,-1.9393505,-0.8335148,-0.12349759,-0.9289137,-0.06859256,1.6467451,-1.9387251,-2.6170397,0.6672561,3.8651907,-2.1169283,0.79100037,-2.3234315,0.68446916,-3.9807599,-0.015877256,0.16521557,1.144202,NA19027,LWK,1
-2.8252435,0.7330568,5.055022,-6.8247557,-21.719547,-5.502435,-20.184866,-10.966578,-4.690851,-2.4160125,-0.30803055,0.45289525,0.23645641,0.16176668,0.3599476,-2.0555775,0.6602929,0.9682447,1.4875284,-0.28112122,-1.5482707,2.042382,-1.4435323,0.2892273,-1.6837497,-1.2364181,0.35209513,0.8330422,0.43558124,-1.435442,-1.340708,0.49864528,-2.181012,0.08593557,-1.7221625,-0.3482298,-0.8510315,-1.0863796,0.6938417,1.7246315,1.1941494,0.64310116,-0.65047985,-0.50422835,-0.78279984,-1.6189067,-0.25481296,-0.48610154,-0.26246834,0.010157533,NA19041,LWK,1
-3.1680994,2.688232,6.073002,-7.429666,-22.484331,-3.7871878,-20.605167,-10.417278,-4.6286726,-1.6973877,0.31703556,0.5184903,-0.6596659,1.3460661,0.5248956,0.3542141,2.2138183,-2.3026845,-2.2772253,0.34238225,1.1014638,-2.0725555,0.5449573,-1.4827749,0.3454522,1.4818465,-0.95332444,2.4517803,0.45907956,0.23294158,-2.536058,1.3852892,5.6041856,3.6129277,-0.89081323,-0.38913268,0.75639796,3.061586,3.0462863,0.15218055,-3.9789531,2.2925484,1.6400008,3.753398,2.7944276,1.1562511,-2.0591347,2.649671,-0.1866441,-0.4422338,NA19046,LWK,1
-3.7970068,0.95945,4.237685,-6.50699,-21.161966,-5.790444,-21.184977,-11.600111,-4.6331606,-1.4684868,0.059733402,0.6236338,0.21506324,-0.113355525,-1.1441345,-0.5292547,0.18441227,-0.44825417,-0.08437796,-1.637957,0.32127672,0.18318777,0.36699584,-0.1494641,-0.7570755,0.5189309,-2.7672703,-1.107032,2.2212393,-0.30432767,1.0540804,-0.952705,-1.4898274,-0.53035617,-0.46310467,-1.6243829,1.0150603,1.9121015,0.8511251,0.3027678,-1.4661453,0.651128,-0.8633736,-0.45724356,-2.1466353,-0.3850925,-1.8362254,1.071838,2.228779,0.88355047,NA19308,LWK,1
-4.264763,1.5195208,4.5302815,-6.798493,-21.73987,-6.7255373,-20.206062,-10.549199,-4.562817,-1.8704871,-0.9087302,-0.42444888,0.18103153,-0.23281041,-1.5180197,0.33950144,0.48939785,-0.0040546055,-1.1165149,1.0282601,-0.024873892,-0.8382997,0.18820405,-1.1765667,1.2545526,1.3538052,-0.11855475,-0.97772866,-0.8373795,0.1514696,0.26615417,-0.26247615,-0.68732154,-0.3819938,-0.4367357,-0.083090596,0.475973,-0.24518137,-0.21458176,-0.8419076,-0.20938127,3.1042354,-0.55063033,0.88857764,0.152872,0.7114515,-2.3699737,-0.14096028,-0.21573369,1.6328313,NA19311,LWK,1
-3.019001,1.9515293,4.1161714,-6.451713,-22.061323,-6.2316804,-20.812609,-9.917433,-4.3590255,-2.1721401,-0.47028443,0.30532515,-0.3893227,0.016996901,-0.35720047,0.12756571,-0.9234874,-0.6973429,-0.5399503,-0.5347051,-1.0711288,0.8021336,-0.17327003,-0.179531,-0.6467845,-0.3227854,-0.23726597,-1.0268853,-0.5786419,-0.009367631,0.9911048,-0.93659455,0.52137446,0.9859663,0.28053862,-1.6754693,-1.9082214,-0.08286286,0.8335481,-1.1637732,-0.6153155,0.23426083,1.617001,2.002668,-3.2261446,-0.3360819,0.33869258,0.1003451,0.8055107,1.1202495,NA19317,LWK,1
-3.978883,2.192421,4.433433,-6.5537405,-22.50295,-5.216502,-20.979193,-10.495958,-4.8699803,-1.9670398,0.33645833,0.8273748,-0.77257764,0.9166879,-0.7240034,-0.53660065,-0.9149242,-1.4944252,-1.177237,-0.529049,-1.3938019,-1.6627961,0.08165569,-0.5346782,-0.26506543,0.445401,-0.44934952,0.07451234,-2.3041453,1.3641971,-0.58889806,0.114473514,1.6629013,1.489545,-0.018576743,-0.5354896,-0.3192352,2.1847053,-1.235705,0.07366027,-0.8390648,2.373448,2.649661,0.95365536,-0.45452896,0.9635574,-0.5402514,0.30730057,4.5432982,1.5075264,NA19376,LWK,1
-3.9404967,1.186611,4.705807,-7.239442,-21.17791,-5.668955,-21.293888,-10.696857,-4.5366564,-2.745913,-0.5284299,-0.16619988,-1.9315417,-1.006003,-0.20970827,0.616033,-1.2093971,1.4751953,2.3951447,-0.5834398,-0.85783184,-0.46002486,-2.6606553,-1.070239,-1.3477687,-2.8237216,1.9103045,1.4876417,1.1919252,-1.6089112,0.2506104,-1.6389544,0.36436877,-0.055214137,-1.112251,5.1882324,0.0007033147,-1.6971303,1.8757409,0.85869867,1.1026058,-1.1565038,-2.8161042,-3.013264,1.0734143,3.0567534,2.6270044,-0.23065433,-2.12216,-4.424699,NA19380,LWK,1
-3.7883854,2.1202593,4.233815,-7.1258802,-23.367552,-7.0835843,-21.900644,-10.10544,-4.8967695,-1.923362,0.10339854,-1.0398366,-0.059845395,-1.7277918,1.2534882,1.309712,-0.4112247,0.93602806,0.20473702,-0.31024218,0.87967265,2.548279,0.23078926,0.5752737,0.04763549,0.6339303,0.68037194,-1.2950449,1.3583788,0.75500005,-1.0673788,2.351409,0.0215817,2.0604713,0.87438375,0.52687335,0.6942185,-1.1152906,-4.142981,0.7106895,-1.9572806,1.4175217,-2.6501188,0.8851932,1.8606477,-1.1252189,-2.0092876,-0.30071673,-0.036417447,-0.87776303,NA19383,LWK,1
-3.4608102,2.423199,4.600446,-5.952065,-21.768337,-6.2667766,-20.806011,-9.34332,-4.9358745,-2.799591,0.55658484,-0.04566864,-1.176058,-0.20702945,1.3201045,0.8713715,1.178003,0.4317501,-0.8709256,-0.15219447,-0.67890567,-0.3068662,-1.240594,-0.64933705,1.4638665,-1.2784452,-1.0111172,-0.13719852,0.7608023,-1.392369,-0.42302436,-0.468713,1.091294,2.700952,-0.56500816,0.58716524,2.4100242,-0.65456927,0.10136711,-0.6526319,-1.394969,1.1860709,-0.6627006,2.7338934,0.55200243,-0.38130373,-0.768526,0.23287326,-0.88333046,-0.5704782,NA19393,LWK,1
-4.269412,2.6480856,3.6720095,-8.658795,-23.062231,-5.516241,-20.91318,-10.814953,-4.3833203,-2.1317592,-0.76543003,1.3836387,-1.7900083,0.9639089,0.90070224,1.0910143,-0.61352384,-1.9662769,-0.570999,-2.0373294,1.1469709,-2.2039149,0.13523121,-0.81466675,1.6561978,-0.3900003,-0.041088987,-1.5070829,-0.39602867,1.0090133,-3.2476583,-1.1354709,1.7444692,2.6653817,-1.6870654,7.8708835,2.170726,2.0428407,2.0731754,-1.6536245,-0.29908082,5.008105,-0.16723813,1.8051255,4.350636,2.3668761,-3.6316264,5.7876306,-0.80343837,-2.3183916,NA19397,LWK,1
-2.4020483,2.1847382,4.66246,-7.8890786,-21.757986,-5.6589117,-21.387348,-10.461975,-5.5515676,-2.3177004,0.046230406,-0.39384156,0.86775196,-0.31045255,0.5952981,-1.131259,0.3391387,0.072129354,1.3126675,1.8104743,0.097202785,0.99844813,-0.0018865495,0.8216829,-1.368578,-1.5961837,0.4265464,0.06736698,-0.70506775,1.8227658,0.8345135,0.3335636,-2.2590444,0.1320341,1.823149,0.061241724,2.1105134,2.1251523,0.45962486,2.0741582,0.85002434,-0.6407517,-0.15555832,-2.5122619,0.8754694,2.5769591,-1.7098398,-1.8866597,-0.1544786,-1.2158753,NA19430,LWK,1
-2.547016,1.7178631,4.4010944,-6.78659,-21.887629,-5.331238,-20.679106,-10.015717,-4.477447,-1.774878,0.10160235,0.9205014,0.8701853,0.39084896,0.83457166,0.4098794,-1.3159345,0.7376019,-1.4534508,-1.7953542,0.6820034,-0.3727607,1.0043031,-0.75542253,1.4314857,1.7518519,-1.2935208,-0.31646806,2.1276786,1.2890356,0.81820565,1.4005758,1.5489722,-0.62914175,1.0348977,1.0857357,-0.2811811,-0.14328356,0.46017754,-1.4862285,-1.6905402,-1.7249502,-1.0697094,-0.19072989,-0.5648936,-0.72152454,1.8415706,1.208734,1.7740302,0.6679381,NA19466,LWK,1
-3.8366225,1.3424251,3.6020749,-6.8644104,-22.280676,-4.929328,-19.224123,-9.6039715,-3.6214008,-2.3120012,-0.022573492,-0.37981844,-0.23952298,0.285972,1.0449826,0.8986702,1.3139956,0.6014171,-1.7885771,-1.4720047,-0.64262694,-2.4299223,-1.0360564,0.010308399,1.9331563,-2.2762187,-0.17576252,-1.2741692,-1.5961715,-0.6982433,1.1512988,1.2678556,-0.08384569,0.14253375,0.21531762,0.26751986,-0.46238506,1.6817625,-1.2748859,2.6338112,-1.1361861,2.5679984,0.75683826,2.699785,-1.9014698,0.27826646,-0.6701382,-0.090524815,-0.290228,0.6841325,NA19038,LWK,2
-2.8180425,0.64533347,3.432241,-7.628591,-22.162664,-6.3823123,-19.66258,-10.890032,-4.809241,-2.7987385,0.8362468,-0.7867783,0.3318142,-0.1960024,0.6888987,1.119075,1.0401504,-0.8126866,-0.6283824,0.46204567,-0.17524831,-0.077626936,1.9222046,0.03357674,-0.0701611,1.8593198,-0.07188801,-1.1925789,-1.0384351,-0.89305466,-0.9339764,-2.654334,-1.6628726,-1.9069196,-1.7066429,0.14251329,-0.17805994,-0.54096764,4.240577,1.1812849,0.92630774,1.5351243,-0.72450083,-0.41080344,-0.5943949,-2.1162307,-1.8270421,2.079359,1.4360062,-0.42076004,NA19314,LWK,2
-4.3622055,1.7569206,3.813664,-7.178494,-21.479292,-5.0777116,-20.954208,-10.236032,-5.4636254,-2.3403482,-0.0026173538,-0.56186056,1.7054553,-1.0299525,1.1589183,-0.6738991,-0.17817925,-0.90867233,-0.8369714,0.12581094,0.779796,-0.0007080788,0.51644146,-0.23745501,-1.0949339,-0.24150603,1.3902284,-0.3039004,-1.0740479,1.8348348,1.2532278,-0.6858113,-0.67899764,-1.932429,-0.23389262,-2.0078254,-1.8258648,0.5888093,0.3308582,0.6495095,-0.78825206,-2.4927049,2.3864079,0.91323805,2.2129,-0.8549133,-0.03547695,2.1930563,1.3311808,0.89294523,NA19315,LWK,2
-4.032123,1.3040007,5.023583,-7.5176907,-21.878819,-6.085715,-21.095789,-9.902928,-5.553948,-3.6723285,-1.3190236,0.113689676,-0.7887006,-0.86604214,-0.52655905,1.1779908,-0.84440255,0.6004397,0.33407277,-0.6891141,0.3709012,0.3238843,0.9410786,1.5725393,-0.008417213,-0.18068281,1.450035,-0.30274957,0.23597342,-0.61187077,1.576974,0.37947088,0.0711707,-1.1300031,0.019093782,2.0734315,1.3809997,-0.35615057,-3.5637615,-0.6580713,3.3291187,0.3748274,-2.971359,-1.8811734,1.6223851,2.506363,-0.26337117,1.3709474,-1.6723417,-0.75797653,NA19324,LWK,2
-3.2764583,2.5234716,4.2554126,-7.38481,-21.740606,-5.074976,-19.575897,-10.531504,-4.739118,-1.1018046,0.66305083,-1.1024257,0.09528898,0.007504136,0.4126951,-0.2487956,1.5820125,-0.31992185,0.040975846,-0.6320027,0.444457,0.94063145,-0.7385913,1.2863572,-0.29448378,0.2932865,0.7981818,0.4920373,-0.64471877,-2.5980618,0.89938974,0.3530727,-0.051159978,0.35655922,-0.26272935,-1.2583328,0.54405034,0.9972825,1.4169669,-2.3477776,-0.88885343,0.058969237,1.8527424,1.7134186,-0.29937422,0.23759344,-0.017057035,0.58606327,0.13406023,0.038661547,NA19328,LWK,2
-2.437604,1.4603025,3.9444764,-7.990678,-22.079063,-5.9369326,-21.473833,-10.724694,-4.9118304,-1.9831178,1.1859124,0.941829,-1.2661537,-0.13217497,0.34069413,-0.37393856,0.93711674,0.44553995,-1.5994841,0.029280808,-1.99855,-0.23719631,1.0980129,0.6606534,1.3026146,0.9510704,-1.868933,0.19232735,1.0103903,-1.9566926,-0.055579536,-0.46445027,-1.9464301,-1.1353726,0.87349343,-1.2168272,0.75483435,0.47767854,0.38063082,1.3856841,-0.9339095,-0.47999775,-0.11494547,-2.1692605,-0.6262738,0.53361195,-1.5495044,2.0395057,0.77336705,-0.51066834,NA19377,LWK,2
-3.5780993,1.8332404,5.565903,-8.621689,-21.95179,-5.8066177,-20.708145,-11.000215,-4.884464,-2.1748896,0.39231473,1.5961007,-0.58018094,-0.07121832,1.2892039,0.3808277,-0.868521,0.068326,0.7685315,0.85240906,-0.35144413,1.9065192,-3.5126216,-2.8290646,0.85023266,-0.6599592,4.132784,0.40277138,0.23690909,-0.92924726,-2.0095725,-1.6781536,-0.4385445,1.2949164,0.98735726,6.8350472,0.013833997,-2.3026006,1.7003049,0.8212809,0.6555712,-1.1970097,-5.533394,-4.9838786,2.7502687,3.0518734,4.068631,0.44696718,-3.6000881,-2.1448147,NA19381,LWK,2
-3.2345505,1.6837263,3.7339797,-7.113751,-21.73417,-5.0831914,-21.33547,-9.935225,-4.43064,-1.8357621,-0.7696013,0.7972811,-1.5080022,0.33362037,0.09369308,0.14067538,1.2731847,-0.09997863,-0.62876344,0.8266527,-1.924171,1.557494,0.6703842,0.29000372,0.40893805,-0.12165459,-0.80595434,-2.6924443,-0.13107996,-0.564634,1.3805101,-2.0240583,-0.88543653,-1.9981763,0.27253485,-0.4508245,-0.17634267,1.548385,-0.19977982,0.799458,-0.55964744,-0.19638282,-2.1118634,1.1127855,0.2674391,-1.882453,2.2111068,-0.7934376,-1.8637987,-1.051074,NA19398,LWK,2
-4.1625323,2.002854,4.6131296,-7.2242603,-20.98665,-5.5569396,-21.250896,-10.879048,-3.6199608,-2.083901,-0.21573865,0.8177523,-1.430284,1.0752912,-0.82302654,0.08709722,-1.6558174,-1.3780253,-0.08872299,0.15296102,-0.25224867,0.15808588,0.4563182,0.8127428,1.4735972,1.1465538,1.4355861,-0.82885253,-0.12291309,1.0993079,-0.6060841,-0.36588073,0.506071,-1.2647941,-0.4986682,0.7650894,0.7798807,-0.7375428,0.17749082,1.82989,-1.0208194,-0.6166227,-1.5399327,0.49159792,1.1185056,-0.38592193,-1.6103685,-0.51755774,0.30025342,1.3821058,NA19403,LWK,2
-4.286811,2.175733,3.8724272,-7.7709465,-21.921162,-5.0419374,-21.465166,-10.250977,-4.654858,-1.8023084,0.82307506,-0.5172536,0.5690437,-0.49066916,-1.1507176,-0.2931748,-0.8796154,0.28209463,2.1801069,-1.0399889,-1.3733932,0.34675023,0.1167232,1.5275106,-1.7649455,0.47752133,-0.74611133,1.072205,-0.0021578064,-1.5486265,1.8378849,-0.14178792,-1.4147083,-1.3331032,-0.12449637,-0.712347,0.4543122,-0.7443556,-0.45174003,-2.5520086,-0.34331226,-0.3234652,0.63230157,1.9024017,-0.32288855,-0.025857748,2.453461,0.15008663,0.5271845,-0.84414196,NA19437,LWK,2
-4.8812594,1.7588565,5.441758,-8.68685,-22.777176,-6.183842,-22.20595,-10.399208,-4.5292487,-2.8350267,0.7325246,0.38079882,-0.54012996,0.2861422,-0.6044257,-0.5806476,-0.054757673,-0.29851314,0.48008272,-0.8034693,0.013509989,1.0264057,-1.4091009,-1.4389275,1.0370219,-1.3298899,0.07187816,0.5084893,0.38098577,0.35515523,-0.77308685,-0.6827217,0.46850705,-0.28940573,0.9369818,0.85140884,0.8563912,-0.92107743,-0.27996355,1.011275,-0.65443796,0.73030907,-0.57237244,-1.2593632,-1.1516557,-0.38208508,-0.10136013,-2.2202816,-1.971739,-0.2540213,NA19439,LWK,2
-2.4100642,1.6829556,3.9889562,-8.423273,-21.663225,-5.3173847,-20.481707,-9.576732,-4.8736053,-2.2743373,0.26679334,1.0503335,0.37131143,0.81622434,0.13821681,1.0346423,0.18295178,-2.2246516,0.88012403,-0.12493162,0.36779875,1.1650674,1.0779742,-1.264129,-1.1753368,0.22540972,0.731477,-0.12483768,-0.47560552,1.0062792,1.312262,0.32997444,0.8622147,-1.2804669,-0.7366493,0.35473877,-1.580353,-1.2361817,2.4784331,0.20726085,1.6176655,0.8064847,-0.66812897,0.7315693,0.23859373,0.24315217,1.2334316,-0.031352043,-0.8622913,0.97121596,NA19440,LWK,2
-3.5054855,0.48622623,3.5436776,-7.9367642,-21.637062,-4.7501388,-20.991198,-10.882152,-3.87113,-2.7507365,0.7705866,1.1916649,-0.199231,-0.55075777,1.5680188,-1.0886227,-0.1385352,1.365119,-0.011603974,-0.13530879,-0.689449,-1.1552166,-0.54375476,0.74268436,-0.9752783,0.48680058,-2.5128562,0.4633367,0.9783805,-0.19805627,2.3752415,-1.8651438,-1.1037229,-1.8725978,0.66369087,-1.6600268,1.488915,1.0314182,-0.74922645,-0.87427723,0.538008,1.1470453,-3.5997872,-0.758283,-2.3117197,1.6516763,0.8371298,-1.0621485,0.30584845,2.377004,NA19463,LWK,2
-3.1476986,0.3937491,4.858365,-7.486397,-21.764736,-5.0531425,-20.960367,-9.693012,-4.910785,-2.1324368,-0.17488477,0.7020127,-1.2912109,-1.0024158,0.06952727,1.5718405,-0.63657683,0.23772442,2.4839792,2.0652575,0.68109345,1.2091658,0.21082303,-0.6327021,2.526334,-0.2366186,-0.59358037,1.2660723,0.2788106,0.42787132,1.292186,-0.9770748,1.4518672,1.309567,-0.6516885,2.8406596,2.3012125,-0.15041043,1.2136457,0.7594582,0.69815,1.6924891,0.8115362,-0.46166214,0.80773973,0.9370132,0.43342504,0.3431097,0.93316483,-0.22718881,NA19467,LWK,2
-3.92654,1.0545827,4.2344775,-7.446236,-20.100138,-5.668159,-21.347279,-10.335515,-5.085526,-2.4306684,0.19804096,-0.10681108,0.85630226,1.2460428,0.8272986,2.023037,2.4259245,-0.79720044,4.474422,1.9930848,-4.2349863,-2.6023703,1.1107035,6.0701566,-1.1700976,-0.0998533,0.1887675,3.8504956,-4.041441,-2.0798604,11.5690775,-1.6263514,-8.954217,-5.332477,-2.5369773,-8.390869,2.0390728,-8.144814,1.7061253,-9.329272,8.095655,-8.544268,9.420949,-6.883054,1.0635892,0.09306795,9.270765,-1.8628416,-4.766968,3.008564,NA19470,LWK,2
-3.7850616,1.3315812,3.7685227,-7.2374716,-21.981415,-5.6903086,-21.060135,-10.4053,-5.2002387,-2.3964436,-0.0051440494,-0.6792206,-0.4730477,0.57255685,-0.18926683,-0.8367793,0.8008074,-0.16196337,-0.346985,0.29314512,0.5410881,0.19613697,0.38235635,2.5366647,-0.12490671,1.1804276,-1.7224818,-0.18590769,1.1608835,-0.61978304,-0.018663932,-0.13403487,0.6021332,-3.1085975,1.059907,-2.58299,-1.3068718,-0.1949187,-0.16044798,0.11402163,0.36875942,-1.2088777,-1.0236492,0.34615287,-1.7867334,0.7932415,1.0302905,0.3173317,-0.83864504,1.1963375,NA19471,LWK,2
-3.7931702,1.0506152,4.4296865,-6.690569,-21.180956,-5.593182,-20.611008,-11.277588,-5.650527,-1.404468,0.10446628,0.9133148,-0.34239638,0.23083319,-1.1596473,-0.11717744,-0.21833506,-0.26922163,-0.37286928,-2.0722501,-0.4922226,2.8887446,-0.5232646,-1.1892583,-0.40133744,-0.59433436,-1.5898113,2.2540605,2.2691805,0.9206002,-0.022948887,-0.7034385,0.24532142,1.075877,-0.45978123,2.4594188,1.1135907,-0.15472561,0.23607694,-0.28307378,0.19099696,-1.5459844,1.3135514,0.18506804,-2.2471714,0.0025000728,0.25849515,0.17017546,0.16737182,0.9506524,NA19473,LWK,2
-4.0384946,2.6701686,4.51808,-6.199506,-21.996004,-6.095607,-21.569134,-10.121744,-3.986568,-2.0116656,0.27947533,1.0891255,-0.6106794,-1.0811719,-0.0029160765,0.6955828,0.044729907,1.1603106,0.45796716,0.13251966,-0.34662324,0.98985034,1.2774965,-1.0463479,-0.81499904,-0.4430714,-0.086985074,0.56111705,0.8151368,0.34303856,0.63544554,-0.3720944,1.7186384,1.9711064,0.28321517,0.29542962,0.8069409,2.0605485,0.69172513,0.9307262,0.6870046,-0.8236201,-0.28196925,1.3137401,0.15968709,0.5386216,0.6660323,-0.24779218,-0.41033843,-0.44782242,NA19307,LWK,1
-3.5475602,1.1404501,5.2780833,-6.652685,-22.127176,-5.176807,-20.802425,-10.530837,-4.461336,-3.1934416,-0.86094284,0.94169784,-0.17824614,0.020588249,-1.6522812,0.061573554,-0.9566782,-0.39161605,-1.2829859,0.9908182,0.26789242,2.3311253,-0.604392,-0.08657859,0.23810883,1.1897233,0.13854738,0.7423792,1.8652221,-0.847282,-0.11969985,-0.22745998,-0.025058826,-0.73415905,0.3408531,0.33242875,-0.5561632,0.829059,0.18142976,3.2931018,-1.8415238,2.289267,-1.2026529,-0.52628976,-0.09772845,0.72607815,-0.25251898,0.14665997,-0.4497614,1.8248165,NA19318,LWK,1
-3.4903083,1.8255795,4.1730347,-8.130009,-22.29025,-6.050131,-20.680172,-10.669968,-5.330473,-2.2262323,-0.0025556593,0.585905,0.6459024,-0.5936771,-0.6899228,-0.042506695,-0.62706906,0.86590475,-1.0853122,-0.085585795,1.6884266,0.7136899,-0.5033395,-1.2436042,0.059637927,-0.09155214,0.21191944,-0.5427979,1.0614933,0.25302342,-0.646471,0.2048157,-0.37751594,-0.6466907,0.2988438,-1.2176491,-0.6945089,-0.18026271,-1.0640188,-0.31700838,-0.24284199,-1.2391573,-0.70267254,0.6555586,-1.6183378,0.11635087,-1.44282,0.9821318,0.61654794,0.5836048,NA19319,LWK,1
-3.940369,2.2602327,4.823138,-7.642726,-22.04721,-4.966455,-20.638819,-10.18348,-4.735239,-2.7187874,-0.3659989,-1.0093522,0.5219888,1.6381994,0.83939266,-0.4285682,2.0345445,0.12273126,-1.1500348,2.2902994,-1.4019201,-2.0488896,-0.45290807,-1.4238852,-1.5167634,1.2266825,-0.91974396,-1.4542553,0.21585517,-0.93795395,-1.481573,0.41958123,2.3039346,0.098976105,-0.69409657,-2.1010568,-1.7510442,0.6448048,-1.6465156,-0.95416915,0.23559943,-1.5144465,1.2119164,1.2971412,-2.2135117,-0.8792118,1.1901782,-1.5678128,-1.4864068,-0.20633066,NA19334,LWK,1
-3.065598,1.5318661,3.9439495,-8.481871,-21.128422,-5.6254325,-20.475122,-10.108836,-4.669767,-1.5575877,-0.19785032,0.6485354,-1.285398,0.4849592,-0.3682468,-0.11048906,0.7544002,1.0537602,0.18158107,-0.90300393,0.6298359,-0.6621976,1.256938,-0.09848209,2.802645,-0.6253593,-1.5150309,-0.52502793,0.7924347,2.45803,-1.2750695,-1.2967457,0.5239568,1.1838921,-0.58581126,1.2405645,0.020638095,2.2981477,-1.5324717,0.46267444,-2.135952,3.4517453,-2.1790705,1.4637412,-0.018975358,-0.38087705,-2.8632114,3.6006057,0.07517434,-1.4197522,NA19350,LWK,1
-3.2903306,1.4590433,4.6030717,-8.801706,-21.575218,-5.9248815,-21.470673,-10.543498,-4.7697673,-1.8673794,-0.13325065,-1.1883527,1.0854089,-0.2987042,-0.10525027,-0.5074026,-0.36310142,-1.7217339,-2.1914096,-0.8407653,-0.09530245,-0.72196585,3.437204,-2.2831635,-0.3926748,-1.9108821,2.3510582,0.05467663,0.01434377,3.7244823,-1.390081,-0.5002204,2.8605525,2.2768025,0.5253731,1.3521947,0.31550258,0.4553862,-1.6673766,0.09085896,-1.9390134,-1.4802812,-2.1723366,0.4728527,3.4345152,-2.5864365,-0.9893204,-1.0485127,0.8043703,3.0355113,NA19352,LWK,1
-3.3178558,0.5346585,3.6003778,-7.250472,-21.29152,-5.267886,-21.148642,-10.748754,-5.0134068,-2.203896,-0.027544957,0.09196495,1.1034349,1.0353163,-0.3696286,-0.9381259,-1.265167,-1.1487236,-1.203503,0.14972748,1.9031205,2.7808816,-0.6890323,1.6782022,-0.9156133,1.6791586,-0.94165283,-0.61354244,0.9719062,-0.54596066,-0.30747515,2.72548,-1.9279175,-0.08932464,1.1368765,-1.98711,-4.774291,1.8700227,-3.3326042,1.7984719,1.8059314,0.35970408,1.5088713,-0.85951656,1.2695954,-1.0348092,0.8781727,-0.18208937,-1.0182927,1.1994066,NA19359,LWK,1
-4.073943,2.4703612,3.9640052,-7.53148,-22.345993,-4.751926,-21.035324,-10.717936,-5.071242,-1.654966,-0.45482746,-0.900545,-0.4586388,0.03581781,0.61131006,0.48598307,0.23239408,-0.10966607,-1.1702862,0.23251435,-0.4201628,-1.987547,-1.3031784,-0.063368775,0.23988459,1.3031645,-0.15501232,-0.55860364,-1.1772234,-0.3207976,-2.2435973,0.16660288,2.170326,2.3897622,-0.20079234,-0.2277356,1.3041544,2.0716093,0.7499597,0.123347595,-1.1067243,1.8147875,-0.8025984,1.7163924,3.7951047,2.3980293,-1.7328635,2.773585,0.3717389,-1.4228914,NA19375,LWK,1
-3.4577622,1.6915382,4.2686,-7.2257905,-22.768717,-5.1713276,-20.599596,-11.580402,-5.1625457,-2.3257668,-0.25446948,0.4177792,-0.78567004,-0.66194123,0.59350675,1.2473044,-0.52722317,-0.0018990032,-0.72637004,-0.7622244,-0.21876647,-0.7548013,0.45430705,-0.1454076,0.5983208,-0.84657496,-0.006590445,-0.03509389,-1.607916,0.81864643,-0.68433285,0.04636988,1.186411,0.49661294,-0.25646904,0.049295906,-0.67560905,3.0506392,0.05306197,2.2565231,-0.77532864,-0.18201533,0.91496736,2.1401029,0.75593495,0.9848522,1.0896297,-0.42550027,0.4419944,1.1826669,NA19428,LWK,1
-3.2876666,1.3305354,4.990519,-6.4247284,-22.965183,-5.903141,-21.121532,-10.025797,-4.684961,-2.540907,0.2837275,-1.1744815,-0.28318423,1.1121963,0.11911623,0.27740487,-0.6259581,-0.88750744,-1.459237,0.66292524,1.0433198,0.92774385,2.182621,-1.1933093,-0.536826,-0.8340454,-0.76584196,-1.031004,1.7557484,-0.21239947,0.81116605,1.0546411,-0.79144186,0.40917066,0.8557617,-0.5350657,-2.3749013,-2.0333588,-1.7157655,0.5622272,0.7147249,-1.4505312,0.49544087,-0.6453405,-0.9976873,-1.3451915,1.9890524,-0.046872634,-0.072393,1.485987,NA19429,LWK,1
-5.022003,1.0412235,4.15879,-7.388451,-20.415606,-5.268997,-21.778612,-10.5227995,-5.1177735,-2.5650496,0.32301018,-0.46936485,1.7785714,1.1237845,-0.011482241,1.4731698,2.310267,0.013074308,4.2193537,1.9180386,-3.5253623,-1.7222933,1.2462959,4.986444,-2.7202857,-0.67843246,-0.20380163,2.2868586,-3.6200395,-1.5932913,9.658845,-2.4751985,-8.458863,-5.320434,-1.4387492,-8.248112,1.0824211,-6.0714655,2.0234447,-7.532861,7.4992933,-6.755358,8.854876,-5.63645,0.13586625,-0.11100997,7.0693474,-1.129504,-3.659374,2.5911639,NA19443,LWK,1
-3.977953,1.2321066,4.2477303,-7.7176976,-21.178865,-5.4946003,-21.229847,-10.993795,-4.3953075,-2.0586026,1.2995703,0.7224734,1.3478756,0.61478627,-0.52282184,0.7500254,1.6438317,0.6470471,1.1848679,0.2246975,2.2900798,-0.6055696,-0.82052404,0.109657586,0.30246487,-0.6846497,-0.56227076,-1.3986272,-0.4098964,2.4919553,-0.0035827646,-0.7240805,1.1087862,-1.5152987,0.10697598,-0.15127401,0.9582002,-0.44612342,-1.3927834,2.4293125,-1.6159538,1.370052,-0.47835585,1.4514685,1.1576813,1.972572,-1.4073493,1.2140273,1.2703166,0.8409968,NA19455,LWK,1
-4.1936293,2.189075,3.7727368,-7.258364,-22.502014,-5.6245975,-21.012617,-11.471634,-4.6526566,-3.0263052,0.20542589,0.13451183,-0.6584815,0.3058454,0.3649777,-1.3988409,0.10001944,0.027335757,-1.5122548,0.9961805,-1.0820644,-0.47505602,2.1457164,-1.3835429,-1.0724099,-0.3101604,-2.4165814,-1.0474788,-0.35149986,-1.1011223,0.11738662,1.6697541,1.274797,0.32104516,-0.5349317,-0.50932574,-1.883087,1.7941506,-0.24612822,-0.67163694,0.69037724,-0.11055095,0.98162144,2.9913363,-2.669318,-1.2292153,-0.21694471,-1.6402587,-0.1606429,-0.6466412,NA19313,LWK,2
-2.8852022,1.8084687,4.033158,-6.6188602,-20.771513,-5.181569,-21.028461,-10.124724,-4.3646545,-2.5660594,0.22571187,0.4511473,0.3768259,-1.0906509,0.35590163,-0.26329464,1.5176895,1.6666342,-0.24181056,-1.5517879,0.9488905,-1.4603243,-0.7258961,-0.99802196,0.28921118,-0.052078724,-1.0097395,0.5559622,0.61787456,0.058812167,-0.6251308,-1.7676039,0.5675235,0.40765563,0.21870354,1.2483346,-1.0545689,-2.4173207,-0.51543295,0.44877252,1.9405285,0.5520141,-1.5536023,1.5853916,0.41402858,0.73311466,1.3437004,-0.90511173,0.97033626,0.91347057,NA19316,LWK,2
-4.007127,1.5006713,4.2307453,-7.765344,-22.117287,-6.0704303,-20.312706,-9.949083,-4.9619474,-2.2428322,-0.11731893,-1.3422645,0.45684806,-0.7152072,-0.18271483,-0.14462073,1.5775737,-0.1252045,-0.8610228,1.384163,-1.1364009,0.1205561,-0.006785046,0.7386754,0.16720976,1.5134306,-1.145399,-0.31116992,0.84291744,-1.341897,2.255838,0.79161495,0.07544387,-0.28320244,0.4879343,-3.424159,0.2348751,-0.10100426,-1.4146266,-0.5460646,1.3770653,-1.2552943,0.8085927,1.6966767,-0.3561402,-0.13333218,0.79614115,0.7331761,0.321664,0.8128794,NA19321,LWK,2
-4.514516,1.5364013,4.137678,-7.222464,-21.812431,-6.122103,-20.963089,-10.790913,-4.6825013,-2.267401,-0.4400115,0.9210994,-0.18486872,1.1099992,-0.0025091101,-0.17009063,0.4906222,2.016624,-0.43062857,-1.2615187,0.37446234,-1.0116382,-0.5062693,0.74608254,0.8227764,1.1926354,3.2451873,0.2719588,1.9601471,-0.42837566,0.42811754,0.40690932,-0.949771,0.37028676,-0.36274603,1.5656682,-0.15718143,1.9278933,-0.32008994,0.683978,1.9443376,1.794625,0.49688026,-1.8532395,0.18235502,0.9544209,-2.0556633,0.63349396,0.56903285,1.9694453,NA19332,LWK,2
-3.0316055,1.4330862,3.4104319,-5.8069205,-21.582415,-6.3196826,-21.5987,-9.206005,-5.0262322,-2.3729131,0.14408867,-0.025319327,0.9970504,-1.6972936,-0.6486748,1.0312921,0.8143575,0.07765377,0.53197247,0.54413265,-0.6182277,0.26866522,-1.6425467,-1.5768472,-1.3246179,-1.9739243,1.3981489,-1.5273929,-0.2649663,-0.96498746,2.4133582,0.88339263,0.81160265,0.43894574,-0.39999098,0.84986407,-0.50388384,0.9833981,0.20597287,0.5579006,1.1766816,-0.0012988356,1.5706478,-1.0147043,-2.017791,0.14034803,0.45330667,0.37973106,0.7978117,-0.7388265,NA19379,LWK,2
-3.7673786,2.4510381,4.3533,-7.360548,-21.567764,-5.5291047,-21.674622,-10.910332,-4.7909317,-2.7782297,0.67197424,1.3584242,-0.34741095,-1.3716282,-0.14428958,0.12029382,0.22831956,-0.24640661,0.10901498,-0.99025804,0.22434972,-1.1930939,1.552901,0.18907708,-0.1379266,0.653244,-3.3213396,-0.63956,0.3378126,0.61389506,0.3658314,-1.8259209,0.8437782,-0.8534479,0.85472435,-1.0704225,0.4994587,0.77169263,-1.097053,-1.4864521,1.1043931,2.1234162,-3.0581992,1.4426596,1.3526548,-0.35327324,1.1253396,0.5980223,0.8119992,1.5340824,NA19391,LWK,2
-4.4134007,2.006191,3.8316615,-8.962246,-22.10209,-6.220409,-20.460115,-11.089891,-4.8426366,-1.2093817,-0.46701646,0.6840066,-1.7787389,1.2855085,0.73119384,0.7230572,-1.1133285,-1.3237281,-0.09760295,-1.560683,1.3753934,-1.9910231,-0.102653764,-0.4354979,1.9830467,0.31370085,-0.21033682,-1.2472156,-0.8795993,0.9667854,-2.9310865,-0.4624013,1.2744129,3.0642173,-1.1591074,8.152607,2.0274959,0.8823418,1.8282652,-1.3861568,-0.87847495,3.8862736,-0.47154146,0.65969145,4.6853976,2.1237748,-3.8586137,5.433605,-0.43108103,-2.66874,NA19396,LWK,2
-3.1324663,2.0106323,5.0877466,-6.432307,-22.391647,-6.1627383,-22.451448,-10.884377,-4.4533143,-1.4425151,-0.9049716,-1.92502,0.73197967,1.8317177,-0.36133832,-1.4496938,-1.6408509,1.3986992,3.4178667,-0.06024167,-1.2564266,2.2861433,-5.795022,-1.3430171,1.9612447,-2.0844073,4.0418634,-1.3619763,-2.2851539,0.20298001,-8.189766,3.3262525,3.2527025,4.9809055,3.99624,0.86540407,-2.6066408,-5.1014404,-6.5992117,-0.3108467,-3.278087,-6.2621665,4.7378845,-2.316339,-4.600174,-1.3424287,-3.556272,-3.846673,-4.9502583,-2.5078537,NA19434,LWK,2
-2.8112402,1.383815,3.4098542,-6.8586326,-21.714186,-5.269198,-20.391108,-10.910034,-4.3086066,-1.312744,-0.42472407,-0.19864537,-0.77259916,1.0255036,0.077342495,1.3209627,2.0320437,1.3539156,0.56915724,1.8042583,0.023228737,0.5636456,-0.36884356,-0.18773797,-0.39435095,-0.10134543,0.07880454,3.2599435,-0.424721,-0.21650906,0.18596675,-1.9101018,-0.1401969,-0.64971703,0.9084343,-0.022163209,-0.76713014,-0.6952523,1.6588274,-0.008480382,-2.29629,1.5273178,1.2892828,1.0175331,-1.0232136,-1.769094,0.36291128,-1.2848251,-0.13307704,-1.645097,NA19435,LWK,2
-3.748326,1.3446411,4.101849,-6.8316035,-21.720646,-4.994751,-20.266117,-9.542418,-3.3176434,-1.952362,-0.68538475,0.6385403,0.7297808,0.18024778,0.011734517,0.28047156,-0.5079647,0.4900473,0.48202783,-0.8856958,-1.1489749,-0.014158358,0.74467367,-0.059919666,-0.32204792,0.36129466,-0.062376045,-0.45978773,-0.115806654,1.057381,-0.2250822,0.47123364,1.0372771,-0.7790664,-3.2440073,0.52367115,1.2894382,-0.39996496,1.3505167,1.1748365,0.9292578,-1.043781,-0.72077084,0.48682955,0.18198739,-0.811224,-1.0016085,0.24595386,-0.3403713,-0.48803625,NA19436,LWK,2
-3.9754221,1.8484439,3.422753,-7.481479,-20.928175,-6.0020103,-20.07182,-10.620159,-4.6285963,-1.7434365,-0.24099548,1.3901913,-0.20350339,-0.8145375,-0.9818154,-0.104985654,2.3765922,-0.682835,0.37134492,0.7606354,-0.28996542,-1.9135132,1.1183772,-0.909317,-1.247722,-1.111403,-0.73102194,0.04735055,0.80408365,1.0135106,0.2309479,0.5237133,0.52946573,1.1157522,0.06884795,-2.5769067,0.08827057,0.33771724,3.065133,-0.34697857,0.9689259,-0.23510727,0.16360964,-0.42341945,-0.92349243,-0.6761098,2.0475347,0.22350751,-0.3528517,3.678381,NA19438,LWK,2
-4.143214,1.0380377,4.516651,-7.3702135,-21.980995,-5.4745097,-20.957508,-10.119506,-4.2287617,-1.9857208,0.363945,-1.2949519,0.6265075,0.16128825,-0.3556337,1.6787874,0.3627614,0.09631548,-0.31575847,0.83568376,0.62078154,-1.920344,-0.40104687,1.077539,-2.2968445,1.5632336,-0.05590858,-0.16986424,-2.1555765,1.1948917,0.26857647,1.3831327,0.39049026,-2.6583521,0.45343912,-2.3588781,2.7875423,-0.26688465,3.5884278,0.8847696,0.5336341,1.1541675,-0.020499803,-0.5447824,-0.0473172,-0.5166781,-1.0630339,0.3916528,-0.40522158,-0.9117171,NA19445,LWK,2
-2.6680844,2.204617,4.5195107,-7.0193605,-20.73416,-5.1703696,-20.029182,-10.746058,-5.298547,-2.6407683,-1.08739,-0.4579992,-0.5603561,-0.81246614,-0.865617,-0.8825562,-1.8146961,0.11056536,1.957445,-0.11808337,-2.0499218,-1.0398557,-0.37526217,1.3645387,-2.2963665,-0.6930782,-1.258293,-1.2950333,0.8713545,1.3779588,0.39936167,0.5317362,-0.58364,0.10224819,-0.7674167,1.5315343,0.4712444,0.049033348,-0.48007575,-1.3316902,-1.4088196,-0.25983146,1.6471784,-1.2561514,0.63518405,0.64580786,1.5470476,1.4230721,-1.8347324,0.71801776,NA19446,LWK,2
-4.1088495,1.4844254,3.645562,-7.7305293,-20.658007,-5.8806415,-20.99888,-11.293349,-5.0891986,-2.0469937,0.15385656,-2.2404318,-0.6639261,-0.27786735,-0.40163967,-0.2978299,1.8166561,-0.5301261,-1.1022358,-0.025554901,0.23797594,0.44114763,0.78723013,0.44944206,0.9171715,0.0021761335,1.0966827,0.65354574,0.25566193,-0.6440704,0.36324075,-2.076135,0.8807179,-0.62081575,-0.9166025,-0.38587287,1.9269865,1.398402,2.059556,-1.2257028,0.64551574,0.576689,-1.2006149,2.253373,0.36266333,0.11596948,0.86183566,0.06551985,2.167295,0.45409086,NA19462,LWK,2
-4.257031,1.5655731,5.104945,-7.521451,-21.185934,-5.3892546,-20.054348,-9.733084,-5.192221,-2.12214,-0.10395861,-1.4628055,1.3375484,-0.009508392,0.16183254,-0.5756316,1.7214786,0.42282465,-0.35429236,-1.0777805,2.5653455,1.6332233,-1.3146834,0.1586105,0.6152495,-1.073555,-0.48106572,-0.20106566,0.3082275,0.020348731,0.017507158,0.9483709,0.7277594,-0.114494264,2.1827765,-1.02106,0.3902787,0.6709052,0.62687397,0.9820578,1.0120076,-2.1126015,-1.1111962,3.3184514,-2.369419,0.13194583,2.2450716,-1.8128144,1.9160187,-2.323139,NA19468,LWK,2
-4.9502063,1.4473714,3.691983,-8.043214,-20.604258,-6.3186064,-20.775278,-10.500449,-4.577185,-2.4873888,-0.03298561,-0.06896905,0.6068023,2.6106086,1.0272598,2.3455482,0.6268893,-0.8394943,3.5858579,1.1749213,-3.232303,-1.3727119,2.046176,4.1601877,-2.1979084,-0.62716347,0.98152244,2.6702278,-2.2338965,-0.71684104,9.751268,-1.0624875,-6.946045,-3.8604815,-2.339007,-6.21647,0.4912368,-7.02931,1.0839466,-6.9049025,6.419809,-6.5430937,6.77278,-5.512453,0.80439305,-0.03926409,10.840233,-1.0888884,-3.230415,2.9394882,NA19469,LWK,2
-3.5819871,1.1586312,4.713622,-7.641901,-21.394323,-4.8282204,-19.958141,-10.806251,-4.8783393,-1.5711359,-0.23534922,-0.5302514,-0.75209403,0.010108912,-0.21214911,-0.51425225,-0.65763247,1.2040997,-0.13002837,0.9299762,0.647859,0.64853203,-0.6490344,-0.51104444,0.038167395,0.4050758,-1.5264813,0.11170441,-1.1596553,-0.022279182,-0.26640967,1.0717424,-0.028128443,-1.7888192,0.29976898,-1.4845316,-0.004146018,0.41625467,-0.024145411,1.6777973,-1.7330968,2.0613208,-1.0280509,1.06235,-2.1744726,-0.61537415,-0.2555084,-0.64670974,0.73292565,-1.97018,NA19472,LWK,2
-2.35642,1.1605048,4.9944334,-7.071388,-21.82229,-6.0664954,-21.063862,-10.87309,-4.8805156,-1.877416,-0.24349032,0.45927,0.9514175,-1.3384018,-1.9438794,-0.8385489,-0.98157597,1.6294944,-1.6912602,0.100540094,1.9421726,1.2036076,0.12668945,-0.21522118,-0.6909099,0.15626954,-1.66417,0.5002156,1.3398746,1.3550769,-2.254979,1.1596372,-2.1074798,0.4150801,0.8733012,-0.004451471,-2.3920214,-1.1352575,-0.3032938,1.1568341,-0.458611,0.5568728,-0.632641,-0.9347639,-0.37450662,0.9166665,0.61884415,0.9925478,1.3449386,0.21934795,NA19346,LWK,1
-3.1080723,2.3871405,3.9857745,-8.554897,-22.549725,-6.69891,-21.52295,-10.920287,-4.897091,-2.2086012,-0.041598115,-1.4448112,0.87639815,0.8170745,-0.48502278,-0.25896397,-0.2455916,-1.6836517,-1.7188041,-1.6808552,-0.16696553,-1.0304366,3.2712317,-1.7170098,0.94906944,-1.243925,1.3753316,-0.2901823,-1.0254178,1.5774304,-0.6512314,-0.5462592,2.0074334,2.6723225,1.4891022,1.2192843,0.05315459,-0.87276584,-2.8559854,-1.8595088,-1.9431027,-1.0162026,-1.9234697,1.3057106,3.7675705,-3.2530723,-0.3156951,-1.9476357,0.8880173,3.0735896,NA19347,LWK,1
-3.4396286,1.9203445,3.9631739,-6.846485,-21.426746,-6.3132577,-19.738249,-10.503965,-4.3285723,-2.3822443,0.29041094,-0.789711,0.8660218,0.73965544,-0.53114426,0.004481389,-0.0014753055,-0.1643491,-0.7501411,0.25427735,0.5800945,-2.276179,0.045510795,1.5604904,0.471326,-1.6453106,-0.42356774,-0.84757435,-1.5270455,0.3713866,0.9086927,1.241911,-2.644468,-1.9407023,2.6606102,-1.9361081,-2.1003556,1.7866384,-0.96427464,-0.026134662,-1.4814675,1.0485808,0.33425617,0.2889284,1.22203,-1.0056238,-1.0964541,0.28954402,-0.15418412,-0.48455632,NA19371,LWK,1
-3.8063104,1.0041786,3.840198,-6.7089534,-21.467924,-6.442097,-21.162998,-10.688475,-5.31355,-1.9558791,-0.3864269,-1.0699116,0.2878561,-1.2251396,-0.80850905,0.323194,-0.74071366,-1.0852114,-1.4115747,0.15600735,3.0111501,-1.0461963,0.21350291,1.5789762,-0.685925,0.20882466,0.9570609,1.983867,-2.6466389,-1.8996757,-0.7825284,2.813636,-0.0010748691,0.057601314,0.3940798,-0.91908216,1.0832374,1.3649429,0.9284216,2.1016963,-0.4788335,-1.6303345,0.5726797,1.452933,-1.7035085,-3.0012345,-1.866638,-0.39078984,2.0515811,-3.2643168,NA19374,LWK,1
-4.0626116,0.74644935,5.067708,-7.3212833,-22.27703,-5.059523,-20.10524,-11.0588665,-5.1869974,-1.8157672,0.45222467,0.56694096,-2.1987314,-0.4734405,1.6852496,-0.2829634,-1.2688949,0.07839203,2.3707416,-0.34131214,-0.79962254,1.6689417,-4.0301914,-2.6903238,1.0577077,-2.1977992,3.3037174,1.3631312,1.1131277,-0.8052789,-2.587396,-2.507086,0.012540928,1.4148093,1.2054557,8.597109,0.40614972,-2.5289326,0.24597368,0.8054161,1.5421727,-1.0187653,-6.1666107,-5.990283,2.890485,1.8295116,4.2526765,-0.11940289,-3.970116,-3.2456472,NA19382,LWK,1
-3.86693,1.2562107,4.413148,-6.2453,-22.426207,-5.5927014,-21.46501,-10.395121,-4.1381335,-1.9103105,0.632004,-1.2745029,0.7196581,-0.7911033,0.37894398,1.8624119,0.1768563,-0.577659,0.54371625,-0.7740828,0.39525184,-0.21739733,-0.0111767985,1.0475359,-0.46531835,1.0599952,-0.4404745,-0.16088022,0.41392708,-1.7798433,-0.9074137,0.4550805,-0.43210617,-1.0031751,2.318173,-1.7703322,-0.067644626,0.25027177,0.16765574,-1.2771043,-1.240998,1.0552877,1.5526868,-1.26796,-0.7927881,-1.4839205,-1.7874888,1.4829569,1.7497048,0.9406222,NA19384,LWK,1
-3.598941,2.4359853,2.8774462,-7.230679,-22.28977,-5.6233087,-19.952555,-10.618323,-4.3251777,-1.6919065,-0.99416894,-0.4609788,0.78792894,-0.39597154,1.032096,0.86450744,-0.6754825,-0.076908745,-0.85216135,0.54054356,1.5931506,0.576393,0.77848256,-1.9470832,-0.0052116173,1.5148722,-0.63244677,1.1706895,-0.7927392,-0.1920536,0.8116459,-1.9146079,-0.42858464,0.65213364,-0.8292565,0.38644978,-1.102692,-0.36091894,3.955147,2.2287269,0.2785844,1.8458627,-0.32598925,0.59877014,0.5153936,-1.380337,0.54839784,-0.9433801,0.2747514,-1.9085573,NA19385,LWK,1
-2.3419518,2.2511587,3.9542134,-6.860656,-22.0162,-6.538413,-22.19347,-10.681215,-4.9334655,-1.9403144,0.07764516,-2.4451537,1.2427115,1.6103296,0.22362627,-1.2999698,-2.1942637,0.32188988,5.1063747,-1.7228044,-2.1511514,2.7305427,-6.8738246,-1.4323583,2.8429973,-1.2202806,3.5797188,-0.23206672,-2.1743872,0.41983402,-8.589674,2.6592567,3.2010736,5.8223047,4.2675023,0.9124037,-2.1807675,-4.936484,-6.2905707,-0.5990663,-2.4994183,-6.921382,4.2923975,-1.4832289,-4.6148353,-2.2745492,-2.6659935,-4.2678,-5.324225,-3.417819,NA19444,LWK,1
-4.3586984,1.6209643,2.9732602,-7.370408,-23.692291,-5.3125196,-21.663502,-10.162317,-4.6656795,-2.2491465,1.259051,1.3660496,-0.09024446,0.06273987,-0.4042315,0.19761537,-0.6950523,0.8965873,-0.1471625,0.07544065,0.14864664,-0.65879744,2.137554,-1.79517,0.16366497,-0.42049274,0.2031074,-0.6499112,-2.0968273,-0.19088638,-0.29036087,-0.5079907,-1.3487536,-2.0324512,1.9849429,-0.86646,-0.5883196,0.9100453,-0.6207575,-0.47659487,-0.86913425,0.044995118,-0.7058407,0.11820135,1.2437301,1.0898105,-2.042549,0.27200562,0.33464143,-0.28233275,NA19448,LWK,1
-3.0505462,1.5747445,4.474799,-7.443331,-21.109695,-6.188588,-21.228138,-10.463663,-5.3278112,-1.6836472,0.517791,0.09143,0.7594421,-0.87164515,0.13437313,-1.0293067,0.02030167,-0.031684857,0.6473682,2.1718862,-0.341636,0.1986149,-0.06186801,-1.4003911,-0.97364825,0.4356262,0.46007282,2.4860559,1.3749774,0.8742562,0.24636218,0.5921166,0.005199919,-0.8405317,0.73649675,-0.4520835,-0.119910754,0.402444,0.16079812,2.0016727,-3.1570222,-1.074417,-1.2051919,-0.9840664,0.48332238,2.5409162,-2.0216246,0.42852134,-1.2745324,0.3627686,NA19452,LWK,1
-2.6634357,1.4691628,4.791581,-7.4846735,-20.677925,-5.0554442,-20.280104,-10.362043,-4.7793913,-1.6637441,-0.20239401,-0.68949455,1.1192101,-0.5161462,-1.0833977,0.46356216,-1.5207549,0.24892472,-1.3932207,-0.77939045,1.5831945,-0.9999085,-1.1171198,1.4542605,-1.12723,-0.40143254,-1.3671757,-1.0769883,0.82241035,-1.6640533,-0.27265614,1.4578071,-0.8406388,-0.052684907,-0.46768135,-0.046462234,1.4931179,-0.3189901,1.0480399,-0.67321223,0.35398334,0.6890398,-0.8463886,0.53813857,0.2966345,-1.6665503,1.0386857,0.40909788,0.5352556,1.0406582,NA19327,LWK,2
-4.2414618,0.9929351,4.449484,-7.2930884,-21.331387,-4.578293,-21.444323,-9.651269,-4.7517157,-2.0726151,-0.7825019,0.33280104,-0.9889061,0.70382476,0.053377938,0.73893756,1.2034649,1.2860657,-1.2807775,-1.0410956,-0.4231955,-0.6856329,-0.8644841,-0.6575956,0.11430127,1.2398705,-0.2284822,0.9201622,0.5035997,0.08898402,0.16866758,-1.9408647,1.9222461,-1.1507565,-1.2812313,-0.79250604,-0.68178105,0.071944505,0.40606406,0.044606302,-0.26241758,0.91463375,1.4873935,1.989265,1.1422368,3.467666,1.9931533,0.4522759,2.2043881,0.78131646,NA19390,LWK,2
-4.1972737,1.8052571,4.552,-7.586495,-21.264784,-6.489984,-20.694227,-10.702379,-4.3909063,-2.1849,-0.41523227,-0.8564619,0.19631012,-0.901376,0.08464221,-0.8493845,1.1033471,0.2934097,1.0595927,-1.75968,1.2266463,-0.3314433,-1.6103172,-0.22755143,-0.67392254,0.57659125,0.069235995,-0.63278264,-0.8156364,-1.1198404,-3.8010383,0.6474386,1.0546391,1.6543971,-0.1204412,-0.23446384,0.005499658,0.9611787,-1.5650331,-2.323935,-1.1742506,-0.9390516,-0.37752825,-0.5684065,-0.22758995,1.1029171,0.2789883,0.119589016,1.5875071,0.8134311,NA19399,LWK,2
-4.159368,1.5940588,4.328832,-6.1273046,-22.038305,-5.493932,-21.107906,-10.372588,-5.119221,-2.3781,1.7713865,-0.40646142,-0.1764366,0.20070887,-0.10133677,0.73653704,-0.7492802,0.3118717,-0.062292416,-0.061345376,1.5076313,-0.9085369,0.83411133,0.95612556,0.44356027,-1.6529269,0.48092556,-0.061749108,-0.9106909,-0.35360187,1.7044544,-0.8838593,-0.46075532,-0.26731572,-0.82833123,-2.1039708,-0.058318727,0.4235362,0.8356945,-0.17019108,0.4281415,-1.2037513,0.8547165,-0.88286054,0.87749445,0.9495987,-0.93517256,1.9769785,-0.14874958,-0.17938636,NA19404,LWK,2
-3.2856658,1.5257975,4.358453,-7.4330225,-22.64576,-5.645434,-20.485287,-10.131888,-5.1807613,-1.9187446,0.016813686,0.14063498,-0.122233406,-1.8399143,1.0787686,-0.16681707,-0.5804496,-0.978023,0.89551485,0.3615196,-1.8445203,-0.23488829,-0.5798613,0.79809314,0.7069013,1.096929,0.22848961,-1.1076864,1.3812907,-0.7306719,-0.48416004,-1.464446,1.3560363,-0.06948981,-0.9511432,0.51777095,-0.19181064,0.81543857,2.2868788,0.7129338,0.7190573,-0.440913,0.35913032,-0.4140897,-0.35577896,-1.4970635,0.048260607,1.0641923,0.74670005,-0.56549007,NA19431,LWK,2
-3.990365,2.4595072,3.8057652,-8.105102,-21.681116,-5.5077467,-22.026304,-10.76975,-3.89112,-2.6186092,-0.83340806,0.4627162,0.8610671,0.3841637,-0.84630424,0.8714238,1.1043315,-1.1486626,-0.008176919,1.5654316,-0.05603509,1.0012072,0.88808787,0.15080893,-0.60736316,1.021696,-0.87580794,-0.33395204,-0.34036687,-0.27766514,0.45145652,-1.9300561,0.05124183,0.10896937,-1.8732078,0.25474393,-1.3938335,0.2107656,-1.503409,-1.451865,-0.41186652,-1.620816,2.0005686,-0.3600209,0.031297565,-2.023858,-1.461167,-2.4770136,-1.7745796,-1.2886921,NA19449,LWK,2
-3.1277132,0.9714125,4.666167,-6.7526417,-21.602915,-5.495203,-20.58378,-11.180989,-5.227405,-2.6504338,0.23132296,-1.1034408,0.9019528,-1.3370193,0.12465626,-0.69704497,-0.33586478,0.1671435,-1.9604096,-0.5432647,0.86224663,0.81159556,1.4642024,-0.29460335,1.3816406,0.5285885,0.8379738,0.430529,1.2009897,1.117676,-0.83168495,-0.6813704,0.26261458,0.83446336,-1.4540538,1.1337187,-0.38514715,-0.23470037,-0.5060601,-0.10025704,-2.1109447,2.4842544,0.014755309,2.3092625,-1.4653462,0.10672763,-2.316948,1.0386188,-0.58954394,-0.67599016,NA19456,LWK,2
-3.6589704,1.8495216,4.38001,-8.030385,-21.227814,-4.662172,-20.982582,-10.121258,-5.1044464,-1.9103404,-0.10651911,1.302772,0.559712,0.9913598,0.34579253,0.27962092,-0.97706026,0.8442935,1.7631944,-0.8783475,0.6519558,1.8562737,-0.49708933,-0.7595072,-2.1763155,-0.15555543,1.1239396,0.17782305,1.9754658,0.07975194,0.73285276,0.32221615,-1.2695843,-0.13833305,-0.8312422,-0.87351817,-0.55703086,-0.53554696,0.9248081,-0.1752631,0.10504144,1.2444973,0.2698169,0.039804947,0.35974145,-3.907153,0.45444924,0.44442037,2.6637805,1.597568,NA19474,LWK,2
-4.069266,0.9903716,4.760684,-7.106593,-21.4555,-6.802673,-21.088547,-10.307964,-5.1127577,-1.806453,-0.48307198,-0.18325077,0.45177817,-0.10243327,-1.0543151,-0.24908455,-1.5102637,0.0045404052,-1.0695686,-0.079926185,2.4284532,-0.68259305,0.7360871,1.2221259,0.5080665,0.6153323,0.005082132,1.7788168,-2.1987891,-0.14249605,-1.2270956,2.7829497,0.22150965,0.7743687,1.180239,0.03712914,1.1067227,0.9021091,-0.53760403,2.426956,-0.69558233,-1.5590974,-0.2173801,2.2520578,-2.7213492,-1.7974609,-2.716128,-0.948551,1.8725338,-3.6727188,NA19373,LWK,1
-2.635302,2.7148468,4.173213,-7.006767,-22.38032,-5.5788674,-20.68343,-10.032526,-4.357872,-2.0565941,-0.37735376,1.1785252,0.4709977,-0.2502837,1.7856807,0.2621616,-0.93841463,-1.2651955,-1.0631007,1.2853435,0.3709149,-0.90561265,0.49161866,0.028110882,0.3021067,1.1054242,-0.6226521,0.50124526,0.5586086,0.8664658,-1.6483663,-0.76689553,-0.43856466,1.8807966,-1.3528836,1.324917,0.6048982,0.41159195,0.6553212,-0.6711651,-0.76874095,2.7264068,-0.47900686,0.38585752,0.016091527,0.45117635,1.1721882,-0.45574167,-0.5463486,0.39584222,NA19036,LWK,2
-2.922649,1.8044513,4.170889,-7.1696386,-22.279991,-5.2690973,-21.574074,-11.588828,-4.3629093,-1.7867349,0.31642205,-1.4011247,0.69625926,0.8021802,0.8253769,-0.38216308,-1.199268,-0.7601711,0.43445483,-0.16727963,-0.87184197,1.0701123,0.9907507,1.0905969,-0.2793816,-0.025210876,-2.1581335,-0.8684738,0.25478318,-0.12556326,-1.8901991,1.9136012,-0.6789339,0.30390516,0.6033183,-3.1744184,-2.99718,0.19407094,-4.082254,0.082834855,2.0841036,-2.114524,1.965734,-0.8581204,1.9509395,-1.2176751,0.2826607,0.86483246,-0.55331,0.28548476,NA19309,LWK,1
-4.3739343,1.7869239,4.1509595,-7.786545,-22.387928,-5.567879,-20.898027,-10.530577,-4.566344,-1.6171684,0.08334756,-0.40086535,-0.91964316,0.00011156397,0.37368697,-0.15597057,-1.1267556,-0.5552525,-0.7871426,-0.050867654,-1.3369455,-1.4996389,-1.2908565,0.91610277,-0.4902477,-1.5398124,-0.058622483,-0.12873873,-0.7166117,-0.49393696,-0.27250254,1.5822608,0.6252429,-0.91925985,0.7390531,-0.16117147,1.2095346,-0.10254097,0.17481689,1.0492578,0.7175681,-0.7390528,0.29810116,1.1180607,-1.3766721,0.52466774,-0.7328102,-0.78021747,-1.080133,-1.0346364,NA19394,LWK,1
-4.152571,2.461956,4.549684,-6.9373083,-22.533289,-4.8670473,-21.194813,-11.439494,-4.699155,-2.6798658,-0.52741605,0.20685685,1.8309276,0.7255984,-0.3331623,0.29143223,0.465092,0.18954599,0.33894908,2.3248549,0.762274,1.2626876,1.2776372,0.5803147,-1.1497854,-1.4301072,1.129201,-0.034064304,-0.8869512,0.86149186,0.3743803,0.48605758,-0.18633902,-1.0134015,0.62497765,1.0289798,1.2181647,1.2366552,-0.119872466,-0.32836154,0.4494282,-1.0220028,0.3584345,-2.7997363,3.9375496,1.9165157,-0.69719565,-1.9908507,0.18710355,-0.19806498,NA19451,LWK,1
-4.2509246,1.0655122,4.849073,-6.779608,-21.962582,-5.306945,-21.38646,-10.963053,-4.934866,-2.2686834,0.1428414,1.157095,-1.20326,-1.1852689,0.014408157,-0.8639891,-1.1234804,0.5626116,0.45881072,-1.1965584,-0.2871003,0.288814,-1.1773854,0.2577274,0.20597495,-0.9538072,0.35603145,1.6393551,-0.45079234,-1.1071254,1.8572091,-1.3607405,0.8109058,-0.10307355,-1.2088025,-0.09207244,1.1449494,1.9552135,0.35740703,-0.34587792,-0.101662144,0.67377555,-1.6116127,-1.8516184,-1.0137507,2.0476618,-1.457735,1.3410383,-0.49906406,-1.8241042,NA19044,LWK,1
-3.7286124,1.627038,4.674098,-6.509069,-22.664312,-6.7201195,-20.723469,-11.459843,-4.229098,-1.6584553,-1.300718,0.51674235,-0.39214408,1.1565713,-0.19366632,-2.0905516,-1.349164,2.623954,1.2819366,-0.03042982,0.09305702,1.3249984,-1.1785203,-0.9965309,0.7043349,0.041004788,0.07787709,-0.7855437,-0.23022291,0.50229305,-4.300362,1.4787657,-1.3214555,0.009457567,-0.9009345,1.1966853,-0.30985954,-2.245916,-3.5384097,0.40797132,-0.8702173,-2.0883894,2.4053295,0.58464324,-1.9054323,-0.9377979,-0.39086083,-0.5019037,0.9437513,1.3506286,NA19360,LWK,1
-3.082556,1.4429116,3.904802,-8.75353,-22.154306,-5.303751,-20.330034,-10.343127,-4.5655084,-2.7093232,-0.32391337,-0.7044148,-0.1581063,0.41824543,-1.2647529,-1.2489175,0.1291184,-2.0607264,-1.1976749,-0.3795706,-0.44629335,1.1237087,0.7540294,0.8490508,-0.11123335,-0.63981086,-0.009104516,1.5628409,-1.1048249,1.2684993,-1.8253803,0.906411,2.3912637,-0.36295864,-0.95396614,1.8723361,0.89147615,1.5558625,0.4214805,0.8944258,-0.58566165,-0.31929812,-1.663575,-0.36706442,1.4165725,1.2285659,0.90214354,-1.546876,0.80170816,-2.0191822,NA19310,LWK,2
-3.8203104,1.946353,3.9122107,-8.10356,-21.378325,-5.695731,-21.061178,-9.837896,-4.325592,-2.2374992,0.76028186,0.26526138,0.15263803,0.97978204,1.0473334,-0.045747194,0.6479041,1.9418936,-0.022277575,-0.7032679,-0.85976326,-0.112872615,-0.6359852,1.8537853,-1.9505248,-0.35618025,-1.4497648,-3.3085108,1.358036,-0.43516704,0.77504927,-1.9585549,-1.5633882,0.37525725,-0.48664975,-1.9379429,-1.1421613,-1.3635062,0.07208039,-0.62799644,1.2509208,-1.5127059,1.8184555,-0.45673627,0.08296753,-1.5968431,-1.5729692,0.31856397,-1.6959412,0.5026516,NA19457,LWK,2
-4.216573,1.4134167,3.4186738,-7.7236204,-22.621208,-5.868337,-21.711773,-11.290064,-3.826103,-2.3809156,0.48220575,1.3890256,-0.374964,-0.40892363,-0.17466028,0.48354825,-0.3777659,0.18080758,-0.5143216,0.86737394,-0.8670913,0.24452604,-0.02269617,0.23035167,-0.70990884,0.2998074,-1.617049,0.04896759,1.0340747,0.14369258,-0.99040616,-0.3221807,-0.59513676,-0.8270094,1.0733391,-0.25480148,-1.067491,1.4368839,0.76278067,1.7063098,-0.7935453,0.6975592,0.15711771,0.040948488,-0.9567983,0.18951689,-2.5052252,-0.05743679,1.724796,0.22157803,NA19372,LWK,1
-3.4448173,0.7098247,4.1270394,-7.4088035,-20.673878,-5.9551654,-20.004805,-10.169367,-4.289291,-3.0092013,-1.0952296,0.160532,0.3835512,1.1148288,-0.44558477,0.8050018,-0.7804287,0.014149948,1.0393534,-1.4331748,0.13464862,0.14124787,1.2659585,0.50385225,-0.44521114,-0.460281,-0.41054878,1.2975947,-0.042853326,0.5960235,0.43924612,-1.8677725,-0.96883404,-1.9659445,-0.09556533,-0.8009712,1.1788096,-2.5521493,-0.79750425,1.135776,2.4877877,-0.75602263,-2.210518,0.096551776,1.08623,-1.1798934,0.88320774,-0.2843368,1.9585968,1.5353479,NA19019,LWK,2
-3.3191035,0.7960536,4.2375817,-7.470071,-21.52726,-5.3976994,-21.043013,-10.56386,-4.754333,-2.416671,0.24187408,-0.46278685,-0.59758484,0.6808155,0.57457864,-0.2079014,0.07384222,-0.658476,-0.7114957,-0.06908326,0.16323757,-0.54287994,1.5554819,-1.4897864,-0.14794943,1.0301635,-2.5889165,0.7331388,0.97769517,-0.19530807,-0.8752328,1.1282624,3.0274467,0.020984624,-1.5074533,-0.68035126,-1.6888418,1.1986077,0.5384457,2.1008558,-0.027307887,1.5575593,0.0600915,2.0583096,-1.0850405,-0.4193375,-0.33757588,0.031081729,-0.36148515,2.064303,NA19022,LWK,2
-4.0290074,2.6613026,4.293758,-7.375589,-21.87502,-5.372306,-20.178944,-9.810319,-5.104882,-2.372869,0.12562473,-0.20480464,0.46197557,-1.2456996,0.87673366,0.5843913,0.60679924,-1.3272017,0.8099599,2.0543876,-0.20069496,-1.6430967,-0.2378415,1.0932549,0.27884188,0.78417385,-0.5405912,-0.9435042,-0.01736262,0.8573808,1.8578748,-0.83962864,-2.6490011,-1.1812264,-0.98554534,-2.272368,-0.35904485,2.0347798,-0.047544874,-1.0715094,-1.3220476,-1.5173427,-0.011806744,0.30206156,3.1296997,0.054353613,-0.55027485,-0.2928434,-0.9805758,1.3626626,NA19392,LWK,2
-3.2024949,0.53508824,3.7329373,-7.509498,-21.826073,-5.1205807,-20.257832,-10.441461,-4.9430017,-3.126115,0.41488567,-0.07376029,0.7541275,0.46013698,-0.86927426,0.84729445,-0.31303567,-0.6513367,0.4139333,0.3712377,0.4661974,-1.1705811,1.5977135,-1.5222056,0.783361,0.8082671,0.33740366,-2.0310566,-1.0757399,-1.9434063,-0.7623745,-0.18695389,-0.036348294,-0.7069909,0.6260814,0.73203117,-1.0717454,0.9969515,1.3245059,0.8870931,0.67059636,0.88554865,-2.0578136,1.2484674,1.5677557,-0.74793214,1.2164869,-0.12474173,0.44846204,1.0161272,NA19454,LWK,1
-3.5868711,1.452829,4.0999756,-6.4735413,-21.73277,-5.1920877,-21.398268,-10.484863,-5.3440685,-2.0263937,0.86915314,1.5135725,0.59431213,0.68175894,-1.2512966,0.22832692,-1.2871741,0.5849271,-1.1606766,2.007283,-0.85375446,1.2437192,0.37721878,0.8079818,-1.8775741,0.74380946,-0.93432426,-0.34823054,0.53011674,-1.8311075,0.9227969,0.06690107,-2.024947,-0.29990068,0.65734893,0.41024703,0.49242693,-0.18038364,0.48429704,-0.6004355,1.7924933,2.2405267,-1.1816257,-1.4146715,0.022505948,-0.636591,1.02546,0.52221835,1.9963989,-0.96865326,NA19017,LWK,2
-3.560873,1.6643277,6.039453,-8.30277,-20.950155,-5.435582,-20.885946,-10.401616,-4.949703,-2.6828818,1.409021,0.48423654,0.61981744,1.4225148,-1.3847455,-0.19593693,-0.08632987,-0.8278762,0.20731817,-2.4294186,-0.43225393,-0.39880553,1.5545903,-0.27365524,-1.9808708,-0.08454636,1.0632942,1.3613287,2.6639817,-1.2016896,1.8612223,-0.92913544,-0.7685941,0.6694272,-0.024528243,-0.43562385,0.17286214,-0.3047703,1.7341506,0.0005602008,0.5948579,1.3440102,0.5948891,-1.5210415,-1.4294858,2.2975743,3.5534766,0.24947383,1.5460026,0.31894612,NA19441,LWK,2
-3.2042391,1.1390396,4.092061,-7.874832,-22.426985,-5.1964726,-21.218246,-9.988186,-3.596277,-2.3797886,-1.1639335,0.52213943,0.2722458,0.60939175,0.103947036,-1.1541345,0.3508644,0.18655154,-1.7295353,0.79924864,1.5076886,0.038075622,1.5127255,0.9978525,0.6630349,0.9835076,1.2500237,-0.18528034,0.92940974,-0.9961905,0.41155398,1.8192295,1.4241755,0.16745254,-0.88950324,0.28406855,0.47129673,1.1454881,0.44114277,1.4548184,-0.40034467,1.6216186,-3.1869411,0.8542002,-1.1444271,0.5225123,-0.31983048,-0.9706013,0.9693518,-0.8049172,NA19475,LWK,2
-3.616767,1.7155818,4.0655417,-7.124457,-22.208525,-5.8784943,-20.37225,-10.141791,-4.500311,-2.22054,-1.286376,1.9015855,-0.34611732,0.39511052,-0.39603564,-0.1518037,-0.8294946,0.16613287,-0.7597989,0.33941388,1.56588,0.56208867,3.0711915,0.2971642,-0.69865185,0.66913813,0.74848086,1.2691462,0.99537265,0.19557467,0.16386898,0.13684179,1.2337317,0.92789036,-0.8660521,1.2673436,0.79903096,0.11785974,1.5510737,2.207495,0.59894663,-0.17827746,-0.10055939,-0.32607082,-0.49504945,0.5683379,0.084335946,0.6974204,2.6288853,-2.0543752,NA19026,LWK,1
-4.157679,1.300947,5.5683093,-7.6611457,-21.099705,-4.0755024,-20.565893,-9.378885,-4.2248616,-2.1634607,-0.9878154,-1.5087465,-1.638372,0.5351504,1.8486284,-0.41483212,-0.077327244,0.5391909,-0.14884436,-0.5884518,-0.17475949,-0.23611511,0.5517331,1.107389,0.90823144,-1.9057875,-1.2249674,0.1396567,-0.070317134,1.5421395,0.45356223,0.006555685,-0.47050864,-1.382422,0.24344918,-0.5371257,0.6978524,0.5735457,1.0973071,1.3745252,-1.1752329,0.16842715,0.27178395,-0.47452566,-1.293288,0.7040388,2.4037106,-2.9715934,0.35607663,0.32736894,NA19023,LWK,2
-3.9281273,0.924981,4.9045553,-7.256127,-22.991394,-4.836235,-20.692278,-10.735649,-4.5268764,-2.9493983,-0.17695872,-0.8306883,0.92556566,-0.960828,-0.122872025,-1.2074673,0.39442778,-0.16050926,0.04128087,0.436806,1.1658578,1.0093935,0.124895394,0.41429222,1.2687004,1.5906374,0.46297148,-1.1744735,-0.44489458,-1.1813927,-0.3679273,-0.37860122,2.498371,-1.3792557,-0.10336662,-0.51958525,0.9941703,0.8450199,1.692323,-0.6756701,-0.11256536,0.27103904,-1.0416088,1.1660827,-0.72191423,-0.051475316,-0.6068785,0.2274423,1.2742629,0.10156307,NA19378,LWK,2
-4.706241,0.4323317,4.464899,-7.5112314,-22.614342,-5.4331684,-21.39105,-10.515726,-4.4215937,-1.6254525,-0.5876812,0.789292,0.63499725,-1.5890652,0.8769807,0.38928488,1.3518509,-0.60287464,-1.1808283,0.10204804,-0.477875,-0.47949412,0.12118709,-0.03543898,-0.07165762,-0.5332913,-0.34298596,-0.035536334,1.2237836,-1.3820412,1.2529155,-0.39923984,-0.46272293,-0.6331727,0.78467584,0.45527318,1.3453933,1.1595864,0.58909166,0.51388824,-0.080243856,2.364438,0.9139205,0.46960098,-1.9444408,0.1619708,0.107715674,-1.3197782,1.6531979,1.7546315,NA19025,LWK,1
-2.7444642,2.1881495,4.045818,-7.39783,-22.440556,-5.4755363,-20.362394,-10.585244,-4.356176,-2.7345164,0.42167157,-0.0072171367,0.22362033,1.32211,0.6144148,-0.029242279,-0.21215186,1.7822775,-1.5967885,1.1651531,-0.20132078,-0.9550552,0.75656104,0.9815207,-1.3282936,-0.5388545,-0.8054137,0.27130106,0.64208597,1.8825965,0.72028106,0.5446338,0.04172517,-0.9737741,-0.23993425,-1.1497208,0.16267134,0.51412904,0.78475636,1.1573881,1.3408655,1.9989924,-1.646406,3.4383585,-0.4466177,-0.15084727,0.0064077117,-1.3254089,-0.042707585,0.32427633,NA19030,LWK,2
-3.5108244,1.8280851,4.612339,-6.7315984,-22.588207,-5.7642074,-21.355225,-10.810202,-4.692625,-1.3224274,0.15937485,0.74897474,-0.2497933,-0.5770301,-0.100384265,-0.55767435,0.25919977,-0.8748264,0.4369791,0.71362275,-0.06619948,2.6073952,-0.15718982,2.3057718,-0.99582124,1.4159461,-0.54110575,-1.6756129,-0.05861117,-1.8896573,3.371251,0.43005744,-0.8998749,0.016341385,0.14284825,1.0488384,0.62753654,0.60069346,1.7294453,-1.2053729,0.9593669,-1.6282552,-1.4465446,0.9010302,0.34973663,0.31746417,-1.0386558,-1.2097504,1.3926759,-0.54549354,NA19037,LWK,2
-3.2216098,1.2065653,3.4952834,-7.8472896,-21.522943,-6.1893225,-21.424406,-11.081685,-4.7321196,-1.3315219,0.24711941,-0.1311704,1.4332216,-0.2494401,-0.09072622,0.40325707,0.24157974,1.4127152,-0.61628765,0.30752537,1.0799783,-0.7675361,-0.06799956,-1.3777841,-0.23241058,-0.14653659,1.8561041,-0.60339385,1.8738011,-0.8045462,-0.18782327,-0.5406036,1.06909,0.17620452,-0.19995694,1.4098104,1.2388157,-0.34307528,-1.8678899,0.67929316,0.5278173,1.0282737,-0.7531481,-1.742238,0.33198375,1.036463,-1.536908,2.6531963,0.0020694511,1.1894693,NA19039,LWK,2
-3.3786256,1.2681417,3.646828,-7.8156962,-20.931883,-5.8004436,-19.004257,-9.726242,-3.191472,-1.1976737,1.4491671,0.31221414,-0.9490347,0.7643429,-1.0831244,-2.720952,0.19915426,1.3102292,0.837899,0.28549996,1.2959011,1.0031896,0.43379548,-1.0085107,1.7327287,-0.90228814,2.9367437,0.49133188,0.74990773,-2.0997193,-0.29768655,-0.6973462,1.2128639,-0.7232515,-0.29305562,0.4177898,0.00039060583,1.0207871,-0.7492884,2.373743,2.3144693,-1.9813552,-1.6242561,-0.4277549,0.13731118,-1.9788294,0.25116977,-1.8999013,0.31135994,1.2055087,NA19043,LWK,1
-2.9129019,2.8698902,5.4304724,-7.675541,-22.312052,-4.946705,-20.921253,-10.140653,-4.766064,-1.5434836,0.40774146,1.032578,-1.3951918,0.97935444,0.08183358,0.89735425,2.6307352,-1.9601822,-1.7391564,0.47407162,0.62873167,-2.7576368,0.82579046,-1.5011225,1.4527506,1.2366337,-1.5259303,1.5342275,-0.69410384,0.5560514,-1.7325776,1.8424524,4.538155,3.782062,-0.29460528,-0.23290534,0.4674446,2.7236552,1.9633365,-0.9355754,-4.0256305,1.9678893,2.5394301,2.9859,2.3189158,2.635742,-1.3171078,2.24121,0.13381775,0.80014664,NA19045,LWK,1
-3.3866754,0.98295426,4.510404,-6.9785604,-21.177263,-6.0994873,-20.391052,-9.681749,-4.0491133,-2.6897116,-0.3263115,0.07940072,0.47023284,-0.38664496,-0.97477,-0.43537706,-0.30454588,-1.4516357,0.75486875,1.038987,0.74277353,0.7459443,-0.9308375,-0.67734456,-0.72542393,-0.8694226,1.3232672,0.48913938,1.0362021,1.7361097,0.9011622,1.2826172,0.36072955,2.5775657,-0.63883746,1.8794053,-0.038663898,-1.0501431,-0.5820079,-2.6231086,1.127859,0.8022207,-2.181278,-0.29910702,-1.3336273,-0.8612751,0.62881935,-1.3059336,-1.3374699,0.84826946,NA19402,LWK,2
-2.802685,1.3454719,4.2283697,-6.666241,-21.688948,-6.6635528,-21.246733,-10.913291,-4.8211,-2.4096131,-0.96747744,-0.8206582,1.1380918,1.6933248,-0.0035376963,-1.3482846,-3.1961718,2.098731,4.963958,-0.21241905,-1.3433331,2.4381578,-5.5494523,-1.462153,2.6339912,-0.18887584,3.4755242,-0.17079508,-1.8862892,-0.79958934,-9.229908,2.9690888,2.808512,5.003078,3.7872531,2.3522158,-2.420741,-6.4115205,-7.2417493,-0.50134057,-1.9844244,-6.5637364,3.754228,-2.3409467,-4.5549097,-2.235711,-4.4173574,-4.0660305,-4.357038,-2.2333791,NA19432,LWK,2
-2.8903193,2.419486,3.5033047,-6.8811283,-21.687971,-6.4801083,-20.097462,-11.098892,-4.623116,-1.4797975,0.7740361,-0.5633454,-0.37757492,-0.53784186,0.059758842,0.40515503,-0.6730777,0.37411672,-0.2837928,-0.5351552,1.2294937,0.8318673,0.41843453,-1.3067694,1.3393736,0.05514094,0.4608151,-0.96269166,2.4993703,0.6384523,2.0339286,0.12988822,0.51981544,-1.9191418,-1.6298628,-0.163619,-0.63192004,0.78624684,-1.5588124,-0.2525654,-0.94182354,2.2659047,0.5960465,-0.19316423,-0.38138607,0.32488477,-1.3456281,0.34327078,-0.6777252,-1.2963897,NA19024,LWK,2
-3.7961047,1.9124745,4.4932914,-6.994602,-21.600044,-5.838684,-19.490795,-10.383589,-4.8584647,-2.1534793,-0.76375175,0.2841008,0.2828868,-0.33846265,0.28717875,0.030200256,1.2706335,0.55361545,0.21769248,-0.85866475,1.6100235,-0.77639496,1.2675421,0.16447647,-0.09266842,0.30639017,0.8777726,0.81400573,-1.6364623,2.029212,-0.70388603,-0.14831924,-1.5617325,-0.30059752,0.3172988,1.7550682,-0.7175609,-0.53262156,0.1289896,1.8160591,-1.9800576,-0.23578897,1.0381483,-0.9837998,1.6130904,-1.6538717,-0.44339663,1.4667996,-0.6668532,-1.2071751,NA19323,LWK,2
-7.3321314,26.619654,-20.892828,7.7714334,2.8285193,0.052261468,0.55445117,0.19934134,-1.5690701,-1.4569765,-0.4802163,-0.6860122,-1.1136193,0.43322405,0.04089769,-0.33269477,1.1213884,0.20822382,0.3271246,-0.5605016,-0.53997713,0.6821465,0.45224723,1.2241349,-0.49106976,-0.3665983,-0.16030112,0.20411962,-0.675911,-1.1059115,-0.33032525,0.29754925,1.0579362,0.15154898,1.5625726,-1.8252187,-3.4534016,1.4268408,0.59490174,-0.5540842,-0.7183105,1.3283614,-1.4846666,-0.43037322,2.9851723,-0.14699078,0.42754307,-0.24195638,0.894111,-1.1820512,NA06989,CEU,2
-7.1727905,27.301332,-22.397612,7.510109,1.4589198,-0.8558324,-0.06737465,0.5108754,-1.273332,-1.0971185,-0.13436736,0.89379615,0.644972,1.0508121,-1.570292,-1.1588413,1.1242368,-0.76142967,0.6740291,-1.5420176,1.3614701,-0.7497508,-2.6008544,-0.032328393,-2.2493608,0.6024736,-0.11758282,0.65835446,0.11390818,-2.761195,2.0822551,-2.854061,-1.697193,-0.9291528,-3.928404,1.6020688,5.1531167,2.501525,-0.23973365,-4.2165775,-1.3752079,1.1824852,0.9929826,-0.5632549,-1.5205104,-0.26700023,-4.382528,-0.013404099,3.6448917,-0.3704171,NA11891,CEU,1
-7.235459,27.427313,-21.05282,7.6080537,2.3834221,-0.33518302,-0.089654826,0.24764007,-0.73987454,-0.5670184,-0.8870567,0.25957906,1.1019905,-2.3076296,0.79774725,-0.5782535,0.5845877,-1.9986317,1.8217826,-3.5834455,-0.14712603,-1.4567267,-3.9495656,-2.655134,-1.788458,0.650509,-1.3763345,1.7176963,-0.9205811,-0.18031831,-2.1602077,3.5902963,-2.8214052,0.2572314,-2.2068691,3.3479087,1.5484004,0.5541261,-0.26589078,0.14164862,3.7897239,-0.94783473,-1.2947632,1.5531445,1.0911915,2.5485861,1.2447896,-1.1191199,1.3618579,2.158972,NA11843,CEU,1
-7.5176473,27.079021,-21.40396,7.5752335,2.7005513,0.37283695,0.058535192,-0.08206263,-2.1315567,-0.7501723,-0.87410957,2.204387,-0.48950168,0.6834476,-1.600983,0.30328873,0.6753082,0.26677376,-0.6525309,3.0235088,-1.5204594,-0.23910913,1.5429119,1.3534529,1.4389813,-2.4230654,3.4884176,-1.9829441,-1.1692947,-1.0191847,5.049746,-4.0513153,6.9452133,-0.83526635,3.1753213,0.40387276,4.529618,-3.2580657,-0.08780226,-2.4252892,2.261915,-1.7873076,-1.4955348,-0.27510464,-3.278719,-3.0484612,-0.8976112,-1.319392,2.1858017,-0.69474995,NA12341,CEU,2
-6.68843,28.5701,-21.851412,7.6255136,2.3700335,0.063662045,-0.041687317,-0.060023144,-1.9626763,-0.56418926,1.3782117,0.63726974,-0.6624352,2.7582297,-0.29890493,3.357088,-0.2632119,-3.609947,1.2325555,3.214856,-2.356463,1.6343489,3.231159,0.375631,-0.7894472,0.5957884,-0.12231354,5.527877,-0.87938374,4.9287806,0.30013117,-4.065079,7.8638344,0.6293044,-2.2537563,-2.5109818,-1.0432408,1.2183828,3.7865283,-1.7351581,5.3147388,3.2805462,-7.5688043,-2.4541519,0.927172,-1.6653577,-3.2221723,-4.110834,2.3098812,1.7476742,NA12739,CEU,1
-7.910603,27.79919,-22.783003,7.1376114,2.62701,1.1211125,0.10064277,0.2661995,-0.32213128,-0.65007174,0.3440089,0.7202068,-1.2816275,-0.37372747,1.0413265,-0.5750587,-0.67665327,-0.46016982,-0.37387717,-1.2828453,-0.14151943,-1.0542109,-1.1908783,0.8286326,-3.1608727,-0.77945143,1.3528768,0.423518,-0.5022248,0.9443266,0.94817984,-1.5775777,-0.3479758,0.5552849,-0.6376388,-0.98482865,-2.082218,-2.0270953,0.5510119,1.0657071,2.2571173,-2.3432264,-2.1217163,2.1507955,0.12157144,-0.43394828,0.1947331,0.5274548,-2.7093437,1.3785737,NA10850,CEU,2
-7.076135,26.95087,-21.208942,7.2271366,3.0617895,-0.4054309,0.18208711,0.5983174,-2.7473814,-1.102128,0.31579736,-0.56655043,-1.1501619,0.33615342,-0.7277067,-0.78461885,0.60014635,0.57992196,0.6600451,1.7432212,0.49618772,-1.346682,3.1588612,0.098534025,0.6429921,1.0607756,2.5239398,0.20590815,-1.3230485,2.220122,-0.049124736,-1.3882061,0.7445077,1.0849901,0.5767043,-1.1699623,-1.5215799,0.06370498,1.2785199,2.2611868,-1.6275492,1.0265855,-0.74989676,1.4312761,-0.4257505,0.1846047,0.6594693,1.7965888,1.0862311,1.6693219,NA06984,CEU,1
-7.1617494,27.249752,-20.940495,7.8952103,2.6311584,-0.2977436,0.23109041,-0.8463978,-1.3258075,-0.57396,-2.0013628,0.9636156,-0.23901755,1.0361228,1.0199742,-1.2937179,2.4103205,0.77208495,-0.30473378,-2.9359727,2.243328,-6.33715,-2.4557397,-2.5951345,2.9832635,2.7900403,-4.590234,0.5773339,-2.8661404,0.17814322,-9.262319,0.4065874,0.06328646,2.9291687,-1.7184935,-5.4100523,-2.309385,4.314072,9.738272,0.89373624,1.208573,-1.9690199,2.071953,0.8904282,-5.0727386,5.9010353,-0.89078844,-2.8142192,1.7620153,-1.6274052,NA12877,CEU,1
-7.0490294,27.108372,-20.81592,8.0805,2.2491035,-0.6553038,-0.6904946,0.23559307,-1.7224172,-1.4544519,0.8510646,-0.12879626,-0.42630073,0.653257,1.8402305,0.31983283,-1.2118332,-0.07477109,0.8084193,1.3525445,2.0199933,1.4538001,-0.06280731,0.7415118,-0.5828692,1.0373638,1.0722461,-0.6269002,2.540065,-1.7077745,-0.25193933,-2.9494822,-2.198786,0.09359259,1.1192094,-3.2270596,-1.1179204,-0.063179225,2.9413993,2.0280008,2.0544324,2.2773502,-0.78663284,1.7293442,-1.3479385,0.53708065,1.6173215,-1.164464,-2.9222507,2.9570148,NA12275,CEU,2
-6.9585743,28.080046,-20.88621,6.8861794,2.5050185,-1.0037277,-0.6203957,-0.20066072,-0.5798176,-0.82590747,0.8840309,0.55499166,-2.3210468,1.6461318,-0.6594567,2.1646512,-2.3750677,0.30068356,-1.3175943,1.8902509,-1.6141014,3.2760625,9.920001,5.129391,-0.80337524,0.76356256,-3.271144,1.5402632,2.2639742,-0.36173832,-1.5397251,-0.3960134,-0.47052318,3.0288353,0.66474247,1.9786764,-1.5531133,-0.48524803,-0.3208817,-2.9701262,0.63703966,1.3887206,1.9909203,-1.5256666,1.5257654,-0.88557595,-1.7893264,1.0872058,0.23399307,-2.8714478,NA06986,CEU,1
-7.272119,26.163889,-21.777796,7.814722,2.3445415,-0.69325644,-0.7813172,-0.93015695,-1.6581442,-0.97408384,-0.063684024,0.40545696,0.63889277,-0.10223018,-0.050725877,-2.1222603,1.729249,1.3170996,1.6999063,-1.3443583,2.3624618,0.033339582,-3.8994157,-4.5008473,-0.73848337,1.8885843,-2.2497835,0.0029785775,-2.488218,1.7938657,0.93261546,0.29858524,-1.4026715,-2.584783,-0.20624802,-1.3871104,-1.7045035,-0.1540015,0.119082466,-0.2610749,2.2447286,-0.3489882,-0.24188294,0.32067665,0.44268215,1.4791332,0.756622,1.4833176,-3.2985272,-5.4789515,NA12272,CEU,1
-7.526054,27.37383,-21.419743,8.165096,1.5528245,-0.27158177,0.4600756,0.11579059,-1.5285248,-1.8598642,0.20044091,-0.35466906,-1.1847104,0.17378357,-1.5499411,1.4435921,-2.011173,-0.54222995,-2.3519633,2.251974,-2.172769,0.4570544,5.3340545,5.0533814,1.7702746,-0.5246931,1.4038327,0.9025826,5.112381,2.0809863,-2.033839,1.2468613,2.5925283,3.0082648,4.6583033,-0.100209445,-0.24694647,1.8577381,-1.8104858,-0.09305133,-0.82133144,2.9351027,-0.43569264,-0.42956087,1.8372301,0.5904837,-0.57648355,-3.3289697,-0.3489584,2.801796,NA10845,CEU,1
-7.3999677,28.25269,-20.82753,7.203166,3.4851196,-0.58415437,0.47736454,0.17553176,-1.4176748,-0.66862655,-0.03512743,-0.52239245,0.66919065,1.2929001,-0.6608757,2.1769342,0.6091842,-0.08770968,-0.162803,-1.0374428,-1.1068119,0.34013835,0.5835688,0.4722008,0.42603686,-0.5985798,1.1214367,0.17598572,-3.682188,-0.0639541,-2.586244,2.0182145,-0.9811462,-0.04169409,0.17633788,1.7365162,1.2779864,-0.78672296,-2.199945,1.1692976,0.79689986,-0.07143992,0.60349286,-3.073103,-3.689574,1.7766799,-5.1621375,-2.5684896,1.1081592,-0.9586656,NA10852,CEU,2
-7.772574,27.750477,-21.67701,8.351359,2.8096163,0.05121173,-0.21202196,-0.27154917,-1.9742379,-1.4866389,1.2944356,-2.2099636,1.4206719,0.46805444,-0.6272408,0.059013423,-1.2648164,0.27414817,-1.3284299,-0.8211404,2.058694,1.2254668,-0.3113718,2.1930506,-0.026437467,0.5163122,-3.7030091,-1.7934943,0.9191118,0.44228536,1.7765976,0.5188846,2.6712093,-1.6329224,-0.83465034,-1.5479146,-0.6215437,-2.1762364,-2.7289867,0.19036238,0.048299283,0.19089274,1.9254838,4.5246243,2.992506,-1.9518206,-1.5020394,-0.9314162,-1.9992197,2.2234466,NA07051,CEU,1
-6.8239336,26.595453,-21.93608,7.1432886,2.4041853,-0.69707286,-0.19124442,-0.59925514,-0.95939565,-0.6333747,-0.733798,-0.21811202,0.7257836,1.8942797,0.41695035,-0.57262546,-0.33406785,1.5103947,-2.0730057,-0.458276,-1.1588765,0.82161605,0.9701514,-3.627452,-0.23611473,-1.0836302,2.9127884,-1.7359387,0.7202868,-1.868672,1.0475723,0.8449846,4.0876794,1.242669,1.7037442,-3.7907417,0.5188463,-0.5900657,-0.17626798,-0.3418981,-5.158412,-5.8115582,1.2400092,1.9804748,-1.8158773,-1.7759715,0.43062532,2.8262503,3.6330318,1.9535892,NA12400,CEU,2
-7.169078,27.838911,-21.341387,6.7209377,2.5583441,-0.42812952,-0.9048985,-0.39382917,-0.7501391,-1.315811,0.47916758,0.0095516415,-0.44293123,-2.1794057,-0.7321283,-1.0732151,1.4865915,0.24342558,-0.67011803,-2.2009594,0.9005139,-2.130392,-4.042037,-2.2456625,-2.6016994,-2.8566825,3.2696893,0.52711457,-0.6201186,-0.24925455,0.6900745,0.8511736,1.4146758,-3.4402168,5.462227,1.9009243,1.8690876,-0.7651414,-5.6597176,-0.03167005,-2.8726928,-0.41946518,2.8778687,-1.4212127,0.8717682,-1.9564677,5.5713134,5.975976,2.9693565,-3.542033,NA12344,CEU,1
-7.079464,27.477163,-21.947205,7.1604443,2.0255814,0.0955381,-0.9260919,-0.26953343,-0.7891807,-0.8080867,-0.25958526,0.07439088,0.4196126,-0.40643334,0.0065722396,1.5133466,-0.6787637,-1.3366233,-1.1065508,1.6058455,0.33843985,2.4500914,-0.7179342,1.2390189,0.35448352,1.8178234,0.5461749,0.47661015,0.005630527,2.2066236,2.106809,2.5538104,0.4627508,0.9437546,-0.627925,-1.7379503,1.1933475,-1.4113446,-1.5721488,-3.3167734,3.4846056,-0.25923622,-0.08961775,-0.9234545,1.5869935,0.96430445,0.848842,-1.5573698,4.3166795,2.043557,NA12777,CEU,1
-7.2596626,26.365137,-21.770964,7.73747,2.490851,0.10859249,0.18798636,0.7014411,-1.6864016,-0.5972785,-0.43889523,-0.28584805,2.9471135,2.0940175,1.6064111,0.37776005,1.5388632,-0.6915829,0.94126767,0.59333324,1.0060309,0.048683275,-0.40842858,1.6969386,-1.2169906,-0.26353773,1.723054,0.81789833,1.3209105,2.8966377,0.86411095,-5.1383696,0.4583956,-1.2973728,-4.605164,-0.98631436,3.6929681,-0.28627154,-1.8844932,-5.15476,5.1940813,1.5758294,4.0515795,3.0089507,0.3217898,0.979394,-5.2248006,-1.14139,-3.2244277,0.79257023,NA12287,CEU,2
-7.0734906,27.618439,-22.34148,7.629886,2.5082004,-0.9656398,-0.53286356,-0.66351867,-1.1484075,-0.4146066,0.00028946484,1.1216418,1.3078449,-0.9926745,0.21890955,-3.0610535,1.9123436,0.39788076,1.0672344,-1.8175864,3.7974074,-0.35662967,-7.88369,-7.8423076,-1.2990817,3.004794,-2.585426,-0.053578064,-2.7130764,3.4560409,1.4890884,-0.1780564,-3.1470237,-3.479795,-2.0851252,0.9811915,-1.643686,0.60858816,2.364704,-0.5380027,4.01156,-2.892571,1.1263928,-0.027114555,1.9282598,1.782663,-0.9507193,4.876705,-4.0159698,-7.4787908,NA10837,CEU,1
-8.671088,27.016,-22.15022,7.5112324,2.254948,-1.1209872,-0.32735848,-0.4977107,-0.7672116,-0.7553027,-0.76313084,-2.2253447,0.96950656,-2.41756,0.31096667,2.152548,0.9468051,-0.42288288,-1.1609925,-1.7083404,-0.80147326,1.3347406,-3.3582864,-1.144249,-3.5376697,-0.3295438,-4.450763,1.3538893,4.81683,-3.6713612,1.5861259,1.0659528,-3.0588598,-2.2593076,-0.2642533,0.87246674,3.4429157,-1.2278897,-2.6770825,0.861392,-1.3669428,2.0293422,3.261327,4.0429173,-2.753137,-1.2023456,0.6956812,0.950488,-4.572082,-2.590999,NA12383,CEU,2
-8.01006,28.312899,-21.746529,7.332692,2.8876803,-0.63373226,0.06548663,-0.2122262,-0.21522887,-1.7458565,-0.22405449,1.0158098,-0.74249244,1.4936153,0.042567726,0.74964744,-0.25500157,-0.5120047,0.19565082,1.363265,-2.7740192,0.66183084,3.766353,3.448774,1.3226877,-1.8668199,4.1976213,-1.7543656,-1.3475598,-2.585804,4.8602333,-3.0699148,4.9681473,1.8738972,2.7826383,1.2955171,1.9263302,-1.8400162,-0.61428577,-1.2374647,-0.16199668,-2.4806302,0.3243066,-2.293177,-1.458054,-0.30711767,-0.8222596,-1.9262576,3.1334043,-1.9153075,NA12340,CEU,1
-6.4728346,27.4408,-21.188477,7.9405103,3.3611207,-1.3202497,-0.38755545,0.45007446,-1.2811416,-1.1013602,-0.12782311,-1.8886094,-0.23862956,0.01569362,0.6392905,0.28954884,0.3454833,0.25147292,-1.5491652,-0.9419694,0.9838296,-1.5891134,-1.8699894,0.5936775,0.9799573,-0.60932475,-2.0811532,2.0068793,3.7213345,-2.9891818,0.5294709,1.1544856,-0.56547886,2.1525364,0.099468865,-3.7480752,1.343509,-2.1200976,2.7314672,0.10218534,0.06523076,-1.566306,0.92971575,1.9842762,-2.3914626,0.87886024,4.3664966,-1.49764,-1.3998929,0.56875986,NA12708,CEU,2
-6.7797976,27.513681,-21.913538,7.3128715,2.734447,-0.8947505,-0.37759823,-0.039128345,-0.8532102,-1.2309831,0.27926713,1.3213383,1.0731007,-0.6676892,-0.08895233,-2.042006,1.2850647,0.40011197,-0.23755194,-1.2608846,3.0113034,0.22668333,-7.306126,-5.7931685,-0.98769355,2.6388369,-1.3036188,-0.23307115,-3.2076554,2.8736784,1.4206413,-1.6990894,-2.1946325,-2.698416,-2.339656,2.2835765,-2.8412604,1.3105087,3.1400037,0.30862728,2.70652,-4.109925,0.50472295,-0.5282348,1.9864074,0.6041798,-0.79092497,5.7120156,-2.3788297,-4.0329027,NA12273,CEU,2
-7.5135083,27.89132,-21.433588,7.3343267,2.5532312,-0.19060405,-0.2594388,-0.04429267,-1.251465,-1.5752763,0.38606516,-0.088668436,0.04893921,-1.4161199,0.36848426,0.7472769,0.49409917,-0.29076535,-0.71224153,0.9768392,2.2433574,-1.0336705,1.5223863,1.1079463,-0.097112305,0.8206668,-2.4561446,3.553239,-1.8282496,-1.3583829,0.8133695,-0.27822375,1.0564466,-0.092442475,-0.50023943,0.8968211,1.8600544,-0.5012749,-1.1794752,-4.124769,-0.116723955,2.6399045,3.7948604,-3.714137,-2.1516628,-1.8277813,-1.4854782,-1.2821164,0.41858485,2.244842,NA11892,CEU,2
-7.278307,27.712873,-21.21394,7.439305,2.9084423,-0.25576028,-0.66939425,-0.60157716,-1.5456866,-1.2811075,0.51656514,-0.45943758,-0.08280791,0.19334494,0.055259924,-1.4577696,0.63981706,3.1799698,0.16484852,-3.4696393,0.8716769,0.2641138,0.4780985,-1.2587613,-1.3662918,0.4555594,-0.2813574,-3.5300756,-0.06418288,-1.5735933,0.32683343,0.6036396,-1.9173673,-1.7414026,0.40390572,1.3422673,-0.45855471,-2.9227526,-1.2209376,-1.1013865,-2.0366216,-2.332903,-3.4365122,-0.9167624,1.6914085,-2.2348363,1.0856603,0.6527674,-0.23190555,0.87889475,NA12546,CEU,1
-7.20595,25.403288,-20.601688,7.7180986,2.590367,-0.37013972,-0.92634845,0.11315591,-1.2135278,-1.3368049,-0.27281505,0.4571725,1.1383868,1.0708523,-0.43479022,0.35894746,-1.9927223,1.4882402,-0.18583104,-0.26801834,-0.5636374,1.6306659,0.20331702,1.6517514,-1.071585,-0.70737034,1.5432806,0.054344233,0.88262784,-0.7863803,5.065769,0.23215316,0.57948714,-4.5199966,-0.11713734,-3.1826115,-3.4496098,-0.5473399,-0.48795772,-0.4039578,-2.2426,-0.059069414,-1.6474808,-0.94077444,0.6153944,-3.671203,-1.2339392,2.1991286,1.208887,-0.95058936,NA12843,CEU,2
-7.908937,26.902239,-21.977594,7.804409,2.742894,-0.52941495,-0.11215634,-0.4416271,-1.070269,-1.1824865,-0.637475,1.741978,0.08605831,-1.9499825,1.0891418,0.52675694,0.69177765,0.18300143,1.0174911,-1.4692769,-1.150772,0.17533728,2.824637,1.6076437,-2.555902,-4.2914386,-1.9082065,-0.121124096,-2.8045278,-4.6603956,4.5373425,-2.1641824,1.4702214,-2.0784442,1.7536592,4.0201907,-1.0135609,1.5561141,-6.4952526,1.9775189,1.0294814,1.022648,-1.1523597,-2.6862516,-0.06951357,0.8639167,-1.4231824,0.951501,-0.7025351,2.0182123,NA12766,CEU,1
-6.838893,27.697767,-20.399487,6.4306903,2.7757595,-0.3177253,-1.0173794,-0.51530635,-1.2135935,-1.4544939,0.08648511,0.77050835,-0.025942277,-2.2066329,-0.6312518,-0.9530012,0.984864,0.95777255,-0.77753276,-1.7448666,0.83802515,-1.1943684,-1.9914109,-1.578091,-1.9871906,-3.2021606,2.1771414,0.7073986,0.36586818,-0.1663524,-0.2043406,1.8049885,0.99960405,-0.6848722,1.6936061,2.598653,1.3559452,-1.3541508,-4.0201097,-0.54668146,-0.7838291,-0.7826551,2.8859086,-0.009141928,0.60313785,-1.4822254,3.4752243,4.0483375,1.2978287,-1.269916,NA12348,CEU,2
-7.359417,27.680191,-21.703632,8.149501,2.319199,-0.85235846,-0.46630347,0.6096717,-0.976394,-0.64357305,0.1536589,-0.70430326,1.1610843,1.4476503,-1.4963821,-0.047152832,0.26301825,0.6408243,2.078277,-4.573809,-1.0943474,-1.4657009,-2.9217,-1.4093562,-2.0979729,0.26335892,3.6947265,-2.1121511,1.4373182,2.5056412,-3.4006996,1.2681825,-8.387324,4.0796685,-5.728905,0.25710386,1.0887355,-2.2234087,-0.01418406,1.2766229,3.348516,-4.5469365,1.7824131,4.93317,1.879265,4.7691274,-2.5176263,-0.055759158,-5.37403,3.4267616,NA12817,CEU,1
-7.366919,26.726135,-21.769032,7.370916,2.6309266,0.12648739,-0.05727148,0.43685204,-1.413905,-1.0908496,-0.31904447,0.31341276,1.6602999,1.8925233,1.7259285,0.33624333,0.79752153,-0.53205276,0.7229586,-0.78299993,2.7585177,0.5649371,-0.13617004,0.36352658,-2.7444897,-0.14447804,1.3695364,0.59957474,3.9432046,2.8709967,1.7825663,-6.625431,0.34366587,-2.3731496,-6.7158136,-0.587219,5.3162603,1.7331556,-2.2546184,-8.199893,6.294807,2.832439,5.4786034,3.8724554,-0.35586149,-0.48605654,-5.221751,-2.2582395,-2.2607274,-0.0031435261,NA10840,CEU,2
-7.101442,27.886103,-21.583042,6.540776,2.8093083,-0.9795912,0.2895729,-0.3749963,-0.32068706,-0.38686457,1.0315319,0.74256104,-2.6260993,0.79683256,-0.37308207,4.5278573,-5.122823,0.5231704,-1.852135,4.2981033,-7.8925686,5.410032,19.10846,8.307679,0.06261098,1.5728643,-2.8657892,1.8022062,3.0035787,-0.96331054,-5.6803718,-0.7968068,-3.3278108,5.3256817,0.30924845,1.2681464,0.2320307,0.70507354,1.7360601,-4.8954926,-0.103232294,1.560654,3.1304486,-2.7361598,1.8043427,1.061117,-2.911035,3.5223,-0.5548132,-5.4665394,NA06997,CEU,2
-7.578715,27.27002,-21.826176,7.384013,2.2656326,-0.96056956,0.38265318,-0.65396804,-1.6086407,-0.20459415,1.2533633,-0.098787226,0.11573854,0.6583528,0.17131715,0.968567,-1.1706176,-0.14484547,-0.42861718,-0.8979344,-0.4471888,0.39319232,-0.17152154,0.48081335,0.5964757,0.7075232,0.1933766,1.0110353,-0.11719822,-0.68658906,1.9853814,0.46332577,2.1308339,1.1269321,2.7495525,0.36416456,-1.0788336,-1.1942497,-0.4743711,-0.4934349,0.03550566,-0.5525844,0.36814255,0.80463505,-0.32187507,-0.5788433,0.73031396,-0.2935082,-1.7065297,0.22767614,NA11917,CEU,1
-7.0289445,27.260077,-20.778337,7.1472063,3.0795155,-0.14130925,-0.13007733,-0.11792373,-0.80514365,-1.4715751,0.68463826,-1.6651216,-0.5410712,-0.82349795,0.38169727,0.30128685,-0.43565425,0.8446116,-1.4568001,-0.15391475,1.4206575,-0.7513724,-2.0061438,1.0588645,1.396489,-1.8723949,-0.84704643,1.3484622,1.6652818,-1.9614918,0.41290638,0.63723636,1.727251,2.9210622,0.1244555,-4.150404,0.5471044,-0.47384378,4.3595834,0.02878705,0.9309797,-1.5416648,-1.1223844,2.2620711,-2.9692829,2.025331,4.8623905,-0.94088054,0.050073694,1.7533959,NA12718,CEU,2
-6.150486,26.230183,-20.9205,7.7107043,3.1382852,0.07939731,-0.36471334,-0.1874557,-0.48637804,-0.12306258,0.4802185,-0.25312325,-0.18815695,-1.5493523,-0.30236757,0.9624806,-0.89876175,0.24483103,-0.584358,-0.73016125,0.17674041,0.17412585,-0.08171222,1.544428,0.39852664,-2.0331304,0.5873905,-1.4644608,1.4766171,-0.8912968,1.5186543,3.1208384,1.6278046,-1.3802896,2.6289313,-1.8700812,1.305251,1.3720275,-1.8178118,0.9679282,-1.7223754,-0.5216419,1.0466986,1.1861751,0.8308098,-0.45868498,2.4792578,-0.21723092,0.28883535,-0.569912,NA12282,CEU,1
-6.275099,27.748959,-22.036833,7.1044345,1.1948655,-0.8935652,-0.2737267,-0.514235,-1.1594776,-0.7633587,-0.47571203,-0.14755416,-0.22081144,-1.2133607,-0.7760814,-0.8159444,0.13726218,-0.92436534,1.5340155,-2.0807524,1.4566728,-1.9495834,-0.90587497,-2.5679262,1.3098679,1.8469263,-0.15455715,2.249115,-0.4001956,-0.31669775,-2.401068,1.0342405,0.016460316,-0.863333,-4.598588,1.401928,-1.9490345,-0.72343427,1.8139,1.0714802,0.23256172,1.0384184,3.2535725,-4.4765024,0.52773607,1.1487674,-0.25665298,1.0586747,1.171798,-0.16597366,NA11920,CEU,2
-7.703452,27.491827,-21.98155,8.337594,2.5195248,-0.615392,-0.37370896,0.051415123,-1.3595222,-1.3874048,-0.2629629,1.9169663,0.9418706,-2.8659914,0.9556143,-0.47809485,0.33467513,-1.4168988,0.67220956,-1.1956034,-0.795968,-0.25215244,0.38737306,0.6146668,-2.4766235,-3.1117468,-1.3939961,-0.91679174,-1.6375091,-2.414085,3.4773693,-2.270417,1.6662132,-0.32766503,0.35352847,3.9669998,-2.7588139,2.8402147,-4.118271,3.8002505,1.4568864,0.859615,-0.6669654,-0.8121894,-0.31437182,1.2326932,-0.073459975,0.26490626,1.0715071,0.8953921,NA12776,CEU,2
-7.4396515,26.933727,-21.634932,7.762935,1.9295758,-0.16600536,-0.85047895,-0.47646928,-2.3400428,-1.062477,0.19549851,0.13403568,0.5819144,-0.19483507,-0.12856698,-0.28955606,-1.5724946,1.1446393,-1.3745488,-1.2851851,0.21734871,-0.59870094,0.13400818,1.8022598,-0.047922842,-0.9357578,1.0636591,-0.80061764,1.7294819,-2.1273785,0.49786922,-0.34881884,-0.07758784,-0.43150535,2.0334332,-1.5772105,0.20865269,-0.5551604,-0.43742943,-0.06520741,0.71386087,1.6052524,-0.0066430736,-0.11150683,-0.3685484,-3.6461275,-0.5024919,0.2637661,-0.26097915,0.89138865,NA12283,CEU,2
-6.485298,25.9895,-21.4432,7.3939075,1.3496969,-0.88847864,-0.9521925,0.5062454,-2.005531,-1.2979219,-0.3235288,0.35955498,-0.33250418,-1.116628,0.84339565,-2.861425,0.35657668,0.62328416,-0.091016516,-0.05625393,0.8968045,-1.4586397,-2.6453333,-1.9643179,2.3605537,0.7676676,1.5743268,2.2759302,-0.19336037,2.8155205,0.7791518,-2.0661561,-0.89182115,-0.64930403,1.6866561,-3.0705543,-2.5407288,3.077783,3.5182495,5.1971884,0.16560592,-2.9103987,1.4966036,-0.61287403,-3.6358583,5.309783,0.24648805,1.7031733,0.15717673,-1.4021944,NA07435,CEU,1
-8.218938,27.035345,-21.575544,7.689706,2.1941845,-0.25020775,-0.56011814,0.3945211,-1.3298581,-1.3259933,-0.061469965,-0.6341915,0.3729413,1.5476692,-1.5273994,-0.39464524,-1.1139586,1.0618165,0.95041764,-1.4108312,0.009495483,-0.43822205,-0.61318874,1.1695498,0.24168244,0.15255491,2.6098561,-1.9648055,3.714318,2.0560682,-1.7485397,1.2125475,-3.7061937,2.2342143,-3.031564,-0.27018183,1.1658157,0.14801556,-1.547416,-1.0614209,2.0763128,-3.0033405,0.11126378,5.8830447,-0.6865586,3.296676,-2.3015778,-1.6284277,-3.43908,3.3381739,NA12828,CEU,2
-7.8498454,27.97716,-22.167608,7.576753,3.2469244,-1.0430388,0.3004315,-0.62251157,-0.24063778,-1.5393465,-0.13087851,0.12244442,-2.139603,1.0437928,-0.006721909,5.2587886,-4.8087425,0.7983408,-1.1848512,4.7549553,-10.007341,5.68553,20.018938,8.26716,0.91985357,0.9866594,-2.1782622,1.5003401,1.3171428,-2.538239,-6.015978,-0.37797832,-2.526947,5.885567,-0.96113294,0.99504083,1.3287946,0.8009072,2.7363083,-2.5008855,-1.3159709,0.2237234,2.4675183,-1.8686868,-0.5267284,3.6712854,-3.915472,2.0056167,-0.7302078,-4.2610106,NA07045,CEU,2
-7.2626348,27.219639,-21.015266,6.9311137,2.0120819,-1.21575,-0.07239212,-0.26600614,-0.9012474,-0.5887807,0.23970205,-0.8048032,1.3250059,-1.2849016,-0.04599513,0.8372468,-0.26727048,-1.0108567,-1.6238122,-1.3064759,2.7394605,-0.71944535,-0.20131506,0.6629732,-2.8756094,-2.0276415,-2.0342612,-1.8997879,0.82210255,1.7677054,1.4010066,-0.21773002,0.8098498,-1.3964804,-3.2379565,-0.33596876,-2.7776906,-2.0459027,-2.0173721,-0.83844286,1.740151,2.6640158,-1.0716183,5.377739,1.4540097,-0.13780238,-1.9210619,-2.1227088,-3.5136924,-0.78462267,NA07031,CEU,2
-6.52424,27.040178,-21.413183,8.45299,2.76812,-0.112602785,-0.82403964,0.26501018,-0.98099405,-0.5283528,0.5237055,-1.1825128,1.7516135,1.2812641,1.7978568,-1.3967748,-0.31753612,-0.13362305,2.2790313,-0.45907816,-1.9851129,0.6573372,1.2433014,-0.9841828,2.9501574,1.0821153,4.9979987,-5.9617796,-1.7714413,4.0110335,-0.8864808,2.4172838,5.332545,0.9232375,-0.6328279,1.8462162,-2.89742,-1.2285728,4.7696223,-1.2898238,2.5619624,-0.5076299,0.81954414,-0.07823353,4.81796,-1.2596158,-0.73477626,2.2923167,-1.9688058,-3.5859358,NA12336,CEU,2
-8.608602,27.477999,-20.993093,7.3293004,2.4730415,-1.8126132,-0.37412933,-0.51675504,-1.4696487,-0.825737,-0.2617125,-0.8607586,0.591624,0.75642633,2.0253272,1.4431156,1.9292477,-1.0863029,0.31592596,-4.381364,0.77941734,-1.8089561,-3.144465,-2.3896391,2.0377579,0.7488236,-2.3098757,1.7391719,-7.0051675,-2.2101805,-1.7844278,1.8725916,-2.4225223,-0.85606253,-0.9295262,0.77990425,-4.306547,-3.6756287,1.1813343,5.1651225,-1.2182143,-3.0836687,2.2254596,-3.4779344,2.8716245,1.3426579,0.8998357,-1.1720934,0.9670292,-0.84731936,NA07349,CEU,1
-6.7723937,27.581678,-21.207455,7.564332,2.3820364,-1.1936467,-0.14759511,0.6700914,-1.1815573,-0.6898584,-0.039533846,-0.30017054,1.7309495,-0.09508705,-0.3604813,0.48693678,-0.12292327,0.12294393,1.9251674,-3.4631672,-1.2085431,-1.1097628,-1.1227442,-1.4819149,-2.6904724,0.37907892,2.6454332,-1.2089993,-1.6778868,1.758732,-3.3175387,0.21851821,-7.8145165,3.848898,-4.8721876,1.3451073,0.2689311,-1.6457046,1.1903126,2.837794,3.9848995,-3.2621849,2.5198574,2.8142796,1.9406548,2.9612157,-2.503367,0.08845789,-3.9606128,2.8106797,NA12827,CEU,1
-7.6819763,26.875973,-21.189552,7.169281,2.5128994,-1.322991,0.37265489,-0.5229533,-0.94165766,-0.22078201,-0.37067345,-2.72303,0.9458528,-2.513628,0.374203,1.8721685,0.2652571,-0.7170012,-0.7841907,-1.7720459,-1.3326396,1.7192965,-2.3715367,-1.7782847,-4.593669,0.1324575,-4.322726,0.5045903,5.1262627,-3.2099416,1.8224325,-0.84325635,-3.16166,-3.1750119,-0.2999613,0.74523234,1.7796774,-0.1613821,-2.1008894,0.6024697,-1.122224,2.5509717,2.6241024,3.9406264,-3.2274318,-1.1206062,0.57901704,-0.591489,-6.581955,-3.1974301,NA12375,CEU,1
-6.8638277,27.398748,-21.271418,7.65248,2.449478,0.21559468,-0.16932443,0.6713082,-0.98413867,-0.662936,0.1322405,-0.17052731,1.1560689,0.97283363,1.5554086,-0.091875374,-0.33447877,0.83648413,2.9078035,-0.6973856,-0.66254866,0.24718305,-0.7325959,-0.45956004,2.181061,1.4898643,3.5984273,-5.5098343,-2.3501806,2.5613456,1.0585676,0.18068361,4.541757,0.5615895,0.7958089,-0.39721593,-4.429909,0.84058565,2.882643,-0.22914834,1.342307,-1.3946348,-1.0980498,-0.7006961,4.258275,-0.6925546,1.0942099,-0.95641327,-1.5921261,-3.9425163,NA12343,CEU,2
-8.290337,27.952208,-22.049358,7.3687096,3.7076957,-0.40951604,0.32056394,-0.50516135,-1.3829695,-1.0187014,-0.04421023,2.0866456,-0.63283026,1.8031373,-0.4186835,0.44748038,0.2298407,-0.9612991,-0.842631,3.29603,-2.6952891,-0.12455858,3.8389199,2.889002,2.417016,-3.7238734,4.8824477,-2.633342,-2.594045,-2.589748,7.712421,-5.497967,8.103485,-0.0035783593,5.058988,1.6715616,3.5230598,-3.8753064,-0.2071571,-2.062737,2.5260983,-2.8357074,-0.72639406,-1.9301369,-3.4255037,-2.584343,-1.0877796,-2.1469767,3.508515,-1.194633,NA12335,CEU,1
-7.8702483,28.546053,-21.754745,7.283874,1.7227548,-1.1228976,-0.19344582,-0.095314726,-2.4344654,-1.5392356,-0.036691662,0.8132662,0.94384974,0.7322433,-0.9485328,0.96381396,0.42430663,0.101116866,-1.1806855,1.2006387,0.8858952,2.593651,1.9324198,1.0425763,0.7402992,2.0019004,4.9379954,-0.69242126,1.2784864,4.6896973,2.0758588,0.46336257,0.33038414,0.7535346,-2.0157583,-0.7920862,1.9537178,0.71651363,-2.1621027,-1.0220872,3.3461144,-0.5580747,0.64366615,-1.0282595,2.2104354,1.499897,-3.509917,-4.37099,4.881967,0.48242354,NA12778,CEU,2
-7.664354,27.463245,-22.007105,8.037568,2.694601,-0.12411087,-0.11997728,0.28459656,-1.249789,-1.3063279,0.9225605,-0.36096224,1.1949532,-0.18053609,0.24979988,0.028522866,-2.3672225,-0.25834492,-1.1750045,0.6774387,-0.7912198,-0.3830549,-0.59762764,1.728694,-1.0935996,-1.3483984,1.9297309,1.8367741,3.1527529,-3.415106,4.882845,0.09323833,1.9193326,-5.676175,0.71060497,-5.213098,-0.7483344,-0.6386535,-0.486105,-1.6160979,-3.3068433,0.07439028,-2.400387,-0.8079091,-0.12622298,-3.5615852,-1.7398077,0.120009355,4.286256,-0.29267043,NA12832,CEU,2
-7.1026134,27.344036,-21.700872,7.548427,1.5130954,-0.38906845,0.0744938,0.6010669,-1.5254489,-1.4089557,0.046488985,1.0150309,-0.38198742,0.32771498,-1.2767246,0.46964782,-0.6345537,-0.0445226,-2.5098093,0.09600563,-1.5530638,0.7058043,3.8752558,4.435287,0.98335916,0.19152854,1.593478,0.24078989,3.8889384,0.027902786,1.3095037,-1.4799098,1.0165871,0.3795375,2.3927834,-0.79683805,0.18158779,2.4998689,-2.6916103,0.9173907,-0.83842045,1.9332564,-0.6263542,0.7126025,0.59211135,-0.05857343,-0.4434122,-1.2544657,-1.5547438,1.5777459,NA11930,CEU,1
-7.166804,27.12532,-21.011868,7.4867477,2.6579106,0.51798725,0.18174277,-0.748916,-1.8218342,-1.0638367,-0.6264256,0.45461965,-0.6985994,1.2783687,0.4020947,-1.7398803,2.3049886,0.23097284,0.45945174,-2.0710752,2.44703,-3.6984708,-1.8850292,-1.7413723,1.0829467,2.3750496,-3.5077078,0.6613762,-1.7113118,-0.28025195,-7.3561325,1.8740841,0.6902231,3.278762,-1.8246831,-4.387037,-2.617386,1.818725,8.78681,0.5895154,0.36949992,-0.54376096,2.00095,1.5314779,-2.972608,3.5456133,0.08214643,-0.9117146,0.6127119,0.67118835,NA12890,CEU,2
-7.082447,26.668446,-21.841558,7.8987,2.7221487,-0.6660016,-0.052214056,0.6754158,-1.7613579,-0.7458389,0.47254643,-0.65253276,-0.33349985,0.7003692,2.4597595,-1.1654879,0.0004356183,-0.7993051,1.4138671,0.65410256,-1.712594,-0.9692429,-0.8893546,-1.33908,0.903567,1.1553814,4.932467,0.5310368,-1.619659,1.9388748,1.6544809,-3.3955836,1.5851222,-0.6312058,1.581219,-0.48624268,1.2543511,1.2200856,1.5732669,3.6235578,-3.0724719,-1.9031944,-3.535975,-2.409339,1.1509466,1.3022467,0.8868045,3.7061875,1.4766746,-1.7537432,NA07037,CEU,2
-8.599648,27.498964,-21.657904,6.981524,1.9054923,-1.0445086,-0.5408001,-0.62741524,-1.7126122,-0.31746036,-0.25063753,-1.2182738,-0.5077107,0.24400423,1.4182371,1.844498,-0.15448588,-1.1654832,1.0756372,-3.326397,-2.3946621,-0.084315486,-1.4867595,-1.3679732,1.3556952,0.8400607,-0.70892024,0.83525634,-4.8634,-1.3604527,-1.6566789,2.4014163,-1.4774389,0.24671313,0.24855062,2.5950844,-4.4570384,-2.5771394,1.4543023,4.660469,-1.4204371,-2.167825,0.35504597,-3.2900283,-0.09199854,1.6286,-0.51665986,-0.78961635,-1.1488737,-1.7086042,NA07347,CEU,1
-7.236843,26.90088,-21.199032,7.8197856,1.6900189,0.6409566,-0.00477006,-0.3814708,-0.652853,-0.9130979,-1.1196562,1.4205363,-1.819073,-0.2018039,-0.65350986,0.1759446,1.1370354,0.7864505,1.2841042,-1.8352251,1.5079483,-1.1866429,-1.3739085,-3.2147284,0.190997,-1.3567853,1.3026797,0.6341529,-1.4252785,0.6605084,2.8557663,0.5408576,1.3042513,-4.745752,-1.436886,0.6106804,1.7133396,1.7408727,3.1699402,2.1681912,-1.6401737,0.6599344,-2.976594,3.2968225,-2.0333636,0.27447867,-0.30037367,2.417224,0.9961983,-3.620886,NA12829,CEU,1
-6.3672876,27.764528,-21.57854,8.174839,2.0450048,0.15471467,0.07740316,-0.57186675,-1.3814207,-0.6807718,1.109031,0.516291,-1.1439865,1.5624479,-0.85519695,2.8670223,1.709449,-2.115064,2.2148151,1.8101476,-1.1422937,2.3727093,3.9365351,0.361806,-0.17704493,1.4913896,-0.13990001,3.6552947,-1.3786281,2.4231799,-1.1573461,-0.62441283,6.4036565,1.5175673,-1.9141433,-1.9567099,0.7609671,0.8151561,4.699435,-3.297011,3.70816,1.9685479,-5.8676834,-2.3383355,0.5261833,-0.7569928,-3.6546845,-2.399834,3.2808316,3.2612216,NA12749,CEU,2
-7.7895584,26.519133,-21.773102,7.9842525,2.3069127,-0.8108154,1.3040572,-0.03223131,-1.419663,-0.6370926,-0.16122484,-0.9513854,-0.43184137,0.26999128,-1.2558023,-0.16087171,-2.1220944,-0.81987363,2.244363,0.72512215,-1.5557525,2.1463714,1.1958134,2.2751899,-1.3741075,-1.9661692,0.178402,-1.882187,-4.641271,3.540557,-4.702135,2.053219,-3.4315376,3.2730515,-4.239607,2.6342227,-4.158174,-1.0813665,-4.737186,-0.46342003,0.66629297,2.2463424,1.5813175,-2.2720406,3.2827392,2.7831042,0.768277,-0.046203353,0.3913144,2.5268524,NA11894,CEU,2
-7.883511,26.50028,-21.54785,7.117009,1.552525,-0.038093604,-0.2217436,-0.035390664,-1.0263438,-1.3125298,0.7306913,0.28943455,0.46213666,0.09181618,0.19167884,-0.81814396,0.790828,0.059240215,-0.47632176,-1.1853265,3.571647,1.1427517,-1.8484707,-1.6129469,-3.0758615,1.1599535,0.4575939,1.1618541,3.630095,1.5752699,1.2712772,-4.212562,0.99060094,-2.9834828,-5.1407857,-0.9392967,4.053825,2.157741,-1.3233558,-7.2496023,4.41017,1.8632174,4.4802027,2.85056,0.064223655,-2.7071614,-2.4958646,-1.052462,-0.3179108,-1.5997149,NA12286,CEU,1
-7.291783,27.302252,-21.735619,7.739071,1.6550343,-0.32546636,-0.92656565,0.11403344,-1.1963518,-1.709926,0.20880334,0.83809763,-0.24954668,0.20092887,-0.8056492,-0.139552,1.397175,0.19439326,-0.083607376,-0.50573194,2.0679998,-1.2733032,0.0054769996,0.38448673,-1.1399552,0.97037476,-1.5754825,2.674796,-1.1745125,-2.2796426,2.7213855,-2.3675144,1.2755574,-1.284423,-1.5259111,1.6979674,4.973169,0.7277524,-0.5275366,-5.955584,-0.7322018,2.8845308,2.631447,-3.524861,-4.2064137,-3.0694377,-3.3405948,0.09381256,3.9676178,1.8160988,NA10865,CEU,1
-7.6087985,26.854753,-21.483545,7.232153,2.5575855,0.14740665,0.605287,1.2838382,-1.288825,-0.78361356,-0.7168086,-1.8600739,-0.6403077,0.3365302,-1.3802371,-0.9578807,-1.3314027,-1.7798889,2.9357376,3.1899803,-2.8596797,1.8778013,-0.37997028,1.5977877,-1.5008508,-2.034969,0.70705473,-1.6642298,-4.69386,5.7163014,-5.2627196,2.4612265,-3.6407158,4.184808,-4.0643506,3.3222399,-6.5617414,0.35453358,-4.0548363,0.0319674,1.2231103,2.9812286,-0.31702507,-3.7850826,5.447862,4.0840716,-0.79267937,1.2538217,-1.8335075,4.749022,NA10864,CEU,2
-7.048629,26.989603,-20.860493,7.260051,2.133495,-0.16344048,-0.34427994,1.0493039,-1.7078102,0.28830016,-0.74863535,0.069920465,0.869902,-0.6201263,0.028948853,-0.37918916,0.19121319,-0.99588984,0.75140864,-2.5685182,-0.369953,-0.7950877,-2.0654197,-1.1792065,-0.12737636,1.1578225,-1.1355186,2.8656514,-0.59223264,-0.68003726,-2.0643218,3.2014136,-1.1172992,-0.17125873,-1.1710434,2.4517355,1.3175843,-0.38969976,0.31374088,0.3142693,1.7275454,-1.3084502,-0.25742054,1.5792325,0.030522142,2.413415,1.1983774,-1.8069915,2.4522495,1.5802523,NA10853,CEU,1
-7.196207,26.891485,-21.94158,7.1337852,2.2604716,-1.0666467,-0.33965534,-0.4309163,-1.8647006,-0.44985852,-0.5149653,-0.26242203,0.58443046,0.3972959,0.15348056,0.18365249,0.2229011,-0.15409577,-0.46458218,-0.9421189,0.15597697,-0.61818516,-1.0381651,-0.02722687,-0.81533295,-0.11262355,0.5968725,-0.7061168,-1.1597378,-1.1074293,0.75900114,-1.2730618,0.83695304,-0.6549009,-0.3534202,0.58212703,-0.5178642,-0.03434836,2.159821,-0.29022557,0.9552065,-0.8870542,-2.272569,-0.29144755,1.6067023,2.5729656,-1.5667883,-1.8951881,-0.2884474,1.130824,NA11918,CEU,2
-8.014473,27.2502,-21.438421,8.879291,2.7923243,-1.4802681,-0.6481787,-0.39979693,-2.333013,-0.3764171,-0.61693245,1.986745,0.30162638,0.33035624,0.6497301,0.8621472,0.6022314,-1.7459255,0.572531,-1.5124522,-1.7490338,-0.30202386,-1.1532522,-0.44802362,0.93638504,-2.1998847,1.4584187,-0.5958878,0.6301026,1.4429708,3.6841395,-0.6480838,0.61502075,-2.4881763,-0.5447606,2.8176274,-0.3420952,0.35091633,2.6989818,1.7047583,2.4497237,-0.08411367,-2.0223348,1.4648079,-2.674115,-3.1851046,-0.29871845,1.6847763,-1.2362286,-0.672573,NA12830,CEU,2
-7.339882,27.08864,-21.975363,8.439144,1.9424951,-0.6962466,0.2168732,-0.60383624,-1.2780262,-0.8240242,-1.0929918,2.228172,-0.9606309,0.42302698,-0.84126544,0.4575028,1.6418926,-1.0527711,1.03758,-2.4790092,-0.784743,-0.86105865,-0.8654159,-2.6951413,0.7731623,-2.7535906,2.3696141,-0.10113856,-0.71662134,1.2448149,5.47073,-0.47782877,1.2150031,-4.507334,-0.65153277,2.3397574,0.11888401,2.1927998,3.9109998,3.3895583,0.15316556,-0.3092662,-3.5403025,3.3910418,-3.2648392,-1.4463286,-0.3409406,2.4532392,-0.059207544,-3.7208216,NA12818,CEU,2
-6.713944,28.54472,-21.39098,7.4617615,2.5327184,-0.7415932,-0.77435696,-0.8511702,-1.8971827,-1.8532411,0.9803961,0.3444882,0.21475543,0.55154943,1.4567095,1.0801864,-0.99864453,-0.6128824,0.8732415,2.5795002,0.8362606,0.56815046,0.92558664,0.75860703,-0.7325698,0.08882379,0.6273397,-2.1600568,2.9996514,-2.3087413,-0.4048648,-1.4841458,-0.8183471,-0.9676909,2.0509095,-3.427766,-1.147404,0.204901,3.0916638,1.7426686,1.6716145,2.8340309,0.031225847,0.5897371,-2.9050136,0.53381413,1.5182275,-0.65793085,-3.6098938,3.5532968,NA10836,CEU,2
-7.3191576,27.43319,-21.934301,7.4869475,1.9516836,-0.055576127,0.691123,0.76578283,-1.6170248,-1.4334629,0.1520052,-0.52008027,-0.065910816,0.53791326,-0.62361425,-1.154521,-0.42237616,-1.7635777,2.7957826,3.2316737,-2.823039,1.4248401,-1.0409216,0.39513078,-1.8769518,-1.0976315,1.5561438,-0.38484856,-2.3970492,3.792301,-2.641411,1.5120046,-3.5382924,2.9428537,-2.5244014,2.3653638,-4.866793,2.9518876,-2.0142238,0.3120869,1.1504768,1.7016943,-1.8865888,-3.3846087,5.729175,2.808087,-1.7661313,1.9510865,-1.8958987,4.076503,NA11893,CEU,1
-6.879354,27.459812,-21.919315,6.6480784,2.3499835,0.27609408,-0.38686082,0.70622545,-1.2888813,-1.6401321,-0.5469262,-0.22271243,0.01566416,-0.6959194,-0.28992534,-3.021352,-0.19982061,-2.3384893,-0.76699567,0.6689977,1.1917603,-0.7686844,-1.110115,-1.2479547,-0.4381059,-0.25026077,1.2914454,2.4124157,-1.3935728,0.088650316,-0.86321855,-0.09504963,-2.3002868,-1.8689988,-3.158365,-1.4173663,-0.51700836,-1.8860489,2.6596613,0.87346345,-2.6746423,-2.8501613,2.6659245,-4.2558813,-2.4133074,-0.9286326,-0.44044167,0.96856374,0.101921655,-0.5474047,NA11919,CEU,1
-7.794216,27.615534,-22.471037,7.288729,2.6971753,0.020732976,0.7247525,-0.3178561,-1.1279424,-1.0271996,1.7667118,0.30555144,-1.84471,2.080372,-1.123426,0.058771253,0.30270573,1.866737,-0.64164394,-2.985414,-0.78176683,1.7158597,0.52065784,-0.12987164,-3.1059077,-0.07479948,-1.3282627,-2.1931546,1.5485871,-1.6320766,1.4242876,0.14636426,-2.0108466,-1.1122547,0.80533856,1.9650242,0.7829236,-0.7229765,-1.0386375,-1.5517496,-0.90633774,0.6747944,-1.5472218,-1.1700176,0.097701654,-2.2268932,2.163341,-0.8172575,2.6370776,1.2884725,NA12489,CEU,2
-7.642605,27.405674,-21.66978,7.281395,2.6501167,0.1011046,-0.32755443,-0.44604328,-1.9564189,-0.7965144,-1.1934249,-0.8244437,-0.10053781,0.5135821,1.0469605,-1.6842052,1.5470347,0.5746201,-0.7445875,-0.35676798,-0.42619917,1.8826025,0.67424923,-1.3182111,-2.4393177,-0.18764994,2.001672,-2.7661119,-0.045569297,-1.221639,0.6324802,1.2595388,3.3784897,2.2907472,1.9369235,-3.1415253,-1.1804105,-3.553332,-1.0315598,-2.2783978,-2.66413,-5.197255,5.18293,1.7418286,-1.2957364,-2.732226,0.47336838,2.2230642,3.8281493,0.73090595,NA12399,CEU,1
-6.717588,27.308773,-21.86505,7.807159,2.631706,-0.03468351,-0.21890937,-0.657881,-0.97205216,-0.72552073,-0.38007414,0.30601898,0.4597591,1.7300624,-0.54536676,0.4654762,0.52111083,0.70111716,-0.60254365,-0.102021,-0.2569625,-0.5039549,-1.8345151,-1.8027444,0.13640521,0.6902229,0.56741333,-0.47264317,-0.71964705,2.1339283,-1.1569331,1.9827001,-1.6767365,0.28266937,-1.5411638,-1.2388033,-2.8204062,0.118151955,1.6051621,-0.19131601,2.1958473,-0.050816707,-0.94100964,0.9745987,-0.33080363,-0.0062882043,-0.9450513,-1.5251553,-1.319044,-0.37691146,NA12413,CEU,1
-6.894708,27.848705,-22.009193,7.128099,1.3603636,-0.16839416,-0.056125127,-0.44351584,-0.6955005,-0.86685205,-0.1342706,-0.10454665,0.10177437,-1.4274797,-0.05359228,-2.6177833,-0.080601156,-1.537487,0.4731524,-0.385136,3.1318069,-1.5610121,-1.7842145,-2.1112962,1.8623108,0.7765812,1.0597358,4.286997,-2.2231128,-0.08353177,-1.8119158,0.21881424,-1.3268431,-1.9372606,-4.718495,0.49086455,-2.9202054,-2.0529761,3.2396574,1.4857063,-1.1587043,-1.2752211,4.4347005,-6.3211846,-1.3516029,-0.7636025,-0.27437854,1.0096315,0.5451421,-0.09909712,NA10843,CEU,2
-6.5834136,26.796907,-20.944595,7.3606143,2.0134192,-0.7618721,-0.049182642,0.9003193,-1.672681,-1.420552,0.22852567,0.010428904,0.49515975,0.00020599051,0.37873128,-0.14104702,-1.2295873,-0.876222,-0.5891644,0.008317391,-0.37416378,-2.1208684,-1.1759537,1.976111,0.40309244,-0.35026503,0.7203807,2.6381335,2.558893,-3.3883686,1.9037987,-0.833375,2.5079374,-3.4038198,-0.03158018,-3.2259493,0.57033587,-0.23148799,-0.4452145,-0.9499863,-1.2825081,1.1871984,-2.6721673,-0.7151824,-0.09843233,-2.3817575,-1.2280961,-1.8456222,3.9348207,-0.3013206,NA12842,CEU,1
-6.670312,27.732538,-21.826368,8.149596,1.9992108,-0.78590494,-0.44617116,-0.3298672,-1.2956606,-1.975364,0.55437434,0.46580416,-0.23615886,-2.6517127,-0.75029016,-1.5611762,1.2663534,-1.0811379,-0.17469671,-1.5844055,0.8421588,-1.4398993,-3.8767695,-1.3828056,-1.8043268,-0.78541625,3.1340048,0.48431915,-1.6707219,0.26063904,1.7816068,0.83211786,0.82508,-2.9361358,5.043669,1.9334697,0.27082196,0.27886677,-3.6523035,0.6557782,-3.4039981,1.5282528,1.3543593,-1.9428229,0.93230677,-0.43570924,4.599411,4.558506,2.6557257,-3.2453933,NA12347,CEU,1
-7.782733,27.40183,-22.2547,8.131569,2.2892513,-0.86163455,-0.2040699,-0.24316174,-1.3246062,-0.45147336,-0.94422215,-1.3133718,1.8700407,-1.0037827,0.8704217,-0.24607491,2.032558,-0.21294867,1.0734777,-2.8817449,3.388286,-2.3700728,-3.9217927,-2.2806756,0.47303098,0.4826333,-3.81008,2.3628082,-4.8053617,-1.457257,-0.9689965,-0.2626419,-3.5633833,-1.3840297,-2.9275346,-0.0326341,-1.3080869,-2.0120203,1.2846782,3.9454489,-0.60839784,-2.7071028,3.6986632,-2.6969287,3.5909407,0.5671121,-0.18256678,-0.109103404,1.7948266,0.42945918,NA07346,CEU,2
-7.924304,27.87257,-22.408203,7.530414,3.0556774,0.49058467,0.066896655,0.0734944,-0.852554,-1.2210467,-0.5531345,-0.047824483,-0.065668695,-0.48297372,0.08802932,1.6594337,2.0161676,1.1398507,0.64931107,-1.6454566,-1.2190781,-0.16423029,3.412148,1.1052957,-2.650421,-3.8187342,-1.0257894,-0.12859145,-1.6465899,-4.3295755,2.199901,-1.0177456,2.0257962,-2.2699325,1.3729879,3.6842883,-0.045221873,-0.77187437,-4.3217807,-0.87094903,-0.7437971,-1.0416713,-0.8474122,-3.6064308,-0.19198395,0.23951022,-2.0974147,1.0583317,-1.9880683,1.1708782,NA12775,CEU,1
-7.401167,27.845976,-21.960098,7.5412226,2.9179385,-1.1626618,0.23025897,-0.4374108,-1.3503445,-1.1339979,0.9628201,-1.891385,1.2744218,-0.3324618,-0.1943884,-0.8355641,-1.8001722,-0.3814166,-2.200353,-1.5631655,3.3077514,0.33510906,0.6045205,1.4960673,-1.2984672,-0.29912248,-4.5621443,-3.5622196,-0.26145482,1.2118839,1.9099495,-0.48567727,2.0757358,-2.5093358,-1.4927888,-1.735393,-2.4593875,-3.3234625,-3.3009946,-0.4739159,0.6501642,1.0726092,-0.1801322,6.396776,2.014105,-1.4956523,-2.94998,-2.302266,-3.795096,0.9692761,NA07014,CEU,2
-7.925312,28.762123,-21.253534,7.3736796,2.1629496,-0.29904813,-0.3777199,-0.18146273,-1.6139203,-1.638014,0.25709695,0.2384518,0.7224828,0.12974721,-0.41725677,2.3433635,0.23334569,-0.4915317,-1.431666,2.1087174,0.54307634,3.5140023,1.4665635,2.0487635,0.28054062,3.1962297,4.4372764,-0.810023,1.7454317,4.738034,3.2398496,1.5755671,0.17131199,0.6858209,-1.8593785,-1.3015299,3.1023023,-1.31582,-3.0258222,-3.1101258,5.357686,-0.6300508,0.23769921,-1.6116716,2.9928937,2.1797185,-1.9877018,-4.761621,5.3232236,2.24221,NA12767,CEU,2
-7.6238027,27.473087,-21.296108,7.874232,2.4682896,-0.31402135,-0.4619145,-0.65422636,-1.3874831,-1.1464556,-1.13496,0.22882147,-0.42123312,0.41203192,0.6937826,0.07224253,0.9878875,1.2828562,-0.0966613,-1.63635,-0.019823596,-4.256653,-0.89654595,-1.309159,2.1568062,1.9099768,-3.1542478,0.15324701,-1.4468826,-0.15386912,-6.6254606,-0.8692516,-1.0694474,0.9124523,-0.26635352,-2.7978673,-0.10852684,4.259504,4.972379,0.023653982,-0.21269326,-1.4893134,0.18625103,0.4984127,-2.3192496,3.9102118,-0.17244203,-3.0564108,1.8973856,-1.1038609,NA12889,CEU,1
-6.45875,26.98764,-21.505539,7.3363986,2.972349,-0.4032213,-0.37096593,-0.50042963,-1.4288964,-0.9373744,-1.2280059,-1.280005,0.09104304,1.8298645,1.1976413,-2.2584743,0.8070574,1.2314434,-2.0335898,-1.0173105,-0.03323174,0.70299774,0.38596,-3.5155528,-1.0837219,-0.58032554,3.614741,-3.4210052,-0.72115064,-1.0778314,-0.4352154,1.721496,5.0992374,3.4249792,3.247559,-5.2133594,-0.4194133,-3.5170996,0.6626914,-0.999416,-5.5523643,-7.216326,3.7375886,2.6478887,-1.9400192,-1.5412227,2.264016,1.9093547,6.365099,2.9007552,NA12386,CEU,2
-6.140203,27.254124,-20.992048,8.133394,2.0368717,-1.0710455,-0.57057005,0.8240805,-1.7574,-1.0621228,0.011818316,-0.16546895,-0.09163121,-0.7258169,2.900505,-2.8600085,0.97406006,-0.19228433,0.3454043,1.0838482,-0.71479875,-1.6524317,-2.0811012,-2.104651,2.0533364,0.47766897,4.569732,3.056417,-1.543458,3.8222442,1.0815166,-3.8932588,1.0882877,-0.7221946,2.2599356,-2.0618548,-1.6648403,2.662281,4.5852675,6.630999,-0.36091378,-3.0498643,-1.0435517,-1.968041,-1.07455,5.793377,0.23173746,3.4723551,0.47368115,-2.1250153,NA06995,CEU,1
-7.5948987,28.705313,-22.146322,7.1285872,3.563042,0.31373,0.42835397,-0.48712862,-1.1137259,-1.617431,1.5071179,0.33495578,-1.6955613,1.5649296,-0.0807183,-0.48137566,0.69704413,3.0677936,-0.09181235,-4.811342,0.3480192,1.762261,0.08415505,0.165974,-3.7969224,0.014540392,-1.1622447,-3.801208,0.4372162,-2.9761178,1.0725335,0.066466816,-3.1000707,-1.6624609,0.27736074,2.5576448,0.7800406,-2.3840034,-1.2600703,-3.2182536,-1.492167,0.008179728,-3.0559547,-2.6218638,2.3914495,-3.174785,2.1335852,-0.21693568,0.47562462,1.2485158,NA12376,CEU,2
-6.746421,27.669455,-21.474857,7.8617597,2.593794,-0.86031383,-0.85985684,0.5436577,-1.2134145,-0.6960142,0.7990834,-0.40203878,0.5976867,0.86325794,0.91660315,-1.4130915,0.11538642,-0.5362532,-0.018773075,-0.19035959,-1.4268433,0.8796133,2.4057746,-0.5595399,2.073354,0.048886433,4.0042577,-2.4041467,0.4043508,3.669997,-0.91636366,2.2470114,3.9356408,1.1274654,-1.3864499,2.1164339,-0.6345593,-2.0315943,3.8212,-1.8809118,1.3487009,0.45212024,1.935764,0.01183073,3.458285,-2.232743,-1.9276134,3.7788682,0.58981365,-2.1888223,NA12342,CEU,1
-7.3414044,28.63636,-21.407505,7.79531,2.3467999,-0.26927328,-0.04512791,0.3225707,-1.933018,-0.9225998,1.3837088,0.24745533,0.19647111,1.7532728,0.1205807,1.5169324,-1.7356864,-3.0402164,-0.40235922,2.634334,-2.0693047,0.2136322,1.4926769,0.8459383,0.008031418,0.3944774,0.6133387,5.0803,-1.8914388,3.88687,-0.4852198,-3.3517923,4.2306304,-0.41605383,-1.6942735,-1.2069608,-1.5802783,0.4129107,1.295907,-0.45673192,3.1594431,2.6937814,-3.780099,-1.8732734,2.6470833,-0.3030885,-2.385384,-3.802025,1.5720001,0.5589225,NA12748,CEU,1
-6.549808,27.496168,-20.767216,7.2202487,2.1027646,0.13751696,0.2573374,-0.018040119,-1.4487116,-1.137612,-0.5728914,-0.9411683,-1.5382863,0.72197545,-0.9563161,1.9083524,-1.194532,-1.4181385,-1.6020819,1.7512813,-2.7647984,-0.36108172,4.007821,3.5980349,2.3065865,-1.3882939,1.3586996,0.4525194,2.739757,2.878269,-2.3431668,1.4445226,4.2052855,1.7096616,4.4950566,-0.13794835,0.035886385,1.2397202,-0.1092224,0.3977907,-0.36001915,1.5217718,-2.0347733,-0.58910966,0.60693073,1.4616747,0.56795317,-3.6399624,0.92996037,2.2134604,NA11931,CEU,2
-6.9383984,26.854961,-20.84411,7.8991847,3.2140422,-0.8577458,0.27685755,0.35644326,-1.034808,-0.41320708,0.34619707,-0.4472128,0.9816226,0.18873885,-0.7766635,2.6552868,0.018536272,0.915077,-0.64320153,-0.4182515,-0.77322316,1.686141,0.7607953,1.2399944,-1.2706476,0.40708065,0.45988864,0.46480557,-2.2301486,-0.2736087,-0.73127455,1.0619572,-2.316002,-0.7648891,-0.6240126,1.9161868,1.2370951,0.046409696,-4.207563,2.6582024,1.1259869,0.1990451,1.0849913,-4.152791,-2.410821,2.49908,-4.384608,-1.571861,0.40753755,-0.43657947,NA12045,CEU,1
-7.2727256,26.658113,-21.066095,7.3641315,2.023318,-0.30995435,-0.495465,-0.39436033,-1.8157477,-1.4608234,0.98066425,-1.1137692,-0.09512136,-0.83840454,1.7470361,-0.34021354,-0.6992412,0.84932685,1.0036256,-1.3191668,3.7625837,-0.8843942,-0.8229917,-0.9923195,2.401644,0.7574908,-0.46815756,0.685031,-2.9607391,1.2746559,-0.7876965,-1.2859908,-2.0945554,1.6722759,1.5498259,-0.18084599,-4.0143604,-2.3692474,-2.4559317,-2.67547,-1.2393732,3.7550101,1.1381316,3.3935843,3.0088828,-2.4583812,-0.33750173,3.9601004,-2.224946,2.7299864,NA12750,CEU,1
-8.216242,26.902647,-20.558855,7.9829593,2.6254451,0.012625678,-0.7011194,-0.40130922,-1.0027776,-1.5125736,-1.2505898,-0.58571887,-0.35501584,2.9270976,-1.395783,2.5891373,0.79109746,-0.9527878,-1.1176757,0.13789275,-0.896133,1.7946459,2.6573522,3.0505438,1.2086151,0.49878094,0.15402593,0.35623914,0.2771205,-1.1369069,0.31019548,1.1186166,1.6233478,0.03878082,-0.71946985,0.7166251,-0.9882585,1.8838869,0.2457643,-0.1291727,-2.9010289,4.5595803,-0.6147962,-4.8608627,-1.9778159,0.6184008,1.4986491,-3.600795,-1.3629975,1.0563488,NA11831,CEU,1
-8.8197775,27.687544,-22.187368,7.438977,1.548777,-0.96525544,-0.78886455,0.7760071,-0.764397,-0.7777541,-0.8544234,-0.21752137,1.2844408,-1.8611373,-0.87975186,-2.0744271,-0.2715516,-1.4185647,1.3124245,1.8495035,-1.0279893,0.70134383,-4.0831,-4.7612123,-0.66248107,0.99051315,-1.120712,3.2196388,0.9522743,-3.8986483,0.07046154,-0.93294567,-5.674145,-1.2194806,-3.8337498,4.4268937,2.116468,2.8622923,-1.5438855,2.2599247,-4.008326,-3.7653708,-1.8599604,-2.0269294,2.065774,2.9796224,-2.1522977,-1.2876136,6.1438456,1.9596546,NA12146,CEU,1
-7.2556868,27.173634,-21.359093,6.1712255,3.055931,0.3630314,0.54965925,-0.43140697,-1.1852865,-0.07187396,0.2984547,-0.33224487,-1.3611954,-1.069344,0.40080816,-0.25070477,-1.7615391,0.5999187,1.3072537,2.213308,-1.5749456,-1.9928555,1.7673916,-0.114980504,2.0541503,0.056632783,-2.8970633,0.38510585,-3.4323952,2.3109238,-0.6856481,1.5272131,4.994984,-0.56887746,-0.48448777,1.3109156,-0.2135957,-4.3574595,1.8678596,-0.2619646,-1.3360434,1.7626619,1.658095,1.111801,-3.3657234,0.4008293,2.2168996,-1.1995702,-2.4102533,-1.2436919,NA11882,CEU,2
-7.3346505,27.496984,-21.22723,6.8214917,2.5704148,0.29108104,-1.3832486,0.8201444,-0.7749165,-1.0324662,-0.6418601,-0.74196047,0.7970784,0.0031426947,0.47667822,-0.9072363,1.0267636,1.4264108,1.8942868,0.1666669,-1.2571214,0.49598184,-0.9790647,-0.33933783,0.48106802,0.45190802,0.26379907,-2.0175095,-0.3460807,2.901285,2.6588778,-0.9967812,1.4958019,0.15405709,0.058189195,0.9043645,-0.97977287,0.66380686,-0.439754,-0.6597948,0.017392706,0.21642058,-1.6515027,0.21503243,0.27364883,-1.1159593,1.1395775,0.33223253,-0.3232925,-0.48453352,NA07056,CEU,2
-6.7188344,28.026709,-20.845755,6.1234884,1.7376894,0.12508284,-0.4861076,-0.38914615,-1.1770079,-0.80142117,0.2827284,0.78176117,-1.6735677,-0.21439554,2.1903875,0.21418451,-0.3814959,-1.0203391,-0.40501305,1.0358766,-0.7511941,-0.11963302,-1.9471639,1.3382412,3.8654747,-0.515458,0.56815,1.0398194,-0.19662483,0.27536622,-2.2502763,-0.72951406,3.3000216,-3.0748513,0.98611873,1.2894125,-5.186499,2.5082927,1.8579298,4.2425194,3.7782195,3.599926,-2.0429664,-1.8737023,-0.72724223,-0.3408877,5.9751663,0.5341967,-1.7982903,0.019582221,NA12707,CEU,1
-7.965932,28.533772,-22.6312,7.2305474,2.6159065,0.018726312,-0.49885955,-0.39024055,-1.8548056,-0.38424438,-0.6673631,1.5514916,0.07551514,0.23697945,0.022189261,0.16612636,0.94677603,-1.743841,-1.9927433,1.9895822,-1.2417383,-0.7801634,-1.2592889,-1.9968947,1.1440891,-1.3890619,-1.8350714,-1.3608115,0.19237612,-0.7635745,0.37442377,0.46916306,4.8837743,-1.9077541,0.9731728,-1.5543597,2.3154428,-1.1418781,-0.06333302,1.5505524,-0.62196696,0.5922009,-1.5827562,0.33394042,-2.6604047,-0.35910425,1.6412193,-0.5896462,-3.0998192,-2.94567,NA12154,CEU,1
-6.858965,27.324978,-21.335089,7.9600644,2.207912,-0.66689485,-0.90232813,-0.8521575,-1.0622767,-0.54394615,0.28265885,-1.0103555,-2.2790349,-1.9920725,0.2568165,-2.8321555,1.2573624,0.8757975,-0.7796143,-2.7807837,3.3712697,1.3615829,-4.5362487,-2.5002553,-3.0149317,1.0462731,-2.7791944,-0.6144327,1.8291326,-2.1973016,-4.5175695,-1.6840116,-2.8681688,-2.9211261,-3.6531093,-0.6599599,8.017051,-5.690927,-1.0458683,-2.4693053,-1.0093497,-0.12679729,-0.9110555,-2.6845357,2.2892013,2.2717423,-3.5775063,2.053174,0.63496774,-3.3699272,NA12753,CEU,2
-7.243069,26.228794,-21.988775,8.278678,2.780753,-0.19253394,-0.31716713,0.7438153,-2.0426912,-0.9274306,0.213198,-0.016472105,-1.3924059,0.8869135,0.9135815,-0.14419891,0.13614024,-2.5321822,-0.6969675,0.7324425,-1.7805697,-0.34042066,-0.010961164,2.533202,-3.1529794,-0.23774602,-3.1581736,-1.4094936,-0.19614048,-3.1071398,-0.9281842,-0.62878954,-4.061452,0.69858205,3.183994,-1.9225551,4.2487307,0.9340724,-1.3765414,-0.22841795,-0.8104674,4.0981684,-2.1196766,-1.8247634,2.545201,-1.21762,5.2633114,0.8320396,-4.3919287,-3.2202494,NA11839,CEU,1
-7.2372665,26.736935,-20.149841,6.6596556,3.2868354,-0.3268356,0.27464584,0.32793072,-1.3838668,-0.75758785,-0.27157584,0.635886,-1.7599405,-0.6223909,-0.93613756,0.55110604,-2.3142922,-0.7700972,1.1062499,2.7270222,-0.6718313,-3.5890777,1.6082693,-1.3187113,3.7869499,1.2936133,-3.669317,1.4966211,-3.6446507,2.3522658,-1.6742175,1.1834648,6.2313104,-2.160466,-0.13753513,1.2119312,-0.56326747,-5.0168943,1.1273088,-0.6553004,-1.7659092,2.3844373,-0.6186974,0.9898668,-4.7745943,1.6567367,3.7670813,-1.7596431,-1.5806619,-1.0023297,NA10859,CEU,2
-7.133963,25.392965,-21.422926,7.428009,2.2528908,-0.033949416,-0.47741652,0.12634015,-1.02119,-2.1191268,-0.8311459,-0.61489487,-0.27775836,-0.5056962,0.43741933,-0.6116479,1.120626,2.5118175,-1.091227,-0.7269493,1.0566171,1.617421,-1.1596326,-0.52874124,1.4949197,2.3672423,-0.7304505,4.1355324,3.0402222,-3.544409,-3.4894795,3.2729363,0.8205192,2.3140142,-2.9024472,-0.5188948,6.60935,-0.7053745,0.6395371,-3.664402,-5.382109,-0.15148203,4.55459,-0.54695684,2.7562115,-0.2249958,0.045510154,1.633435,4.524655,1.0157249,NA12875,CEU,2
-6.236731,27.556347,-21.735895,6.8501263,3.3128192,-1.3685136,-0.32979482,-0.1629509,-1.1132088,-1.0386441,-0.77661777,-0.9472273,-0.60384023,0.7034282,-0.54523,-2.4646142,0.70297897,0.30468965,-0.7818174,-0.48568618,2.8134754,-1.301676,0.95573777,-1.7087157,5.4599442,-2.7759972,2.5405493,-0.45729563,-1.0389236,4.1816792,-2.5802069,2.8410218,2.8595304,-4.6271796,0.844612,-5.24878,-0.42748842,-1.309481,0.19336772,4.007545,0.20261294,-0.33046585,3.8805068,-1.9387523,-0.9710802,-1.476281,-0.17887604,2.6480963,-1.5334344,5.136988,NA07348,CEU,2
-7.2364535,27.394117,-20.617392,7.526006,2.0180488,-0.67450935,-0.5074443,-0.55544865,-0.70716673,0.09693353,-0.7157334,0.62426317,0.4069568,1.4906229,0.236931,-0.982662,-0.23744178,2.0598407,-0.97405976,-1.4570825,-0.895252,-0.09806132,-2.6764684,-0.96404034,1.1642313,-0.9549821,3.7899232,-1.3082323,-0.34394872,-1.7146363,-2.4521315,-0.3566151,-3.4585202,1.0456921,-1.1707597,-0.1612836,-0.39396855,1.8251474,-0.9569168,1.3859673,-0.5717926,-5.2682905,-3.7929463,0.4053522,-1.9859989,1.5545053,0.120401695,1.4149815,-3.217338,2.5602162,NA12156,CEU,2
-7.307416,28.849155,-22.18832,8.081139,2.7339516,-1.1418458,-0.30778328,0.07383272,-1.7107135,-0.4226648,-0.97262025,0.6460765,-0.15800878,-0.4098143,0.25483328,-0.8804177,0.05205476,-1.9721693,-0.5936624,-1.2374203,-2.1143992,-0.9782607,1.5068244,1.3848267,-1.337471,1.1564994,-0.7190674,0.801769,-0.93866646,-2.1694338,-0.64660454,-0.41569254,-0.33275914,-0.9045322,-0.91008335,1.0657259,-0.19885418,0.6017814,1.4034014,1.914934,-2.076417,0.36995062,1.490848,-2.7550974,1.9916974,1.02887,1.3594851,-1.409995,-1.2871299,-3.0405514,NA12044,CEU,2
-7.0213566,26.690945,-21.24711,7.7386885,1.9137517,-0.37425053,-0.7535416,0.047259398,-1.2418735,-0.7306531,0.014816166,-0.5281307,0.0004965106,0.6123409,0.25101432,0.5750766,0.30413005,1.4096761,1.4886713,0.8137676,-0.16255212,-2.4986207,-0.75351983,-0.24874233,1.0239575,1.0017475,0.7293436,-0.14378923,1.0896971,-1.6302088,-1.4393598,0.43750662,1.7300628,1.1490922,-0.06582842,0.5362884,1.9985353,-0.68710285,2.378211,-1.4616678,0.36672378,1.5864956,-0.11737001,-1.1578311,0.8024252,0.48394477,2.3953202,1.5942858,0.51842445,0.7780216,NA11992,CEU,1
-7.288104,26.900225,-21.230097,7.5328865,2.111052,-0.48727918,-0.34946337,0.004832138,-1.0250916,-1.7834572,0.22786793,0.756724,-1.1616253,-0.56006145,-0.0858379,-0.5133703,-0.8436306,-0.17092735,0.61401415,1.5342093,-1.5095611,-0.17965639,2.1208127,1.708671,-1.0202087,-2.3299258,-2.7979054,-0.55224633,-1.6715097,3.1800125,3.4871209,1.7973356,1.9466767,-5.4066515,3.1903036,-3.1828773,-2.1061208,-0.4737021,-4.56581,0.78157395,-0.16901337,-0.013750693,2.2700028,3.2613547,2.687442,-0.99855405,0.27579477,-1.4950414,2.2511225,-0.7420959,NA11829,CEU,1
-6.194965,26.74605,-21.075352,7.8068748,2.2043228,-0.33119875,-0.39358616,0.014131338,-1.3006703,-0.19383343,0.40171608,-1.0375836,0.9524929,-1.1906551,-1.5570632,-0.5070777,0.939335,-2.7593412,0.20652351,0.9918815,0.54226786,-1.7529831,-3.9651098,-3.8104017,-0.48487684,0.6047723,-2.621525,2.1762648,-0.94845355,-3.9841113,-1.7988236,1.369032,-5.40194,-1.7996316,-2.0172467,2.7906365,1.2056682,1.3257474,0.057059616,3.6962788,-2.6361144,-2.1410246,-1.4367543,-2.9906645,2.8005335,2.8373725,-1.6866792,-4.5513663,2.6124103,5.3300037,NA12239,CEU,2
-7.5339704,27.134634,-21.638975,8.185997,1.9931524,0.2516365,-0.17112133,0.04953695,-1.7146392,-0.9196326,0.7637615,-0.28576177,-1.5523762,-1.7980846,0.557681,-2.8548522,-0.18305492,2.506594,-0.8149869,-1.6251111,1.4077924,0.25154206,-3.3421924,-2.3217404,-2.9645712,0.44810742,-2.18897,-0.37484992,1.4411592,-1.4453489,-3.132442,-0.02495204,-3.8874476,-0.23647416,-3.4225109,-0.18525848,8.116097,-5.1092753,-0.23792438,-1.4654592,-1.5521057,-1.8807466,-0.6597429,-0.49160123,2.0193362,1.5749536,-4.182928,2.1186666,0.36303997,-2.0475512,NA12762,CEU,1
-7.0256457,27.381678,-20.67706,6.4612117,1.7910451,-0.08019082,-0.55862343,-0.07028757,-2.0351667,-0.44287366,0.34149873,0.22558582,-0.91028166,-0.17560217,2.602968,0.40284616,0.3819955,-0.48828518,0.13951382,1.3519046,-0.97138,-0.029527351,-1.4845963,0.8320836,5.081635,-0.3845082,1.7872163,1.5802199,-0.7838009,0.2864517,-0.54813415,-0.5315683,3.0294967,-3.2672536,2.282238,0.017399006,-7.000939,2.3326988,2.5804858,5.9098005,2.5350008,2.477989,-2.314384,-1.7305946,-1.9048662,0.5235372,6.677429,0.36993742,0.6676728,-1.2459028,NA12716,CEU,1
-6.5632195,26.957193,-21.726515,7.247274,1.8011339,0.34370854,-0.28566682,0.185863,-1.3811301,-0.51197904,-1.3424155,-1.0442786,0.24255134,-2.451128,-1.5594615,-1.2036424,-1.8068026,-0.49542373,0.07661376,2.2222822,0.5586182,0.5470791,0.6749266,4.849484,-1.7013066,-5.0930834,-3.4757924,-0.43825787,1.193499,-3.6705127,3.431535,0.7295675,6.835727,1.748086,3.2659976,2.2907462,-0.26502484,0.07112382,-5.809935,6.4755363,0.046260748,2.9041731,0.15815167,5.0922604,1.0105191,1.0681382,4.8752413,-7.7044244,1.6186184,-4.3580937,NA12878,CEU,2
-7.225411,27.50611,-21.206898,7.4555297,1.8834563,-0.7663741,0.11192644,0.32398427,-1.7165415,-1.1640887,0.33444342,0.86872613,-0.43576533,1.3173593,-0.69803035,-0.6235122,-1.1683425,0.35566044,-0.55910784,0.76945907,-1.9680253,0.12111446,1.8626238,1.7049962,-1.9936347,-2.0664082,-3.5637233,-0.9425845,-1.020935,5.41624,4.0906096,1.8315578,1.4597379,-5.0300336,4.4744945,-1.6442869,-4.7228165,0.24422033,-3.226088,2.8160033,-0.4721559,-0.20435849,1.2707323,4.596166,2.3373432,-2.627586,0.13323207,1.9732331,0.3529504,-0.27842256,NA10856,CEU,1
-7.576835,26.983534,-21.818312,7.404233,2.4641254,0.3736038,-0.18366499,-1.0887951,-1.4101669,-0.5520495,0.27242318,0.14080498,-1.7335514,-0.7001716,-0.97556925,1.1399746,1.3309999,0.086237326,-1.1018158,-1.5876336,2.6811035,0.9592424,-2.2873995,-1.6333525,-0.10817686,4.96533,-4.870343,0.91942173,3.9052644,-0.8004759,-9.644622,2.1747189,-0.09887402,0.20515032,-7.276106,-0.943027,11.236596,-1.0333303,-2.3021255,-4.2735386,-4.08939,3.0654328,6.466629,0.7856903,1.0581907,-1.5999017,-1.3166524,2.1506553,6.2253675,2.7073684,NA12874,CEU,1
-7.3398957,26.921429,-21.551647,7.423885,1.5670865,-0.4038413,-0.90796506,-0.22459204,-1.461271,-2.359427,0.45551336,-1.7326217,-0.25864902,-0.5526539,-0.08009017,-0.9504019,0.5291366,2.6813734,0.4039142,-2.050391,2.3297312,-0.81470174,-4.3057323,-1.6158237,0.41199663,-1.3057874,0.9081106,-0.04856385,0.72533786,1.3151377,2.2623227,-3.3836787,-0.3200254,-0.72379965,-8.17916,2.953332,2.0615056,-1.805607,2.8236537,-1.0516587,3.3751774,-0.12891126,-0.3394984,1.6201844,-4.132785,-0.8558544,-3.5256855,-4.1307907,-4.9407396,2.2491007,NA12760,CEU,1
-7.1192093,26.415518,-21.587599,7.0356975,2.1495407,-0.5511715,0.100088246,-0.38401014,-1.8237444,-1.3038511,-0.29268578,-0.13939077,0.40289906,-1.9350632,-0.9422407,-1.2747922,0.8978025,1.4987792,1.248906,2.5862162,0.8846027,1.8848658,-1.3081367,-3.9683974,2.1360602,1.5036207,-2.123316,-0.56869894,-3.7774985,5.4637403,-1.0247314,2.0559578,0.83407325,2.5493217,2.1729517,1.1509225,-0.6250588,-3.2173517,0.03367229,-0.5330459,1.8882997,-4.3046365,-0.9555622,0.5803421,-0.24785553,0.07253859,-0.02349075,2.8591766,2.3997974,-0.6105992,NA06985,CEU,2
-6.7370353,26.606668,-21.25992,7.1828995,2.9691813,-1.6548264,0.6407831,0.93256086,-1.4942714,-0.93403673,0.5816235,0.9769509,-0.19363663,0.5731661,0.06487623,0.16681427,-1.2407739,0.6470581,-1.063803,0.05429199,-0.46899924,-1.1100272,-3.168367,-0.34876186,0.26505172,-1.6675285,0.8699418,-0.29648194,3.604269,-0.57067037,1.4705596,0.4340165,-0.22360279,0.512655,1.0508759,-1.9645656,3.3984246,0.41348237,2.205887,-2.4948957,0.54379165,-4.122605,1.5965202,3.658576,-4.6025605,0.44968733,-1.2950071,-1.0003787,4.019373,-0.25623363,NA12003,CEU,1
-6.653325,27.866455,-22.137117,7.6407986,3.160449,0.7828292,0.21650882,-0.46107268,-1.5417625,-0.94346017,0.75757337,0.3496182,2.1951487,-2.288058,-1.7954917,1.3381939,0.8200363,1.5765482,0.08668162,-1.7463686,4.590855,1.2819204,-0.329161,-0.5501321,-4.4280405,-0.66361356,-1.1305988,3.1304162,2.5892472,-1.4099141,1.2011175,0.36064672,-7.336789,6.061923,0.4211473,-0.2820473,-2.6960857,1.3413368,-3.8907824,1.3892415,0.43135545,0.61269736,1.9034002,1.584759,1.5917004,-0.7839308,-0.77909404,8.4883795,-2.3433876,-3.4145925,NA10835,CEU,1
-6.3267164,25.289217,-19.468395,7.066914,1.6815012,-0.46862966,-0.20119691,-0.19108805,-1.203553,-0.9254785,0.43795884,1.1775633,0.053220917,0.13703941,-0.17594893,-0.25214678,0.5911097,0.74091536,-0.10483762,1.5707706,-0.7572043,0.3958965,1.7758313,0.47896484,-0.08688209,-0.1569872,0.050358873,0.075298846,0.3827306,0.6343853,-0.082965404,1.7274584,1.5263948,0.7209411,-1.4386828,-0.293501,-1.4468435,-0.19610839,1.692694,0.6713094,0.49898982,-0.11980798,-0.73738056,0.11573944,0.60474706,0.5958953,-1.232791,-0.39730194,-0.12592237,0.9974854,NA07022,CEU,1
-7.576631,27.836706,-21.878288,7.2687345,3.4559362,-0.051791925,-0.13571788,0.252432,0.025867797,-2.11945,0.82398516,0.058667216,-1.4532553,-0.35251474,2.0957112,4.3411193,-4.3407307,0.5485492,-1.7619022,4.621041,-7.933201,5.2570124,18.632326,7.32361,0.6893356,1.770559,-3.2844574,1.9046907,1.2129768,-3.4351358,-3.8467617,-0.6239054,-1.2829887,5.3178368,0.368607,0.3660621,1.0157847,0.7965647,2.5206192,-1.7544498,-3.9434285,-2.054032,3.534114,0.5532456,-2.1173816,2.638705,-1.6133506,0.4616537,1.3071275,-2.655043,NA12813,CEU,2
-7.3479896,26.70427,-21.300081,7.7214885,2.442387,0.22321384,0.02857027,0.30611637,-1.4454511,-0.7107707,0.79595673,0.89998317,2.2228062,-0.3048249,0.44798675,0.13062426,-1.2218144,1.4717581,2.3434122,0.08506431,0.26227662,0.14103621,0.12338739,-0.45118445,-2.1309233,2.400133,-1.0121034,-2.1071513,-1.5758964,1.2151403,-1.2929465,1.1582763,-6.564591,2.3653178,2.9765968,-0.8645695,1.9159732,1.32793,-0.3023369,0.70017177,0.80781686,1.2400881,2.23379,3.654713,7.06276,-3.4546502,-0.6019164,1.6673117,2.195042,-0.39780512,NA10839,CEU,2
-8.157299,28.250847,-21.677114,7.218826,2.1558356,0.0052578645,-0.8407978,-0.2624443,-1.2986418,-1.1738607,0.1736082,0.1836428,-1.146512,-0.18694961,-0.7067408,1.458446,-0.48685095,0.96522874,-1.1237328,-0.45177087,0.6553324,0.2034915,0.8890396,1.4356322,-1.0835041,-0.68560976,-1.1261449,1.35994,1.0879323,-1.9236549,1.0715173,0.08004332,0.25657347,0.7560654,3.1343846,0.09851034,-0.23538713,0.47162142,-0.6710808,-0.0861059,0.6056845,0.88887805,-1.7704983,-0.12295539,-0.6775707,-1.5579262,2.1434815,0.8391335,-1.7855326,-0.45293322,NA07055,CEU,2
-7.244626,27.918291,-22.219404,7.46189,2.3635974,-0.31591177,0.4860313,0.8346291,-2.1583092,-0.7733105,-0.28231972,0.9803555,1.4513365,-0.8387525,0.78361976,-1.4836233,0.8760908,-0.78999096,0.94721115,0.38636398,-0.7043527,-2.8235252,-0.4739008,-1.1407628,0.24949953,-0.43605384,0.1852223,-1.2337743,-0.71674824,2.096112,-1.0012525,-0.8279535,1.1747189,0.920813,-0.9712253,-0.5841448,-0.8019014,-0.4298468,2.1637917,-0.3740595,0.5441778,-0.9140059,0.014375511,0.18150595,-1.6927072,2.0644195,-0.2965297,-1.8275065,0.7202404,-0.3258916,NA12056,CEU,1
-7.742046,28.94115,-22.645397,7.0754905,2.2930775,-0.54996127,0.5052366,0.052982796,-2.0383332,-1.4144422,-0.9506297,0.06460329,1.3712926,0.83989584,-1.9632294,-2.3290126,-0.4036604,-0.8049863,-0.6279726,4.090996,-1.1384486,-3.69392,-4.0348754,-1.4351983,3.0930681,-2.3301914,-0.57897,2.9182456,-2.586603,-1.2265313,-1.0530626,3.89883,-1.2043602,-2.2848575,4.44356,-1.1526868,-1.3973019,-2.470802,3.9340076,1.6985446,-4.8348036,2.3744836,-3.7127059,5.4333344,-1.5882734,3.0598938,0.79633945,1.4643136,-2.667115,-0.2922597,NA10863,CEU,2
-6.697851,27.810673,-22.044436,7.7379746,2.6453838,0.0970557,-0.29120624,0.49411884,-1.055344,-0.06831488,0.064444266,1.6904421,-2.22854,-1.5810249,-0.78872377,1.7086074,0.98653615,1.8746628,-1.2194786,1.7855644,1.2947202,2.8885267,-1.7896296,-0.36467236,-1.5704092,0.30001757,-1.6250299,0.90026754,1.4572775,-1.0346041,-1.1849616,2.1834671,0.7593812,1.8853363,0.98161954,-0.95900774,2.0457215,-1.3963933,-1.3083863,0.5958412,-0.16445604,0.30765608,0.6487315,2.6435425,-2.3340664,-5.221077,5.8279114,-0.18551777,1.8513954,0.1455769,NA12145,CEU,2
-8.274989,28.023228,-21.78204,7.7299113,1.901349,-0.11062705,0.27816716,-0.34135112,-1.279919,-1.0054455,0.6563114,0.4175977,0.060963497,-0.36314055,0.08000778,0.31725183,0.1023021,-1.1142985,3.284072,-2.0109396,-1.9486324,1.9314234,2.8121989,1.7628013,-1.278923,-0.19387016,4.1680913,0.97987646,0.3959573,2.4003618,5.25969,-4.0284967,1.9301447,4.0241437,-2.8080792,4.8721094,-5.514219,-0.30968434,-0.31492367,-2.135392,4.43867,-0.46765518,-2.90234,-2.867633,0.04466236,-2.663671,2.3420248,-2.7852366,-2.1441095,1.1331674,NA12814,CEU,1
-7.413438,28.330723,-22.147247,7.679211,1.9307531,-0.7751517,-0.33038017,0.6573303,-0.62261546,-0.18627937,-0.62142175,-0.45289314,1.1173999,-2.5371575,-1.9972736,-0.8924445,0.111739874,-3.221916,1.144733,1.7639399,-0.07940045,-1.0393124,-5.3528485,-5.7154856,-1.054406,1.4587582,-2.7635982,3.5672805,-0.21417163,-6.1884813,-0.09321159,0.5789403,-7.350422,-2.5039978,-3.1799097,5.9709744,2.2927682,3.6515613,-1.0606779,3.9235938,-5.0229,-4.340286,-3.262137,-3.8114047,4.177458,3.41808,-1.379147,-5.0210185,6.309251,5.1033697,NA10847,CEU,2
-7.275666,27.794285,-22.344746,7.7760787,2.2030795,-0.60695136,0.2585939,0.5495385,-2.066104,0.0121486075,1.1571065,1.4305859,2.3912017,0.5771863,1.7567385,0.3882821,-0.517821,1.0556448,2.3365312,-0.062016405,0.7746498,-0.12601043,-1.6265632,-1.0149072,-2.277878,1.5442998,-0.043189537,-1.661857,-1.7121636,1.4146806,0.64129734,0.5873219,-5.0006833,0.64044327,3.4849555,-0.35641482,0.742876,1.8101746,-1.2165966,0.047609083,0.9268973,0.9691259,0.25181413,3.7834125,5.7234063,-2.3326633,0.7141535,1.7093066,3.1163933,0.07905345,NA12006,CEU,2
-6.6375837,27.505543,-21.730755,8.182375,2.8200386,-0.9149971,-0.9922609,-0.8510747,-0.90774214,-0.6791863,-0.58794856,-0.034715172,-0.7263878,-1.2226237,-0.7809772,-1.6789633,0.5927335,-0.69836336,-0.22270823,-1.8559809,3.018561,1.0634806,-2.5440056,-2.057691,-1.4792551,0.9855717,-2.4399595,-0.3743138,0.5244635,-1.6098384,-3.1834788,-1.3862945,-0.5526672,-3.7202046,-2.8580883,-0.9889528,5.659705,-3.7672677,-1.8842362,-1.7976143,-0.4747523,1.4664333,-0.4496983,-2.7188993,0.9107282,0.94246024,-1.0138829,1.3872802,1.4705908,-3.0919158,NA12763,CEU,2
-6.954945,27.614065,-21.667791,7.2164297,3.393043,0.3145301,-0.67217,0.37655756,-1.2992855,-0.6462543,-1.87252,-0.8927068,-0.6320336,0.42676172,0.3023407,-2.860973,1.6893545,-0.40369734,-2.0680768,0.23284186,3.6686485,-1.1812104,0.9040054,-1.5549545,3.2513163,-2.6962879,2.4249914,0.1728026,0.5699099,1.7751861,-0.44709033,2.2732112,2.2550256,-4.1848226,2.889289,-4.793248,-0.9947788,0.23899153,-0.9755013,4.5521736,-1.134558,-0.05708741,2.444375,1.486827,-0.5040729,-1.3171353,1.1193566,2.072849,0.41010597,2.8504722,NA07357,CEU,1
-7.033277,27.679037,-21.512207,7.5029597,2.159828,0.32957208,-0.8516358,-0.07394725,-0.86843747,-0.068226285,-0.7214929,0.5028818,-1.0379963,-2.4610622,-0.06243902,0.12735341,-0.5004941,1.6723379,-2.0466933,1.5556484,2.6644602,1.6607287,-2.2323468,-0.67001027,-0.82522464,-1.7464386,-1.581881,-0.30224165,1.2221726,-3.6928668,0.7567903,0.19094375,0.06589264,0.46424505,3.1089265,-3.564889,1.3024507,0.5409271,-4.6117196,0.49339238,0.44544637,1.7774559,-0.4442479,2.3166008,-0.95005757,-6.3304086,6.068951,3.1211553,2.3328588,1.6123852,NA12144,CEU,1
-6.2395325,27.252659,-20.57671,7.860814,2.3220994,-0.6095874,0.40345868,-0.6307415,-1.1018461,-0.84797823,0.0074764313,0.6703859,0.67763156,1.670805,-0.22240527,-1.8758236,-0.068656586,0.76461154,0.4292489,-2.4005446,-2.0413198,-1.3503716,-2.4692056,-1.256598,1.0792114,-2.2839952,2.9510922,-3.12015,0.18899506,-2.5004175,-2.3534234,-0.69612145,-4.848882,-0.32857913,-1.8350872,-1.3779821,-1.1708906,0.99288,-0.2804636,1.0407087,-1.479858,-4.826705,-4.089104,1.0638764,-2.8321035,1.1037748,-2.080434,1.9471455,-2.5150762,2.9456651,NA10831,CEU,2
-6.8156953,26.725702,-21.216064,7.4381433,3.2691169,-0.11954162,0.17531134,-1.2863333,-1.4465908,-0.8887879,-0.54539096,0.23246877,0.52620065,0.3560513,0.62380713,-1.2048006,-0.68573684,0.46240324,-1.2049352,3.4252324,2.3324652,0.11525422,-2.7957933,-2.545817,3.305375,0.19283779,3.019892,0.7825411,0.81972396,2.8689222,2.7592692,-3.8837657,-0.31454453,-0.5551114,0.65787756,-3.5838566,-1.1393621,1.6470422,-0.76217365,2.381474,3.6747973,-3.8647811,0.23135349,0.77038103,-3.891395,-0.20706993,-0.25148445,-3.0223827,-0.94179285,1.2156315,NA07000,CEU,2
-7.878306,27.904724,-22.177368,6.9686804,2.1508172,-0.2371599,-0.41422653,-0.8206101,-2.6472247,-1.0842974,0.038079042,-0.2872939,-1.0230931,1.0445105,-0.6267416,1.5764512,0.46659312,-1.122018,-1.0767099,-0.2876551,0.015584506,0.1971585,-0.054088313,1.1321591,0.79106194,2.5946925,1.5134919,-1.2282563,0.62734425,-0.7180236,1.6614965,1.5901245,2.7962644,-0.42513365,-1.3405986,-0.82418966,-1.0921217,1.388393,0.32033417,-2.787628,-1.1565564,2.7927704,0.29327112,-7.732699,-0.106518865,-0.030675903,0.9342528,-3.514148,-1.81113,0.45160306,NA11832,CEU,2
-7.0450697,27.044874,-22.34365,7.000707,1.9026626,-0.49670002,-0.7505118,0.39465883,-1.2874495,-0.82644135,0.6320764,-0.55669874,0.8176249,-1.3667604,-0.56299156,-1.6372133,-0.1650363,1.5937274,2.309844,1.9685208,0.47644916,1.8541087,-0.77991915,-5.035022,4.014318,2.5347793,-1.4009451,-1.8321099,-3.6318038,7.935503,0.5924017,1.5805117,1.3223594,1.6914155,2.4371605,1.5811766,-0.9032811,-1.5072157,1.1691319,-0.66523546,1.170142,-3.0755494,-2.3179986,0.8547959,-0.15686311,-0.8992146,1.838874,3.2974296,1.818869,-1.983404,NA06991,CEU,2
-7.4850316,26.94157,-19.607014,6.9393854,2.0388918,-0.48013392,-0.4250603,-0.22081797,-1.2603247,-1.1934661,0.56448,-0.79264766,-0.8446524,-0.8425316,0.29969501,-1.7357835,-0.10922147,-1.7363123,0.9140013,0.6829015,-0.74438405,-3.7313843,-3.1203861,-1.2128623,-2.5799334,0.80038464,-1.9283022,-0.50494766,1.624646,-2.5219817,0.16247065,0.4637409,-3.5590568,-0.77834964,1.9447714,-2.0509984,4.4808183,3.0979648,-3.2514513,-0.75303596,-1.7978832,2.584076,-1.43825,0.8866615,1.777467,-2.7387178,5.416359,2.4957542,-4.246525,-3.3298748,NA11840,CEU,2
-8.050109,27.497696,-21.73902,7.5963454,2.4963124,-0.18230939,-0.8373081,-0.4560268,-1.026015,-1.046835,0.2146333,0.60698503,0.34007478,0.09797066,0.47831014,0.24323486,0.06899815,-1.7522992,3.6427288,-3.350248,-2.5668788,-0.33128527,0.96749717,1.6683735,-1.5047522,0.21386658,2.8456154,1.6567001,3.3182902,-0.19742987,5.171179,-2.5543358,-1.0936928,5.107096,-1.7185962,4.287936,-5.1448536,1.7412118,0.24276584,-1.5931813,1.3640635,0.104039155,-3.6660817,-4.7863255,0.36587822,-3.3996572,2.9367359,-3.2712717,-3.4980068,1.2646309,NA12802,CEU,2
-6.583268,26.123867,-20.936592,7.562506,2.2880151,0.45072526,-0.93502676,-0.676779,-1.6705315,-1.1999059,0.49616626,-0.99203706,0.27066565,0.10382522,-0.9722924,0.8944293,0.82847077,1.9559221,-0.80575645,-2.5585623,4.5722666,-2.55228,-2.5590696,0.15129629,-2.439067,-0.25842923,0.29684916,-1.1816387,-0.047012202,-0.27982062,-0.3298033,-0.97297794,-1.0592661,2.8701417,-5.3475676,3.1928544,2.3129826,-1.2414846,4.7755065,-1.611838,4.216294,2.1861567,-0.51986176,-0.5243686,-1.4943151,0.8365246,-1.3339537,-6.7971473,-4.1213818,3.202285,NA12761,CEU,2
-7.1925344,28.01154,-22.436766,7.3939395,2.2654037,0.043998558,-0.5019589,-0.88356876,-0.36859775,-0.41044578,-0.52688926,0.8459256,-0.6108031,-0.5336293,0.50395894,0.0049132733,0.12838681,-2.0343342,-1.0893968,1.4455801,0.17565735,-1.4121113,-2.057972,-2.2466242,1.459929,-1.5892745,-1.899994,-0.31013367,0.1484159,-1.1944292,-1.799706,0.79977024,5.108836,-2.225365,1.9240791,-3.341989,2.2577996,-1.7180916,-0.9247881,0.94893926,-0.2791343,1.5550966,0.20235829,-1.2515694,-1.9882957,-0.4570513,1.2893,-0.83533823,-2.5921028,-2.1185992,NA10830,CEU,1
-8.1528,27.411936,-21.37215,7.2530484,2.7125328,-0.30952182,-0.40958685,-0.075431675,-2.1514456,-1.5274976,-0.31092015,-0.44632807,-0.73843324,3.8052895,-2.1247687,2.8437564,1.4934298,-1.7975127,-1.6178832,-0.76766384,-0.61469895,2.334708,3.662395,3.1893494,2.124695,2.1664975,0.92202044,-1.4000418,0.6329569,-0.96478367,0.5857506,2.1515875,3.2615879,-0.14578299,-1.2776314,1.6103001,-2.1829364,2.8495123,-0.13214055,-1.3666443,-2.5805848,4.653525,0.025418092,-8.5110855,-1.7951063,1.2113575,1.7371382,-5.9121666,-2.030011,1.0057892,NA10855,CEU,2
-6.8761716,26.20764,-21.824686,6.8422017,2.1295204,-0.3270158,0.45375144,0.2685895,-2.5783522,-1.104666,-0.25265822,-1.6226337,0.9598402,-1.1626434,1.2651793,-1.9034961,-0.9074528,-0.37793,-1.9181793,3.3086567,0.9483668,0.5630921,-0.5890365,-0.13129692,1.358983,1.5549686,2.2676623,2.2061834,1.9533336,4.0332465,1.77714,-2.4949663,0.07845171,0.32281387,2.8589814,-5.2761793,-2.805972,3.5812669,-1.1992065,2.8336792,3.0424092,-2.0556982,1.2942683,3.5425022,-3.5847552,-0.25090638,-0.86807203,-4.4301314,2.484616,1.3064392,NA06994,CEU,1
-7.402652,27.759722,-21.01708,7.385889,2.6834986,0.004406614,-0.6547136,0.30005112,-1.3455002,-0.65488344,-0.00011327215,0.20625485,-0.67940027,-1.2343454,0.43113598,-0.3074215,-0.0042845947,-0.34196103,-0.22325704,-3.000115,3.197226,-0.9029011,-1.2979143,-1.2007937,0.7947121,-2.1689117,1.2912822,-0.33398134,-0.15793972,0.58793944,0.979997,-0.8604614,0.16255414,-0.2949001,-0.6686378,-1.7781382,0.24853589,1.8828603,-1.4166107,1.4002855,2.4030447,-1.0031544,-1.6641173,-0.36871174,-0.94812495,-0.9249917,-0.020471498,2.2849858,0.878061,-0.60146415,NA11993,CEU,2
-7.0012574,26.482027,-21.600264,7.725945,1.7992632,-0.0887934,0.63607097,0.63486785,-1.0959964,-1.1317939,-0.100724556,0.58893293,1.7120225,0.9543453,-0.95246,0.06078994,1.1665157,-0.46941674,-0.5081076,-0.08241602,0.64314586,0.17372099,-2.5843751,1.0062822,-0.13579379,0.6413414,2.995164,-3.9460099,1.2077916,-3.7955258,5.113512,-1.4497842,-0.7351549,-1.8471756,0.5605744,2.6728096,-0.9513852,8.741248,-3.7171588,2.7661166,-2.1783166,-2.5566885,-1.7562455,-1.7900192,-0.37177676,1.7820882,-3.7420697,-1.0669088,1.1516829,-1.2156007,NA11995,CEU,2
-7.263143,25.978157,-20.43574,6.7909527,2.912962,-0.79275703,-0.6838037,0.56047046,-0.37936094,-0.7461924,-1.6005466,-0.6959592,-0.25668108,-1.6906573,-0.23328976,-0.36535355,-1.3681961,-2.0591712,-1.6684,1.3336184,0.1134966,1.328697,1.5122609,4.013262,-0.7471749,-4.741405,-0.9749078,0.16017881,1.2110437,-1.660851,2.574549,1.5429288,6.475597,1.3824551,3.511013,2.8320715,-1.3385924,-0.6960494,-4.737179,5.000716,-0.6736663,2.2061777,1.6517328,2.7885797,1.4453212,0.46805656,2.8020072,-4.990643,2.1136303,-2.6782143,NA12891,CEU,1
-7.626551,27.957968,-21.638567,7.402856,2.1281207,0.01514772,-0.11113031,0.2232897,-1.2873586,-1.831684,1.6004356,0.6239417,-1.418648,1.1822363,-0.12571883,1.3907065,0.81349796,0.41138923,1.9364595,1.1488546,-0.19649075,1.166718,3.2620668,1.4748238,5.4179935,1.2704381,2.1967826,-4.1244473,-0.7395971,1.970958,-2.9268596,2.0190887,1.2206147,-0.8971053,4.9759727,6.1212034,-4.143306,-0.4293898,5.355308,-2.7302597,1.8516583,2.4536479,-4.4908714,-3.560004,0.16846783,0.27978572,2.6922774,3.2544172,-3.837926,1.2797502,NA12864,CEU,1
-7.629184,27.383608,-21.756569,7.0570216,3.7988868,-0.33314335,-0.12952399,0.38473707,-1.3464307,-0.99950296,-0.09463756,-1.5083685,-0.7553084,0.8357322,0.349342,0.11179143,-0.70716524,1.1614379,1.0238374,1.621266,2.83095,1.2361635,-0.28948504,1.4076017,3.6145728,0.9073003,1.0813106,0.9946352,0.18959478,1.3574119,-2.8427281,0.76376367,-0.9424691,1.3189551,1.1184436,-3.6786685,0.11707893,-0.42188957,0.26153928,-2.7148254,-1.9780484,5.0908227,-1.046024,0.7559394,2.8870053,-1.8234893,-2.7641196,1.7602897,-2.6136806,3.2563167,NA12751,CEU,2
-7.240505,26.960087,-21.506638,7.599352,2.4743824,-0.18923377,-0.88448316,0.22880667,-1.8761773,-2.3991668,-0.05847902,0.60922045,2.5055597,2.291316,-1.0950431,1.4408767,0.67471266,0.5207605,-0.066624805,0.28083587,-1.6058255,1.952096,-0.7364152,2.7040377,-0.95762444,0.8846352,2.982682,-5.5793915,1.8468655,-5.2030497,5.7395005,-3.6516244,-2.435761,-0.28579733,3.2087693,4.3580995,-1.7159299,10.909301,-4.8458776,0.61405927,-5.4891043,-3.8237402,-2.349161,-3.2204726,1.6010677,1.2325906,-4.7475247,-1.1706365,3.3819892,-0.24850328,NA10861,CEU,2
-7.2550516,26.797312,-22.190548,7.6617107,2.2274523,0.29411072,0.29561064,-0.6288973,-1.0847328,-0.6316301,0.5600767,0.5801478,1.5448799,0.25056076,0.16424835,0.044408266,-0.12077038,1.6356007,1.4105974,-0.7033104,0.13240986,-1.0360596,-0.062184907,-1.4874754,-2.0636988,2.5183551,-1.832088,-2.0009136,-1.1429256,-0.004862289,-2.2322576,2.235775,-4.567745,2.9550893,0.9565101,-0.52410924,1.4095025,0.22222383,0.1182178,0.923426,0.5026978,0.82326823,3.3437786,2.530396,4.398489,-1.9034082,-1.2573311,1.0663949,0.44018784,-1.4783715,NA12005,CEU,1
-7.1676683,29.340542,-22.796059,7.121514,2.050695,0.025016544,0.14733453,-1.0512973,-2.243542,-1.3766837,-0.039939832,0.010407304,0.27817675,0.065806516,-2.503991,-1.8242071,-0.29317582,-1.3454899,-1.0085108,2.6723757,-0.91199344,-2.3271928,-3.035528,-1.2088858,1.09275,-3.03315,0.30011857,1.6666787,-0.9589231,0.25661772,0.098197415,1.735209,-0.5577456,0.31064454,2.272569,-1.0098424,-2.3380663,-1.0809509,0.7194185,0.47249076,-3.1427786,1.6812464,-1.9948134,4.053432,-0.020128163,0.9199977,0.3094707,-1.9252262,-2.8611088,-1.0441563,NA12234,CEU,2
-6.954261,28.3507,-21.369606,7.022196,3.398115,-1.8789265,0.0063431794,-0.4279136,-1.8831395,-1.2364825,-0.25375524,-0.52374256,-0.53019106,1.062958,-1.136156,-0.07226931,0.13164817,1.307861,-0.56217456,0.289208,-0.5191905,-0.89094305,1.537333,0.03024271,4.873529,-0.6504082,0.60930294,0.34798992,-1.6681511,3.665475,-3.2168226,1.603938,2.2759159,-2.1644506,-0.37010735,-3.9641173,1.3980176,-1.8839926,0.9217052,1.4541852,0.6041592,0.37592316,2.0351417,-3.33326,-1.5638804,0.13231419,-0.14542183,2.1917567,-3.0052688,4.1263957,NA07345,CEU,2
-6.613685,27.207207,-22.016687,7.143234,2.9850085,-0.2899895,0.34697565,-1.0046314,-1.9292592,-1.070208,-0.407221,-0.7717868,1.6054617,-0.79678303,1.5095677,-2.0148497,-1.2829399,0.438071,-2.1234438,4.33616,2.2231588,1.1601154,-2.1721687,-1.6003656,3.6770136,0.9287261,3.4292982,1.3385638,0.6605081,4.740176,3.8057837,-4.3656893,-0.4446077,-0.22618365,2.560034,-4.2198863,-3.4187472,4.0847063,-1.3695853,2.3732927,4.773651,-5.005104,1.3155879,2.7818525,-4.8770294,0.15189545,-1.4152927,-5.421311,1.0125178,2.543725,NA07029,CEU,1
-7.7168064,27.76907,-22.425594,8.441255,2.4278088,0.08786186,-0.27917823,0.33645907,-2.0239038,-1.0401348,0.08312829,-0.029213058,0.78976667,-1.2639244,-1.2231101,-0.73024863,-1.4480555,0.59674364,1.3260456,2.1448324,0.89737993,-1.3681865,-0.19453974,3.530244,-0.532225,-2.3442948,-3.7584555,0.06900072,1.1904225,-3.4620728,2.389069,-0.6283089,3.3003263,-1.470102,3.348857,1.1784822,0.6209581,1.2372617,-4.48956,3.3054268,-0.08410111,0.42174703,-1.2641845,3.5888119,0.36694387,1.9329473,4.2270417,-6.4529886,1.0569922,-3.2676957,NA12892,CEU,2
-7.0507298,27.89132,-22.25909,7.332911,2.8374932,0.056831624,0.6735092,0.0027089147,-1.5798165,-0.95989156,0.23436113,-0.3376736,2.4154687,-2.8542633,-0.69317347,1.2445334,0.052544937,1.0582433,-0.19958664,-0.59061295,3.3855362,1.7471331,2.0116951,1.1537719,-3.6235766,0.1807404,-1.5899895,3.579372,2.911105,-2.2817495,1.4161284,1.3427906,-7.619458,5.2293377,1.4897653,-0.9924504,-0.041190535,0.515244,-3.4430332,1.746701,0.118712746,-0.283328,1.5975568,2.3523526,1.603182,-0.41052788,0.17344725,3.42203,-2.3270986,-0.13887994,NA12248,CEU,1
-6.595855,27.814573,-21.986456,7.8748627,2.6731932,0.43872574,-0.49218324,-0.29316178,-0.98773086,-0.33658323,-0.3317266,0.90344733,-2.3022346,-2.5333734,-0.54846823,1.2464837,0.06415719,3.2222185,-2.6205583,2.2066667,2.5581698,2.8824017,-2.2131298,-0.6749237,-1.2810007,-0.5132294,-2.5149043,0.24984935,1.6531303,-3.9472873,0.11532549,1.7249106,0.36313915,2.3280666,3.6699018,-3.5191092,3.2833977,-1.1481427,-5.0544863,0.3785759,-0.7760698,0.68691003,0.6161,2.6757421,-2.0736032,-7.8484874,9.002825,2.8106718,1.5980021,1.0371089,NA10846,CEU,1
-7.727728,27.368841,-21.18947,7.2287045,3.3331182,-0.025274243,-0.56408226,-1.05409,-1.0762726,-2.1348019,1.5926338,0.87731665,-1.1908098,-0.21495785,2.338852,3.533149,-3.4771016,0.058888778,-2.3814385,5.5422807,-7.766248,3.6298351,19.782618,8.916936,0.86687833,0.10573793,-3.4737172,0.65075666,0.11755998,-2.821977,-2.8427956,-0.29406032,-0.5997035,4.5546985,3.1185977,3.3077555,1.1649975,-1.0414244,2.565884,0.4742376,-3.8453503,-3.3772175,4.0990868,-0.27572653,-4.2105603,4.454918,-1.8057367,1.0202647,1.1588811,-1.8902944,NA12801,CEU,1
-6.863054,28.135046,-20.834349,7.27246,2.7343373,-0.45989043,1.1490953,0.5629817,-1.3553436,-1.5964017,1.8676507,0.3660037,-0.58073765,-1.2217946,-0.4524203,0.23659243,1.4963806,0.48444846,0.69161844,0.40722686,0.42375758,0.51205146,1.8777621,1.8081831,3.8529887,1.8063399,2.1906726,-3.004919,-2.6913033,0.09444754,-1.6676149,0.5581826,-0.0022817613,-0.6482158,3.0664794,4.0461216,-3.1043556,-0.6442195,3.4651744,-2.0186899,2.6983771,1.2358941,-2.138347,-3.986325,-0.7783132,-0.047082227,2.310226,2.0699086,-2.897738,1.1459641,NA12872,CEU,1
-6.94984,27.02008,-20.562567,7.7556577,2.9079838,0.029733403,0.38911566,-0.5680663,-0.79560345,-0.8941268,-0.30750743,-0.030697681,0.6904491,0.8672049,0.03973562,-1.3868897,-0.2867842,-0.09721371,1.9206104,-1.4137187,-1.25378,-1.5737464,-1.3331022,-1.1201925,-0.624892,-2.1434608,0.04134499,-2.6207166,1.0562241,-2.7905111,-1.5317887,0.846528,-3.258439,-1.5177381,-1.594433,-0.80130774,-2.1269276,1.6731247,-0.15025374,0.9934575,-1.1870362,-1.8673023,-2.5694067,2.387172,-2.0011737,0.2868648,-2.6954446,-0.29507568,-1.7093128,1.7941155,NA12155,CEU,1
-6.96258,27.191162,-22.116762,7.1689286,2.011087,0.106816284,-0.18001315,0.19389927,-0.78451926,-0.5986147,0.9729322,-0.9658207,0.90601367,0.18344508,0.44124565,-1.4959736,-0.23395243,0.48235166,2.0225482,0.8220095,-0.521372,0.39664373,0.9930571,-2.5890546,3.195073,2.665504,-0.38252795,-3.4431515,-1.6754738,5.132549,2.2566483,-0.20722093,1.8139287,0.8112208,0.06441591,1.9559581,-1.2237513,0.6479668,2.5469494,-0.3928308,0.7479701,-0.7538439,-2.742953,-0.010440163,-0.3328501,-1.0158355,1.8913641,0.8044766,-0.43216035,-1.1617751,NA06993,CEU,1
-7.320122,26.946976,-20.986946,7.152973,2.621412,-0.39531672,0.47810325,-0.3823907,-1.8670689,-0.93373036,0.065983705,1.1506795,0.2733775,1.4578422,-0.19775122,-0.5190246,-1.1058466,0.3167983,-0.8574143,0.33557495,-0.9825998,0.88669086,-0.88354546,0.7390862,-1.9092518,-0.7169718,-1.7568177,-1.4887645,-0.8514276,5.0510364,3.1299021,2.7319748,0.5214894,-2.9393866,2.2650108,1.8933052,-3.2541263,-0.6369818,-1.3915614,3.0238252,-0.71931255,-0.2748385,0.27782217,2.6048715,1.9396052,-0.75467783,0.21096465,3.209974,-1.2809819,0.17134647,NA11830,CEU,2
-7.6565895,26.67716,-21.549587,6.8303933,3.0687885,-0.93247104,-0.57985073,1.1143736,-1.2606981,-0.93821484,0.47019407,1.1395731,-0.9640276,0.26899496,0.58799636,0.26523927,0.24432899,0.2619702,-0.0646565,0.2267045,-0.28100753,-0.59427583,-2.2265255,-1.018063,0.9027241,-0.43522373,0.56480825,-1.0247056,2.6796882,-0.16584387,0.18108965,0.9257548,-0.8289159,0.53256017,-0.14429651,-2.8577697,2.682377,0.52103096,3.0203438,-3.6069243,0.6323838,-2.7311463,1.4922831,3.1363423,-5.5498037,1.2057363,-3.6070914,-1.2828516,4.2089024,-2.128151,NA10838,CEU,1
-7.4402914,27.162169,-22.077528,7.893131,3.268286,0.5708148,-0.19926223,0.4915796,-0.7578115,-1.013294,1.0258553,0.0807559,0.827163,-0.45741314,-1.5947104,0.9160564,0.6658272,0.60061055,0.36088333,-2.3537853,3.9774458,1.3626608,-1.1617159,-0.4387007,-3.4172723,-1.0109583,-0.44703496,1.2792364,0.74000067,-0.624668,0.6460006,-1.2173896,-2.4164474,3.2874894,0.34823632,0.5460613,-3.6331546,1.5950353,-2.7695696,0.26284432,1.057485,1.4087569,1.3747009,-0.18507959,1.05188,-1.7604837,-0.32805437,7.2901454,-1.088009,-3.828711,NA12249,CEU,2
-6.5962443,26.072739,-20.5991,7.3477817,2.5529718,0.6274006,0.28972125,-0.42086312,-0.43386838,0.21045004,0.15502253,-0.61158043,0.06398606,0.9203253,0.8659335,1.4772006,2.1631331,-1.3020375,-0.23801418,0.3675079,-1.5460691,-1.3969245,-1.3094403,-1.8397795,-1.1847271,-0.5239834,0.6292056,-0.1113338,0.43307123,-2.7350109,2.6869705,-1.159058,-2.5385559,0.99769527,0.33615687,-0.5924063,0.71075076,0.4011492,-0.7379337,-0.099346936,-1.3826724,-1.24354,-2.12154,1.0601902,-2.2210624,-1.054958,-0.43954054,-0.3845022,0.2704905,0.60367,NA12057,CEU,2
-7.2395406,27.206848,-20.619463,7.885827,2.4889472,-0.09249075,-0.46091592,-0.32506737,-2.3248062,-1.76381,1.5702747,1.2501624,1.0377717,-0.9797194,1.3648068,1.1428033,-1.8921683,-0.21032648,-2.3029146,3.462707,-1.90633,0.6611736,8.3615465,4.4593263,0.021989033,-2.0324302,-1.8923876,0.1064972,0.16880225,0.38387477,-0.5992523,0.5877972,0.7751607,2.403531,4.9643736,2.308698,0.38726377,-1.8987606,0.89470077,2.4337864,-1.624661,-2.6347418,2.3184814,0.4152053,-3.114719,2.2215445,0.13838093,0.55059177,-0.10322428,0.013976295,NA12812,CEU,1
-6.569453,27.829596,-21.025055,7.28314,2.3169806,-0.8235378,0.72154415,0.38032338,-1.3121653,-1.8877487,-0.19181488,0.18428843,-1.1398985,-0.8785699,-2.253672,0.69888186,-1.1598974,-1.0719478,2.0620818,1.4176701,1.2634836,-2.192402,1.1626523,-1.7434939,3.0088203,2.70185,-1.9782841,1.8099116,-3.3970253,2.8643343,-1.1511322,-1.3705298,4.6997166,-2.2752762,-0.54144293,0.6534842,-0.7354106,-3.829476,0.075649045,-0.8242012,-0.7019076,2.3764522,-2.1267848,-0.18772708,-2.3383338,0.9570857,3.2066586,-0.87648845,-0.2865429,-1.3966342,NA11881,CEU,1
-8.138992,28.042576,-22.67717,7.3723574,2.277698,-0.60900486,-1.3887175,0.53080934,-1.7571522,-1.3046945,-0.4580332,1.3448302,1.3645817,1.6807141,-1.5188595,0.6992685,1.0191747,1.4252324,0.51040274,-0.45323393,-2.647971,0.77184135,0.6276034,2.0494308,-1.2139564,0.461205,1.4003866,-3.5482712,0.76902205,-4.0750046,1.4873613,-2.5179086,-3.357513,0.4637141,2.049005,3.172877,-0.5869153,6.3230186,-2.1572094,-0.745707,-4.4491253,-2.7320755,-1.632482,-2.9293058,2.2777078,2.5524907,-3.8900454,-0.46064267,5.2498507,0.11553157,NA11994,CEU,1
-7.0788116,27.336441,-21.837431,7.24093,2.2810142,-0.6276995,-0.08554584,-0.3432291,-1.2974976,-1.6981859,1.0925529,0.079855554,-1.1396712,2.4672594,0.59569776,0.9383562,1.070289,0.085062385,1.3645039,1.4020771,-1.050075,0.8711203,1.1832522,0.8530204,3.747384,1.0430442,0.8505716,-2.1949997,-0.0628195,2.2984211,-3.7498918,2.4640925,1.4148864,-0.5077168,3.9091837,4.5234284,-3.5378258,0.5077957,3.8537178,-0.806575,1.608999,1.1190937,-3.9994774,-1.4985747,2.1460278,0.6908112,1.6370298,2.7414382,-3.1459415,1.3922209,NA12873,CEU,2
-7.147796,26.857018,-21.10795,7.6580005,1.5426115,-0.4133639,-0.35614488,-0.5721603,-1.1713072,-0.8371696,-0.9111774,0.27341518,1.0033578,-0.74315584,0.5036814,-0.8148314,0.27719262,-1.3387309,2.1867154,-3.2800093,-1.3251643,-2.9213023,-0.9815052,0.015614204,-0.38244143,1.2075495,0.77976125,0.5540373,3.6769044,-1.4665124,2.312564,-0.54561526,-2.299729,2.6975691,-0.746264,2.00543,-3.5247762,2.5750966,1.0533124,0.60332453,-1.1670654,0.913508,-2.111653,-3.0562549,-1.1225936,-3.0042405,1.5231761,-2.3716424,-2.2965055,-0.59765506,NA12815,CEU,2
-7.595312,27.325512,-21.071457,6.8495774,3.0614586,0.030070148,-0.6023537,-0.5309798,-1.711702,-1.3058408,0.18351415,-2.3281708,-1.7078844,0.44572002,1.0786508,-0.05870553,-1.8438741,1.1348641,0.9052486,-0.1462958,3.223464,0.6117642,-0.09560718,0.772997,4.690157,0.5733374,0.8175689,1.0020742,-1.31061,1.6882564,-2.936377,0.11553997,-2.4130561,2.519369,2.1091905,-3.511543,-2.7153842,-2.1717715,-1.8353294,-4.3936143,-2.7335448,5.9844804,-0.85953784,2.2847657,3.5318973,-2.8546631,-1.3974073,4.2352314,-4.1047487,4.0459976,NA12740,CEU,2
-6.857495,26.700325,-20.405178,7.4577937,1.5232157,-0.046995588,-1.7932217,-0.37661457,-1.7764897,-2.2779162,0.2543145,-1.7564458,-0.11322415,-0.80468404,-0.9294628,0.78426784,1.1365337,3.5828836,-0.6026079,-2.7839835,4.293527,-2.0383756,-4.0970283,-2.1762207,-0.85684156,-1.0521445,0.6667386,-1.2267662,0.96113867,1.5501555,1.54583,-3.0109959,-0.17118523,1.8626872,-9.027414,3.7185442,3.2861738,-1.343413,5.867793,-1.9657376,4.7306795,1.4258966,1.0108467,1.364164,-4.036991,-0.40357608,-3.89939,-7.196235,-5.972925,3.9953365,NA12752,CEU,1
-7.418362,27.09954,-20.753674,8.059711,2.1981099,-0.36669207,-0.6590619,-0.4262405,-1.2246032,-0.5477907,0.2757505,-0.28222856,-1.601658,1.1581277,-0.344792,1.9230837,0.77064735,-1.0257976,0.122192726,1.0185542,-0.4641038,-1.701211,0.49874267,1.6987313,-3.0119896,-0.45785278,-2.5443783,-1.1022346,1.1548134,0.15609838,-1.5532728,-0.92736554,0.75128305,0.9382078,-2.4592018,2.1763692,1.9563296,-1.6103756,-0.56846446,-2.7921724,1.0121553,3.6226454,-3.3097155,1.3288921,1.6936053,-1.120505,-0.97360176,-0.68179697,-0.38726905,-0.42164037,NA12043,CEU,1
-8.076916,26.991175,-22.204643,7.378337,1.6151917,-0.6301537,0.36750633,0.8501072,-1.4548043,-1.0968046,-0.67625445,1.412438,1.3134433,0.94318926,-0.26917514,-1.2398368,-0.09176509,0.031838577,-0.28574857,2.2676144,-1.2472287,-2.7926557,-3.3817327,-0.9254231,1.7654395,-0.14857434,-0.7455514,2.5196235,-1.6839197,-1.78904,-1.7667892,3.4294333,-2.3181357,-2.7409475,2.74515,-0.9735795,0.96166396,-0.8673632,4.2689037,0.7541932,-4.516552,1.2283014,-2.0940428,4.2708445,-1.0469624,2.4747946,-0.109971665,3.3045511,-1.2118979,1.398464,NA12264,CEU,1
-7.741453,27.32301,-20.999441,8.0780325,1.4758371,-1.2423993,-0.15969802,-0.22563751,-1.4014115,-0.6827668,0.045220677,-0.62950516,-2.7025204,-0.25160694,1.2975873,-0.8226516,-0.3015026,-2.5541782,0.13923664,0.64058167,-1.6030842,-2.4903305,-2.585116,-0.09028253,-4.265549,1.192674,-3.5327075,-1.3807101,2.4932199,-4.6273293,-1.1782446,-0.72857904,-6.4644475,0.0032714154,4.3624578,-3.724575,6.251505,2.4490793,-2.3164623,-0.6752509,-2.4375722,4.398807,-2.2345,0.20911364,2.8899982,-2.945697,8.444078,2.617832,-5.693313,-4.453883,NA10854,CEU,2
-7.2409744,26.247166,-21.242435,7.5910845,2.192075,-0.07469349,-0.435345,-0.8832508,-1.3515378,-1.1018823,0.09299142,-0.6200313,-1.8943616,-1.2861936,-0.40682608,0.3327328,1.4700137,1.7312664,-2.0031312,-1.1976132,2.1019092,1.949014,-1.1473957,-1.5591075,0.6173328,5.8308334,-4.9944386,3.878567,4.6322966,-2.7766314,-9.105324,4.3528748,1.066738,1.1866709,-6.7961445,-0.6148826,12.689695,-1.3709403,-0.00033481623,-5.039341,-6.8891926,1.9161663,7.3773246,-0.6627227,2.9496531,-1.2624556,-0.8565412,2.8949835,7.6492715,1.9044912,NA12865,CEU,2
35.1043,-5.6445556,-6.0241833,3.2036102,0.53779423,0.030206418,-0.62387556,-0.76665133,-0.96633613,-1.0433313,-0.18738806,-0.89347196,-1.8967272,-1.1049742,-0.7851077,-0.23998502,-1.4512916,-1.3266989,-0.8044782,0.53410614,-1.8691345,-0.5815887,0.4637602,-0.16679053,1.1261415,-1.4037361,-1.7557924,-1.672537,0.17250939,1.636587,0.6634928,-0.44685057,1.399524,-0.040532723,1.260017,1.8111658,-0.76480925,-0.6322314,-0.8242465,-3.7503138,0.07923007,-1.8342689,0.32924193,3.6930542,-0.06810272,-0.5059445,0.20892657,-0.57554996,-1.34323,0.95163614,NA18488,YRI,2
34.978374,-6.213388,-5.2159195,4.362687,1.0036888,-0.42430845,-0.017618217,-0.40176684,-1.2956964,0.21846597,1.1620594,-2.054116,0.8005981,1.2227587,-0.32704863,-0.64160264,-1.6518828,0.21792708,0.0027555989,0.4664493,-0.79139894,-0.6937281,0.36441806,1.5417242,-0.9242492,-1.3324435,-0.27590358,0.60234326,1.0992004,-0.8988949,-1.3473045,0.7411737,-0.060999658,0.41953614,0.2864179,-0.11465677,-1.9003087,1.3280238,0.43966228,0.6953331,-1.1777564,-0.69108045,0.41612026,-0.10137519,1.3620992,5.6790977,-0.8884312,-0.08167605,-1.6721992,0.2603754,NA18519,YRI,1
34.64244,-5.944495,-4.8363323,3.6411376,1.2132642,-0.4372029,0.5793745,0.27774036,-0.97325206,-0.871792,0.1786665,0.5581202,-0.012165019,-0.5148849,0.57303864,-0.13627544,-0.009116589,1.4989053,0.22947437,-0.38549682,-0.611485,0.28893194,0.19184689,0.8378435,2.0393589,-2.0245168,1.5308809,1.3530631,3.9413116,1.3776596,4.958088,3.3571835,-1.5189244,-0.48252925,1.5098426,0.39444047,0.7944601,3.83513,3.7119992,-0.729179,-0.01602993,1.6793813,1.6308284,0.5045913,0.5663134,-0.5139267,3.2936478,-1.2697713,-0.7436155,1.049399,NA19185,YRI,2
34.641468,-5.5637655,-5.6457477,4.081335,0.60213816,0.29485974,0.14658457,-0.06647217,-1.2253435,-0.9016646,-0.18899818,-0.1683422,-0.3236366,-1.2657132,-0.26178446,-1.0957607,-1.1534185,0.22008282,-0.3585219,-1.3413388,1.3753852,-0.5701688,1.1827434,1.3544514,0.053824507,-0.9545402,1.2000988,1.7107782,-0.47713217,-1.9515377,1.0335095,0.94552976,-1.6720824,-1.1895878,2.792613,-0.76838213,2.644341,-0.6743224,1.6652786,-0.24972865,-0.03497628,-1.0213972,-0.5569716,0.9877259,3.7137704,1.3619143,-0.4320309,0.37195346,-3.6617417,0.30242705,NA19146,YRI,1
35.97888,-5.7649794,-5.6844563,4.072963,0.5458573,0.5491066,-0.20283088,-0.52329427,-1.5369798,-1.16814,-0.0579003,-1.080688,0.9546876,-0.007490669,0.66302526,-0.98086953,-0.4268835,-0.97441524,2.7421496,1.0886449,-1.6092496,0.26438108,0.20180732,2.3383462,0.45796052,-0.98079073,1.5590886,2.4923742,0.6700274,2.0448916,-1.1775634,1.6585639,1.4629313,-1.4470083,1.7243017,1.0269947,-2.323091,-1.3176835,0.51664644,2.0414374,-3.2948995,7.146736,1.0693375,-1.8107933,3.2893476,1.1113625,-3.737796,3.553936,-2.7676823,-0.70673764,NA19097,YRI,2
34.545513,-6.204394,-5.66673,4.3267617,1.7106965,-0.09142187,-0.26764572,-0.3233731,-1.1222785,-0.2750544,1.3826833,0.93495226,0.07223379,-0.2282409,-0.1650716,1.2077234,1.0389893,0.5547072,-0.06997416,-0.11417022,-1.9408132,0.9807009,-2.0027816,-0.4253397,1.4645343,-0.7986988,-1.4564426,-1.8740946,3.4064112,-0.9631948,3.111282,-0.3159865,0.53414655,1.9457715,-0.6638473,-0.7781782,-3.5753953,3.93835,2.5324745,-2.843482,-0.7747936,3.0885403,-6.161491,2.4952486,0.1828942,1.0546546,3.7440052,-0.760264,-0.7046783,3.2864895,NA18869,YRI,1
34.367218,-6.414514,-5.7948565,3.5823123,0.17465559,0.2381231,-0.044772793,-0.7966101,-0.7964346,-0.29929978,-0.7429808,-1.2850293,1.0706037,0.66639435,0.48175046,-0.052144963,0.39102742,0.88423604,-0.74392825,0.72361076,0.29326805,-0.36304593,-2.2764764,0.7203722,1.8642668,-1.1630216,1.1499312,-3.5830083,0.42710784,-0.4855226,-2.4763265,0.7610325,0.08999412,-3.0008771,-2.3485196,-2.312867,-0.0072449693,1.1954721,-0.9573101,0.40978497,0.16737853,3.4797428,1.4180756,-1.1080761,0.56474066,-0.70730627,0.6880227,-1.7308801,1.3162855,-3.0262225,NA19149,YRI,2
34.152046,-6.0679097,-5.3669095,3.1650062,1.8969324,0.6499176,-0.34741524,-0.55359924,-1.0730684,-0.24842985,0.20730989,-0.84427404,0.3746289,0.34549478,0.38784018,0.14557663,0.65329033,-0.43214637,1.0632663,-1.244656,-0.026689861,-0.029084804,0.09980955,0.9456264,-0.8474779,0.4564307,-0.37735888,-0.17541754,-2.6862884,-1.2283214,0.5449835,-1.400566,-1.2258152,-0.33698356,-0.87281835,0.75429475,2.216682,-0.58514494,0.28421345,1.0010505,-1.2123194,-0.3209025,0.62857395,-3.0872757,1.6455779,1.2907426,-0.93391246,0.65651184,0.4306105,1.2094663,NA18509,YRI,1
34.996548,-5.603754,-3.9427745,3.495049,0.67060494,0.84444153,-1.3629749,-0.7035358,-1.7361505,-0.48634848,0.92711663,-0.29944363,1.6030612,0.76212245,0.14695626,0.03644797,-2.0238724,-0.48073953,-1.2064364,0.28740138,-0.7653362,0.71237326,-0.047935393,-0.569759,-1.6170272,-0.09963153,0.3161725,0.62146103,3.8031151,-0.066540666,-2.0088851,0.7801463,1.0294926,2.7301269,-0.39070848,-1.0681503,2.0266628,0.3610782,-0.7346684,1.2195891,2.2327316,-3.789784,-0.9797175,-3.1674464,-1.1301491,1.5000163,-0.31861982,-1.4117765,-2.2010238,-1.623722,NA19256,YRI,1
34.721134,-5.8167205,-5.0520234,3.6700993,1.0376672,0.82110345,-0.74788725,-0.5877565,-1.6771897,-0.6665995,-1.4859715,-0.50426143,1.488052,-0.12118779,-0.8104233,1.003702,0.9026289,-1.8063946,-1.2910709,-1.0740795,-1.4377296,1.1529537,1.0601022,1.3241538,-1.1372733,-0.98497987,-1.7673651,-1.5539198,-2.2101665,1.4179885,0.60957974,-0.79536563,1.8309622,-2.7486854,0.0032297266,2.1243544,2.3408356,-0.53598446,-1.9120388,1.103076,0.853053,1.7852173,0.23242882,0.61815584,-1.0818806,-0.94542944,3.5397263,0.8467997,-2.0498154,-1.4015871,NA19108,YRI,2
34.76073,-5.704895,-4.830441,3.8016086,0.78507775,1.1617846,-0.18549357,-1.4226483,-0.7396039,-0.6104629,-0.26656088,0.82096434,1.1619437,0.59341383,-0.82607293,-1.005175,0.23642331,0.27419722,-1.3716908,-1.1666874,1.5150844,1.1417096,0.032067742,0.084581666,-0.33858183,2.694209,1.4392067,-0.730291,-3.5123737,1.2062944,-6.737371,0.7304898,1.6572411,3.185161,-2.994399,-1.3112843,-0.74640095,-1.8577372,-2.0528066,-0.5435991,0.93858653,0.8445492,0.29333374,4.267331,2.6061223,-0.61379904,2.112993,0.50943744,4.754872,5.380613,NA18925,YRI,1
34.542336,-6.1930313,-5.3847346,3.0754638,1.1932241,0.6474454,-0.38985974,-1.142774,-1.6787827,-1.4147438,0.04342893,0.041611288,0.013567475,-0.72419685,-0.9103846,0.6946468,1.7415377,1.1786063,0.33140224,1.0861537,0.09088517,-0.19390877,1.609779,-0.3229786,0.56789553,1.0486132,1.1616106,1.0770906,-0.77997464,-0.36824057,2.225331,0.94892967,-1.2704403,2.575724,0.33039853,-1.3695632,1.0163751,-2.0770938,0.67988485,-2.1748207,0.45058545,0.54875386,-0.7998466,-0.9312858,-0.6945329,-0.6174805,-0.98829466,0.027306352,-0.36874157,-1.0169327,NA19178,YRI,1
34.97691,-5.8243766,-6.0998297,3.6390452,0.9420378,0.26970857,-0.63982403,-0.85020614,-0.33269462,-1.0473503,0.4817836,0.044597,-1.4912379,-1.3237395,-1.2950509,0.23880078,-1.2705112,0.47305512,-0.857817,1.0739151,-1.7351016,0.08220649,1.2148993,-0.3159942,1.2234311,-0.91644335,-2.3235037,-1.7500008,-0.4026649,1.0023503,-0.46624678,0.05691812,1.6310284,-0.76354384,1.2730186,2.7941387,1.4387363,-0.31889415,0.17157392,-5.242659,0.6305054,-2.9657726,0.08074472,4.6272936,0.54979324,-1.0979348,-1.5224538,0.8486165,-1.07399,0.073018566,NA18484,YRI,2
35.563007,-6.5520005,-5.4442477,3.7505705,0.80508614,0.98882914,-0.33714387,-0.8205329,-0.9604131,-0.4491795,-0.38327107,2.169133,0.45425835,-0.52343863,-1.0252157,0.8191614,-0.61810523,1.7315005,-2.6323917,-1.5169427,-0.6341703,0.048670955,-0.14655137,-0.82059395,0.06294741,1.4285285,-2.1379,-1.815726,1.8733143,-1.8400438,-2.4363904,-0.6126948,0.69929326,-0.7061357,-0.054378428,1.8259875,-0.32224387,1.1641842,-0.0064738737,-0.28323206,0.5838166,-0.30565447,1.077162,-2.1036,-1.8442404,-2.211523,1.4477679,-1.316344,1.2229699,-1.1972802,NA18916,YRI,2
35.27902,-6.487697,-4.9803147,3.6129196,0.80708164,0.073804,-0.19966462,-0.6859325,-1.4821334,-0.3785974,0.51829684,-0.28863332,-0.37462586,0.8365419,0.5987383,-0.02370198,-0.7496071,-0.11708659,0.6079488,-0.40130526,1.6695923,0.94971305,-0.2815049,2.2054331,-0.93133724,0.13995022,0.9390775,1.9530848,2.7573237,-0.88209397,0.2509466,2.1166344,-0.15283345,3.0224755,2.6234658,0.52150136,-1.4322356,3.8945646,0.32395893,2.6427014,-3.500466,-1.193281,-2.5889766,-1.1949095,-1.1379377,-2.831423,0.42616853,-1.0064291,4.0267544,2.1318176,NA19123,YRI,1
34.99949,-7.061075,-5.508986,3.4405575,0.32111502,0.86405736,0.3344044,-0.77093947,-1.4137716,-0.30804148,-0.3180469,-1.7973164,-0.86238384,-0.3332794,-0.5408205,-0.6493236,0.6426845,-1.4866742,-0.4935494,-0.48818228,-1.5484207,0.6277224,0.6954358,0.8304979,-0.31871504,1.226643,1.5028638,0.4981994,0.10747569,1.614599,1.4479647,0.98718464,-0.7556637,-3.0018113,-0.3316786,0.6435808,-0.23385124,-1.4967446,2.0918624,-1.6645483,1.3052839,-0.067094356,1.0996132,1.6614128,1.3207675,-2.0907657,-2.365965,4.6361656,-0.25652337,1.8629701,NA19190,YRI,2
35.37701,-6.095049,-6.1045117,3.5258076,1.2211899,0.6542669,0.6366092,-0.5173246,-1.3362514,-1.1250358,0.8653226,0.7439315,-0.34858492,-1.5285639,1.088575,0.25498825,2.460265,-0.33511496,1.3482487,0.45000085,0.13426608,-0.22238421,2.8128612,0.5901436,4.0250525,-1.7925006,0.47877765,-1.4426683,0.7805627,-0.7331825,0.62101054,-2.796279,-1.9875686,2.279258,-1.9575092,2.0088077,-1.1130372,-1.9686855,0.5732504,-2.0873973,-0.46691665,-0.29781163,-1.9136184,0.07419122,-2.340966,1.4795176,0.23356442,0.06478019,-0.44913846,0.3147565,NA19249,YRI,1
35.547726,-5.5335746,-5.1050224,3.4033468,0.335255,0.2779672,-0.32051373,-0.728358,-1.5903765,0.44237807,1.0723734,-0.47058272,0.1712489,-0.58145916,-1.1071715,-1.3794254,-0.76231426,-0.06529654,0.40033433,0.7742664,2.303422,1.1365831,1.5443683,1.2578816,-1.3975599,-0.9989537,2.1115322,0.79269207,1.5242174,0.6188415,-0.07537157,3.0496705,0.52047086,2.771565,2.113196,0.22539715,-1.9233737,3.0078213,1.1627995,1.1394205,-1.9974089,-0.097207,-0.7606221,-0.81174904,-0.29283085,-2.0931456,-0.62098515,1.1792375,2.0119734,3.7648005,NA19121,YRI,1
34.830673,-5.379823,-5.6298385,4.1189113,1.2251928,0.071285196,0.1318455,-1.7226206,-0.87873447,-0.42397577,0.5975165,-1.1241764,0.1218731,1.1653893,-1.5122371,0.36415023,0.042317078,0.06567127,-0.956133,-2.1195047,-1.7530276,0.6974987,-1.2682302,1.9205878,-0.7398648,0.09244877,-2.5893722,-1.1242262,-1.4662384,-3.2189994,-1.5958099,-0.82543415,0.24735326,-1.235822,-0.63738436,-4.425936,1.7754376,2.5200233,-1.6526475,2.9506423,1.520049,-1.7943602,1.2576667,-2.4021776,3.959552,1.0524001,3.7788053,-2.0732245,8.832061,2.5955448,NA18935,YRI,1
35.416077,-5.7906013,-5.257497,3.8577769,1.3172228,1.2967257,-0.6408158,0.112667084,-1.8829999,-0.34202254,0.074744426,0.00242104,-0.46284142,-0.018336054,0.20530826,0.8605164,-0.9321794,0.5473027,0.39668372,-0.057922665,1.2716972,1.5331408,1.6737107,-0.15191725,-1.193618,-0.28807867,2.623672,0.5174837,2.3519578,0.6549647,1.7054653,2.8913457,-0.32373232,-4.1770825,0.19378641,3.007347,3.3312511,2.6748173,2.3840907,0.22252443,-0.4839734,-1.0391033,0.66204464,1.9145494,0.24156547,-5.152269,-4.1440735,5.0512433,-1.1303613,1.9311267,NA18497,YRI,1
34.0359,-5.6884756,-4.828343,3.3017688,0.67852396,0.5725637,-0.49236742,0.10704189,-0.595293,-0.49529055,-0.7886388,1.1812189,0.6007077,0.09249277,-0.021531621,0.5017624,0.21457773,-0.8467004,-0.21641655,-1.0580904,-0.5921173,-0.127153,0.33833417,1.799482,1.2644888,-1.4792311,1.1333938,0.35170528,-0.02500668,-1.1174594,0.64317656,4.4579043,1.0738674,-0.29591057,0.48722985,-1.6299971,2.646693,2.4917462,-0.26812607,1.5191784,-0.9470551,4.260574,-1.0179785,0.7443843,3.2243063,-0.46474263,0.2978568,-4.475174,0.44422644,-3.9009647,NA19113,YRI,1
34.967125,-5.3335495,-5.5667233,3.882735,0.69388115,0.26856598,0.019525785,0.01759344,-0.31380802,-0.4879607,0.54555774,0.7959843,0.5942831,-0.23064813,-0.31472382,2.2178986,0.66813916,-0.27514222,-1.119281,-0.6190302,1.294967,-0.032192413,-0.6496344,1.14996,1.1311265,0.08146928,0.488176,0.79363483,-0.22416869,0.8852183,0.1401785,0.6930498,-2.0381844,0.9465717,1.6842029,1.995194,-1.4701641,0.24727687,-0.68137485,-0.28680706,-2.4368157,-0.12771049,-4.42103,-0.73822266,-3.4503121,-4.3568254,2.7794037,-4.481737,0.2743101,-3.048623,NA19235,YRI,2
34.058815,-6.372941,-5.23281,3.9027956,0.82267606,0.9650823,-0.25637963,0.008577055,-0.50601196,-0.998645,0.34201083,-0.5652582,-1.9683646,-0.16316499,0.69599545,1.2326595,-0.034432266,0.13273405,-1.0938385,2.0856676,2.338628,-1.7737969,0.03163437,-0.38983852,0.90221655,-0.3883395,-0.35203868,-0.24971819,0.6188428,-0.93468106,-2.3102298,3.213382,-0.53589016,2.0831413,-1.3077809,-3.526637,-1.567548,0.33789164,-2.9412322,-2.2277694,2.3682766,0.3895708,-2.2335443,-5.327744,2.1861596,0.98631155,-3.5691698,1.3785702,4.3087206,-3.3670292,NA19174,YRI,1
35.00688,-6.208353,-5.032223,3.7101998,1.0638583,1.1788048,-0.5611236,-0.07108032,-0.8631579,-0.26139775,0.12886937,-1.630635,0.37620905,-0.48290545,-0.8756343,-0.67561805,-1.0394617,1.0336308,2.2809055,0.4821485,-0.5692758,0.238846,-0.23239055,1.8736376,0.0463095,-0.90502346,1.9701194,2.5901191,0.46905828,1.7174577,-0.20580176,3.2443247,2.018187,-0.6187756,2.9154599,1.1155831,-0.30532944,-0.31634864,0.30753836,0.2784653,-2.5692768,4.614711,2.544349,-0.46116748,3.212444,0.23234981,-3.7803185,0.833861,-2.5018308,-0.9526528,NA19095,YRI,2
35.117123,-5.6651073,-5.5999126,3.617083,0.6461527,1.0308641,0.81711656,-0.4907886,-1.2025661,-1.4818275,-0.4688239,-0.50544834,1.4670544,0.45025864,0.9060779,-0.5837656,-0.24643101,-0.98863184,1.5543033,0.9644908,-1.8184595,1.0673337,-0.046774108,1.2047088,0.082667984,-0.9700825,0.5995614,2.1326594,1.064994,1.3705021,-0.08967019,-0.8335419,0.24612461,-1.1233072,0.18820992,-0.025312636,-2.8714113,-0.064914644,0.13776495,1.4814212,-1.8940125,4.58689,-0.62015575,-1.795897,1.9132133,0.8082705,-2.7874963,4.10255,-1.2389882,0.3280333,NA19096,YRI,1
35.36579,-5.9495597,-4.790627,3.7741003,1.2647657,0.68153614,-0.12376201,-0.5337138,-1.4412841,-0.54702634,0.6517308,0.030628368,0.11012808,0.30048823,-1.0808854,1.1167126,1.1967118,0.2488068,-0.1922593,0.026912069,-1.7019085,-0.14446469,-1.2348073,0.16667683,0.64713365,-0.86111534,-0.8488595,-1.7348276,1.5077043,-1.2017695,1.2925572,-0.23412548,-1.0126624,1.6855944,0.22177862,0.10630675,-2.7645655,2.125993,2.5485609,-2.2179995,-0.18775252,-0.31585413,-4.216886,1.7813433,-0.38901561,1.3527349,1.429033,0.046472225,0.54307574,2.7101455,NA18868,YRI,1
36.49627,-6.2298193,-4.8053694,4.3155317,-0.069905706,0.5124,0.12135539,-0.78960264,-0.83589506,-1.1244247,-0.24483542,1.2700528,-1.2124293,0.15772222,-0.053765234,0.4303953,-0.5169245,1.5041063,-0.58028024,-0.699564,0.090677306,-1.6431576,1.1470039,-0.19594057,-1.3841075,1.3987265,-1.0948896,0.74255186,1.2570595,-0.36075667,1.8332825,2.1413333,-0.13782877,0.30753434,0.13044833,1.706042,0.4286337,-1.2063425,-0.82925,1.7555025,1.416723,-3.545492,-1.5967283,0.38587126,0.53553826,-0.034219578,0.59394217,3.308103,1.7996143,-2.7921572,NA18909,YRI,2
33.024395,-5.5798044,-5.2802057,4.1734047,1.4167365,0.6801335,0.15679386,-0.6573509,-0.06481844,-0.227958,0.8443358,-0.037228774,0.21508367,0.7885725,-0.2865834,0.91698545,0.5472342,0.78289264,-1.5959797,-2.565803,-1.7253344,0.009908943,-1.277631,2.0252528,0.12613274,0.5439223,-0.7889206,-0.9153132,0.60260487,-4.0602727,-2.6169686,0.6641078,0.51946104,-1.3543011,-0.39134604,-2.8736873,1.3966794,2.8414323,-1.1852531,2.1711946,0.18003254,-1.1709946,0.6457453,-1.4985446,3.1125598,2.0522492,1.4067485,-2.9604335,6.0605397,2.6969821,NA18933,YRI,2
35.571716,-6.796596,-5.188882,2.9341135,0.61128825,1.2602416,0.4790676,-0.47576544,0.23123655,-1.7360444,-0.014924177,-0.012331904,-0.45731345,0.30340645,-0.870671,-0.11633211,-0.34131527,0.3966751,-0.19350624,-0.3379131,0.32728893,-0.4027681,0.27577537,-0.32387128,0.0057175467,-1.0775349,1.4969531,-0.4283346,1.0031431,-1.0074201,-0.6049506,0.101241134,-0.9516846,-0.1891136,1.0635983,1.4031255,-1.3235614,0.8465489,1.4465414,0.47308886,0.041977957,-0.9799749,-0.2591887,-0.14284831,-0.2537309,-1.6114724,-0.44794732,0.18466897,-1.9796672,-1.3463391,NA19175,YRI,1
35.36958,-6.871971,-6.6351285,3.5295408,1.065854,0.4928315,1.1821923,-0.24975209,-0.74972636,-0.26082867,0.6869003,0.31043652,0.3033647,-0.013328577,0.31504497,-0.84059304,2.0476787,-1.0264238,0.7720902,0.41453016,0.28863102,-0.37216803,1.6321619,0.8217951,2.6823938,-1.8420388,0.44878024,-0.6084983,-0.16586965,0.574827,-0.35701293,-1.5424975,-2.9575489,1.9893754,-1.1893644,0.78251374,-2.4514997,-2.6136255,-0.96343887,-1.6088637,0.6679836,0.8253065,-1.4179718,-0.37782967,-1.8021617,1.0708252,-0.31746247,0.5463261,-0.35325724,-0.7264363,NA19247,YRI,2
34.832294,-6.5374303,-5.3644805,3.2979019,0.28819808,0.4247051,0.44126445,-0.37117437,-0.30503398,-0.4370482,-1.0659693,-1.7292532,2.155557,0.15115704,0.11295783,0.5686932,1.3196499,1.5579679,0.3717627,1.5089355,0.9546129,0.6995758,-2.8493507,1.1250703,2.6114225,-1.0280553,1.5439625,-2.6775687,-0.48156482,-0.5040518,-3.95892,-0.34183988,0.075930916,-1.2380432,-4.06754,-1.7707496,-1.4670644,0.24218427,-2.1228716,-1.3665577,0.3589753,2.8059375,2.5409153,-0.8282851,-1.1466135,-2.0565953,0.18889023,-2.9417822,0.37640873,-3.8956628,NA19151,YRI,2
34.60786,-5.206406,-4.9967265,3.1411135,0.98991007,-0.28688654,-0.2611023,-0.73460186,-1.429531,-0.13865419,0.89208084,-0.97843724,-0.02731184,1.0603958,0.7200519,1.7411505,0.60550195,-1.107652,0.66546655,-2.9849098,-0.01021429,-0.64552355,-1.9565189,0.071474075,-0.51542383,-0.6654928,-0.1176095,-1.3255963,0.13253315,-0.602839,0.657333,-1.0344756,0.391529,-2.5056672,-1.7169375,0.5805299,-0.17091319,1.7046156,-0.21922746,-1.3224597,0.52777755,-2.0314493,-3.9682815,-0.1853431,-0.17568181,1.9829983,-0.90694666,-1.8299901,-2.3412545,0.117014736,NA18489,YRI,2
35.13242,-6.6069427,-4.5543613,3.6919734,0.046564657,0.5867742,0.31284943,-1.062709,-0.9367702,-1.1590831,-0.9293364,-1.626102,0.42715964,-0.6572249,0.412578,-1.418691,-0.17577872,-0.108316064,0.32482123,-2.6088946,-1.0740411,-1.4616181,1.4255217,-0.99040544,1.5054554,-2.2869637,-1.2358551,2.0026398,-2.2828162,-1.0753777,1.9208635,-1.6108503,0.427437,0.33472213,0.65121216,-1.472977,-1.5530508,2.8900015,1.5966263,0.28816321,-1.4874016,2.3176963,1.0714052,1.4843245,-0.3845715,3.9924173,1.1574365,0.42943186,-0.81893456,2.546387,NA19181,YRI,1
34.795578,-6.2699223,-5.247288,4.202925,0.08232487,0.7992125,0.298532,-0.59970385,-0.2777534,-1.2137728,-0.2312687,-1.4205606,-0.02257573,1.0181637,2.137251,1.2806175,0.14128871,-0.54808295,-1.171727,1.155399,-0.18868425,0.30232933,-0.9745622,1.1353838,-1.2186636,2.347682,-0.9337118,-1.1783571,2.2292674,1.602757,-1.3189551,0.75600976,1.791608,2.083959,-3.0143523,-0.14973286,1.7442309,-1.4520162,-2.2467556,0.18705717,2.732705,-3.96269,-0.59976226,-2.162679,-0.6427454,0.24898744,-2.2083824,-1.4752574,2.169769,-1.331115,NA19257,YRI,2
33.673363,-5.0680914,-5.3611407,3.4930422,0.58308226,0.980669,-1.0366006,0.43693015,-0.6653057,-0.65856045,0.57930934,-0.27517554,-1.1595609,-0.17088087,1.0602138,1.9940454,-0.57932365,-0.39454284,-1.3314456,0.38740957,1.1716121,-1.3310996,0.19889382,-0.7337031,0.78026795,-0.7965475,-1.1507032,-1.7610128,1.2340827,-0.05110418,-1.8347927,2.487543,-0.3589191,1.5152115,-1.2182434,-2.1265771,-0.536399,0.7232193,-1.2283058,-1.9329327,1.1966547,0.019082855,-1.8960669,-3.9998302,1.8915445,0.6059621,-2.0727253,0.4168539,2.8183544,-1.1349111,NA19117,YRI,1
35.52921,-6.029178,-5.5715218,4.0410833,1.206407,-0.11155001,-0.76004875,-0.93222445,-1.03129,-0.12898007,-1.1811856,0.18565911,-0.45459548,0.6840227,0.545872,-0.15169983,0.95142305,-0.8042266,1.8203876,-2.3441951,-0.7077466,0.27005255,0.14943963,-0.9513082,2.9461887,0.37123403,-1.2343664,2.6054015,-2.7282848,0.092816345,2.2019486,-1.5791062,-3.2852054,-1.2027832,1.7613323,-0.14962602,2.1103141,1.083079,-0.7546541,1.1800613,-0.81815016,1.9100012,-2.532661,-0.14160882,-0.115229845,2.862456,-5.86083,-1.227247,-2.434404,0.94361573,NA19214,YRI,2
35.02444,-5.662517,-5.0578938,3.1713736,0.2769771,-0.25761452,0.004678548,-0.6588522,-1.9976326,-0.14456223,0.13180228,-1.1662679,0.07335154,0.7202809,0.9268453,0.6825654,0.85392153,-0.33272842,1.4247552,-2.1037576,-0.49537623,-0.77679443,-2.8142138,0.20270288,-0.52936924,-2.0644155,1.1073153,-2.02953,-0.50503,0.2867446,1.3880637,-2.8445144,0.17261063,-1.6217211,-1.9223925,0.16131756,-2.1981235,0.85926795,0.36395296,-0.5400314,0.73905325,-2.362165,-5.5936275,0.9531506,-0.27198806,1.6780434,-2.0160818,-0.7816673,-2.2625964,-0.35865656,NA18485,YRI,1
34.555378,-5.5431876,-5.481172,3.5802155,0.78672767,-0.18187808,0.5001342,-0.38027793,-0.3952653,-1.0231259,0.33656085,1.0911958,0.6385761,0.40020478,-1.6153897,1.8615202,0.5230603,-0.81011,-0.35508624,-1.7360893,1.6778024,-0.4013288,-1.745006,0.24418631,2.0412676,-0.23210494,0.058324784,0.7569649,-0.12599578,1.1249025,-1.1496716,1.4869064,-2.0554795,1.2862146,4.200291,4.897928,-1.5470331,-0.46327552,-0.51303333,-0.5247182,-3.1111026,0.6853367,-4.545182,-0.14430697,-5.453657,-5.4030504,3.9657097,-5.666553,0.12240067,-2.7978773,NA19237,YRI,2
34.172737,-4.7497034,-4.8814945,3.8330548,0.8258318,1.0740724,-0.6470075,-1.0663862,-1.6038404,0.2212232,-0.33088186,1.0096881,0.5011252,-0.09012803,0.54743123,-2.874015,-1.2739866,-0.23849702,1.0838275,1.3932574,-1.1510955,-1.1454537,0.31308717,0.094151676,-1.6915394,-0.14064434,-0.78666276,-0.008586554,0.8709871,-0.9034891,0.87514883,-0.10455404,-0.63782877,1.4161388,2.1998076,-0.6964657,-0.524582,1.4444641,1.2780396,0.7095425,0.39615422,-0.31757727,-1.7897266,-1.1028736,0.8856401,6.131679,-2.3217254,0.024656259,-1.15675,-0.4829208,NA18520,YRI,2
35.326992,-6.1579823,-6.0256667,3.7693167,0.50119144,0.9445061,0.36272854,-0.20530595,-1.1912252,-1.6821525,0.12673213,-0.21377876,0.10509322,-0.13687068,1.6223718,2.4113517,0.79793197,0.33786327,-0.6967584,-2.124422,0.5855394,-1.6585861,-0.5631906,0.9508859,1.1630226,-0.10702035,-3.8552506,1.2555763,-0.84849393,-2.3736012,0.5844317,-5.3990884,-4.587902,-2.3166032,5.7209377,1.4352014,4.8810487,-0.7051791,-1.6445693,0.806189,-0.91467345,-1.563224,-3.1740355,-1.7093794,-0.42311117,4.328684,-8.698564,-7.508817,-1.8847417,-1.7141571,NA19213,YRI,1
35.27037,-4.960596,-4.7159367,3.9802542,1.7500333,0.9023949,0.36721098,-1.0113478,-1.0266161,-1.2690676,-0.20118907,-0.21642448,-0.025432957,-0.27713528,-0.51329964,-1.2791156,-2.0223548,0.099963844,0.92845774,0.61105573,-4.066838,1.6923572,-0.11863912,2.0753767,-1.7223872,1.3377192,-1.3012547,0.6641556,-1.6447597,1.0837137,-3.3159225,0.71085477,-0.6405303,-1.5415415,-3.3079178,-0.77483666,1.8099566,1.3813642,1.5626845,4.228965,-0.0550585,-0.865734,3.1746848,0.7591576,-1.0160023,-0.5933562,0.62145287,0.78073686,-2.5441003,-1.6015569,NA19224,YRI,1
35.57974,-5.035012,-5.4041133,3.5073075,0.09198308,0.26403746,0.7097465,-0.38324708,-1.313174,-0.6791779,1.1103995,-0.65058315,0.56309044,0.38283908,-0.3274028,-2.2753127,0.06585206,-0.36515462,0.014703253,0.7778612,-0.7452266,-0.0068441792,0.79781455,-0.9905635,-0.8896654,3.2064128,-0.8177241,-2.85103,0.3815088,2.0139263,-0.82725275,-4.233233,2.396136,-0.49545518,0.3510928,0.5434506,-0.6558596,-0.03148656,0.63906646,-0.47133932,2.0766966,0.12143016,1.0386373,0.79114544,0.06636457,-1.9644059,3.1563537,-2.9116607,2.6300192,2.083994,NA19197,YRI,2
35.151108,-6.5057054,-5.3093376,3.967129,0.7621936,1.1190333,-0.15117705,-1.2730962,-1.1779963,0.2076304,-0.13319975,-2.4127724,-0.8313207,-0.097702414,-0.8584903,0.3124266,1.7974952,-0.14815187,-0.61223024,0.029966677,-2.236746,-0.16654363,-1.3084046,1.60033,-0.50271106,1.483949,1.2298845,1.8479142,0.2369952,0.86770946,1.10656,-0.08272807,-0.8243869,-3.7985406,-1.5423508,0.23612922,0.9338709,-1.9001578,2.121779,-1.1367589,-0.48406875,1.0517106,0.37033987,0.41997918,0.36192113,-4.3666983,-1.8236996,3.610914,-1.1405779,0.7591883,NA19191,YRI,1
36.563606,-6.495424,-4.676307,3.9514282,0.86469847,0.47305363,-0.0829476,-0.33450964,-1.2042419,-0.8993403,0.011106612,1.4062463,-0.3806384,-0.9812045,0.4682537,1.1118665,-0.29672226,1.9183071,0.46771333,-0.72960526,1.2397009,-2.743295,0.72384405,-0.51790255,-1.8652036,0.888153,-1.9858336,0.52897114,1.6548378,-1.3931676,2.5207043,1.8058012,-2.9421325,1.1062642,1.3461531,1.7633581,-0.11449031,-1.7069517,-0.61410075,1.4326234,0.41052124,-4.6852827,-3.004877,1.3608668,0.5920537,0.6698057,0.85151744,5.9317307,1.8472242,-3.0797026,NA18911,YRI,1
34.467552,-5.6524167,-5.410342,4.7287817,0.6473632,0.4883315,-0.31856477,-0.16773504,-1.6282569,0.686972,-0.153074,-0.5455191,0.31914192,0.46560153,-0.34239176,-1.9653298,-1.8711978,-0.0851154,1.0335051,1.66491,-1.6942264,-0.7123968,0.11781485,0.7612759,-2.1533015,-1.5326285,-0.5613707,-0.017263303,1.1707243,-1.0474538,0.16772239,0.4664198,0.3882986,1.2565852,1.8268068,-1.0582114,-1.6272597,2.276269,1.5785135,0.522693,-0.5679172,-0.49619582,-1.2269288,0.27339354,0.58441275,8.254004,-2.5026364,0.39297417,-2.4657047,-0.0053594797,NA18518,YRI,2
35.51916,-6.3559613,-4.805508,2.9623492,0.30452138,1.170992,0.44137353,-0.6871512,-1.4674475,-0.6193972,-0.6004176,-0.32630602,0.5481579,1.384518,-0.12699452,0.31388217,-0.62922,-0.025398204,-1.3386941,0.10880474,-1.3955228,0.91649103,0.85356784,0.006672317,0.45109895,-0.25458467,-2.0415988,-1.5689396,-2.149712,1.1136607,0.23910838,-5.3506446,0.5312663,0.6151315,0.44552302,0.4390005,-4.4423995,-0.8943644,2.0468912,-0.63387346,3.4757135,-1.7900203,1.2762042,0.6966386,-1.2253389,0.32604447,-1.3486779,-2.3046255,1.8319045,-1.0126423,NA19198,YRI,1
34.828487,-6.629518,-4.7056937,3.2103152,1.2672299,-0.0890792,0.08880628,-0.40571016,-0.68650544,-0.9212323,-0.20295247,0.030799437,0.43564737,0.7525489,0.72918296,0.63511187,-0.045788374,0.39418343,0.214719,-1.416969,0.8960113,0.5317704,-1.5930074,1.2841065,-0.16242352,0.5526781,-0.4704451,3.5806506,2.0684683,-1.1076798,-0.06328786,0.4254989,0.054258134,2.0748603,1.9996411,0.8613759,-1.3183243,3.6907215,-0.28719643,2.4157233,-2.2746296,-2.0420985,-1.786331,-0.79916865,-1.2890145,-1.8938454,1.862745,-2.3781555,3.5288985,0.40464193,NA19122,YRI,2
35.589603,-6.590145,-5.7975345,2.918104,0.89258766,1.1751314,0.22181149,-1.4914382,-0.7412425,-0.3614464,-0.39684635,2.1294003,0.9450623,-0.5014799,-0.63782537,-0.4113494,-1.0588635,1.4242362,-1.4183571,-1.8196938,0.3856818,-0.25280795,-0.84226257,-1.0149772,0.31666026,1.7066611,-2.0003192,-2.2298055,1.036786,-1.801437,-3.0114825,-0.42636818,1.39321,0.25816545,-0.371912,2.3750248,0.097692505,0.24589877,-0.06344591,-0.15426075,-0.29984236,0.23189938,2.049753,-0.49504855,-1.2479085,-1.4355084,1.5989224,-0.66588795,2.089042,0.41698077,NA18930,YRI,2
35.666615,-5.6586714,-5.688178,3.0394948,1.0440766,0.056971766,0.052038968,-1.6268024,-1.329128,-0.36351123,0.1647537,0.43403128,-0.40037653,-0.025653709,-1.8511566,-0.69765896,-0.74962205,0.106745325,-0.9263673,-0.90715206,-0.87585324,0.77890307,-0.54412895,0.60469306,-1.5363919,0.056632444,-2.6527371,-1.2362037,-1.8207994,-1.0730731,-1.0453409,-0.75544274,-0.17994857,-0.41067937,-0.129151,-3.268932,1.3422033,0.070919104,-1.0917926,3.23961,1.5164901,-1.7339302,0.832595,-1.8753426,2.4336622,0.030665651,3.5812013,-0.484132,6.797672,2.0584433,NA18934,YRI,1
34.982704,-5.814579,-4.9244375,3.445602,1.2739162,0.7954629,0.523226,-1.6815056,-0.31528917,-0.8385967,0.33752507,1.1355201,0.550713,0.651125,-0.11817886,-0.6018587,0.75257087,0.27008772,-2.392953,-0.21000032,1.0832368,0.7027134,0.7082024,-0.24497227,-1.2875869,1.2827225,2.902416,-0.8504592,-1.0869775,1.0347444,-3.8827198,0.8553735,2.6988099,4.0777164,-3.150544,-3.1316555,0.023609616,-0.91152537,1.2110019,-0.8935402,0.7257528,0.96249396,-0.69341666,1.7985152,2.0234747,-2.2188053,0.28257963,1.8452073,2.0913355,4.1532516,NA18924,YRI,2
35.299324,-6.4032364,-4.817379,3.820256,0.017429274,0.346398,-0.13321528,-0.86562437,-1.2822771,-1.4949564,0.01343075,-0.030152492,-0.19763808,-0.8272836,0.8826623,0.5518746,0.4463179,-0.068398826,0.8493936,0.29191914,-0.80699664,-0.2958916,1.6350677,0.36763725,-1.2609212,-0.54614496,0.32768375,-0.11496617,-0.057263173,1.1407298,-2.2952716,-0.6107941,1.1389621,0.04183429,0.4377938,-0.5173637,1.029008,-1.1652031,-1.0844299,-1.1166668,0.20733745,-2.6189916,0.74693316,-0.7902762,1.5983989,-1.7148683,-0.4972325,1.1489981,-4.0240073,-0.1169828,NA19147,YRI,2
34.692688,-6.3611875,-6.200792,3.494963,0.7811081,0.7391331,-0.6710408,-0.6714818,-0.7961627,-1.5446742,-0.3496346,0.77296627,-0.3388037,-1.4972919,-0.5907446,0.5997825,-0.6584429,1.1140996,-0.46630058,0.3628408,-1.0739063,-0.11578176,0.24314764,-0.26876432,1.8776273,0.445946,-2.3679678,-0.19553539,0.13387893,-0.21331225,-2.2718606,-0.26693293,2.2271767,-0.9090079,1.0223516,1.6444343,3.1350074,0.41704756,1.3163775,-3.8285847,-0.04533534,-2.6193962,-0.5207563,3.2695677,-0.059370805,-0.13928312,-1.3774977,0.16582671,0.27811676,-0.50654954,NA18486,YRI,1
35.09427,-6.0392656,-5.200071,3.8445437,0.64077616,1.4812443,-0.31155902,-0.39527398,-1.0919955,-0.25662598,0.35536835,-0.29779604,-0.5232225,0.54754,0.19662192,0.78027225,-1.2896932,0.61196524,0.36487874,0.47438484,0.33168015,1.9694312,0.38703555,-0.8021359,-1.8175116,-0.97655356,0.30442458,0.4927173,1.8241628,0.3361591,0.81584346,2.5249286,-0.8518534,-3.0048304,0.43998304,2.1986563,1.5449997,3.6149902,2.265798,0.32525638,-0.55073845,-0.77728224,-0.31247237,1.9217485,1.3385788,-4.7152715,-2.375463,4.0743585,-0.28447267,1.6904492,NA18499,YRI,2
35.03675,-6.360734,-5.2324476,2.906136,0.16019538,0.91299486,0.46094576,-0.37721214,-1.5641906,-1.2553496,-0.41103488,-1.0341512,0.10152501,-0.6467076,0.3379141,-0.5704615,0.6342766,-0.21680316,1.2055157,-0.29401183,-0.9519889,-0.1617175,-1.8958459,-0.81681174,-1.1780559,-0.30711496,0.32759395,-1.9690093,-0.69515914,-0.26525947,0.27247092,-3.2175055,0.98164034,-0.13574064,-1.6312006,-0.1414197,-2.6580777,-0.5862191,0.004677293,1.3418417,0.5388097,-1.0469494,-3.728685,0.3207819,-0.6309007,0.24193348,-2.3763173,1.2379915,-1.1744139,-0.5342555,NA18487,YRI,1
33.46109,-5.7577386,-4.0510383,3.5059466,0.81497437,0.26208055,-0.040004387,-1.0120052,-1.5500674,-0.7699171,0.6780478,0.64047176,-0.6011076,-1.4467032,0.48783442,0.41163692,0.7873355,0.421547,0.82449776,0.2431409,0.24037924,-0.6661781,1.9160862,0.18338364,2.6095695,-0.62092525,-0.03218706,-0.87251747,-0.29858282,-1.9763415,0.76362354,-2.5651364,-0.3996062,1.291794,-1.215931,1.6529936,-0.16225511,-0.9926454,1.1441814,-0.40447956,-0.305201,-0.9532783,-0.6698941,-0.22953218,-1.9398386,1.3512232,-0.08135043,-0.48738253,-0.19430476,1.6679264,NA19248,YRI,1
34.601337,-7.0091457,-5.738435,3.6694286,0.55657333,0.8660918,0.6339638,-1.6538926,-1.2378249,-0.63346994,-0.23774031,0.19696914,0.15484671,-0.7815096,0.18027924,-0.62084585,0.040046956,-0.7179156,0.065561265,-0.57343876,0.84711385,-0.4124458,-0.85797536,0.23746853,1.1587623,0.81894326,-1.7354833,-1.370987,-0.7102538,-0.27311015,-1.7013128,-1.063314,1.7863348,0.5859852,-0.70895505,0.91253996,-0.002972112,-1.1522604,0.64315724,0.48473647,-0.71355444,0.5152482,2.6287904,-0.12246457,-0.11723414,0.057074364,0.95735306,-0.75636226,0.93672836,0.77355355,NA18917,YRI,1
33.398624,-5.263814,-5.3409963,3.5401127,1.141465,1.1988134,-0.40666035,-0.29686552,-0.2999265,-0.583612,-0.62705016,1.5641829,-0.043708067,1.1356559,0.058119863,-0.9162591,0.43496618,-0.05585139,-0.23761532,-1.5035665,-0.6437537,-0.58184,-0.5488964,1.2334809,1.5900294,-0.47237903,-0.8393424,0.83406997,1.2249523,-1.4634426,0.5943505,4.1166196,1.9345968,0.2606178,0.036632277,-1.0833333,4.0353236,3.777694,0.93984896,0.9846964,-1.9704536,7.333804,0.6448292,-0.5431651,3.4363265,-1.1628407,2.1052165,-5.633634,0.6144585,-4.2356644,NA19115,YRI,2
34.936535,-5.161238,-5.1466813,4.038791,0.8959368,1.1260206,-0.30327758,-1.1253755,-0.25606048,-0.8046651,0.7966076,0.78420097,-0.48892426,0.2649251,0.8790148,-0.12169991,1.2621707,0.7075834,-0.09963081,-0.6449525,-0.0018319845,-0.94735646,-1.2559919,0.35447276,0.175227,-0.33589476,-1.316138,1.3458838,1.316983,-0.15717775,0.67064476,1.9486089,1.3564821,0.9529632,0.8629379,-0.4396641,2.8962188,1.8961442,0.9161501,-0.48132095,-1.1490816,6.509486,1.2433289,-2.2517483,1.9958361,0.35104784,1.829659,-1.9397569,0.10448992,-1.7370399,NA19114,YRI,2
36.313156,-6.0954266,-5.525745,3.6575456,1.2560632,0.3835172,0.106433414,-0.02991733,-0.86376184,-0.7294509,-0.9553185,-0.26915193,-0.43483847,0.035033748,1.3606993,1.1709057,1.1724126,-0.4931465,0.0103016915,-3.044168,0.15220086,-1.2907714,0.3562028,0.14554073,2.6466713,-0.28273433,-3.5920339,2.5834174,-2.0359058,-1.0605942,1.726623,-4.442378,-6.431235,-2.5347686,5.094769,0.73678905,4.048868,-0.5595963,-0.8909269,1.9243187,-1.4366611,1.2180245,-4.0342107,-1.740546,-0.38010716,4.5385656,-10.270134,-5.466466,-2.3797908,0.07389912,NA19215,YRI,2
33.9641,-5.605143,-5.50276,3.1539316,0.31546566,0.25201225,0.34385103,-0.76033956,-0.29259804,-0.0006426836,-0.16849914,0.6544765,-0.6302029,-1.1440306,1.4332429,-0.36168987,-1.1212744,0.5578841,1.2506379,-0.5415151,-2.62764,0.71249926,0.7089395,-3.076137,3.6739557,-3.0328357,3.6308298,4.4927406,5.2324324,-2.1788943,4.9349885,5.4309583,-5.0438085,-0.5118462,2.2028434,-3.8743904,-2.494343,3.6463854,8.470107,-0.38266024,0.24568844,2.382427,5.316096,1.7018074,0.39999467,-3.2040884,-2.037244,-3.9892209,0.113168426,-1.959595,NA19184,YRI,1
35.051235,-6.607064,-5.5012145,3.7133894,-0.30315948,0.5023404,-0.108127296,-1.6292567,-0.8074776,-0.5820118,-1.4424853,-0.9813181,0.00094329164,0.31045943,0.5096047,-0.87021196,-0.7769434,0.12072646,0.8571767,-1.8294885,-0.64789796,-0.66463864,0.62213457,-1.1775681,1.2729101,-5.157152,-1.6367197,3.938026,-2.644454,-0.58056235,0.9642466,-0.9866399,1.2696391,-0.22092925,1.5173396,-3.176229,-3.9596806,3.7196279,0.8793941,1.1971288,-1.0782951,2.8273776,1.3063343,1.5877392,-0.33665466,3.896454,0.5383475,1.7390456,-2.0877514,3.3544424,NA19183,YRI,2
34.12477,-5.8674335,-5.198709,3.382272,0.80121905,0.23358074,0.09769006,-0.1809914,-1.2903118,-1.1402812,-0.36712888,0.33740225,0.8746182,0.07351399,0.41298762,1.2184639,1.3390365,0.6609576,-1.6149387,0.042539522,0.6641328,-0.04183614,-1.426354,0.16196756,-0.048335735,0.40774527,0.67013437,-0.1358538,-0.06574943,0.61789787,-0.12746826,-0.7275794,1.41724,-0.22565208,-2.0201516,-0.04320293,0.0053197825,-2.194307,-1.0155585,0.3976666,0.28444567,-1.3536062,-1.597901,-0.93669295,0.19154336,-0.64509374,0.27068633,-1.2358265,1.6494018,-0.0257249,NA19176,YRI,2
33.637386,-5.746549,-5.6721377,3.9560812,1.5660597,-0.08002936,0.43285143,-0.2422033,-0.304545,-0.53513813,0.76625395,1.4214506,-0.496508,-0.76141226,-0.6998603,0.49504054,1.3962436,1.2063079,0.028202403,-1.1320624,-0.010406873,0.8572655,-1.0963433,-1.1914531,0.66436636,0.054587394,-0.596657,-2.6335182,2.7922468,0.41365263,3.7781436,-1.26903,1.6282645,0.56220657,-1.5513389,-1.2922351,-2.4655247,3.3606741,0.9152907,-1.4927629,-0.8710873,2.926809,-4.4740863,1.8679079,0.48934865,-0.26182356,4.1001544,-0.5504968,-0.6966068,2.4305875,NA18867,YRI,2
34.720448,-6.343525,-5.244053,2.797479,0.92097014,0.0732215,-0.32295033,-1.3132045,-1.821096,-0.8087475,-0.02472912,0.2356128,-0.4715557,-0.11532308,-2.115677,0.03734532,1.4126662,2.1525075,1.7094935,0.89390564,0.59895533,-0.08167574,2.6050892,0.2592637,0.0018666388,0.7003864,2.067948,1.4211544,-1.8556767,-0.91090786,1.7049153,0.70277894,-2.9021418,3.6008124,0.3964441,-2.005496,-0.7400388,-2.9962246,-0.20615892,-2.399638,0.081562184,0.41575962,0.5661999,0.45190316,-0.38211012,-0.39882615,0.2572245,0.83649653,-0.035475235,-1.0276573,NA19180,YRI,2
35.48974,-6.010445,-5.4050174,4.0985684,0.38076755,0.4077424,0.1962461,-0.07041217,-1.3764067,-0.8069276,-0.2973587,0.030510793,-0.72048694,-1.515195,-0.19912148,-0.9497547,-1.081202,-0.66793764,0.35263819,-0.40060768,0.58523905,-0.077251375,1.7021858,0.748385,-0.63630295,-1.1279039,0.9017765,1.368372,-0.5099095,-0.20745037,-0.9060936,-0.20704049,-0.38084504,-0.809672,2.109614,-1.1609726,2.345895,-1.2546322,0.03034993,-0.7288774,0.54415065,-2.1026838,-0.49407083,0.10308078,3.99373,-0.91057193,-0.47957948,0.24237888,-4.787905,0.3799944,NA19148,YRI,2
34.61875,-6.080105,-4.9958434,3.3745198,1.4521408,0.8042273,-1.0339694,-0.38147563,-1.513413,-0.94286263,-0.90465987,0.4366667,1.5639743,-0.14463994,-0.6787395,1.0896426,-0.0647004,-1.4252841,-0.78128785,-0.7500585,-2.2141812,1.9897778,1.2715795,1.8253174,-1.4464393,-0.2656204,-3.43583,-1.9589835,-3.4651287,3.459719,0.7908464,-0.7736171,3.1033974,-1.0143099,-0.3621839,3.4193413,1.3596867,-0.7187264,-4.1154056,1.1803417,0.71620804,1.7246407,1.0997529,2.5402298,-1.709916,-0.64934456,6.7297845,-0.32641134,-3.5474768,-0.28129113,NA19109,YRI,2
34.04467,-5.946036,-5.295814,2.5268939,0.6663908,-0.13264936,0.11798913,-0.43710217,-1.1313856,-0.9204737,-0.07332303,0.5726458,0.5435432,0.22713237,-1.6286451,0.6783842,0.85250735,-1.1377378,0.5753036,-1.8737621,1.7179286,-1.3569072,-0.25652602,-0.102999784,1.6607376,-0.4739508,-0.43019137,0.6185605,-1.2879987,0.61913174,-1.6447017,1.0892123,-1.3810331,-0.6970918,3.4444044,4.190773,-0.32372516,-2.2977164,0.0055200853,-1.3079995,-2.1614082,-0.13760762,-2.9111266,0.5358483,-4.3992176,-2.4270716,1.86376,-3.3733168,0.72186637,-1.2723289,NA19236,YRI,1
34.83023,-6.2232337,-5.1431694,3.8088229,1.1131729,-0.13981314,-0.06835403,-0.71415216,-0.5131294,-0.338459,-1.4342175,0.6609091,-0.43715635,-0.39537463,-1.479726,0.8051782,0.95909625,0.95842,-0.4857631,1.7006792,-0.7867533,-0.36593422,-0.25197837,-0.6863843,-0.892938,1.2883543,-0.7898394,-0.26758927,1.7664782,0.9956642,1.390765,-1.5369734,2.0675316,-0.868544,0.98428935,1.4136565,-0.70062035,-0.6180954,-0.6387632,-1.5711437,0.25368664,1.185723,-0.37426847,3.0780199,-0.8844854,-1.6407046,-0.81141436,2.3514185,0.28596577,1.9203813,NA18874,YRI,1
34.805794,-5.9988666,-4.810542,3.2613287,0.13830319,0.15377654,-0.4914918,-0.6139179,-1.3238554,-0.9015195,-0.30080593,-0.1612805,-0.03542494,0.7088639,-0.9550329,-0.117325135,0.11602308,1.5008664,1.416595,-0.07224611,0.979451,0.97823673,3.027892,0.1503716,-0.33168328,-0.43099576,1.1735017,0.8797221,-2.4892123,-0.6588944,0.04309408,-0.49726817,-1.5008814,2.4278727,-0.72340274,-0.7445811,-2.31341,-2.1884758,-1.5063429,-0.96585995,0.1455454,0.46982574,1.8447251,0.9827734,0.19165006,-0.4096787,2.584426,1.1922712,0.14186212,-0.2087947,NA19179,YRI,2
34.05263,-5.708482,-5.047651,3.320726,0.32873154,-0.17329636,0.83224374,-0.61300457,-0.25736225,-0.7122835,-0.1389414,0.51675457,-0.48037076,-1.1347572,0.79178494,-0.062358648,-1.0142822,1.9882412,0.8766396,-0.40339884,-2.5277925,0.7069529,-0.0046166643,-1.5173595,3.742457,-3.6929998,4.0511894,3.9352038,6.1457205,-0.17542833,6.3297267,6.2332206,-4.3157043,-0.24282415,2.7525163,-1.5986924,-1.5795563,5.244976,8.850066,-1.1462598,-0.5386153,2.7305765,4.226836,2.0203686,0.80113673,-2.7772422,1.3552454,-3.857235,-0.6484563,-0.84103525,NA19186,YRI,1
35.16372,-5.4628124,-5.193893,2.8572671,0.68836665,-0.24033971,0.7319779,0.5182641,-0.53031546,-0.7527184,-0.02754133,0.41823724,0.0341798,0.80550635,1.1006494,-0.60098344,2.6076891,-0.3016337,0.3319558,1.1732321,-0.3474517,-1.4282852,0.93672943,0.9472347,0.7325073,0.5868154,-0.14153685,-0.6434676,-0.42102692,0.21611342,-1.9616997,1.4556334,0.5111435,-1.3661137,-3.003415,-1.4034609,-0.7183873,-2.5061882,-2.2505782,1.3976282,0.58289015,-1.7811222,1.2683201,-1.9205017,1.2623322,0.6545919,0.8465949,1.6644852,-1.2248888,0.626891,NA19252,YRI,1
34.464188,-5.904861,-5.079933,3.484162,0.36671072,0.64231,-0.7020672,-0.90868783,-0.7210668,-0.5307714,-1.5258827,0.37135577,-0.86673397,0.8193049,0.33999997,-0.12400435,-1.7697442,-0.1509815,0.5055633,-0.41105312,0.73783976,-0.12136521,0.34785974,0.29855165,1.0940421,-4.6392846,-0.34562397,3.9026787,-1.2706214,-1.0106508,1.3840876,0.7309162,0.95585954,-0.7081827,0.9542026,-2.3044288,-2.3785548,2.7683504,1.5184005,1.3569927,0.49325186,1.2737403,1.0940061,1.2452782,1.1256188,1.9451908,-1.1502876,2.3842063,-2.0670075,2.032046,NA19182,YRI,2
34.008644,-6.5478296,-5.33199,3.997968,1.411618,1.5739537,0.22083367,-0.50334084,-1.2400699,-0.5040018,-0.70158273,0.7286729,-0.2254979,-0.6093096,0.10923653,-0.94690984,-1.4786171,-0.6320427,0.36052412,0.8808316,-3.0499659,-0.5119644,-0.45201045,1.5797639,-1.4318581,1.7405248,-0.9711039,0.46838903,-0.4485966,0.83728355,-1.2982004,1.133932,-0.7774322,-0.42702058,-2.7198741,-0.3113892,1.2015595,0.5480179,0.7761825,2.8369596,0.9452584,-1.2733216,1.595176,0.5769152,0.18911472,-0.5853276,-0.585218,-0.34086233,-1.078429,0.079268165,NA19226,YRI,1
34.857334,-5.254943,-4.7215743,3.7977486,1.0214739,0.100907944,0.4270483,-1.2222602,-0.7966581,-1.0633391,-0.08370572,-1.245837,-0.7957972,0.47536522,-1.0717888,-1.547554,-1.1766777,0.44287667,0.57657635,-0.58206886,-2.9287121,1.8760594,0.541765,1.2211144,-0.6595869,0.5869455,-0.9123076,0.91250426,-0.6395843,0.8688505,-3.6815462,1.3563772,0.26497525,-2.2699597,-1.1710179,-0.6531364,1.5748281,0.9670589,0.26196623,3.0516403,-0.52002066,-1.2326974,3.3011622,-0.09785796,-1.3415848,-0.02977111,0.5545612,0.40460953,-1.6189826,-2.0140696,NA19225,YRI,2
35.602955,-6.004398,-4.863314,4.216986,-0.021815749,1.1478395,-0.7577427,-1.4794756,-0.7642008,-1.2792621,0.8173092,-0.80351216,0.9001154,1.5201017,1.8501614,1.4294808,-0.95141536,-0.3007545,-2.1108398,1.4467124,-0.14018013,-0.15285337,-0.7109236,-0.074149966,-2.1252782,1.887695,-0.34725255,-0.50472474,4.669408,0.5802135,-3.1249793,0.7310574,2.8103962,3.250183,-2.945572,-0.7464066,2.268174,-1.5807717,-2.2984972,2.0131478,3.1699874,-5.4070454,-0.929921,-4.0523005,-0.8673253,1.5531499,-2.4228077,-2.225433,1.5390757,-1.8420671,NA19258,YRI,1
33.993008,-6.2150784,-4.7466574,3.5550919,1.639748,1.2447795,-0.6393961,-1.3715585,0.08567221,-0.4579091,1.0698708,-2.2818067,-0.35152838,-0.029559597,-0.07086434,1.0007044,2.2802956,0.06925686,-0.3619554,0.3180055,-0.8599127,-0.38813904,-1.8207852,0.7048335,-0.25862503,1.0882264,-0.2231475,0.8574769,0.2914361,-0.47109032,0.4889335,-0.0961667,-0.3977672,-2.6618388,-1.3583573,-1.3338122,1.2822163,-0.54305327,0.97167814,-0.27982304,-2.013286,3.1020188,1.3776054,0.338373,0.107172854,-3.654959,-1.0834712,0.67814445,-0.8941944,-0.31201798,NA19189,YRI,1
35.91601,-6.0141582,-5.150062,2.9513564,1.5518839,0.5648017,0.09090794,0.020608053,-1.4547559,-0.98591965,-0.1800887,0.40009284,-0.29437476,-0.12755601,-0.544361,-1.3394104,1.1148037,0.5488642,0.7048934,0.19524336,1.9689105,0.9436156,1.6787932,-0.45620126,0.28528026,0.54179746,2.4815614,1.3987083,1.6500754,0.67572236,1.0518715,2.5069506,0.104463644,-1.5706314,-0.14866175,0.6742276,2.965513,1.2117715,1.5326788,0.7601846,0.03887631,-0.19520836,0.8674639,-0.46562952,-0.37891322,-2.481727,-2.0978763,3.36754,-2.3125,0.5491536,NA18498,YRI,1
33.75582,-5.9962416,-5.655122,3.517544,1.455557,1.0815388,0.25074077,-0.45536947,-0.3347696,-0.35042796,0.9950152,-0.6185384,-1.7790766,-0.106549,-0.4200669,-0.062745646,1.5548728,0.61359936,-0.93647933,2.7370484,1.6459342,-1.0761693,-0.6586226,0.020437216,0.98822457,-0.68091214,0.71491545,1.1931965,-0.5330531,-1.3136705,-2.217528,1.617333,-0.045348965,1.0949379,-0.09891658,-2.3993404,-2.6172838,0.972597,-3.9799986,-0.5711308,2.620773,0.56169343,-0.90164477,-2.4042416,1.4219848,-0.5081218,-1.1062148,1.1686372,3.8618376,-3.365531,NA19118,YRI,2
35.776356,-5.5780625,-4.794866,2.7411218,0.12413416,0.38960347,1.4406914,-0.20238559,-1.0778447,-0.31093562,0.047222853,-0.9096012,-0.0688358,0.77568156,-0.5896681,-1.5742586,0.2704109,-0.38607776,-0.3559553,1.1070442,-1.8014027,-0.21811065,0.68794614,-0.99649733,0.03559819,1.0520371,-2.4954076,-2.3846924,-1.3413895,1.9476619,-0.6318413,-6.334299,1.019703,0.3150549,-0.19405797,0.15806185,-3.848757,-0.17132875,1.2518319,-1.1330816,2.8630097,-0.72854406,2.9396563,1.1811206,-1.1571957,-1.6069431,0.8064529,-3.7675173,3.3695314,0.7340351,NA19199,YRI,2
34.013855,-6.1074667,-5.3179398,2.9498646,1.4730642,1.1879328,0.3078816,0.5235383,-1.427181,-0.9974851,-0.93565,0.20485811,1.1171896,0.83422005,-0.5234879,1.2017603,-0.34219202,-1.2455968,-1.1854577,-0.009098538,-1.721706,1.6793963,0.8622084,1.2960411,-0.62214017,0.4570136,-4.1718283,-1.6101876,-2.1141577,2.3928013,0.31022212,-0.651906,2.587129,-0.1584535,-0.812489,1.9134946,-0.38135567,-0.10939474,-5.3681855,0.6965948,0.7551808,-0.09612029,1.1709174,2.5966299,-2.0318737,-0.7063048,5.253767,-0.25302935,-3.2748063,-1.5270997,NA19107,YRI,1
34.659122,-6.016906,-4.7047205,2.9308271,0.3269578,0.81097955,-0.20511964,-1.1609478,-0.7305779,-0.68089956,-0.5291193,0.545476,-0.7796528,-0.2550867,-2.0238893,-0.040389292,1.1040884,-0.03267401,-0.23679689,1.7587081,-0.84003216,0.7641115,0.6540863,-1.150769,-1.2990407,0.44437146,-1.1669954,0.21529907,1.0433003,1.4802768,2.2009587,0.5953592,2.401247,-1.1322739,0.97601175,2.9127867,-0.632881,-0.073560454,-1.8855807,-2.5099142,1.0951668,2.7603467,-0.21164386,4.6110926,0.013933371,-1.632567,-1.3950585,5.2080173,-1.8997287,3.692767,NA18875,YRI,2
35.08511,-5.858873,-5.248732,2.7308939,0.9645118,-0.27113962,-0.3632726,-0.38509238,-0.8579473,-0.5988311,0.3757934,0.5341061,0.13144767,0.75787294,1.3083521,0.32609895,1.8828238,-1.1965265,0.3414259,2.165993,0.1989641,-1.9216702,1.948909,1.0436025,1.038222,-0.17269191,-0.40623754,-0.8199291,-1.2000195,0.34870127,-1.4208676,1.7548897,0.7707476,-1.3258303,-4.415975,-1.1053896,-1.2727332,-1.9157765,-1.7957081,1.4589907,1.1150225,-0.9923525,2.6770115,-1.9041333,1.1080163,0.2626139,1.5118568,2.206046,-2.4248295,-0.04429952,NA18907,YRI,2
34.65558,-6.118584,-4.8754406,3.567131,0.32387847,0.9257376,0.553413,-0.30605707,-1.3087269,-0.7924518,-0.04951286,-1.2654425,-0.6770429,0.30914629,0.28249818,0.3413915,0.69339514,0.07758638,-0.78433573,0.46992344,0.5693084,0.22983336,0.19776234,1.1189487,0.56798166,-0.45066527,0.50229776,0.9438977,0.5032983,0.75581235,2.0392187,1.8209285,-0.43015054,-0.64715177,-0.40216988,-1.0569735,-0.30621248,1.0575662,2.1971188,-0.8890022,0.06831111,1.315294,-0.713438,-0.08241789,0.49690714,-2.1420922,0.05162341,0.17342366,-0.82641727,-0.6720892,NA18510,YRI,1
34.568985,-5.6524506,-4.706263,3.0702562,1.3279893,1.187547,-0.70163,-0.17786461,-1.373178,-0.6666556,0.38549167,-0.6156253,-0.38819376,-0.9322156,0.6780667,-0.20786998,-0.054767378,-1.133051,1.2954795,-1.8680557,0.56733024,0.8168981,-0.48631647,1.724108,-0.25577915,1.0128037,-1.4899894,-0.09899664,-1.900821,-0.82170695,1.0515068,-1.0700014,-0.7573569,0.7386261,0.5601708,-0.40922245,2.831361,-0.5686794,0.25624946,1.8803453,-0.30951598,-1.2817227,2.1181881,-2.5234547,2.8858047,2.2940307,1.0125582,2.0267906,0.47412145,2.086918,NA18511,YRI,2
34.58558,-6.1921425,-4.6089463,3.6779807,0.022249617,1.1244537,-0.57771844,-0.984812,-0.50981504,-0.23567607,-1.0027584,-0.058395956,1.2523731,0.295924,-0.27126214,-0.46507043,-0.73292124,-0.53951997,0.20689875,-1.4374659,1.5420909,1.1739441,-0.0364737,-0.49370134,1.0189493,2.4188766,0.00471589,-0.43800318,-3.098559,-0.55945593,-4.2009835,0.8672093,-0.016645389,1.1265998,-0.20428753,0.030177956,-0.38676262,-1.6706386,-2.5526798,0.009241681,0.9457446,0.8811585,0.8483661,4.2446427,2.4479184,0.40153947,1.9941763,-1.9615082,3.9146457,2.8307092,NA18923,YRI,1
34.57078,-7.080947,-5.4392147,3.3940206,0.97631085,0.6341001,-0.09782165,-0.5029884,-0.33430812,-1.0951953,-0.69774026,-2.041937,2.156688,-0.6220415,0.0931142,1.0542557,1.0292404,0.6847998,0.8983274,0.38181219,1.0882648,0.38542566,-1.14495,-0.2133522,2.0564392,-0.8598268,0.60698754,-1.1170634,-0.9359701,-0.30986378,-2.0137959,-1.1848083,0.57646275,0.10743905,-2.948256,0.23926872,-1.0398017,-0.6051787,-1.9333551,-1.5514264,0.1368311,1.2140986,0.7851002,-1.563734,-2.0120785,-1.0678383,-0.34638768,-3.2148101,-0.5178722,-3.201355,NA19150,YRI,1
35.220108,-6.090517,-5.2037444,3.6523046,1.7797891,0.9304639,0.52830946,-0.3758369,-1.071603,-0.13340099,-0.13263294,0.7414597,0.24703425,-0.82887715,0.27181217,0.93556595,-0.13504457,1.194683,1.4457701,-1.1210486,1.8314443,-2.515999,-0.5213262,0.6557545,-0.6160381,-0.12000443,-0.79800075,-0.11419432,0.47814184,-1.2899202,0.978366,0.32119635,-2.4384522,1.2239584,1.0636128,2.2946322,0.79121757,-1.4406695,-0.60048383,0.8789849,0.28179964,-2.8795526,-2.2161617,1.1148014,0.51244617,1.1536555,0.7066854,4.1600895,0.366484,-1.2661858,NA18910,YRI,1
35.349888,-5.8183184,-4.9601445,2.2427688,0.07777951,1.246046,0.24598439,-0.9373036,-1.0472221,-1.0619398,-0.21593313,0.1760258,-0.1632408,-0.643084,-0.96460587,-0.35952252,1.0020336,-1.0993341,0.86537635,0.8620755,-0.660568,1.2390631,1.4334803,-1.8301902,-0.052356742,-0.692881,-0.6636642,-0.048672646,-1.4523352,1.3302914,1.2711415,1.5568848,2.0192075,-1.4401119,-0.14615038,2.2355518,-0.18792443,-0.039078876,-0.965503,-1.8934529,0.50899893,2.3758733,-0.04912218,3.6856146,0.9249297,-0.4283167,-2.1275783,4.550758,-3.0124583,5.0379443,NA18873,YRI,2
34.22111,-5.363348,-4.4658284,3.0882282,-0.035960395,0.9998961,-0.12917021,-0.4153675,-1.913298,-0.6318075,0.9199975,1.2757341,0.57868147,2.0028656,-1.468894,-1.1915405,1.0578151,0.9001333,-1.0021719,0.56024736,-2.8496292,0.29927033,0.011769771,2.775949,-2.527143,0.7441193,-2.6584523,-2.406206,-0.6833596,1.1992856,-1.2420423,0.31729192,1.854827,0.87969804,-0.5839859,-0.38443157,-2.0422857,0.007443324,-0.73732066,2.1858554,-0.7515803,-0.16390269,1.5674629,1.579338,-1.0062753,1.2423022,2.682348,1.8148375,-0.21282153,-1.130534,NA18505,YRI,2
34.94079,-6.1588383,-4.864139,3.5616827,0.3724235,-0.17400916,-0.70597273,-0.9484602,-1.0923824,-0.7161642,-0.18518117,0.04257563,0.30387884,0.4703616,-0.5562092,0.024513613,0.15121193,-0.57244414,0.3896488,-0.51539445,1.0334182,-0.92411894,0.48592514,-0.45288408,-3.3892622,2.2044168,1.4554662,0.70994014,3.1697595,-0.42844948,5.708245,-0.34444293,0.27477401,0.21914704,-1.2664464,-1.8171622,1.3607192,-4.1667757,2.0055141,-0.53456646,0.8532339,-2.141102,-1.8294121,-1.4719124,1.0770017,0.72516286,-1.2356488,2.8971734,4.547583,-1.9255725,NA19202,YRI,2
34.970596,-5.7958965,-4.8333793,2.9150054,0.60489714,1.2331799,0.22022966,-0.49028894,-1.2252414,-1.0000949,-0.040761705,1.524192,-0.6114066,1.4840152,0.4508608,1.3600107,-0.95791477,-0.57648134,-0.077982,2.0804129,0.23668657,-0.11889877,-2.0125663,-1.6711189,-1.9494337,1.7781943,3.5151486,-2.7317202,0.01844949,2.7005897,-0.78786594,-0.95270026,6.8148093,5.592663,2.063061,0.37907454,6.6781387,2.0541694,3.808232,-4.1314955,-3.5299318,-0.8120729,-0.960928,0.69527054,-0.040259726,-2.153305,1.2806534,-0.9235346,-1.6994666,4.179295,NA19240,YRI,2
35.0444,-5.8769145,-5.004969,3.4595587,1.2029247,0.5933458,0.07177326,0.2891354,-0.78292423,-0.7366199,0.5976085,1.2900422,-0.1017248,-0.020120222,0.2978227,0.71023935,-0.92894155,-1.365311,0.28101304,2.469348,-0.32032824,0.24960758,-1.0629884,-1.5374014,-0.89352274,0.18246888,2.9843042,-1.6979902,0.38819185,0.7644791,0.7091723,-1.3822473,2.1965573,2.7114406,3.4888413,0.16485785,1.5270435,1.3709648,2.7019308,-2.6690028,-1.2994379,-0.21996923,-0.92463195,-0.6327842,0.48979324,-2.1782348,0.20942107,-1.9127635,-0.780498,3.7380278,NA19239,YRI,1
36.029827,-6.577939,-5.126561,3.0009525,0.30869234,0.19846377,0.18276615,-0.69713175,-0.7256626,-0.8398316,-0.39098775,0.13322307,-1.2469577,-1.6842625,-0.077164404,-2.5413623,-1.4791889,-1.1486834,-0.33011964,0.63348186,-0.34911388,-1.2097805,1.006146,-1.0561553,-0.027040092,-1.7399863,0.8025726,-3.1110642,0.35377437,-0.60442203,1.1887455,-0.28004488,0.6796358,-1.6908137,3.8743076,0.11927252,0.082433425,-1.3259451,2.0478213,0.25156245,1.467775,1.0530453,1.040362,1.8691795,0.21908697,3.2193656,-0.1786472,5.0276494,-2.4900026,1.8804647,NA18501,YRI,1
35.482388,-6.094313,-5.5045204,3.4296463,0.6415475,0.1890718,-0.4107717,0.7067186,-0.3779699,-0.07627012,1.0897335,-0.9458016,1.2232649,-0.88894737,-1.4037727,-1.5926464,-0.41592836,2.3426483,0.18422845,-0.054315984,-0.70416033,-0.3519543,-0.70526284,-0.42474464,-2.0367172,0.0416744,0.34375903,0.7745424,0.054254394,0.53462654,-2.2204595,1.6183,0.8708439,-0.51332384,0.3010164,-2.1146407,1.1243972,1.3081203,0.84797776,-1.422188,-1.7472113,-0.37579352,0.15028791,-2.8659358,1.2075719,0.82204366,0.062123615,-1.626654,0.40864158,-1.3496151,NA19137,YRI,2
34.198807,-5.5651183,-5.580133,3.4098082,0.39997947,0.59127605,-0.5416024,-0.14045812,-1.6680789,-1.0515343,0.00022568299,-0.30018297,1.2285444,-1.7395422,-0.7828608,-0.34448847,-2.0747306,1.7917106,-0.30363628,4.1828785,0.89030594,1.9073278,0.957422,-1.4661431,1.1533995,-0.8725418,2.083933,3.718032,-3.995998,2.661128,-3.0599446,-1.7605453,-1.3617499,2.228142,-1.8425308,-2.2154088,-4.7873945,4.39046,-1.1946087,-2.570021,-0.2173941,0.34371394,0.6577966,-0.8747441,-5.4237494,1.163207,-1.7164296,-1.9066006,0.9144387,-3.811249,NA19153,YRI,1
33.89668,-5.4224243,-6.16082,3.421922,1.6526433,-0.054629,-0.7221227,-1.2466315,-0.676523,-0.7505583,0.010597212,-0.20215754,0.056540035,0.17680664,-0.037862502,1.3052666,0.011527385,0.47337696,0.4521236,1.4014856,0.039482567,0.62545216,2.671124,0.93762475,2.342746,-0.1524987,1.5033059,0.6544805,-1.2014852,-0.2183947,-0.6810184,1.3899256,-0.7518525,-2.0521362,-0.53524995,0.10501346,-0.48251015,-1.6513274,-0.7666354,1.9420433,-2.8915975,2.1200414,-0.30984122,2.6590762,0.3902735,0.909671,-0.3944296,2.8293247,-2.1692595,4.90808,NA18857,YRI,1
34.688015,-5.8234806,-4.796397,3.932308,0.9228986,1.072283,0.74425274,0.10358397,-2.0281327,-1.191214,0.4173473,1.2753669,-0.8507786,0.13102777,0.77548605,0.6110609,-1.8578981,-0.31922656,1.5436949,-0.45096236,-1.9858629,0.7864734,-1.1453223,1.4589721,-2.5044208,0.3156368,-1.350114,-3.4015799,-0.7921303,-0.9823522,2.2478352,-3.0841982,2.01409,-1.0071189,0.4680777,3.3362792,2.766715,-2.3666255,-0.86385983,0.723949,-0.096642576,2.0374887,-3.1370869,0.60440004,-1.4283246,-0.2002274,3.473651,2.3923833,-4.1347322,-1.1300418,NA19223,YRI,1
35.615086,-5.5230317,-5.142615,3.4781368,-0.17839739,-0.011219651,-0.32261354,-0.22676201,-0.5962256,-0.45007122,0.17085885,0.17089722,-0.6190577,-0.87293994,0.9061187,-2.7404761,-1.226296,-0.5902942,-0.2807638,-0.20087303,0.3520749,-0.83742404,1.2331824,-0.6209435,-0.048667062,-2.4413345,1.154388,-1.9639043,0.35894388,-0.39090115,0.5972938,0.12670451,0.47803774,-3.4464078,3.5134985,-0.36946917,-0.6926306,-0.94239193,1.7823963,0.37269866,1.0290813,0.44959942,1.3398454,1.9846112,0.34757292,2.8209279,-0.28420505,5.0993094,-3.1351116,0.8744307,NA18500,YRI,1
34.107098,-6.278152,-5.186634,3.2511,1.2216818,0.22255689,0.52687734,0.007662831,-0.6164189,-0.70415497,0.48062533,-0.17610717,0.3079402,1.6311163,0.79626423,-0.17487702,0.67539847,-0.024070822,0.7681395,-0.31622902,-0.17275819,0.34238976,-0.0789125,1.1525214,-0.641387,-0.13196911,-0.10867109,-0.58166945,-0.0021677027,-1.8518157,-2.8767266,-1.5844504,0.8023088,-2.541674,-2.5980392,0.73460126,0.31554756,1.0599419,-0.0030266028,1.2325104,1.5345379,-1.8522991,2.4950206,1.1459372,-0.7347113,-2.8377783,2.0331872,1.9277337,0.5744353,1.8444046,NA18861,YRI,2
35.055347,-6.2636156,-5.845225,3.688663,0.36590016,0.13380376,-0.38161576,-0.49506843,-0.1495774,-0.04991603,-0.25166497,0.4004586,0.789221,0.64563245,0.024637219,-0.32339534,0.29422367,-0.025904384,0.8653246,0.4330436,0.0038278808,0.31011432,0.5276825,0.19756307,-2.1119993,1.9467503,0.9809897,-0.88218015,2.7330902,-0.6534299,4.1140404,-0.9751889,-0.29706502,0.4658513,-1.9767084,-0.82696843,0.74373484,-3.2986186,1.5168797,0.8100976,0.6534639,-2.1856754,0.21087359,-0.39303255,1.1451286,0.77254844,-0.4959245,1.7969869,3.1293397,-2.0284808,NA19201,YRI,2
35.607197,-6.367271,-5.6967363,3.450613,0.2739733,1.1621716,0.6000346,-1.0827848,-0.79506606,-0.886982,0.31999552,0.7488217,0.17092255,0.17252998,-0.38996926,0.8970361,0.54040724,0.06452287,0.35791498,-0.57342553,0.018531388,0.17298561,-0.18874401,-0.10442533,-0.87114,-0.41626057,-0.35110432,1.0441172,0.4560497,-0.8850477,0.9032167,0.2621845,1.4143556,1.1459448,0.98982495,1.284457,-0.5613789,-1.5207791,-0.40940347,0.7056982,2.0136497,0.3941466,-0.49157247,-0.41146135,1.2247273,-1.6991717,1.0711958,-1.1952734,1.1519591,-0.71924776,NA19144,YRI,1
35.155994,-5.5252304,-5.3589244,3.517895,0.47753784,0.15236442,0.93748415,0.43953118,-0.947041,-0.5757508,-0.013844527,-0.35087755,-0.16104157,0.8193332,0.83138216,-0.81334364,0.06525783,0.6100159,0.33262458,-1.4899578,0.06085929,-0.78937197,0.5331525,0.5831101,0.89328253,-0.089958504,1.39657,1.2261903,2.1066835,-1.146014,1.5067339,1.9923718,-2.7422404,-0.7530986,0.35071093,-1.0316839,0.25805715,-0.17927234,1.0362448,-0.61588734,-1.4797295,2.0155365,-0.7242594,2.414822,0.98398536,0.9832906,-4.8434343,-2.198197,0.413378,-1.389383,NA19193,YRI,2
35.099125,-5.598756,-5.1231613,3.6606925,0.93858856,0.7329871,-0.32692048,-1.1611431,-1.3567332,-0.6902646,0.93942964,1.1064259,0.637116,0.9176823,-1.5335219,-2.5034366,0.7875118,-0.2538245,-0.52643746,0.008583005,-2.3193257,-0.091443345,0.4769993,2.7823,-2.3164735,0.042787485,-1.2316768,-3.37338,-0.8853397,2.0269256,-2.2359688,0.355615,1.4830872,-0.3852332,-1.1681143,-0.25094706,-2.722606,-2.5425584,-1.3332015,1.6153904,-0.82195723,-1.9937205,1.2579482,0.47861117,-2.222447,2.0571556,0.64550287,4.3575892,-0.8392947,0.01519614,NA18503,YRI,1
35.61703,-6.579777,-5.1129713,3.6992602,1.2934045,0.14842169,-0.28291386,-1.1000425,-0.39712456,-0.7943706,0.17689717,-0.28576624,0.4848579,0.1487502,-0.81254375,-1.6195744,0.27697048,-1.2287303,0.6296205,-1.174871,-0.39615405,-0.083191715,-0.047985595,0.8321639,-1.499522,-0.9665216,-0.12165887,-2.5920317,-1.0339936,1.5676336,-0.39374647,0.29066494,0.9420115,0.6975204,-1.4254045,0.2306223,-2.351968,-2.4268348,-0.8498642,0.14293121,-0.27807862,-2.4358675,-0.383463,0.06909455,-1.8601925,2.1125991,-1.0557662,3.5892615,-1.4542636,1.7398853,NA18504,YRI,1
34.21307,-6.0624914,-4.8479204,3.0562966,1.1007215,-0.19591533,-0.2834261,-0.8589402,-0.48086062,-0.8661379,-0.21489857,0.4183747,0.3910975,0.6749944,1.2665199,1.047608,-0.9404395,-0.69251925,-0.3505089,0.8974418,0.11581144,-0.35893926,0.742626,-1.7175902,1.5710027,-0.55610406,-0.65304774,0.35121572,-0.14994162,0.9518922,-1.826645,0.37131146,-1.547502,-1.3720983,2.237675,0.5975188,1.1076434,0.81657135,-1.1617967,-0.2602855,-0.5637413,1.1085346,0.40153098,1.6674545,0.45968708,0.8256099,1.2660863,-0.96002764,-1.2799516,0.82642025,NA19203,YRI,1
34.738617,-6.510413,-4.613781,3.6223674,-0.14468467,0.30520725,-0.40008616,-1.5026554,-0.82234675,-1.5392799,-0.078247145,-1.3433173,0.35275257,0.43328294,0.88407916,1.1609048,1.1137601,-0.66765356,1.0317348,0.4554709,0.39462116,-0.80573905,0.2110293,-1.0731416,0.31006804,-1.2512376,1.8386637,1.0397727,0.32974315,-1.0538868,1.0144248,0.89049137,-0.8998591,0.2667091,0.9132362,-1.1003904,-0.35774812,-0.64246535,1.389772,-1.2902755,-0.5684348,-0.3055422,-2.0693142,0.6362353,1.0599967,-0.7472649,-1.4133871,-1.1765069,1.4468417,1.0212426,NA19143,YRI,2
34.0414,-5.4628496,-4.828412,3.1855633,0.856028,1.4025152,-0.09969858,-0.2464799,-0.976009,-0.23749809,-0.23164208,0.8194198,0.10491955,0.072611675,0.7458845,0.48756048,2.7612028,-0.7093642,0.02021377,0.45945054,0.333923,1.1650842,1.670935,1.395723,1.0393347,0.5440767,-0.67743295,-1.4540615,-0.6389657,1.1962627,-1.1394842,-1.1680324,0.6087275,1.6119239,-1.6475979,-0.6546059,-1.2746924,-2.4986875,-0.5293409,0.24492851,2.6260498,0.72795284,1.1050771,-0.2452727,0.9400226,-0.7617238,1.2401482,-1.0800793,0.63349164,0.9253206,NA18871,YRI,1
34.567814,-5.620418,-5.1202836,4.2505364,0.93291885,0.33229753,1.0269333,-0.6849751,-0.39515904,-0.7246882,2.1156003,0.73977447,-0.3635357,-0.8023427,-0.384588,-0.57861626,0.945093,-0.7761103,0.21074192,0.9579911,-0.8724057,0.6382149,0.006353448,-1.3852932,2.155282,1.2213653,-1.6277453,0.17768717,-2.6407113,-0.43455595,-0.19389163,1.8803401,-1.0904914,-0.67154324,-0.3531142,-0.5429057,-2.289004,-2.1701488,-0.4311183,-2.6335235,0.24045758,-0.9561949,2.6249065,2.8173203,0.25777152,0.8931556,1.3103602,2.1539202,-0.06632668,-0.35011134,NA18870,YRI,2
34.55256,-5.490237,-5.1666756,3.2667239,0.39655173,0.3020042,-0.48688433,-0.8617215,-1.5211021,-1.6853455,-0.44066608,0.42923674,-0.4840374,-0.15471113,-1.847088,0.25980613,-0.0944666,-1.7790076,-0.18032122,0.0002612786,1.2594075,-0.7743714,1.5585585,-0.37487522,-3.2011256,1.1030163,0.095905915,2.4844584,1.6777847,0.94595987,2.7587132,0.22566715,-1.0536076,1.0757189,-0.46011096,-1.4147203,0.23766251,-1.9089175,-0.06766361,-0.8610516,0.4246251,-2.0797849,-3.0264828,-2.1342297,-0.043215618,0.2533589,0.21553583,2.9789133,4.041786,-1.0489199,NA19200,YRI,1
34.852573,-6.4456835,-4.4304905,2.9324644,0.75974995,0.8649893,-0.7191008,-0.5764917,-1.0820795,-1.082738,-0.37277117,-1.0399965,0.79617006,0.050108127,-0.78703743,-0.8624126,-0.47569853,0.18383875,0.5231572,1.100751,0.26489273,2.0967917,-0.47261956,-0.8568609,-0.42622897,0.36890614,0.9832318,-0.20261218,0.5991372,-0.22506191,0.17411004,-2.1864545,-0.10525697,4.8965416,1.5375301,-1.4214396,-2.7009695,-0.64904755,-0.122701816,-1.2453529,-1.0002334,-2.2154999,-0.92489094,1.2637979,0.042635918,-1.2505461,-0.7080682,0.75211227,0.7987449,-0.11811799,NA18517,YRI,2
34.944088,-6.261624,-5.3437166,3.4193234,0.87165684,1.1426642,1.1800098,0.26796564,-1.5629709,-0.97982025,0.9463284,1.7888702,-0.73926735,1.0092394,0.9660744,0.42666468,-0.4752568,-0.09171522,0.49589896,-0.093486376,-2.300451,-1.2586927,-1.5389132,2.0570116,-3.3095562,1.1281724,-1.3919247,-5.5465827,-1.3663503,-1.0631227,0.50702935,-4.22005,1.5343575,-0.8034773,-0.7352003,4.991323,3.5946124,-4.8352876,-3.5860775,0.6669943,1.2251896,1.3289053,-4.092152,1.375436,-1.9941704,-1.8501855,4.9991417,3.4476838,-4.6594253,-1.0724493,NA19221,YRI,2
35.470776,-6.0269814,-5.7185555,3.1291158,1.2850392,0.46022412,1.072866,-0.63780427,-1.2602912,-0.4339569,1.0023912,-0.5084168,-0.7043165,1.711606,-0.39928824,1.3622049,-0.092591844,0.70212054,0.43050015,-0.07366398,1.0686126,0.15976761,-0.19074418,-0.30560997,-1.3850082,-0.037009016,-0.2265655,-0.8049048,2.2897983,-2.407222,-3.4680314,-2.6653621,0.7576675,-3.3233056,-0.50760394,2.688027,-0.78116953,3.0834317,0.20480017,2.0850172,1.4759269,-0.9118996,5.168493,-1.4981463,-0.21419764,-3.3948047,1.8636682,2.6712303,0.37527528,1.7487692,NA18863,YRI,1
34.32237,-5.748072,-5.4273844,3.4263167,1.3470056,0.259735,-0.10127259,-0.7545245,-0.9200052,-0.82585514,-0.31888023,-0.7215964,-0.077523895,0.14462644,0.4539323,0.5799163,-0.034700856,-0.058693785,0.25905317,2.0361707,0.32747254,0.78618544,2.8679008,0.3262121,2.1502714,-1.193875,0.27783287,1.8244565,-2.1111677,-0.12985568,-0.59524256,2.2777739,-1.4461421,-1.6345229,0.05449749,0.33392054,-0.1260688,-1.8952519,-0.05843456,1.7571867,-2.6073368,2.5123458,0.01619121,1.6231374,0.8843823,1.6132461,-0.41919005,2.6140766,-2.9119005,4.2419267,NA18855,YRI,2
34.861355,-6.5696516,-4.8680177,3.312169,0.8703836,0.4258116,0.29139906,-0.018628702,-1.2935913,-0.53076404,0.77767795,-0.35993642,-1.8865004,-0.73271495,0.5203565,-0.5672237,-1.6203614,-0.19349623,1.4145097,0.71129876,0.13407658,0.54613185,0.74639535,-0.70806617,-0.15648745,1.2507495,0.117631234,-1.9064306,-2.7014308,-2.0374894,1.8427496,-0.10385953,-1.1736892,-1.317872,1.3481741,-0.037595797,1.4497164,1.8733109,0.31534988,-0.54228044,2.7583926,-2.4892492,1.5941775,1.0867934,-0.12296206,-1.2380396,2.0863016,-0.9674398,1.00202,-0.035497714,NA19209,YRI,2
35.21102,-5.540819,-5.0796366,3.4279182,1.0113319,0.73896974,0.13852702,-1.1473926,-1.0016294,-1.1413696,0.13332938,0.080846585,-0.63240993,0.50131816,-0.08702504,0.7527915,2.3074641,0.2553583,-0.60880566,-0.855606,2.077601,0.18433738,0.117856786,-0.55176866,0.8194307,-0.41085178,0.20129792,-0.5197321,-0.766376,0.20078814,-0.7910185,-1.4506055,1.9267254,-0.1926234,-0.74972147,2.2772918,-0.5612436,-0.40945682,-2.059806,-1.7437807,-2.839172,-2.7882228,-1.0115659,-2.588625,0.67526615,3.937048,1.4382982,-2.2388256,-2.6087675,-2.4760947,NA19160,YRI,1
34.56627,-5.5710382,-5.362975,3.5621164,0.17695016,0.13041756,0.53385043,-0.6143992,-0.92389005,-0.47465715,-1.4017308,-0.4770978,0.65247506,0.15040492,-1.379452,-0.13125914,-0.061742377,0.9218837,1.7918805,1.399594,0.23868605,0.12282001,0.2885293,-1.5213416,-0.21288788,-2.2007232,3.6424215,1.4377127,-1.6854174,1.6656283,-1.6806821,0.9499301,-0.4122712,2.0340457,-1.9710417,-1.7227136,-0.23518749,3.0702996,0.5284698,-1.9337015,-0.20725702,1.6644198,0.22305195,0.112134345,-2.5009658,2.0088308,0.96133715,-0.8562328,1.053826,-2.9003067,NA19152,YRI,2
34.499332,-5.663783,-5.303176,3.9236073,0.588042,0.83507836,-0.30625555,-0.56485397,-0.93148535,-1.3070018,1.4446008,-0.25920576,-0.964055,-0.37473094,1.8377005,-0.44847694,0.32842523,-0.31488016,0.14537744,-0.16821682,0.281558,-0.8221263,-0.8157634,-1.664288,0.9445951,0.57647634,-2.520452,-0.7497417,-0.49374598,0.0969849,0.98761106,0.6839561,-2.609309,-1.473645,1.982408,0.0595791,-0.07863284,-3.1475863,-2.1738358,-2.526266,0.57340574,1.0858947,0.12157883,3.1615922,0.33179343,0.83040667,1.432177,0.19396658,-2.5189757,-3.460675,NA19102,YRI,2
34.700623,-6.516346,-5.011947,4.8513093,0.6017672,0.7992544,0.46868515,-0.5405148,-1.8487303,-0.3987669,-0.55044323,0.40537667,-1.1384206,-0.3533963,1.3669766,-0.83754116,-1.1669215,-2.0310667,0.30157948,-1.5414219,0.8286487,-3.0218697,-0.5312894,-1.7232674,-0.8746593,0.37086278,-0.6925787,1.9616582,-0.20310065,-0.9067204,1.7355114,0.71339077,0.37820715,-0.9271875,1.1060592,0.8737597,2.8005028,2.2339644,0.103080705,3.701933,2.55954,-0.24831074,-0.07696431,-2.4952624,1.2481067,-0.75885713,0.35807678,-1.136211,2.4965672,1.0641433,NA19172,YRI,2
36.130722,-6.275534,-5.0080304,2.6172295,-0.0445508,1.111497,-0.45256507,0.038657434,-0.77136177,-0.98888004,-0.9176708,-0.1198559,-0.18558313,0.08259476,-0.6794854,-1.0707457,-0.37065166,1.4203291,-1.0654317,-1.6292635,-0.3931986,2.3055525,-0.52799934,-0.3346436,2.9922197,-4.06602,-1.868167,-0.6550813,0.21758647,-1.5798566,3.4260445,0.78074527,-3.0044358,-1.2927148,2.8232033,0.030010529,2.507019,0.24249275,0.5433799,-0.090626255,-0.03430434,6.152943,3.9220831,-0.8330864,0.78771603,6.56842,0.5041679,-4.2262754,-3.35247,2.087304,NA18854,YRI,1
34.689434,-6.472083,-4.9495783,3.5306838,0.9538823,1.3102764,-0.34227452,-1.447934,-0.504744,-0.89590603,-1.0326099,-1.2097523,0.569643,-0.04492292,-0.32000166,-2.5859034,0.28346986,0.3638993,1.0296535,1.1360252,0.98271906,3.4956257,0.38046336,-1.4539385,-0.5168337,1.2002238,2.5675976,0.27396074,2.1441646,0.62647164,-0.5213935,-1.9317806,0.0853,5.6236367,1.2466037,-1.4199673,-2.82729,0.5402763,-0.8712741,-1.4160478,0.2911664,-3.719232,-0.5747187,1.893736,-0.49630585,-4.1524563,-0.74027395,2.0242822,1.6738893,-1.0254979,NA18515,YRI,1
34.327694,-5.3356376,-5.090833,3.231499,-0.0056999046,0.94886583,-0.26899216,-0.41717273,-0.81499153,-0.68762755,-0.92252475,1.6571378,-0.33243895,1.6407079,0.78553087,0.55904484,-1.904429,-0.2936331,0.43125737,0.5408825,1.2703946,-0.48735172,-1.9071324,-1.641183,-2.6700792,2.5630004,2.0945973,-2.1173272,-1.4503305,3.5298107,-1.4348576,-0.65294665,7.680881,5.4751043,-0.35421365,0.94249874,8.026906,-0.22662373,3.4157586,-3.417468,-4.4005547,-1.8115149,-1.3439656,0.5491743,-1.0812358,-1.6769639,2.8084564,0.23023131,-1.4342462,2.7459555,NA19238,YRI,2
34.35414,-5.366821,-4.613952,3.583713,0.5062635,1.00582,1.116739,-0.61966157,-0.84971243,-0.43187413,1.0817785,1.3567564,-0.15370634,0.5883684,2.2931433,2.0030808,0.097188696,-0.97749704,-2.7016816,-0.22208624,0.36136788,1.1688293,-1.1438317,0.5400726,-0.11379601,2.2464764,-1.753354,-3.4774368,1.0391775,1.1702955,-1.6657199,-2.4278338,4.0673885,3.969447,-2.3865743,-3.7008781,-4.0154195,-1.9247032,-5.3076677,1.823782,-2.6986935,-2.116853,-0.3729593,-4.090011,-0.95657295,1.5490141,-0.41287288,-1.011048,5.9782195,0.84544647,NA19142,YRI,1
34.45546,-5.694882,-4.812885,2.9299364,0.51973915,0.53091055,-0.34957916,-0.8634946,-0.95932615,-0.58151877,-0.17420079,1.8302323,1.0360672,0.9494241,0.35974127,0.1987245,-2.3486438,0.003373794,1.1080711,0.5567573,1.5799068,-1.517315,-1.753844,-2.1362836,-3.36566,3.3424115,2.0812972,-1.2194858,-2.2825127,4.5547357,-1.4576293,0.5760614,6.723583,4.8050976,-0.52884835,0.9921705,7.3192153,-1.3334578,5.0166554,-3.6276383,-4.905481,-1.4900485,-1.8980718,0.08591499,-2.8211193,-2.5311573,2.0182881,0.0895199,-1.9750379,1.2051911,NA18913,YRI,1
36.23237,-6.494206,-5.4587398,3.5298166,0.12553886,0.46013066,0.17522189,0.70801383,-0.41889873,-0.00699621,0.7391426,-0.68425196,1.5614632,-1.0360177,-1.6572664,-1.1838864,0.1904358,2.155492,0.4146709,-0.59755516,0.99503213,-0.75093746,0.9031048,-0.27081615,-3.518903,1.7620492,0.9209331,2.5074043,-0.04624297,0.22906986,-2.278749,3.0192022,1.0728215,-0.06544627,-0.06476277,-2.1385047,-0.055398412,1.4968204,0.8732061,-0.9668698,-0.081533104,0.72948474,-0.429597,-3.7016687,3.875717,0.595957,-0.23418911,0.0039553735,-0.100771345,-0.49933776,NA19139,YRI,1
35.023537,-6.1488824,-5.5870833,3.2515821,0.16278568,0.03387392,0.9575244,-0.807175,-1.240841,-1.4920461,-0.20269015,0.56124675,-0.20248845,-0.33011815,0.46959558,-0.54198194,-0.76921606,-0.3183275,-0.23318706,0.27348015,1.4320698,-0.8362148,-0.28744614,-1.775007,-2.3564844,0.6390051,-0.20561574,0.2730639,0.08144287,0.7824695,0.7667055,-1.5537397,1.7973175,1.505627,1.2404171,1.8754852,3.4224644,2.3621929,3.7775483,-2.7695928,-0.23702481,-1.448529,-0.9507386,-1.5042493,-2.4416723,-1.9107124,1.9899818,3.069163,-1.2667453,-1.6586106,NA18912,YRI,2
34.41766,-6.1497827,-5.767379,3.3961334,0.3401838,0.40714428,0.96657044,-0.5943262,-1.2330977,-0.5027652,0.49576503,2.053811,0.17774408,0.9576057,0.85258085,0.39168772,0.12907554,0.24284157,-0.44885358,0.07852858,-2.1085973,-1.4067572,-1.1244336,1.529476,-0.98346335,0.96097386,-0.5091198,-4.022263,-0.8645445,-1.3437873,-0.8189036,-2.980357,0.045094687,-0.9081917,-1.0239661,3.148024,1.1888485,-3.1416297,-2.7259128,1.4002018,1.0106435,0.42807224,-3.7780724,2.0515337,-1.4416243,-2.1543324,2.5833664,3.0774517,-3.3834877,0.19890602,NA19222,YRI,2
34.877846,-5.230396,-5.105408,3.5185058,0.82225233,0.8184105,0.11607784,-0.57476676,-1.0846237,-0.25811335,0.19370894,0.9835277,-0.9303869,0.25693405,0.74059856,1.7072418,-1.1029189,0.4269425,0.40766746,-1.6508728,-0.6912737,-0.1949453,-0.85471624,-0.46644837,-0.42456475,0.8450173,-1.5678885,1.8209594,0.856966,0.15445581,-0.16409063,0.22906603,-1.6622885,-2.2478077,1.6332525,0.5081274,2.128915,-1.7935361,-4.406514,3.4633422,-1.7998084,0.8259945,1.8636518,0.81344104,-2.2662778,3.4613001,4.124155,-2.0180366,2.1231713,-4.0933137,NA18508,YRI,2
34.216396,-6.0599613,-5.9373107,3.9282758,0.71074086,1.1665471,-0.023078369,-0.96971387,0.026763428,-0.8198165,0.5983763,-0.039178934,-0.041198723,0.100638375,-0.047277614,0.6489961,0.48718387,1.0624249,-0.9685429,1.5313208,-1.111517,0.14129795,-0.5472892,-0.80433786,1.1821952,0.33359772,0.7004776,-0.43882158,-3.9372127,0.07589522,-4.472416,1.4762151,1.0212635,0.060773928,-3.8536372,0.19034792,-0.8260089,1.5851095,-0.48563388,-1.4120535,2.5120144,-3.1092098,-0.13274558,-1.7892461,0.47798756,-0.478078,-2.1584916,0.047474813,-0.1393621,-2.7893953,NA19129,YRI,2
35.44728,-5.832632,-5.264284,3.0967994,1.1308279,0.83393973,0.65018743,-0.41553906,-0.4027467,-1.0065666,0.02565587,-0.02714818,-0.57523674,0.32972258,1.2211722,-2.2808754,-0.17830826,-0.09668774,0.26625967,-1.6164646,0.16231175,-0.9507101,-1.2733005,0.109257184,1.0938076,-0.7016428,2.1595569,0.84618443,2.600865,-0.9304268,3.6571739,1.8280426,-3.516412,-1.4860237,0.41891026,-2.0032728,-0.7203013,-0.08458815,2.493459,0.4268468,-2.0288658,2.1733782,-1.7876121,2.6250448,0.10365558,0.9498036,-4.934687,-1.402413,0.90845275,-1.3480626,NA19194,YRI,1
34.124012,-5.631265,-5.5935307,3.669652,0.28228626,0.45950985,-0.018919993,-0.2887996,-1.799352,-0.87072384,-0.5604478,-0.6090176,1.8635244,-1.8765275,-1.3239553,-1.4812601,-1.3514206,1.5775481,0.6776232,3.252652,0.76755697,1.2752693,1.475657,-1.5841184,0.57305884,-2.2722602,2.9107423,3.2745078,-4.019141,3.4049752,-2.8888447,-0.34018028,-0.98681206,2.3879595,-3.04274,-3.2026649,-2.663633,5.2011466,0.06254096,-3.9711604,-0.14103527,1.4113016,0.87931395,-0.3540226,-5.111152,1.708514,-0.8919158,-2.3384476,0.634879,-4.53468,NA19154,YRI,1
35.537727,-6.021505,-5.784013,3.2209835,0.33561468,0.45843863,0.19786817,0.2355267,-0.6319101,-0.56941843,0.28907204,-0.70444536,0.82522476,-1.4116277,-1.000039,0.08695486,0.989142,1.0875828,0.23565967,-0.653047,2.5325594,-1.1665545,1.7547635,-0.11523504,-3.2500656,1.8480082,0.9033712,3.2395566,-0.20983437,0.10732339,-1.2572144,2.830087,0.22938895,0.13633,1.2575759,-1.9214554,0.11891973,1.481557,0.6529401,0.19970074,1.2184255,1.2562593,0.19394867,-2.4442933,2.6627402,0.67613,-0.36986065,0.5000369,-0.2591608,-0.17481826,NA19138,YRI,1
34.821533,-5.6091323,-5.7371645,2.0583713,0.47643307,0.49954706,-0.5252092,-0.08079408,-0.578449,-0.70559037,-0.5627425,-0.73951674,-0.056974456,-0.31773946,-1.0722878,-1.2179618,-0.6276959,-0.39296985,-1.0958867,-1.2714511,-0.83683103,1.6719682,-0.8270764,-0.80980366,1.0192252,-2.2585468,-1.0169545,0.15179072,0.76651025,-2.7903671,3.5068398,0.70539194,-1.5812479,-1.6335477,0.99319106,0.847368,2.0960035,-0.31578386,0.9128508,-1.8167661,0.2659879,4.3117228,1.5331614,-0.37353027,0.01995155,5.0150213,0.093283616,-1.9179391,-1.7827426,0.59811443,NA18852,YRI,2
35.57974,-5.7849884,-5.6108704,3.944007,0.7805687,0.013041725,0.6407192,-0.22485563,-0.05489003,-0.35956806,0.030501291,-1.247481,-1.0176047,0.5229685,-0.09565811,1.5991277,0.36118573,2.434177,0.9781347,-1.3276128,1.129716,0.23070978,-2.0872116,1.1522727,-0.5839441,-1.6962116,-1.5560328,1.1098614,-2.138763,0.017940415,0.20421161,-1.2795757,-5.0710344,0.41870943,-1.2859385,4.453567,0.6010871,-1.2215344,0.7138728,-0.8823589,-1.7075306,-1.0016147,0.52669287,0.852136,-1.9565476,0.76722354,-1.9498816,2.6765928,-4.1800113,-0.3153526,NA19120,YRI,1
35.16513,-5.0919204,-4.6654963,4.1311536,0.6061647,0.047967188,-0.5548471,-1.0367622,-1.5355288,-0.4408549,-0.9477475,-0.5591093,-0.47986242,-0.029255515,0.39757922,-0.48860633,-0.7603298,-0.5768929,-0.35014978,-0.0061332653,-1.3013167,-0.6204829,1.9869373,2.2505298,-0.13540201,1.1242495,1.2930155,-0.17412083,-0.2952825,0.33331898,1.369885,-0.298296,-1.3548614,-3.2117887,1.6758382,0.46169287,0.70143694,2.5514636,1.1481535,0.6301987,2.4035585,-0.3846952,-0.25325775,1.9945863,-0.6212251,-2.7449985,-1.827464,-1.4828861,-0.78427815,1.8421258,NA19210,YRI,1
35.54493,-5.622736,-6.157175,2.834541,1.273482,0.5776914,-0.63376194,0.32557848,-0.26815093,-0.99530673,-0.75469816,1.2636771,0.30105954,-0.77882224,-2.0938542,-0.3813286,-1.7050786,0.13703135,0.24220915,-0.64720654,0.30022866,1.3763275,-0.73436725,0.13085729,0.56700754,-0.7698913,0.370498,0.3515927,-0.17969953,0.5700528,0.18550114,0.9953327,0.064498655,0.9996236,-1.880448,-0.8881869,-1.2734529,-1.296643,0.80264235,-0.29579008,0.16328456,1.20983,0.3418744,-1.3415858,-0.9317256,-0.15713613,2.2376776,-1.4336983,2.0695424,0.8370071,NA19204,YRI,2
34.665268,-5.255025,-6.026211,3.4085429,0.98839104,1.2266302,0.007916245,-0.6536356,-1.8390577,-0.51188713,-0.0132208895,0.3736249,-0.043478433,-0.40903333,-0.6470097,0.8036098,-0.5812732,1.3448535,-1.1080767,-1.506263,0.53916335,-0.12043427,-0.7074171,-0.36300892,0.65298367,0.60481524,0.019371191,3.2714741,3.4676473,-0.14243734,0.87125134,1.2925922,-0.9070488,-1.1416156,0.86168206,-1.2266476,1.411236,-2.359113,-1.8969355,4.2702355,1.1895001,0.7706956,2.207251,0.50832516,-0.22033674,0.9188445,5.01946,-1.4874033,3.740809,-0.6745322,NA18507,YRI,1
33.53431,-6.2720184,-4.7960424,3.5624866,0.02424348,0.2594422,-0.3242751,-0.08721463,-0.8240499,-0.50421625,-0.44163865,-0.26512417,-1.0214987,1.301206,1.5092803,0.29896325,1.5938712,0.16462022,-1.9271822,0.23921315,0.5135436,-2.3617008,0.16236824,0.13300954,0.75057584,0.21328999,-1.2062509,0.62540317,-0.7080133,-0.77547055,-0.55267435,-1.8401562,0.9296822,-0.33206487,-0.2346259,0.6472555,-0.39878193,-0.60019433,-4.3060164,-0.6715607,-0.8452669,-3.3385372,-0.16848947,-3.6732469,0.049898595,3.3092666,0.2667506,-2.22367,-1.1149569,-1.9822823,NA19159,YRI,2
35.444767,-5.6226754,-4.411401,3.3651078,0.5051552,0.16683863,-0.5698682,-1.1021972,-1.4954082,-0.30171627,-0.46618262,-0.43232915,-1.5934098,-0.5136436,1.4774343,-0.6356184,-1.5230154,-0.47172597,0.5431633,0.23964539,-1.2412744,0.21530072,2.2576675,0.9055995,-1.0560907,1.3672403,0.7067462,-2.5286753,-1.9463651,-0.20708571,2.1625698,-0.49432185,-1.8194563,-3.6022022,2.9790804,0.18453868,1.839472,3.045938,0.88037646,1.2896427,4.0797887,-1.3303041,0.27205092,2.0510828,-0.016092183,-3.0801005,-0.26603597,-1.4043584,-0.4860345,0.60852087,NA19211,YRI,1
33.823242,-6.4750977,-4.4786067,3.7738287,0.99176085,1.5890074,-0.25453368,-1.4887897,0.06400114,-0.8562347,-1.4473076,-1.0900202,1.3482164,-0.34141153,-0.12204217,-1.3719175,1.8583912,0.10137326,0.23420593,1.298951,1.3751885,3.0665736,0.87453914,-1.380049,-0.2128686,1.4394102,1.4873556,0.3239628,1.857677,1.5541732,-1.3203923,-0.05364651,0.69933283,4.284542,0.06575623,-0.29586348,-1.6812352,0.34632528,-1.2795416,-1.0967702,1.0358903,-2.5360181,0.6282306,2.1471484,-1.1358912,-4.7465115,-0.30349272,1.3432876,2.0181057,-2.6799111,NA18516,YRI,1
34.66417,-6.328203,-5.7142353,3.852663,0.17613055,1.0588942,0.7816472,-0.29244038,-1.0884305,0.052096903,0.9932153,-0.5936143,-0.6420238,1.0765766,-0.40913877,1.9150101,0.9195202,1.4780988,-1.3913871,1.0346457,1.5270717,-0.12274003,-0.34483084,-1.7994528,-1.8038096,0.6549994,-1.3258507,-1.385866,2.8355448,-1.5776707,-2.6607225,-2.0395806,-0.11261785,-1.7461169,1.9276872,2.3437376,-2.4785206,3.9685335,-0.5872333,0.6526069,1.1526393,0.5397912,4.7354326,-1.910764,1.173586,-2.040483,1.3519602,2.0191307,-0.0032174916,0.64364874,NA18862,YRI,1
34.71184,-5.929806,-5.1445794,3.474958,0.97238225,1.5572923,-0.59134346,-0.7194383,-1.3455197,-0.53535396,0.6460204,-0.15285252,-0.6719431,-1.3645648,0.5172957,0.36989632,-1.0065993,0.21453033,0.756429,-0.0277261,1.1519446,1.214316,-1.547113,-1.2709674,-0.59695613,2.9120417,-2.698134,-1.7106011,0.46936798,-0.8886412,2.3399513,1.5141667,0.12433323,-1.0745031,-0.5152528,-0.8559769,1.6935536,-3.240148,-2.1851811,-0.60121864,0.9357656,1.2122445,1.2315844,-0.1891656,1.5432986,0.52139056,-1.1299448,-1.3088262,-0.29316303,-1.1264887,NA19101,YRI,1
33.6241,-5.085062,-4.722357,3.3524342,1.4041237,0.9020397,0.36336693,-0.30307892,-1.5107421,-0.3530727,0.28901514,0.27635399,-0.9124294,-0.48302615,-0.24078487,0.21807396,1.8229737,-1.9729836,0.39750832,1.9924903,-0.12503198,1.406343,0.62775826,-0.97722673,1.9559209,1.0436898,-1.8416964,-1.5845642,-1.9531478,1.0348417,-2.0373847,0.2345827,0.26275253,0.2657702,-1.5579747,-0.971544,-2.6313887,-3.108172,-0.60869145,-2.2291093,1.5543427,0.25251117,2.5442607,1.9304911,1.0002639,-0.5462926,1.856603,1.0489047,0.48795757,1.3190717,NA18872,YRI,1
35.393883,-6.3311696,-6.2842083,3.236178,1.2154503,0.55322516,0.26670688,-0.5501535,-0.6247056,-0.2743259,0.51868784,0.02313713,0.06584152,0.24708478,0.88409114,-2.1662903,0.12566917,-0.53303564,0.7421563,-0.18489158,-0.197835,-0.4119807,-1.6182902,0.52577144,0.71109545,-1.2090329,2.567804,0.71983355,0.4750533,-0.9108347,3.5557916,1.2579607,-3.0646293,-1.2089448,1.2910846,-1.2531694,-1.1545271,0.4099374,3.3608432,0.77322173,-2.4796548,1.5580809,-1.5191827,2.0818539,-0.12373123,0.5629188,-3.4353535,-0.9215032,1.2526795,-1.3854631,NA19192,YRI,1
34.071342,-5.1504297,-4.7695847,3.2035556,0.3727866,0.26886132,-0.20674157,-0.6435479,-0.67841923,-0.7056805,2.1652024,0.27489546,-0.8384816,-2.0461533,-0.4933933,-0.8872602,-1.5551039,-1.5328385,-1.1485327,-0.3340919,0.50150555,0.070787765,-0.9283884,-1.7210851,-2.10288,0.905865,1.3302451,-0.61734754,1.6965095,3.974134,0.3068786,0.77958256,2.8820858,-1.1569594,-3.440313,0.16517878,-2.104453,-2.8357081,-2.3966563,-0.73432964,1.6465373,-0.5207079,0.73116654,2.1369195,0.69431615,-3.140224,0.9612191,4.2890515,1.0070307,1.9107343,NA18521,YRI,1
34.413006,-5.9736733,-5.7131114,3.0482366,0.59441024,0.58870465,-0.7001226,-1.6937475,-0.4021635,0.00059778895,-0.22535779,-0.6876405,-0.06398996,1.2455564,-1.3020703,-1.4813683,0.14932512,1.3742071,-0.26946157,-1.244569,-0.2025839,-0.6254099,-0.23050605,1.0586605,2.4512558,1.7879629,-2.4326706,0.08345794,-0.40359432,-3.1371732,-1.6468667,0.1616296,0.63237596,-1.5913405,-3.2598834,0.5096886,-1.1916386,-2.5941002,-2.6641424,2.0670981,-1.1855316,-1.4181286,-1.3010716,1.1532617,-0.67754585,-3.3573852,1.337492,-0.53749776,3.10873,-0.99409163,NA18858,YRI,2
35.333218,-4.63956,-4.5376706,4.1570745,0.34438786,0.5701775,1.0444402,-0.82435334,-0.2522588,-1.3305818,-0.30450982,0.6266601,0.49169776,0.22582181,1.967819,2.3494987,0.21623039,-0.086842544,-1.592093,-1.7634842,1.9324435,0.43819898,0.05770417,-0.41597736,-0.574899,0.751432,-1.0412858,-3.5455437,0.49379775,0.9965853,-1.2037634,-1.0047348,3.6102118,1.9246165,-1.4044954,-2.1412702,-3.3634405,-1.7001935,-3.7526236,2.3279688,-1.7297052,-1.4174988,-0.21477626,-3.029064,-0.7358479,2.0492527,1.3171426,-1.1370595,2.7885072,0.93967396,NA19141,YRI,1
35.46164,-6.5106864,-5.0897126,4.2227745,0.047477238,0.8784592,0.18243702,0.28721732,-0.36101502,0.056779347,-0.8481818,-0.88823855,0.12015853,0.44661492,-0.8662792,-0.5784478,-0.25916335,-0.20704219,0.71266663,0.28408936,0.93010455,-0.62959796,-0.2568484,0.62347996,-0.124725215,-0.57607466,0.7473678,-0.040311225,0.51189375,-1.2461773,1.0613568,-0.4913378,0.7683915,0.13354392,0.15070197,-0.5201506,0.5355227,2.7438803,1.0192579,0.9468777,1.7915161,-0.7860038,3.1010256,-2.7824435,2.26637,2.5768116,-1.680556,2.695714,-1.5054505,1.899003,NA19093,YRI,2
34.219753,-6.116945,-4.678345,4.0267944,-0.10158911,0.9671814,-0.6344835,-0.70141107,-1.1185733,-1.1665491,0.13257253,-0.8225623,-0.35668072,0.6480885,0.27663958,-0.7527692,0.2961195,-2.0956278,0.95618916,0.8079747,2.0585148,-0.10743136,-0.38225698,-0.7313205,1.3554449,-1.0298529,4.498256,0.93197066,-1.1791999,-0.27435863,0.46906477,-2.4507973,-3.8076127,2.1923165,0.74665254,0.35209805,-1.592786,-1.6496958,5.805651,-1.662781,-3.7387567,2.4108095,0.19984204,3.3004723,-2.7796812,0.89032793,-4.0354743,-2.8157265,-0.120235644,2.7926078,NA19132,YRI,2
33.866642,-6.3690715,-4.0328965,3.4022255,0.11417387,1.2858582,0.3831414,-0.45233327,-0.50750875,-1.2447566,-2.1284153,-1.3079324,-0.046711046,-0.3812164,-0.39239198,-0.017148314,0.7330722,-0.6835975,-0.97748506,0.88192326,1.4764919,0.29203755,1.395632,-0.71496975,-0.34107834,-0.5895623,2.020155,2.2651012,-1.1648253,-0.34885165,2.9370651,-0.2832312,-0.25535217,-0.5694659,-0.64665604,0.2483289,-1.3716983,1.1588806,-1.3947788,-1.3983752,-0.9364551,3.5715857,-0.04464634,-0.3535247,1.4095948,0.6123009,-1.192929,-0.73327106,-1.3337371,0.2868109,NA19206,YRI,2
35.10753,-5.197391,-5.25387,3.4675694,1.8577427,0.9188547,0.4015134,-0.23877124,-1.5391989,-0.60296047,0.43906358,0.9946076,-0.15754798,-0.89125806,-0.3441331,1.8963593,-0.7305785,1.3622543,-0.40452394,-1.3026702,0.2209115,-0.668614,-0.5860461,-0.42699802,-0.038158096,0.24286301,-1.1556121,3.245323,3.1742706,0.1967659,0.85089236,1.2357895,-2.5246081,-3.1404786,2.7273324,0.32499874,2.982288,-2.499277,-3.6107686,5.4616156,-0.53316253,1.4278103,2.8348174,1.237168,-1.506768,3.1106207,6.722589,-2.7244656,3.562317,-3.5445065,NA18506,YRI,1
34.7606,-5.156833,-5.9554033,3.8039436,-0.01944827,0.22729152,-0.86947936,-0.08783831,-1.308224,-0.8962226,-0.5935013,0.67708796,-0.40425962,-0.80761474,-0.69999814,0.031919625,-0.808804,-1.6973693,0.6922874,1.0163767,-1.2554576,-0.30470407,0.8831836,-0.6980128,1.2407516,0.045331534,-1.5805783,0.45585325,-0.64075524,-0.060107287,1.8862776,1.2084177,0.14880703,-1.1160799,0.32622945,-0.39664462,0.029597187,0.30884534,-0.5258022,0.60898334,1.1476516,0.22939283,-0.07029997,1.3199167,-1.2334582,-0.6620016,1.5590718,-0.89284253,0.87528014,-2.1355345,NA19098,YRI,1
33.999336,-6.0673018,-5.277326,3.8217835,1.0774678,0.5038458,-0.12577073,-0.68366826,-1.4563707,-1.2040374,-0.14619341,-0.7730215,-1.1538948,1.4579288,-0.013340404,-1.5922132,1.109885,-1.5739237,1.1223705,1.5020299,1.3849101,-0.96346396,-0.9193262,0.7699456,1.1969024,-0.20317847,2.7706437,-0.6725319,-3.0977235,-0.4836573,1.0195673,-1.8273393,-2.5695493,2.445546,1.6760082,-1.038603,-1.9625381,-0.85576355,5.7377667,-0.62377405,-4.041941,1.6220169,-1.8886632,1.7316319,-1.829348,1.0888997,-3.9875367,-2.1889603,-1.5433725,3.070086,NA19130,YRI,1
34.8422,-6.8518662,-5.662421,3.4456377,0.61802953,1.0948092,-0.25855836,-0.33737698,-0.2966538,-0.3420917,-0.062160283,-0.20872682,0.9987629,0.07338501,-0.3790416,0.39425555,0.03804267,0.11432742,0.4222854,0.9323526,0.34403548,-0.07607652,-0.4193233,-0.20138557,1.960061,-0.4079651,-0.09143586,-0.70160806,-4.2213874,-0.8368433,-3.3875237,0.37638307,0.18312067,-0.16071498,-2.3573027,-0.124071404,0.3780021,1.8798019,-1.1223116,-0.57631046,1.5952684,-2.7365935,-0.87720615,-0.7851503,-0.42973912,0.07127876,-2.3964224,-1.4157834,-1.1489615,-3.2122624,NA19128,YRI,1
35.17774,-6.066818,-5.286175,4.1745057,0.5548059,1.1387986,-0.54098517,-0.42349106,-1.1409279,-1.5338341,1.6190965,-0.90826386,0.18962575,-0.5178868,1.3572164,0.35775214,-1.0741856,-1.4250495,0.6436596,-1.0360655,1.0499996,0.28689113,-0.09536098,-0.6047598,0.68634087,-1.0679041,3.2710242,1.9331529,0.92427796,0.08185624,-1.1560382,-1.511104,-2.0187776,1.2687953,0.22880971,1.4095162,-0.8118875,-1.5882986,3.5546548,-0.6456422,-0.5574627,0.87850624,1.9250745,3.870718,-2.1132095,0.8714753,-3.1495802,-0.9554325,0.99960107,1.4973618,NA19131,YRI,2
36.04844,-5.5379915,-5.2392545,3.3380141,0.46603295,0.48315892,-0.41957885,-0.63051426,-0.9108282,-0.20903474,0.46430144,1.6132243,-0.9014728,-1.13896,0.124020554,-0.67691326,-0.7528528,-1.1434182,-0.81247044,0.014251925,0.12611888,-0.6354386,-0.5905597,-1.3910366,-2.569883,1.3401583,0.81122816,0.08488783,1.5947938,1.3431311,0.71179634,0.018057523,1.8806394,-0.69133145,-2.9041688,-0.03377723,-1.2928908,-1.854377,-0.9706908,-1.1041837,1.6459712,-1.6997504,0.104786515,1.3263953,0.39743996,-2.1713665,2.0996773,2.217634,1.0837127,2.074642,NA18522,YRI,1
34.37005,-6.8893957,-5.2195177,3.6216178,0.2686266,1.184718,-0.8811391,-0.86839724,-1.6485585,-0.7715953,-1.9048914,-1.3481798,1.1798214,-0.37969914,-0.5158973,0.23491254,1.2962492,-1.0859485,-1.5131738,0.34187675,0.77868587,-0.2178322,1.2131506,0.17834173,0.43442526,0.36253452,2.9149134,1.7769881,-0.9390833,-0.47826323,3.3792274,-2.4218717,-1.0483013,-0.65031415,-0.725821,-0.08413803,-0.51499957,1.0855159,-1.5060871,-0.609219,-0.46019265,3.4859974,-0.27732983,-0.35445118,0.19734877,-0.14151976,-0.6264839,0.71778715,-0.7356564,-0.017725546,NA19208,YRI,1
34.98635,-6.1401267,-6.123491,4.5396605,0.64195997,-0.5021455,1.4554008,-0.31367218,-0.39055094,-1.1169791,0.2639591,-0.8401085,-0.59655285,-0.19681863,0.7979345,0.82675254,0.52788347,1.2738527,2.0921638,-0.97794414,-0.4484264,0.40277064,-1.8093886,1.1203045,-0.63046336,-0.13140517,-0.83116734,1.280698,-1.7264756,-1.1776701,1.2891641,0.49895704,-2.660257,0.54791844,-0.4881796,2.6642623,0.18156934,-0.9103675,1.7398198,0.01179067,-0.5309861,0.59135234,0.13556291,1.1013296,-0.4667565,1.3954778,-0.26215965,2.9722729,-3.9389238,0.2408386,NA19116,YRI,2
35.32818,-6.160263,-5.6401653,3.3592942,-0.07912405,0.22307749,0.6385778,-1.1551929,-1.0203414,-1.0352726,-0.23427714,1.2723973,0.91189456,0.52933073,-0.04377505,-0.47420126,-1.9620025,-0.019952897,1.0524944,0.48634347,2.3283033,-1.5351211,-1.2586638,-2.67709,-3.946449,1.9380027,0.7961442,-0.33702493,-1.9757444,3.4668963,-0.083765686,0.23770052,5.258672,4.7295003,0.2867636,2.3912067,7.4099936,0.909796,4.7812176,-4.579306,-2.9895597,-1.4803684,-1.270302,-0.9117113,-3.4673684,-2.0947924,2.386737,2.1031039,-1.5432012,-0.36122403,NA18914,YRI,1
33.83813,-5.751818,-4.637249,3.9501824,0.13506785,0.38655993,0.6207066,-1.3965143,-0.12831058,-0.65009636,1.6870643,0.84502816,-0.7758084,0.83298516,0.011589381,0.62318474,0.39652246,-0.21567008,-0.63198024,0.40120232,-0.8241549,0.46404898,0.8407447,-1.1413522,0.10195505,0.8726161,0.5604459,0.60432786,-2.8699858,1.9302857,-2.4269266,1.2590735,0.85318255,0.12237704,-3.610088,0.8122939,-1.0042723,-1.6555849,0.2978366,-1.2799284,2.5800786,-2.2152562,1.0876588,-1.1139643,2.202754,-1.1841649,-0.66691303,1.3058879,1.0269531,-2.0259318,NA19127,YRI,2
35.329082,-6.6379395,-5.10036,4.148564,0.32027084,-0.064330414,0.05746603,0.23618059,-0.121283844,-0.101202294,0.110662386,-1.0455879,-0.6894352,-0.59427613,-0.92449534,-0.8147733,-0.6035615,-0.04821177,-0.32469898,0.8384824,0.81587553,-0.71806574,-0.14489174,0.40910006,-0.20310692,-0.7656084,0.0046103275,0.22785218,0.6445258,-1.0459852,1.4569963,0.14967868,1.4842587,-0.0066468413,-0.06889893,-0.7715824,0.90669984,1.7006924,1.3207321,2.2763536,1.2197495,0.5733048,2.5611913,-2.3766353,2.4140618,3.0928252,-1.6155888,2.9754589,-1.5052738,1.8453815,NA19094,YRI,2
34.710308,-6.0899067,-5.0678825,3.9967988,0.25838155,-0.15938626,-0.15311995,-1.0461962,-0.79535013,-0.67835194,0.237658,0.36847886,-1.3936396,0.720418,0.76280713,0.8727468,3.215368,0.03275677,-1.4574565,-0.30757862,1.5406989,-1.7419486,0.8916139,-0.98662305,1.0528947,0.5868683,-0.57865536,0.077561624,-1.349569,-0.043546967,-1.5309483,-2.2433164,1.626057,-0.19161385,0.07009387,2.1150014,-0.69448775,-0.91183734,-4.086537,-1.8058819,-2.8431723,-4.875934,-0.8171018,-3.7183416,1.0835857,5.1937065,1.2786236,-3.4894001,-2.59875,-2.6820722,NA19161,YRI,1
35.678123,-6.0762596,-5.223422,2.6233552,0.28653294,0.5683064,0.28429392,0.40722713,-0.62580436,-1.4942758,-0.8575073,0.4288198,-0.17515434,0.18648773,0.057133496,0.07813674,0.2018026,1.5545413,-0.4755183,-0.27616093,-1.2741237,1.9836684,-1.0684273,0.31490865,2.386899,-2.726941,-2.2313983,-1.012036,-0.5133777,-1.0278314,1.7358235,0.948818,-1.364824,0.17747581,2.9546735,-1.1221008,1.463533,0.4700006,-0.77876866,1.6892285,-0.42215055,4.3871493,3.4755406,-1.3891232,1.0145197,4.054045,1.264944,-2.6925652,-1.6978828,0.7818438,NA18853,YRI,1
35.308033,-6.465067,-4.9393725,4.6574254,0.8820182,0.90016353,0.45182917,-0.23118702,-2.2156157,-0.6530982,-0.027390014,1.043154,-0.55615956,-0.22736557,0.7752198,-0.3393151,-0.3767731,-1.6696587,-0.32569203,-2.8814585,2.6530411,-1.7377533,0.7017,-2.8557484,-0.08369846,0.77882904,-0.6011226,0.3789937,0.33262703,-2.0647001,3.2214198,0.017102769,1.244308,-0.40142378,4.323544,1.7330203,2.4823015,1.6588963,0.60958457,4.3176184,3.0975893,-0.5806165,-1.6831238,-4.082678,1.5107932,-0.4895656,0.6046162,-2.1990361,1.3944261,-1.050676,NA19173,YRI,1
35.061302,-6.1947923,-4.8083053,3.942079,1.2804453,1.1064595,0.3881048,0.47257277,-2.026778,0.010265115,0.7635094,0.19542032,0.3153757,-0.037450872,0.79249233,-1.0324848,0.71992415,0.85918736,0.71542966,-1.9565344,2.4632306,-0.71490574,1.508094,-1.3644139,0.020022608,0.18507367,0.33488154,-1.0873318,1.0161581,-1.3634505,2.8416717,-0.5606719,1.347824,-0.43674454,5.8873534,1.9310343,0.834899,1.1412541,0.3891687,3.5958831,2.4379308,0.57927865,-2.9146922,-4.3012896,1.0127913,1.6022788,0.50235355,-0.9957275,1.2664795,-1.952838,NA19171,YRI,1
34.33056,-5.9611197,-4.667487,3.218974,0.08648917,0.83004594,0.027233217,-0.3120639,-0.36779025,-0.2797288,0.661653,1.0736809,-0.83781505,1.0298818,1.7397301,0.969661,0.8143568,-2.2316039,-0.9253123,1.3436738,-0.5845887,0.53994423,-0.39992434,1.1005778,-0.38091603,1.302875,-0.7576166,-1.105249,0.9087086,1.7156625,-1.310667,-1.1123896,2.319525,3.4872909,-2.0091567,-2.458966,-1.2534903,-1.8318592,-3.0400422,1.4024426,-2.490794,-2.3226016,-0.6478771,-2.3936462,-0.107888214,0.17681284,-1.9415816,-0.31947392,4.4300337,1.0245551,NA19140,YRI,2
32.939793,-6.301228,-5.6146736,4.415896,1.200385,0.13906303,0.31345886,-0.25317958,-1.3252231,-0.92714053,0.47195083,0.05450053,-0.7824047,0.091371596,0.23696268,1.0143025,-0.8328311,-0.77318054,0.21149975,-2.2258148,0.64038724,-2.091802,-1.9928054,-0.20830505,1.8941185,0.69899076,0.34417593,0.53978485,-1.0482895,-2.1706734,-1.116654,0.9915124,0.30493215,0.15297206,-1.3262137,-1.083684,-2.6934187,-0.57422507,-0.26769552,2.753096,-1.4758593,0.13020802,-1.8201146,1.4778754,0.8252291,-2.8887436,-0.87165785,-2.048545,2.3043497,0.11196043,NA18859,YRI,1
35.32947,-6.1906724,-5.4154663,3.591595,0.436407,1.0396973,-0.37092155,-0.42084306,-1.4964235,-0.3996083,0.9870957,0.024330711,-0.6745962,0.37112433,-0.8312126,0.61697453,-0.8891789,1.4460152,-0.20093748,-0.55043983,1.1849303,0.19565392,-1.0800434,0.78540504,-0.15743287,-1.7747549,-2.3162966,-0.5289571,-0.3672924,1.1165378,-0.65277433,-1.0656781,-4.1116138,0.48584673,-1.0095564,2.5722027,0.18319288,0.5370807,0.10619771,-2.6428504,-1.7176713,-1.263346,-0.6332824,-0.14213471,-1.9380069,0.31320587,-1.8359507,1.1372874,-0.59269416,-0.4227644,NA19119,YRI,1
33.687103,-6.1758947,-5.730089,4.0322647,0.46666092,0.3760572,-0.12612143,-1.1935232,-0.9472806,-0.20520355,-0.2580913,-0.48575714,-0.36625576,1.0728451,-0.59120387,-0.28765276,-0.819536,0.5204186,-1.1317117,-1.7010611,0.13657667,-2.039803,-1.4845358,0.70481443,3.0815725,1.181716,-1.3888012,0.123818204,-0.8367225,-3.5476491,-1.3928002,0.7435664,0.378831,-1.1106344,-3.4528694,-0.44482642,-2.8406112,-1.1854467,-1.8727311,2.7148473,-2.4291546,-0.83076227,-2.5369103,1.8340303,-0.11845921,-3.7958755,0.50094336,-2.2537982,3.6112592,-0.91283894,NA18860,YRI,1
34.488647,-6.413134,-5.263304,4.26903,0.6696181,1.2530496,-0.9734051,-0.82429117,-1.9671596,-0.09906264,-1.0122441,-0.87799835,1.5189638,0.52091694,-0.21566921,-0.024370864,0.8894237,-0.9418976,-1.9899433,0.01627628,0.4790399,-0.89361966,1.3540202,0.2591589,0.4226649,0.7181611,1.8454709,0.9468667,-1.1221,-0.62435496,1.4591283,-3.347383,-1.0188859,-0.5712091,-1.614436,-0.26977217,0.7368224,-0.022048555,-0.21781714,-0.38014874,0.75215054,0.781618,-1.0695176,0.6510165,-0.005711459,-1.2250155,0.75996214,0.09937212,0.4327216,0.6119749,NA19207,YRI,1
34.374615,-5.569196,-5.409351,3.162294,1.4490691,0.8120311,-0.23380649,-1.0496947,-1.1692395,-1.0600792,1.2995995,-0.068372466,-0.18245631,-1.24849,1.373858,-0.05411094,-0.43184176,0.025107441,0.28279305,-0.11495431,0.4024573,0.36821684,-2.361041,-0.87411946,0.36117586,3.0058875,-2.9068315,-2.230409,0.27302498,-0.7034199,2.770417,1.9473798,-1.9986696,-1.2656105,1.6103742,-0.4879812,1.5973728,-4.273223,-2.1198306,-1.3553827,1.0307256,0.81701154,1.0863353,0.8425989,1.2603059,0.7918447,-0.9890988,-1.050915,-1.5622822,-3.08482,NA19103,YRI,1
34.26438,-6.439925,-5.236333,3.2919714,0.73060066,-0.20337029,0.41231865,-0.3695063,-1.3362628,-0.49646345,0.021162927,0.51762867,-0.065094545,0.933393,-0.054816943,0.0010770205,-0.011173931,0.5972837,-0.52875066,0.121300995,-0.51928204,1.5224121,-1.2999889,-0.11538535,-0.29094434,-0.0043082754,0.85050577,1.0726155,1.1051072,-0.3289568,-1.6113923,0.57616466,0.7945113,-0.07306299,-3.0183697,0.44343317,-0.5089718,0.08455417,-0.6137859,2.5786037,1.7818232,0.37534824,0.9033734,0.3795114,0.15433964,0.24755001,1.8536019,1.444237,1.1402509,-0.90374047,NA19099,YRI,2
33.68266,-5.605568,-5.336202,3.3287473,0.5492706,0.041544806,0.071869925,-0.21207201,-0.6479011,-0.21982995,1.5890592,-0.8172813,-0.62409025,-1.6776838,0.06260688,-0.69198936,-1.0317062,-0.19352885,-1.7519861,-0.24743675,0.17159665,-0.5051081,-0.87710154,-0.9096827,-1.7574873,0.27308148,0.5045233,-1.5952404,1.484667,3.1702845,-0.67505974,-0.4363769,2.417517,-1.5728137,-1.8702503,1.3073568,-0.8908893,-1.3345482,-2.1448967,0.5486328,1.4728295,0.19499724,1.1791639,1.0524153,0.12543815,-0.951325,-0.5796256,3.21784,0.7423271,1.2382057,NA18523,YRI,2
35.323654,-6.093015,-4.9669633,3.5461648,1.1114877,0.0068559092,-0.1615898,-0.45288795,-0.9797727,-0.99099135,0.83355045,-0.3548066,-1.1756179,0.68218184,-0.10097231,0.06283636,0.44127306,0.19229573,-1.0267243,0.66185516,-0.41713384,0.3267819,-0.08494625,2.2692344,-0.09040736,0.25724575,-0.429587,0.14059535,1.1514542,-0.57650733,-0.40486324,-1.203822,0.2080837,-0.88244396,-1.6506139,0.51557165,-0.51263034,-0.82803476,0.781324,0.2260178,0.4577675,0.5420224,0.857864,0.06770667,0.8687494,0.90830463,-0.5752243,-0.27841747,0.86138254,-1.1619166,NA18876,YRI,2
35.261524,-5.6217356,-5.202527,3.8904252,1.1021948,0.65805024,-0.59167194,0.30872452,-1.0830349,-1.0012234,-0.4905754,0.8166918,-0.1995997,-0.37481707,-0.9570232,-0.39922935,-0.8103221,0.23827799,-0.28926605,-0.94454986,0.5943813,-0.6654522,0.44676706,-0.35549197,-0.52250403,0.111923836,-0.1383802,-0.0047957413,0.5229549,-1.1963351,0.7714882,1.3673071,0.867782,-1.3064696,0.5420723,-2.0075154,1.7461102,0.6998145,-0.6618465,0.45642158,1.6949016,0.3883283,0.5808202,-0.2033757,-0.2180158,-0.15267643,1.8402038,-0.9361435,1.1815273,0.43695465,NA18881,YRI,2
34.847412,-6.204383,-5.3438587,3.8285253,1.2863668,0.7626294,0.327169,-0.27252388,-0.7883726,-0.87969905,0.3016118,-0.10420539,-0.8621081,-0.8839944,-0.15167464,1.1963786,-0.50044054,0.6185461,0.5222603,-0.3024729,0.21204358,0.83958,1.1135057,-0.32861167,-0.045771413,0.7458276,0.3282639,2.0655348,-0.121305734,0.13267268,0.8740899,-0.1789489,0.15757012,0.5923712,0.50705594,0.5659247,0.6225933,-0.60482293,0.7626118,0.42610228,-1.0161182,-0.28474376,-0.8914555,-0.58678025,-1.0085851,1.0289385,-0.7862378,1.5753208,-1.1996706,-1.8788986,NA19242,YRI,1
33.126522,-6.207819,-4.5666695,3.5550957,0.5999647,0.52471626,0.1652471,-0.5456937,-0.9495271,-0.51183337,0.8541314,-0.41010138,0.9911947,-0.1762705,0.24368513,-0.64534795,0.0149505185,-0.73721015,-0.046011236,1.528884,-0.17124161,0.29052567,-0.5775255,-0.22168034,-0.09776357,-0.65039843,0.098835446,0.0038081184,-0.74703556,0.13385914,1.0471481,0.025715003,-0.33438158,-0.95632696,1.1889883,0.121746056,1.7349836,-0.9330054,0.46378273,1.0888346,-1.7360692,0.71187055,3.5131938,-1.102935,-0.7496793,0.8945092,-0.4810935,0.6809748,-1.1053365,1.7147114,NA18879,YRI,1
34.895874,-6.2594433,-4.7497225,3.9367237,1.4756315,0.48273832,-0.09412958,0.3255413,-1.2883712,-0.4194163,0.7376148,0.10633119,-0.18311587,-1.1496129,0.3665484,-0.2062572,-0.64079624,0.11962906,1.2473999,0.4389312,-0.21995112,1.5580649,1.0220006,-0.70190996,1.2891155,-1.1823952,-0.60323143,0.14953755,-2.0911362,-0.606591,-0.14180884,0.830702,-0.21353479,-0.7780001,-0.40620485,-0.4170731,-0.18598168,0.33891442,-0.38358483,-0.9491754,0.2792215,1.8037024,0.3866504,-0.2695193,0.90289754,0.38155487,1.690678,-1.6908705,2.433429,0.47404298,NA19163,YRI,2
34.82549,-5.476012,-5.1724033,3.4292202,0.6609017,0.8717081,0.6581472,-0.7921991,-0.58235717,-1.317334,0.10170613,1.0872194,0.652935,-0.372769,0.5851181,0.2612952,0.81842697,-0.18178757,0.4639291,1.1693759,-0.6860036,0.05105455,0.77230334,-0.06515817,-1.0415204,-0.09899684,0.6188511,0.035552293,0.6136308,0.8307147,0.75135136,-1.0445384,-1.681715,-1.0138315,-0.632539,-0.37093642,-3.053872,0.54281414,-0.11654679,-1.2444612,0.0055173105,1.128696,-0.59100914,0.105239205,-0.11647754,0.10658942,-0.19167697,-0.83901936,0.57108325,1.6121559,NA19187,YRI,1
34.953087,-5.7236505,-6.3555527,3.0023777,1.0304984,0.11091479,0.42999023,-0.30858296,-1.9842143,-0.5454484,-0.050217,2.0394263,1.4926825,-0.1666868,0.24814261,-0.67109555,0.13692997,-0.45170754,1.110183,-0.4944176,-0.56679624,0.5787489,-0.16947815,-0.3449656,-1.4320757,0.073939174,1.6558405,0.06435906,-1.2769516,2.3079865,-1.125735,-1.7712682,-0.16534613,0.47878453,-1.3350635,0.35458937,-1.0101542,-0.40773,0.11736673,-0.71555114,1.4603786,-1.6078031,-2.048621,-2.5148292,-3.4429536,-2.8307095,-0.18622282,3.146809,-3.3057563,2.6378524,NA19195,YRI,1
32.668293,-5.8788443,-4.6250806,3.6713312,0.7888236,1.5615833,0.08107502,-0.7266128,-0.6651818,-0.27135703,-0.41675916,-1.0350276,0.16590387,-0.7683018,-0.9941576,1.2272657,-0.5208247,0.4774752,-1.243109,-0.72699445,1.7739279,-0.2728417,0.8907053,-2.3284764,0.48775366,0.96326095,0.64686805,1.4716411,1.3287011,-0.879081,1.7597723,0.86613405,-0.7927711,-0.4956726,0.8298334,-0.39472184,-0.010577367,0.38674688,-0.39964196,-1.4853294,0.305971,-1.2106616,-0.16983037,2.083783,2.6442504,0.11113979,-1.6396496,-1.2224135,2.226562,-0.3918039,NA19220,YRI,1
33.349392,-5.881252,-4.5562725,2.4698212,1.7424362,0.3441093,-0.22492793,-0.4005586,-1.4026352,-0.82821673,-0.58078724,-0.0009892832,-0.3299426,0.27876195,-0.11848257,-0.8652988,1.4277171,-0.414434,0.60451835,1.27525,-0.93315876,-1.4216865,-0.16062306,0.43964142,-0.23927777,0.33571932,1.1444103,0.1833752,-0.01119165,1.2850757,-1.7404706,-0.60923356,0.8467418,1.6716591,0.029075297,-1.5410682,0.1650346,-1.9318712,-0.31523323,-1.0193924,1.1595557,0.41124564,0.8213145,1.5759177,0.32476506,0.37730423,-0.21978018,-0.17522772,-0.2005508,-0.6544361,NA19246,YRI,1
32.97022,-5.4607997,-5.184089,3.5561419,1.200774,-0.40095836,0.26153943,-1.0201703,-1.039579,-0.82376856,-1.6309522,-0.91873604,-0.52687967,-0.89971626,-1.3034297,0.24735592,0.53988075,1.3230596,1.4186978,0.5089121,0.06877372,-0.10728483,1.0875988,-0.75120205,0.60595334,0.7560457,-0.9413416,0.04712298,-1.0881621,-1.9607038,-1.5236245,-0.04321703,0.5212029,-0.102708325,0.20711075,-0.031275474,1.96903,-0.45431414,-1.3147464,0.34975436,0.25885317,-0.93425125,-0.38143122,-1.0663708,0.66401094,0.5641505,0.30925158,-1.3023432,0.8793029,0.4870025,NA19253,YRI,1
34.4034,-6.286534,-5.3586817,3.792342,1.0882691,0.3515892,0.30956176,-0.37578726,-1.0932292,-1.7100326,0.32710615,-0.59284216,-0.15588802,-0.19057776,1.9306607,1.4894105,0.3644456,0.19084406,-0.7466099,-1.8276031,-0.68431103,-1.8447453,-0.2308838,1.347364,1.6836144,0.31632048,-4.35202,1.0419632,0.40955335,-2.5152173,0.37036654,-4.2699013,-5.237556,-2.015926,5.334491,1.7168845,4.992526,-0.6779076,-1.1249964,1.1866754,-1.8293892,-0.6961788,-2.5778096,-0.75215256,-0.75318563,4.9807363,-7.7991734,-8.471345,-0.753103,-1.5248984,NA19254,YRI,2
34.406834,-6.0826025,-5.7324247,3.7852118,0.8795078,0.70073223,-0.66177046,-0.12202627,-1.6947178,-0.61502045,0.77809584,-0.06788507,1.176704,0.30625394,-0.5903774,-0.31120116,1.0591344,-1.6814425,-0.27326903,0.32075176,0.28853163,0.6548323,-0.89026326,1.0472409,1.6803669,0.63844186,0.5513717,-1.3632623,1.4256406,-0.15459025,-1.0881696,-0.7645612,0.58620274,0.13159837,-0.6522902,-1.1625646,-1.1929911,-2.3811994,-0.84031725,-0.15591507,-0.16061956,-1.9994991,-1.3765055,-1.435862,0.3796527,0.7323193,-1.0016514,0.39477146,0.78168,1.2027956,NA19260,YRI,2
33.816315,-6.601915,-5.459469,3.4978626,1.1047528,0.46774155,0.2585274,-0.34582445,-1.1875012,-0.6053445,1.4406091,0.3427295,-0.43646386,0.5591263,-0.03087339,-1.4562954,0.40691143,0.24492471,1.045359,-1.2268325,-0.558544,-0.5389249,-0.61513996,-0.15993321,-1.1473719,-0.20986854,-0.8238808,-0.7646622,0.3943839,-0.93898165,-1.4798634,0.3451968,-0.5480753,-0.41454,-0.61371523,-0.059446726,2.5045297,0.6220647,-0.04804709,-0.9553888,-0.87515944,0.93889844,-0.6156545,-1.0023018,0.1847167,-0.40086472,-0.17744043,0.99726117,-1.0007766,0.245787,NA19262,YRI,1
35.246525,-5.857413,-6.0281696,3.2418435,0.9247679,-0.338575,0.42366344,-0.39379054,-1.6882099,-0.93984133,-0.7313058,-0.59162384,0.30998033,-0.5758519,0.27720293,-0.16994703,-0.54422015,-2.0458705,-1.3432361,1.1549994,1.0041126,0.31903058,0.17811085,1.8513676,-0.7844617,0.19777946,-0.9525976,-0.4285088,-0.44598502,1.4304821,-0.7360746,-0.39967293,-0.69136035,-1.0278342,0.53678,1.1926777,-0.48518917,-1.401114,-1.1002612,-0.07544171,0.21804509,-1.4326117,0.18075779,0.76558244,0.61199296,-0.526732,0.7167627,1.0422602,1.6689456,0.15258203,NA18878,YRI,2
33.717064,-5.8465424,-5.23018,3.0133595,0.56380343,0.5737207,-0.09695556,-0.5735855,-1.1717886,-0.6846446,0.32225296,0.9876153,-0.061975513,-0.022030389,-0.35691345,-0.12934908,0.49714202,-0.06731725,-0.20475239,0.10686493,-0.0029065663,0.039089583,-0.118940145,-0.48270503,-1.069443,1.422738,-0.4350322,-0.9544577,-0.16176277,0.2008846,0.606173,0.7965544,2.4176798,0.18166028,-1.4779788,-2.1302192,-0.4590604,0.3046786,-1.3729413,0.8528797,1.5084591,-0.99382526,-2.2187781,-1.9195303,0.19776541,0.4776827,0.8278941,0.34439236,0.4620382,2.3675115,NA18921,YRI,2
32.942894,-5.6783886,-5.146585,3.2580097,0.6869574,0.7226025,-0.32310012,-0.5579368,-0.40798762,-1.319845,-0.2091867,-0.44195557,0.79193026,-1.1226285,-0.26414672,-0.2552565,-0.3860176,1.6679522,-0.57218444,3.9742684,0.24469936,1.5085322,0.029935513,-1.4277592,0.83283114,-1.0421877,1.7191488,3.204645,-2.9412973,2.1721685,-2.0548096,-2.1579857,-1.2698253,2.1028464,-1.0809188,-1.16582,-3.9942858,3.0008996,-2.178431,-2.0483036,0.6053167,-0.15959306,0.17488532,-1.3975878,-4.6339912,0.2391695,-1.4827011,-1.3174558,0.42303607,-2.5630336,NA19104,YRI,1
34.03028,-6.0021944,-5.8825603,4.0509877,0.18933229,0.6553396,0.536182,-0.65538514,-1.0565337,-0.5730137,0.9628857,-1.697086,-0.5877029,-0.07351649,0.056462355,1.1768465,0.75177497,0.22391863,0.44762442,1.7770383,1.2158467,-0.08910924,0.31068394,-0.8720379,-2.312645,-0.36722338,-1.5561576,-0.5990764,1.7556956,-0.72845834,-0.80144644,-0.2371688,-1.0420165,-1.3045416,2.0753798,0.65390515,-2.9745424,3.0614626,1.3934556,0.45305282,1.1026058,2.1599152,4.835085,-1.2367375,2.1954508,-1.4396788,-0.69069487,0.8214277,0.42198545,-0.027086679,NA19105,YRI,2
35.172802,-6.6432624,-5.49586,3.47442,1.3266526,0.80236375,0.08987642,-0.08165651,-1.0206505,-0.5102718,0.2621787,0.742041,0.7950251,0.23523128,0.7808846,-1.072483,-0.0391583,0.3072774,-0.24642783,0.49744734,0.6816771,-1.0908101,-1.1104485,0.70210385,-0.31156725,1.2278597,0.28423923,-1.1475861,-0.47688422,0.0010730671,0.6221804,-1.547437,0.8288875,-0.04752573,-1.3626213,-0.29669827,0.48388702,-1.22717,0.3603997,-0.60130095,0.18786506,-3.2734916,-2.0159204,-1.8472595,-1.1716229,-0.70899147,0.38046867,-0.9628499,0.08931877,-1.6710147,NA19110,YRI,1
34.928406,-6.7482905,-5.4546084,3.3571663,1.4925263,-0.014432137,0.5134314,-0.41927502,-0.4986223,0.011127309,0.42272264,0.632009,0.94649035,0.9924579,0.87825334,1.1372664,0.2668155,-0.096784666,-0.83196634,0.96461415,-0.7486049,-0.26424465,0.84588075,-0.7469642,0.6820515,-0.14277507,0.60956264,-0.6964359,-0.11188466,-0.46995118,-0.45361543,-0.026981596,1.6385072,-0.12332438,-1.0286019,-1.5512062,-1.8842432,-1.0714463,-2.233574,1.0128796,0.8759986,-2.7754152,0.26029482,-1.4659107,0.86725175,-1.5299194,1.427691,0.21117339,0.91783696,-0.39534628,NA19133,YRI,2
33.15652,-5.256387,-5.7865396,2.662224,0.64777106,0.39188078,0.05178568,-0.74426025,-0.69083875,-0.2097555,-0.21909636,-0.5037377,0.036672153,0.08822702,-0.59328324,0.518722,-1.4424866,-0.7655694,-1.9561201,0.5317237,-1.0031501,0.05784077,0.041868553,0.785745,0.60141814,-1.4179652,-0.27999836,-0.58909744,0.023257203,-0.82830244,0.25089344,-0.56038857,0.6199916,-0.2671614,-0.048743565,-1.4088119,0.071906984,-0.12248944,0.9703808,0.70602614,0.13984329,-0.72610784,1.6816295,-0.4997165,-0.31429067,1.0415834,1.3843768,-0.40289506,0.3260712,-0.3460784,NA19135,YRI,2
34.417286,-6.9897513,-4.7672334,2.9250374,1.2136188,0.15268204,0.28067064,-0.9272488,-0.85597575,-1.2452164,-0.42951983,-0.3793196,0.7060579,0.81569934,0.047546312,2.5457387,-1.5257319,-0.35863128,-0.6204585,-0.7191722,-0.5156418,-0.3484828,0.27984107,-0.11941496,0.32354954,-0.012997943,0.2487875,0.8459748,0.79607683,-0.72863716,0.35120174,0.8067012,-0.33290446,-0.0062159523,-1.2342913,-0.6264947,-0.73794615,1.3665911,-1.4599289,2.0274851,1.0183557,-0.81576985,1.3094413,0.51108104,2.2352526,-0.120808184,1.4220803,-1.5031874,0.6143274,-1.0286213,NA19156,YRI,1
35.99286,-6.3056097,-4.592038,3.6973038,-0.16747779,0.5502345,-0.2526527,-0.05820175,-1.2861786,-1.2847359,-0.013401513,-0.25366893,0.8242232,1.0561789,-1.2369149,0.28848967,0.5982318,0.019421862,-0.2593317,-0.04781018,1.4710333,0.14251608,-0.7159772,1.720882,0.15960848,0.7898618,-0.24577501,-0.5761807,-0.58952546,-0.722343,-0.27555797,-0.6640988,-1.4623754,-1.5144606,0.98507196,1.2491308,-0.3965172,0.55101997,-0.10036116,1.4828387,1.6469046,-0.48583078,0.8268998,0.160524,-0.3907107,-1.4714293,0.82734585,1.0322737,-0.6145662,0.72543293,NA19157,YRI,2
34.43178,-5.647841,-5.8287816,2.5686836,1.0464001,0.06603901,0.19158497,-0.4665744,-0.20046023,-0.14765964,0.1642359,0.5303495,-0.9361076,-1.9396316,1.3310001,-0.42044097,-1.4872195,0.7306643,0.9020425,-1.1462346,-2.0629668,1.313754,0.6178693,-3.001285,2.956003,-1.2005671,3.2187533,4.7597566,5.501364,-2.3957286,4.039456,6.118313,-5.3298316,-0.6622836,1.9789894,-3.7427006,-1.7093598,3.3869658,8.266258,0.444405,0.13644463,2.3338065,4.2897043,1.2106535,0.57753503,-2.9370153,-2.1395926,-3.2554345,-0.29405335,-0.5760309,NA19166,YRI,2
35.226868,-5.2703905,-6.232608,3.8036509,0.18852235,0.46634606,0.04473737,-0.85488033,-1.4079897,-0.5250575,-0.40950906,1.8245047,1.2249777,0.14074561,0.32379466,-0.75730944,0.048312165,-0.45588383,0.22719109,-0.21216992,-0.9657606,1.4303955,0.089123994,0.30561477,-1.0496057,0.58261436,1.1580347,-0.20162897,-1.754883,2.6883283,-2.469867,-1.802974,-0.3355065,0.4971571,-1.7014813,1.259402,-1.0506347,-1.0901065,-0.15426843,0.51721185,1.9514726,-2.2928731,-1.6709324,-2.715819,-3.5009353,-2.67861,-0.11589018,3.3747773,-3.650023,2.1595619,NA19196,YRI,2
35.602356,-5.364874,-5.983194,3.4390383,0.83279824,0.1442328,0.16303773,-0.819559,-0.6469941,-0.9553236,-0.519575,0.5366492,-0.34139022,0.6780841,0.6456019,-0.6591611,-0.8037629,-1.1045583,-0.5920436,1.1975288,-0.13951933,-0.8705667,0.2272081,1.5378206,-0.054674864,-1.3828925,-1.71699,-1.1292281,0.23963015,0.3227778,1.5787405,-0.35595053,-1.1280887,-0.21836469,-0.30292794,0.07718609,-0.749968,0.57380944,-0.9536663,0.43882933,1.1175816,-0.39558733,0.7635478,-0.16406335,-2.3186443,-1.5721025,1.2362536,0.0301521,0.62357426,1.2694097,NA19216,YRI,2
34.94838,-5.878121,-5.529108,3.119015,0.7173194,0.44868952,-0.035265956,-1.0454668,-0.7896202,-0.5212014,-0.84889406,-0.52169263,0.024961796,-0.95715815,0.32828844,-0.41170794,0.2976276,-0.63748324,-0.027272683,-1.3649772,-0.23764393,-1.0685097,0.4018323,0.5669191,2.0459862,0.33300146,-0.61268026,0.28444967,-0.7531287,0.19403294,0.17811212,-1.5646006,0.09088108,-0.766657,-0.7017487,-0.19314058,0.8017402,-0.8234608,-1.8317416,1.5159445,-0.07922423,-0.23958722,1.8180735,-0.42505184,1.3322061,-0.5858179,-0.8410909,-2.9908223,-0.3649855,0.7938069,NA19259,YRI,1
34.96619,-6.074164,-5.6641326,2.7046192,0.82325536,0.25900087,-0.08754697,-0.11937188,-1.9029368,-1.055398,-0.28453422,-0.03148913,0.31045276,-0.7081092,-0.69789904,1.0994238,-0.10365015,1.3886869,-0.13894075,0.71482515,-1.5105317,1.8907897,-1.2097774,0.5204246,0.23334324,-0.02854267,-0.3379305,-1.4671654,-0.5135825,0.15427707,-0.33463103,-0.7295718,-0.80563575,-0.6731698,-0.92142355,1.2406178,0.8403551,0.094862275,-0.9110304,-1.6014464,0.830558,0.24871433,-0.95844406,0.083534464,-1.258363,1.80422,0.3152103,0.46702194,-1.8881687,1.3659109,NA18877,YRI,1
35.23393,-5.960031,-4.8834925,3.7625232,0.18925858,0.78216106,-0.35233143,-0.94146484,-0.38463685,-0.4591553,-0.9373409,0.18390395,-0.3258663,0.21207608,-0.31539473,0.082995616,0.28035533,-0.061757356,0.0390441,0.25366753,1.358749,1.4726427,0.5971708,-0.7635333,-0.94353426,-0.14587918,0.7363684,0.12151186,0.66148114,-0.83236194,-0.078236185,0.079959475,-0.51277375,0.11621377,0.22425924,0.34562755,-0.8361639,-0.5690222,-0.06150951,-0.9059448,-0.76919323,-0.124160595,1.1415287,0.98139906,-1.2117674,0.32789195,-1.0061255,-0.0716543,-0.19507459,0.683457,NA18931,YRI,2
34.70326,-6.1945515,-4.616494,3.9364293,1.0025468,0.4056009,-0.28402013,-0.3235535,-2.145412,-1.7793385,-0.5651595,0.50989234,0.37235248,-0.3862044,-1.513752,-0.078392155,-0.17932819,1.3081396,0.538547,1.0916265,0.17503235,0.33976695,1.2687042,0.023716547,0.3789237,-1.3946112,0.012063318,2.339133,-0.59184,0.6409346,0.02935413,0.57575184,-1.3084583,0.56336206,-0.31048748,0.07604103,0.042637568,0.2326868,0.15401329,0.44640225,-0.7892861,0.9973868,0.8720199,0.667431,1.7018213,0.54279256,-1.4530317,0.7625088,-1.2918824,-0.29882374,NA18915,YRI,1
34.02666,-5.74539,-5.0352163,3.0774064,1.4841228,0.4893392,-0.08588757,-0.34904176,-0.7956053,-1.3436159,-0.13345021,0.18770917,1.0971415,0.2908599,1.3231404,0.023158988,-1.4308637,-0.17956951,-0.15578061,1.6636465,-0.059930522,0.44211745,-0.6849089,-1.7452219,-0.6790175,-0.8988702,0.9943213,-1.792297,1.7488304,-0.12467398,-1.9178222,0.972176,0.5898541,-1.2316244,-0.84981966,-0.7535383,0.526704,-0.12629732,-0.7918193,-0.05726837,-0.674698,-0.051542103,1.1638837,-0.6559705,-0.33173418,0.6976396,0.40315872,0.21203342,0.58255386,0.06619569,NA19250,YRI,2
33.58874,-5.724867,-5.2880015,3.2357273,0.5509015,0.8522914,-0.27528524,-0.4300206,-0.1986816,-0.72835594,-0.5625869,-0.56599724,0.7747335,-1.1395634,-0.60206354,-0.025715996,-1.1838425,-1.714956,-0.8837771,1.3518544,0.9263069,-0.78144675,-0.0613226,0.95705765,-0.8485712,0.2436831,1.2536438,-0.53222245,0.9228028,1.0082359,0.14605205,1.0253757,0.22269684,0.9149033,-0.27286944,-2.447151,0.31229573,-1.233734,1.0347517,0.03317286,-0.38940534,-0.23477325,-0.14760382,-0.29069144,-0.0060103824,-0.87848675,0.7873981,-0.51164025,0.24089402,-0.6579345,NA19124,YRI,1
-1.2539837,-0.4841832,3.2608864,-4.9260607,-2.8375545,-2.698419,1.4726518,1.9957072,4.9006443,33.04931,-0.70295787,4.0927353,-4.9985323,-4.3934917,-4.058474,1.0517886,-6.2178507,2.281271,-3.440336,-3.6251826,-5.0167327,-3.7272954,-0.45024577,-1.4710599,1.3323196,1.1728216,-5.39983,5.921512,2.615495,4.8992414,0.26904333,3.119756,-3.5572693,-4.364271,-2.708593,8.849305,-6.388559,4.981074,-1.4923586,3.4991403,2.159207,0.027697433,2.621563,-8.924903,-1.7355354,-7.542092,-3.814029,2.3731303,0.38070706,-3.5889022,NA19919,ASW,1
-2.1846623,0.29609472,3.1156104,-4.1306934,-1.721567,-2.2866375,1.214042,3.5770407,4.021425,33.27183,0.4943456,3.171134,-4.8084702,-3.5063522,0.9162939,2.3523135,-1.5878727,-1.5523949,-1.2663708,-3.6750543,-0.58453786,-4.641249,1.4785341,-3.6896465,-3.6522489,-1.016887,0.5617823,4.2613273,5.766664,6.8741636,-4.6060905,-3.0416243,1.9465079,-0.31468076,2.6165214,2.6733623,-2.4556544,6.239424,-2.6166523,-4.0721116,-1.0348698,-2.455755,-0.26471102,-1.4035925,-0.04681551,-1.331142,3.7329488,-0.7961074,-1.2319536,10.839089,NA19916,ASW,1
-2.6084614,0.6715121,3.1732757,-4.3957796,-1.7004981,-2.365768,0.6842613,2.3659446,4.6923227,32.337955,0.39882517,-1.6541493,1.655293,0.41579494,1.1274277,-0.10970368,3.0032344,4.491987,-3.6510293,3.564506,-5.6149855,-8.386953,4.322768,2.8585682,5.968641,-2.7000449,2.8208244,-5.7622447,-0.6659498,-3.1104624,-6.5956373,-3.4991436,-3.5238154,-7.998789,1.9959211,0.28517762,2.6887307,1.0472555,3.3947196,3.9040833,-1.4413552,-2.4835944,2.632187,2.208175,6.0663066,-2.848118,0.5589247,-0.05840469,0.47478572,2.183611,NA19835,ASW,2
-2.0273898,1.7552773,2.1859329,-3.7859743,-2.1953363,-1.0621973,2.126619,3.0648408,3.7378242,33.245594,-2.0412142,-8.148516,26.06754,21.684101,-4.2839437,-0.49921417,-10.453406,-5.8579106,6.440659,-11.364116,-7.973208,5.6150513,-1.436596,-0.9080561,-1.8840741,4.804357,-0.4444859,-0.99567765,0.8621581,-0.8811395,0.985294,1.2761579,2.2263348,0.37178934,-0.04251131,-1.1115006,0.3621972,0.5758262,0.9226758,-0.69025517,-0.85935324,3.262162,0.7712114,0.008613147,1.3339267,0.82024187,1.3392448,-0.11966921,1.0069183,-1.3304932,NA20282,ASW,2
-3.0849302,1.9971724,3.3400207,-5.028234,-2.5287597,-1.0983559,2.4364371,2.6880782,4.2627354,32.798904,1.8872097,1.8264256,-4.074343,-4.2404118,-2.5318663,-1.5627012,-6.9426785,-0.9655957,2.4019449,-1.7538146,-3.4215384,-2.7465458,-1.7706101,-0.30005428,0.056708034,1.9027121,-0.5948311,-1.5912606,1.7680517,-1.1745057,-2.3493617,2.5870056,-0.089340515,-1.6003319,0.9082168,4.0695834,-4.3092523,1.9791385,-7.1908956,-4.7002096,1.0919447,-2.6711102,-2.1013014,3.9556894,-2.3351836,5.195353,0.30049044,-0.22783348,2.2625115,0.9468057,NA19703,ASW,1
-2.4074,1.7972788,3.0517282,-4.743843,-1.5062313,-1.9929457,0.58749783,2.8981497,5.4078903,31.979448,1.4410707,1.8616917,-6.3081284,-2.8852935,0.3617927,-2.1818469,0.26869437,-1.9742138,0.4329067,-5.479131,-2.098566,-5.3208294,-1.4484948,-2.934432,-2.4088008,1.1107944,-1.3240532,5.6380515,1.4167695,1.0169045,-3.2042496,-2.240164,4.134033,3.018147,-0.2222868,-3.2879086,0.58742917,-3.0394022,-0.4339601,-4.0184293,-3.7468197,-0.054498173,5.4395785,9.155318,0.069598496,5.6233487,6.5025306,-1.3078668,0.572592,-9.952913,NA19902,ASW,2
-2.6283934,1.5503981,2.2290366,-5.173005,-1.2062522,-1.6004072,0.995901,1.8754578,4.9268055,31.49142,1.6446271,1.5142535,-6.452794,-3.9315987,-0.4815143,-1.3659481,0.19747835,0.45842022,-0.35879838,-3.2665622,-2.1599226,-5.637386,-1.2190424,-2.7138515,-0.76494926,-0.16436587,-0.61303395,4.455721,1.9757531,1.9839542,-3.9117815,-2.8549185,1.4354831,3.130815,1.2219622,-1.8416245,0.30558687,-2.4154394,0.4450982,-3.1302223,-2.4770184,0.6516483,3.5772498,5.8626943,1.7525759,2.5293548,3.7224455,-0.49217865,1.8880506,-5.6666937,NA19901,ASW,2
-1.2085805,-0.19782613,3.3186135,-5.4771695,-1.822899,-1.899805,1.1783012,2.8088946,5.4084806,32.288094,-0.10561333,3.590898,-4.055985,-4.7675896,-2.6478531,1.3386381,-1.9084022,2.5930307,-3.2254503,-3.264361,-4.2260695,-0.3741601,-0.15084152,-0.4594551,2.351254,0.6168102,-4.899724,3.9315064,1.3975025,4.4470873,0.47762352,0.9649251,-2.9326231,-4.281735,-1.682176,5.2331614,-4.545961,4.1394877,-0.722084,3.3922276,2.0817459,-1.663793,2.1113772,-5.7851543,-1.1088,-5.9607525,-1.1760617,0.4272322,0.9020733,-6.305712,NA19908,ASW,1
-1.89644,1.6569096,2.8010237,-5.340651,-1.8358988,-1.3163319,2.2497861,2.6079412,4.291459,31.551943,0.82636946,-2.3096833,2.015064,4.488111,2.2634072,-0.5557787,5.012959,1.9499737,0.12523149,2.6371078,0.7749724,-2.6865313,0.59591997,-1.9880561,1.9401143,-0.43714276,-0.34753758,5.060887,5.558623,0.32989568,-1.9892668,1.6550093,-0.52458173,-3.419414,-1.693305,-0.95507234,-0.70834756,0.6387498,8.669028,6.110943,-6.639172,-8.22251,-0.44081458,-3.7175658,3.3016744,-9.991342,-4.7968483,-2.9733253,0.80819356,-1.1074558,NA19914,ASW,2
-2.3030221,1.4621338,2.5840538,-4.2792525,-1.7081916,-1.1465287,1.4181944,1.7568027,4.323008,31.47452,0.77844435,0.49604702,-4.4252715,-1.740921,1.7895949,-1.4748467,-8.416134,-1.3437458,-1.1492577,0.7829839,0.8282789,-0.99907917,-0.5062878,-0.1502838,0.97054285,2.967578,2.7746754,-0.6687923,5.226597,2.088269,5.793137,-1.8423207,0.15390085,3.764154,2.1926064,-0.91563076,-2.0538504,-3.3540094,0.30714163,-1.5595874,1.2156835,2.3848925,-0.912562,3.548661,-1.3935701,4.3261366,-6.5060925,6.8845334,3.5350893,-3.229037,NA20287,ASW,2
-2.7993805,0.7296247,3.0052197,-4.335199,-1.4894737,-1.4878516,0.9919648,2.8431675,4.510701,30.773594,0.9526591,1.2722688,-3.3190925,0.49648452,6.3183565,6.08631,1.2356697,-0.29856294,15.770391,15.914682,1.4051281,5.561267,-5.875697,3.8186557,-7.9119105,5.5967817,0.3686354,2.1327941,0.646249,-2.121168,-0.7707597,5.889369,0.60345864,-2.3881066,0.6561205,2.257344,0.9593123,5.8262033,2.3490286,0.75933266,1.0255969,-2.0978405,-1.27863,3.1233852,2.3621502,0.60080147,-1.700145,0.23626198,-0.43411508,-0.068668365,NA20335,ASW,1
-2.0802062,0.7774174,1.9088522,-4.9425974,-1.5781842,-1.9283532,0.1826519,2.9943018,4.1188126,31.115814,0.2628192,-1.979164,2.7387092,0.5758555,-1.3883536,-1.5244987,-0.7205212,3.66121,-3.085156,1.7052711,18.4342,12.438099,1.6038127,-6.6144056,2.1611774,-11.159003,-8.570417,-8.71371,4.6032515,2.8229287,6.0173645,6.0311165,-1.8769279,5.23881,-2.5056114,2.266647,1.2569739,-3.4324558,3.5811636,-0.5654806,-0.6622089,-2.006331,-0.34272757,-3.5660825,0.94570524,2.6609223,1.0350443,-0.95052403,-0.70352304,-0.21547574,NA19713,ASW,2
-1.453488,0.94429463,2.4140105,-5.1389117,-1.6761779,-1.5587704,1.8899676,3.5345702,4.0231733,32.055237,0.26605392,0.61424464,-0.1320722,-0.7966398,-0.30930063,-0.25682965,-1.1144305,-0.35056877,-0.53377575,1.5431154,-0.7844842,-0.8996517,1.3547237,1.404244,-0.6349571,-0.13535465,1.1414887,0.72784364,-1.8358649,0.35876107,0.8190676,-0.41408193,0.5066507,-1.6144266,2.3099782,2.2903962,-0.31583875,-4.177989,0.09102839,1.5304666,4.0516605,-0.022467658,-1.3734491,0.18395643,0.30984193,-1.8913498,-0.33384708,0.003103643,0.38626495,-1.5710618,NA19904,ASW,1
-2.0750067,0.4838966,3.8344066,-4.5988092,-1.0588492,-2.2146776,1.1187451,2.1012278,3.8575423,32.14246,-1.1564981,3.5332348,-6.605927,-5.427141,-0.5058139,1.1354263,-3.4923599,-0.829045,-0.70960176,-5.3066697,-2.41631,-4.323196,-0.018034149,-1.05244,-4.9727187,0.40119946,-3.092201,3.7430172,4.739347,6.4001827,-2.0080242,-2.5608063,2.7858186,-0.10987101,2.8023632,1.3581195,-0.84104186,6.2755136,0.5674093,-4.726049,-1.5433682,-1.2659537,-0.44133168,-0.3986897,1.336878,-0.76368535,3.443159,-2.95649,-2.116871,6.802318,NA19917,ASW,2
-2.0642028,1.0111288,2.0133364,-5.0391073,-1.880888,-2.3193843,1.1316065,2.9931183,4.860385,33.89671,-0.9336455,1.151139,-1.1716135,-0.96134114,-1.2428595,1.545574,-6.718381,-1.5092392,-1.2718234,1.7129095,10.089849,4.2769465,-0.10344598,-3.6400795,0.5025843,-6.519088,-5.8046784,-5.4794254,4.1995406,0.62576514,-0.16892254,2.6761403,-0.02433767,-0.79156655,1.5639734,0.8227251,-1.5389826,-0.7945949,4.0303473,3.5854757,0.7640498,0.7623753,4.4320183,-1.8257943,-0.79013884,5.3565755,-0.4425858,3.681821,-0.8024127,-0.17867,NA19982,ASW,1
-1.360836,1.6915469,3.5574071,-4.895246,-1.2263138,-2.4315798,1.3547715,2.9614809,4.1758175,32.16553,1.2971449,2.4296398,-5.1628923,-5.141768,-0.007647732,0.18336445,4.835292,-0.06610842,1.3675442,-5.362536,-5.83734,3.5881739,0.7328247,-0.16252527,4.15249,1.3626037,2.9738967,-2.6874583,-1.8838454,2.390565,-2.0421836,-0.46693328,-1.038126,-2.9749205,0.55093944,-2.0913997,-0.39409128,1.4374464,1.0035486,0.35959753,1.5531492,0.05162324,1.7195991,-1.5691562,1.1969439,0.91359,-0.15499519,1.7662783,2.1229587,2.6861718,NA20340,ASW,1
-2.425595,1.3853196,3.511454,-4.405446,-2.020738,-2.1786187,1.4625094,3.0558102,4.8815937,31.672909,-0.7615613,1.1989248,-1.7207011,-1.7585117,-0.30062506,0.4154573,-2.390753,-1.5374177,0.8128114,0.6689199,0.6401486,-0.44178087,-1.7496403,-0.6904237,0.08674506,-0.7672267,1.0892316,0.7701105,0.6518756,1.7357172,0.8215316,0.40110222,0.92848796,-1.3734955,1.1705259,3.469472e-05,0.99634624,-2.7650797,1.159966,-1.0079472,2.1350207,2.3935394,0.8030817,-0.2778588,2.1780539,2.2023938,-0.6689532,-0.28633913,-0.9071881,0.5540243,NA20297,ASW,1
-2.155466,0.5640128,3.2350402,-4.1118593,-2.0245917,-2.0201583,0.9830423,1.8526467,4.2684984,32.565987,-0.0010787218,2.428271,-3.6829383,-2.2106862,-4.334149,1.256664,-8.819343,0.85800844,-1.6629753,-1.3478677,-1.8238149,-5.3762236,-0.26753226,-0.9878687,-0.4690106,1.9241563,-3.5155098,4.119766,3.041267,2.7491345,0.11107881,3.6090167,-2.652086,-1.3825233,-1.6701877,7.692924,-3.7932518,2.3714054,-2.3198636,3.44549,0.99104214,0.9357385,2.0858276,-7.0604825,-1.9352034,-4.3706965,-4.376741,2.135108,0.8037315,1.4758488,NA19909,ASW,2
-2.3253186,0.54009074,1.8194404,-5.7054048,-1.971795,-1.5964701,1.3267967,2.409558,3.4834237,31.757664,-0.011197328,0.9065085,2.4487722,2.0976877,2.381321,0.6919119,1.8628067,4.316398,-3.9568613,3.8561223,-6.2897367,-5.3080277,3.7427251,2.2612293,4.6238656,-1.9903368,-0.39068314,-5.977472,-2.0860503,-3.985773,-6.3245783,-1.7117063,-2.4734695,-6.759413,-2.081187,-1.0594051,-1.1766225,3.0985687,5.069573,4.530632,2.1073763,-1.9911544,2.9289126,2.5606983,3.3004508,-4.0745916,0.038964417,4.4300785,0.9210012,1.9055102,NA19834,ASW,1
-2.529077,1.4977827,2.4199982,-4.4148808,-2.4770224,-1.8887613,2.4170732,2.8770263,5.0027127,30.935648,-1.2450448,0.15098703,3.715107,2.415212,-1.6488225,1.3665161,1.3440045,-0.18190342,-0.46570554,4.149288,3.523165,-2.0301106,-0.121544175,3.9981167,0.35448223,-0.33254278,-1.1642294,-0.0855579,-7.117991,-0.5303041,3.542043,-4.896161,-3.0759337,2.3709514,-3.487769,6.984952,4.1872587,6.176165,-3.0838861,5.878977,0.95080674,2.3595116,-2.5154703,3.4462802,-5.6506686,-7.9675574,3.457077,-0.11267437,2.1493878,-1.129637,NA20317,ASW,2
-2.0207531,0.14833206,3.217194,-6.197383,-1.7511541,-1.0174117,1.1113498,3.7056687,3.6333737,31.526466,0.12153216,-4.078182,10.779875,6.6562586,3.8550131,-1.6578801,5.6709013,6.7031283,-2.5613275,10.85489,8.540003,-5.715084,3.307349,1.6968662,7.8022475,-2.6056309,1.5412571,-5.4411626,-5.2519298,-4.2543273,-3.1021302,-3.944506,-3.8097656,-1.1112397,-1.9188019,-0.373754,-1.2335123,2.7021613,-3.3293612,-1.6224355,1.9314283,3.036994,0.93854666,2.668045,-2.2253306,-1.2393751,-2.6117482,1.8017088,1.149275,0.4349259,NA19818,ASW,1
-2.729125,0.56882924,3.1814435,-4.67865,-2.048627,-1.9398223,0.70327395,1.9821732,4.114903,32.5111,-1.7981788,0.051670525,-6.195265,-5.950923,-2.8515565,-1.2032574,-13.36602,-3.2173457,-0.38415006,0.7246487,0.10416301,-4.828797,-5.387069,0.7494952,-1.4179637,2.5709858,2.5892303,-5.857692,-4.225901,-6.106756,-2.0091982,-2.9457893,2.704827,-2.033769,-0.56931466,-4.0477815,3.302453,1.7634419,2.4920952,-7.261305,-0.38190395,8.267861,0.6661933,-5.989679,-0.6643151,1.5120982,2.2482452,-0.5024613,1.3400025,-0.35868073,NA20290,ASW,2
-2.6709208,0.91354555,2.9640703,-5.1531663,-2.2132878,-1.9081336,1.3769397,2.6393857,3.4955328,31.413485,0.13774653,-0.42923853,-2.5808992,0.0046914723,-0.61191547,-0.6276956,-3.7717469,1.2967947,-6.140743,-0.15877868,-1.6158068,-3.2988174,1.4164091,0.4015411,0.20459515,4.1618614,4.124732,4.8175416,2.54381,5.009515,3.7218812,-4.78581,-2.5031235,-4.5590267,1.4413468,3.557164,0.9590676,-9.541307,2.907548,0.4753002,1.166314,-2.4468238,-2.911206,-0.41467202,3.9810748,-1.9865026,-4.3276067,0.25331682,4.455759,2.6525652,NA20295,ASW,1
-1.2359704,0.99032474,2.6231573,-3.7454429,-1.6924706,-3.0515423,1.4039824,2.8632846,4.762073,31.686195,-0.06436139,1.602292,-5.467205,-3.1474288,-1.6099485,0.4830054,7.96203,0.10945711,-0.7832944,-5.2286625,1.449972,-0.8565964,2.255855,1.4040365,-1.8013198,0.9304669,1.2837685,5.066975,1.5243151,5.3734612,-1.3872429,-0.8057169,0.31863824,2.3844469,-1.3588341,-0.585163,1.3688387,-1.0522726,-1.5864735,0.94269204,2.358021,-0.51533556,-0.39278996,-2.3662968,4.6564946,1.8358288,-0.81803006,-3.5086033,-4.121244,-0.7222301,NA20346,ASW,1
-2.6856716,0.33406958,3.1544814,-4.302385,-1.8352084,-1.5991036,1.7798356,2.715749,4.3524694,31.034311,-0.44851092,-0.026376722,-1.7866179,-1.951247,-1.1293967,-0.34381157,4.4729033,-1.1320517,-3.061137,2.6044722,-1.3803698,3.1433399,2.6273408,-0.026547082,0.116420336,0.29936674,-0.61479765,3.3251755,-3.5331392,-2.2436113,2.586255,-7.690191,1.9584725,3.584326,-6.8439827,-2.9993668,2.3620875,-1.983308,0.117222995,3.22437,-4.9570947,-0.7442194,-1.7086099,2.0014126,-3.196976,0.39036596,-3.0804503,6.0962377,-1.185882,-1.0143852,NA19921,ASW,2
-2.051458,1.6387718,3.0085323,-4.6888957,-1.8132242,-1.6389793,1.6393623,2.6134245,4.592665,31.383581,-0.6951789,1.4556338,-2.5753756,-1.471681,-0.64904094,-0.7091202,-3.3205867,-1.5826583,0.53490597,0.44002706,2.5276127,1.540038,0.29645395,-1.1829461,0.402511,-1.678808,-0.44724655,-1.8457006,-0.35818636,0.49833003,-0.92527634,-0.50123274,1.736665,0.36347732,1.7690063,1.5205615,0.3056271,-3.7921422,0.107383974,0.083813496,1.3393121,-1.3038224,0.7918104,0.33186978,1.1872427,1.8064692,-0.49261153,0.9603775,1.3523302,-0.6293503,NA20281,ASW,1
-1.9987218,1.2189481,2.6707416,-3.5340555,-2.2490742,-1.8870572,1.382874,3.1862676,3.5704432,33.202194,-0.06183882,-2.2014184,4.9521403,5.172856,6.3823266,-4.29578,17.388397,3.2140229,-8.393773,1.7004485,-2.5493808,-10.531678,-0.40174437,-1.7241093,-3.9748414,1.1948944,-1.4011317,8.27114,6.288441,-6.9893246,3.0041707,6.491365,3.236589,5.355015,1.690369,3.8990655,-4.5925665,-4.4929056,-1.8231761,-5.2033343,1.0376226,3.3568084,-2.208694,-3.4911404,-1.2578602,2.4268637,-0.71180356,2.4517038,0.27375928,-0.12066108,NA20359,ASW,2
-1.9925058,1.47781,2.2807732,-4.2189674,-1.8079468,-1.4320791,1.2810498,2.5439184,3.3330314,33.637585,-1.9706873,-8.734841,23.683926,19.680704,-3.7792523,0.078606345,-9.651694,-4.433757,5.2498064,-10.827773,-7.8171782,5.7443,-0.89904636,-0.2782657,-1.5103014,4.567429,-0.39151615,-0.7104406,1.6501552,-0.04884548,0.6545182,1.2274835,2.7783103,-0.44130725,0.58483374,-1.4234662,0.06287996,-1.1831772,0.3937037,-0.37211105,-0.04278328,3.5829184,-0.394227,-0.8101212,1.5669703,1.0605142,0.71156245,-0.26403517,2.1854312,-1.6234713,NA20301,ASW,2
-1.9256244,1.3366709,3.04397,-4.7945757,-2.7240038,-2.0879216,0.633012,2.2713542,3.4874961,31.814663,0.6651319,4.032086,-7.071122,-7.039202,-2.9865985,3.9266171,21.452639,-0.4827296,1.9593331,-13.688562,-9.687573,17.474485,-1.0885195,-0.8194334,6.734443,0.669012,4.6703854,-5.167751,-6.1453795,1.0402777,0.42168176,-0.22392666,0.5128126,-2.0589206,0.44534767,-1.2868302,2.7521226,3.9929705,-0.6802597,-2.4238477,-2.0424438,1.3821517,-0.1437852,0.040116232,-1.3647146,0.08749511,-1.5006249,0.3173206,2.9189138,0.13698955,NA20349,ASW,1
-2.2877998,1.759767,2.7505076,-5.5575275,-1.6829475,-1.2045355,0.8897436,2.3368993,3.6876793,31.285118,0.48334914,0.24783781,-4.073439,-0.47615802,-0.08367235,-0.40831763,-4.35147,0.46006063,-5.6936216,0.43974817,-0.10874902,-4.0566416,1.370094,-0.40588704,-0.7124923,4.6019506,4.11041,3.7831125,4.121959,3.0132036,3.3088126,-4.617484,-2.7936172,-4.7258644,2.1262097,2.4872687,-0.3203284,-10.887697,3.117817,1.9426075,1.1642352,-2.3497367,-2.5668607,-0.08882942,3.9288769,-1.08679,-4.4826,0.21662669,4.132952,2.4032245,NA20294,ASW,2
-1.092149,0.8390523,2.2388296,-4.3251066,-2.0318687,-1.361654,2.7513154,2.2487583,4.391133,31.918041,1.1613886,-0.32903916,-0.83296156,1.5519205,6.446779,5.6309857,5.258221,-1.1630945,13.798237,13.936397,0.5320066,6.8638363,-5.410525,3.7227616,-9.469442,2.5972764,-2.7187264,2.7476625,-1.6826587,-1.2319046,-1.2532785,1.5414739,2.7384474,-4.1914835,0.32315326,0.90705675,1.8146054,3.906268,2.6793828,1.4484819,0.59038395,-2.884975,-1.014231,3.6408658,-0.059151437,1.0510968,1.6954086,-0.46930677,0.09487927,0.49655202,NA20337,ASW,2
-1.8098532,1.4257939,3.0856287,-4.441965,-1.3085017,-1.2104084,1.244545,2.820611,4.4685473,31.558075,0.19217546,1.7343256,-3.3833904,-3.4245837,-0.32445243,0.37551624,-4.493302,-1.3511939,-2.9008558,-1.9136523,-2.842612,3.3193686,-1.900974,-0.2238749,1.413703,-1.2920902,-1.5779463,6.8904877,3.632848,-1.9576495,1.7938888,-1.5733504,1.9741194,-1.8214163,-3.5945888,-4.7174826,-2.2910683,-5.6157546,0.8508013,5.107182,5.681498,3.38475,-4.414712,2.1566384,-1.7822272,0.7007778,-2.8430276,-3.9532726,-3.5247848,-4.340226,NA20357,ASW,2
-2.1280417,1.8921032,3.0929582,-3.824916,-1.9825081,-1.9467841,0.66171414,3.0230424,4.234656,31.833181,-0.31083554,0.9699432,-3.4986944,-0.79435337,1.5995158,-0.23702428,-1.4027431,-1.9116818,0.39552286,-4.012772,-1.0043547,-2.2366743,-1.5149502,-0.55899787,-2.2391584,2.590484,-1.3936008,3.1377137,-0.15286855,0.32686663,-0.98173845,-1.112545,3.0975547,1.4854416,-0.68987375,-1.9505508,1.6404661,-0.019420784,-0.95769596,-3.7109625,-1.4510427,0.19584315,5.8210797,7.609679,-2.4966702,5.5713167,6.166192,-0.45681486,0.24094625,-7.3682156,NA19900,ASW,1
-2.2359126,0.30811703,2.415021,-3.8898904,-1.2150497,-2.0072312,1.9998268,3.0160987,4.350426,31.116768,-0.6031547,-1.5024782,0.20142516,-1.7526679,-1.2502228,-1.8058941,1.7883481,-0.8291025,-0.5320324,4.403054,-1.8705465,-5.9078984,2.6420712,6.196,-1.2220852,1.2149179,7.198543,0.20184983,-8.993444,4.854219,10.196578,6.833458,-2.1318066,12.867738,-4.2978487,-0.4223432,7.3752418,-5.274894,-4.413805,10.499013,-3.3212743,-1.7937131,-0.8071939,-2.2309759,-2.4753823,-6.1618342,0.7619264,-0.20807418,-5.3567543,2.7604485,NA20128,ASW,2
-2.5789487,2.5702622,3.2940173,-4.666068,-1.8682281,-2.3601568,1.839909,2.9121647,4.8847547,31.577389,0.78872234,0.6308711,-4.9276032,-3.3324344,-0.2826073,-0.24140084,-3.8979719,-2.726801,-1.2747926,-1.1201203,0.0786063,0.667108,-0.62729454,-2.174211,-0.74812365,-0.35725707,1.1730517,0.79301566,0.060679942,1.4711972,-0.6365943,0.14650199,0.31585044,-2.3949075,-1.901345,-3.445702,-1.4496886,-3.8421552,-2.5718024,-1.0609902,0.54955,0.74106455,-0.3054655,2.586133,-1.2723233,2.1678884,-0.5354006,2.0256357,1.1507202,2.310853,NA20348,ASW,1
-2.457748,0.81933117,2.5709994,-5.120324,-1.7536325,-2.620475,-0.0017558566,2.4823408,4.693026,31.641367,-2.291229,0.23836258,-6.9678936,-6.9658556,-2.0631678,-0.89666474,-17.442886,-5.428137,0.4079429,4.360496,0.52138776,-6.3417406,-7.970574,1.8687702,-2.371012,3.6894457,3.4184604,-7.2131195,-6.998708,-9.489377,-0.48027954,-1.2062978,1.1664579,0.68509674,-0.38458335,-3.2319572,3.59295,2.5350392,3.5928633,-7.5870514,-0.25242692,9.207353,-0.029819129,-7.851775,-1.4759388,-0.06319097,1.1917148,0.15279381,0.39169925,0.5979717,NA20289,ASW,2
-1.8279682,0.05527836,2.128239,-3.9186368,-1.9926009,-2.2184498,0.73837477,3.101685,4.291801,31.123085,1.1781794,4.0578804,-6.043065,-6.671713,-2.865864,4.258565,21.661577,-1.1006626,2.2523859,-15.309219,-9.392513,18.66062,-1.018212,-1.6837555,6.15555,0.97293824,2.9596875,-6.4368668,-6.5125275,0.03271508,0.10786075,0.2752825,0.036138788,-0.9531251,-0.53333706,-2.1457024,2.8598866,4.951474,-0.17377488,-4.78083,-1.1479335,2.8527026,0.368712,-0.36110264,-2.214626,0.24900848,-0.58576083,0.40266702,0.3357562,-0.054172702,NA20344,ASW,2
-2.116726,0.9528041,2.6823118,-4.023875,-2.6372824,-1.3865079,1.2421472,1.8839581,4.626524,31.81934,-0.07272379,-1.2601036,-1.9800394,-0.20559058,0.3790429,-0.31710574,-3.9389846,2.6377122,-1.0911038,0.59383345,7.6937923,-2.9864948,3.3110523,5.3129635,-2.3936405,-0.44401938,-0.240646,2.7461684,1.7195576,9.676881,-5.5299535,-8.676626,-2.346651,-4.4960732,1.5429006,-7.410783,6.8110247,3.3113554,-5.0942893,0.14801438,-2.0882509,-0.19651438,0.011685124,-2.6740696,2.8696845,2.5035825,4.0342813,-3.5858424,-2.296994,-4.8165517,NA20333,ASW,2
-2.568958,2.2940712,2.914726,-4.127874,-1.1952984,-2.3983254,1.6377231,3.106401,4.200296,31.786873,-0.38534588,0.9478053,-1.198793,-2.089416,0.47472996,-2.1178598,-2.0407023,0.18091887,-0.70309466,1.9877479,4.6166587,-2.01797,-4.5138693,0.62364054,3.5386064,-3.1991992,4.9449687,-3.0592835,-1.8207433,-0.047998507,1.9426895,4.421714,-2.9934127,9.3454895,0.87654203,-1.0645924,3.8596396,2.8759406,2.2793574,2.713078,-1.3158752,-0.06346532,-2.1244025,-4.8662887,-0.017186077,-3.2773101,0.78791463,-0.19239242,-0.0012812418,2.8038235,NA20277,ASW,2
-1.7294117,0.6619251,2.7923334,-4.801739,-1.6843435,-1.7874002,1.4854312,2.8828588,3.815632,31.477177,0.5151598,1.7176974,-0.55033624,-0.17794935,-0.985322,0.11199411,-2.7585456,-0.18821616,-1.9351861,-1.5731621,-1.8185437,-0.92721605,-0.822294,0.93322873,-0.085644,-2.682144,-0.75967366,-1.3365439,-0.17950031,-0.47706833,0.10726667,1.2520881,-0.27272865,-1.8872514,-0.65842277,0.54233164,-0.898288,-2.230476,-0.44899115,2.8898356,0.33051884,0.40513703,1.8141071,-1.9388983,-0.26511168,0.52454567,0.21996439,1.2439374,-0.6743678,1.6087345,NA20300,ASW,2
-3.4717581,0.68894815,2.7229226,-4.0271645,-1.2470382,-2.1693318,1.0659963,1.8829353,4.7693543,30.14615,-0.4300858,-0.21603869,5.5992703,1.4785151,2.319749,-0.2907579,-0.79324585,3.0048406,-0.44973135,8.833514,6.217975,-3.9059315,2.2321687,0.48157176,2.7702308,-2.837109,1.5328661,-8.075434,-6.926077,-4.8194537,-5.0496855,-3.002595,-2.0357325,-0.8004667,0.8922304,-2.1816242,-2.5390787,-0.55996853,-2.4310887,-3.6984723,5.4069204,6.4829493,-0.12147749,4.5134306,-5.009748,5.967189,0.18040445,-1.2701561,1.9514573,0.7312566,NA19819,ASW,2
-2.2584124,0.37651643,3.1993945,-4.182091,-1.7935781,-2.9833465,2.6474946,2.6424606,4.1194777,31.88753,1.0225357,-1.5451448,4.1489515,3.0380225,2.9040506,-0.2411492,1.8343168,4.520011,-1.2580677,-2.6196709,7.5574837,-2.1753545,4.224937,6.418604,2.6020937,-0.03775212,-0.34045136,4.4063263,3.1806848,14.16624,-4.518667,-8.692249,-2.6056943,-3.2993624,-0.14920934,-2.5286348,4.8030863,8.486274,-6.8640866,-1.2548891,-1.4585072,-6.937536,-2.086722,1.7262584,1.5835549,0.6268533,2.259921,-2.2604713,-4.4876556,-2.961945,NA20343,ASW,1
-2.7229548,1.1557907,3.162826,-4.804175,-1.7085164,-2.7864978,0.92424756,2.7441137,5.099357,31.82506,-0.62046,-0.25398925,-0.78820235,-0.42021918,0.35647926,-0.7358284,-5.0936794,-0.20570348,0.32410434,0.63928485,-2.0188973,-3.4429326,2.810274,0.67571,0.5600468,0.83011144,-1.1179854,1.8606982,-1.8455136,0.78995955,0.7326757,-1.822803,-0.428112,-2.5695355,0.93363917,0.7214017,1.9269439,2.054318,-0.66105586,2.5274768,0.7807062,-0.027217064,1.8927425,1.4752297,-0.28439134,-0.6844166,-1.8694122,0.76677746,0.99698555,0.057069823,NA19625,ASW,2
-1.9192249,0.25835603,3.392014,-4.5604177,-2.677663,-1.5323951,1.2518858,2.6277988,4.503096,31.871984,0.07137105,0.17270559,-1.4172277,0.61116165,0.9165506,-1.9329351,-3.372121,2.0671873,-1.8637613,0.5360371,8.945499,-4.3749013,2.6362386,8.129415,-1.6802357,-1.443032,0.074347936,3.417211,1.5037959,11.793407,-5.22339,-9.12503,-3.152004,-1.9213636,1.5068091,-6.6674933,6.397312,6.002715,-7.269401,2.1389408,-2.273529,-1.7039702,-1.3406221,-2.9523141,2.6984856,3.9721277,5.618046,-3.7167962,-2.4994717,-4.2556515,NA20332,ASW,2
-2.3219244,0.57908803,3.077741,-5.6077676,-2.2103913,-2.2659936,1.6017418,3.4548633,4.897966,31.959665,2.148718,1.6899709,-2.3865619,-1.3375618,1.4044898,3.2278478,2.0618613,-1.5373857,1.5934137,2.208344,-1.3494471,3.0826752,2.346565,-5.263375,-1.7651378,-4.145208,-0.6215306,-0.31170756,0.043968797,-8.200902,-5.136485,0.19234662,-0.86972415,-1.9536887,2.359327,-2.027996,-7.2032576,-8.072651,-0.86935145,0.73526525,-4.0313363,-1.262505,1.414269,-1.7221837,5.0191455,-0.9127239,3.9203508,-0.5387028,-1.8903463,0.84397894,NA19700,ASW,1
-2.0291438,-0.038455114,2.5685267,-5.209128,-2.1111953,-2.060434,2.326438,2.1013117,4.485627,32.489986,-1.0067149,0.9702901,-3.3041866,-2.6251779,-0.7857327,0.18928389,-1.7324486,-1.8039331,0.5734164,-5.9665956,-1.6245277,0.044980567,-0.42461276,-1.0039767,-1.4511685,3.5309527,-0.108064204,2.1012936,2.8142917,0.17685334,-0.12835556,-1.6395909,3.2424564,0.18552762,3.9724138,-1.2902395,-5.687088,-2.7309904,0.25116897,-3.280086,2.6172805,-7.3876114,3.856122,3.3473399,-2.8488934,-0.051571812,0.75500137,-3.2931468,0.90133166,-0.16568463,NA20291,ASW,1
-3.156461,0.39617276,2.5659552,-4.7330246,-1.4060518,-2.2055457,1.1587603,3.30034,3.8205378,30.82828,1.2116637,-0.529417,3.1120188,3.807818,3.8423846,1.1987135,3.1864998,4.751347,-0.18046091,-1.6185831,3.8535092,-0.18705477,2.730032,3.6354814,4.2350407,-0.030115554,0.18004096,1.6588287,1.4922184,7.738519,-3.020952,-4.098347,-1.5149004,-3.4027462,-1.2457385,-1.0849794,2.1379912,6.2446723,-3.6620023,-2.19397,-0.9234007,-7.2404027,-2.249995,4.6726646,0.8868478,-0.8512924,0.7087869,0.4505148,-5.0236545,-0.352553,NA20342,ASW,1
-2.411896,0.73805237,3.032924,-4.5208626,-1.2891008,-1.6719366,1.9608058,3.4939175,3.9472575,31.187256,0.935162,0.59296244,-3.229023,0.7618961,8.888754,7.9346766,5.5969615,-1.681731,20.224535,20.87368,1.6731372,9.334327,-7.724938,5.3713956,-10.021618,6.2026916,-1.0204353,4.53452,-1.7418996,-3.9490395,-1.4337767,5.1398635,2.3500087,-3.5872972,-0.8419801,2.2215521,0.770509,6.1326375,2.610375,1.5199656,0.89548707,-4.3335595,-2.5186834,3.6894207,2.2172177,0.5814376,-1.7069951,0.08125681,-0.09678594,-0.55853486,NA20334,ASW,2
-2.8622935,2.027183,3.6200528,-4.680377,-2.1464972,-1.197087,1.9610134,2.8273897,2.9555492,32.558117,0.47447163,1.8967831,-4.7252374,-2.8019807,-4.1233826,-0.47446147,-2.360843,-4.419673,-2.0656524,-1.8986106,-3.5742264,2.1886168,0.5826067,-2.4813704,-2.2887533,-0.7842679,0.75623333,4.207342,0.21606266,-5.151373,3.5027251,-0.9074871,-0.17755376,0.24286158,-1.2037325,-5.363651,-2.273478,-5.7085657,0.70436937,2.829908,1.3557143,2.477327,0.40381992,5.3954406,2.4632971,-0.35329983,-1.9259938,-3.0900083,-5.4197206,-3.431482,NA20356,ASW,1
-2.0075595,0.4055892,3.0829034,-4.8221025,-1.9492731,-1.7493129,2.0770752,2.758294,3.8451133,33.081493,-1.5328236,-0.31486347,0.84831053,0.0038292534,0.28212687,-1.2615525,-1.8508905,-1.1195081,1.8552881,-3.693595,-0.43056038,0.9478381,1.3246932,-0.4905026,-0.7465156,2.6717966,1.4580992,2.3137643,1.3877169,0.13660115,-0.010602812,-0.55191606,1.6483492,0.7959837,3.1222343,-0.9618349,-5.945957,-1.6838143,0.5100194,-1.9474638,1.9753525,-6.145644,4.428241,4.073406,-3.4219902,-0.58126473,0.12619261,-4.375322,1.4437513,-0.9539301,NA20292,ASW,2
-2.2791097,1.4519002,3.0810618,-4.221184,-1.972968,-1.6591945,0.84569204,2.418762,3.6878302,31.624882,0.7641084,4.6392927,-7.3084893,-7.185586,-2.2092402,1.6173459,13.830103,-0.47956273,-0.011191327,-9.480418,-6.107905,12.945842,0.39195943,0.21166551,5.5102324,-1.0313187,4.2569,-4.0161786,-4.76818,0.7375491,1.0687467,-1.3450546,0.25658143,-2.0096343,-0.5298012,-1.0166576,3.3217132,1.4289787,-1.0775205,-2.3239238,-2.0830927,1.6485167,0.06505336,-0.052437603,-1.3347836,-0.9546095,0.27594692,-0.08970484,1.726045,-0.0006153082,NA20350,ASW,1
-2.2021267,0.64735764,1.998805,-5.4036255,-1.5870595,-1.925257,0.45000908,2.2469792,4.593128,32.353943,0.48015654,-1.3792888,2.378843,0.23090799,-0.8552391,-0.018965129,-4.6052594,1.705411,-2.0211565,1.3141553,18.937843,12.401208,1.2813432,-7.4289527,1.2560023,-11.241675,-10.00466,-9.239178,5.5477204,1.9966624,4.084941,5.9265103,0.05194836,3.1168714,-0.7189671,1.6088858,0.5668907,-2.752458,4.317418,1.5834571,-0.34700337,0.31469226,3.2332034,-3.8106444,-0.042954735,5.074648,0.6568927,2.9886844,-1.0551051,-0.75539947,NA19983,ASW,2
-2.4618819,0.9662875,3.1330054,-4.3493657,-2.1033697,-1.784182,1.8520312,2.887363,4.304717,31.724329,-1.7674971,-5.048725,19.217018,16.021576,-3.4171968,0.78793293,-5.318583,-5.124613,6.2855935,-8.288365,-5.694182,4.738982,-1.9143258,-0.59259564,-1.6061535,5.044906,-1.1104068,-0.5591061,-0.5516221,-0.2648754,0.74777603,-0.44404647,0.8686689,-1.0210817,-0.34452534,0.18919612,0.68943566,1.7455755,1.9244606,-1.17416,-0.81811893,2.856606,0.2993398,0.5831506,0.76773185,0.7611156,1.276719,1.6362098,-0.16862914,-2.6328623,NA20279,ASW,1
-2.1834435,1.2405497,2.3603349,-4.6585174,-2.4048436,-1.5245417,1.7100451,2.5105188,4.6918936,32.139366,0.69502205,-0.22960685,-3.7893693,-1.3862416,1.664105,-2.1967022,-8.805961,-1.1497943,-0.9807899,0.29531774,0.6874544,-2.7583964,0.1494718,1.5768042,0.57484376,2.3809412,2.8394794,-1.1578416,5.1576743,2.2490888,5.6136546,-0.8689314,-0.078410126,4.7756524,3.0823731,-0.33012903,-0.95410407,-3.0722566,-0.3994064,-2.4362109,0.6304809,2.755115,-0.40050772,4.653993,-0.8332525,2.974899,-6.810298,6.592624,3.4511778,-1.7268884,NA20288,ASW,1
-2.0792308,0.8052963,2.7216628,-4.0761805,-1.5153507,-0.72690696,2.3607411,3.4327936,3.6781201,31.730988,-1.5116943,-5.657854,19.880625,16.924217,-2.8201663,-0.84153575,-6.1182904,-2.3748486,4.901532,-8.361445,-5.0741215,3.326303,-0.8542295,-0.6652947,-0.97418475,2.9758675,-1.6241096,-1.3015723,-1.6490166,1.0302966,1.290557,2.5814734,1.0420502,-0.7081674,0.46398026,0.6503461,0.9029533,2.0033164,0.18688583,-1.3938363,-1.3071594,0.789078,1.3360425,-0.4844317,-0.09265328,-1.2483515,0.3395708,-0.49669778,-0.53637844,0.40469602,NA20284,ASW,1
-1.6853195,0.5870324,2.1414518,-4.263592,-1.9384466,-1.9949617,-0.024719553,3.2445774,5.565485,30.221586,0.17312618,-1.6602912,-0.77262616,-0.18445498,1.0319757,-0.113187216,-3.75667,-1.7304217,-0.27150977,-3.6478755,0.641374,-0.21764354,-3.0992153,1.434533,0.25119284,-0.842619,0.47348833,-2.511476,0.38560355,2.044055,2.3937411,-0.7449886,-0.08145046,0.27622706,1.3738761,-1.0765005,0.77247703,-1.6061076,1.2166178,-1.1859063,-0.86837816,1.54255,0.19456817,-0.3272226,-1.4401386,1.2470143,0.52611065,0.6848506,2.0531604,2.6905606,NA19712,ASW,2
-2.230966,1.4604685,2.0813286,-3.4675884,-0.74509084,-2.055251,1.5009072,2.2451925,3.43624,32.139202,-1.9246533,0.70240986,-0.46035844,-1.7403678,-0.2911907,-1.8266003,-3.1068065,-0.28091913,0.9496916,-2.034008,-0.89411527,1.87639,-0.82700336,1.3069289,0.7130526,0.55728656,-0.5217443,-1.9217501,-1.0091943,-3.4574711,0.7794592,-1.0252411,-0.050552074,-1.0442275,1.9995081,1.7011046,1.4439934,1.3567705,-0.39006615,0.110904485,1.7108818,1.4781566,0.07656798,0.8969074,0.27236027,2.457406,-1.5094225,1.1601701,1.8474758,-0.23159482,NA20322,ASW,2
-2.7044365,1.0397646,2.3582366,-3.8368387,-2.065737,-2.2298362,1.573119,1.554341,4.8295,30.853159,2.221365,0.052014917,-2.0131745,-3.0262,-1.6354706,-0.8696741,-4.0266376,1.0910892,-0.6185781,-2.0635514,-2.1369548,-4.111365,-1.5139793,-0.7582068,0.3039881,3.4451768,0.16682804,-1.902918,-0.33601403,-0.77500767,-0.5508806,4.6335316,-1.5059923,-1.6132847,1.2962384,4.4607787,-3.1487699,2.881018,-4.1848583,-3.9396303,0.9125925,-1.762089,-1.8157774,-0.23898952,-4.228655,1.455204,0.14945413,-2.2088475,3.1387641,4.0615983,NA19704,ASW,2
-2.8634253,1.3825047,2.0511518,-3.4047031,-2.289106,-1.1797541,2.1295865,3.5723584,3.8864262,30.865034,-0.6330495,-2.8449328,3.8947554,2.338206,-1.2843251,-0.105487786,2.2045887,5.5338297,-1.3607953,3.1521747,12.208705,9.633439,4.7552524,-1.6311587,3.2987897,-7.0457015,-5.6579313,-3.8864453,3.3162878,1.7609725,5.507964,1.9037361,-2.245065,0.8054999,0.28851137,2.7268171,1.2440101,-0.7010125,0.19681107,2.108908,-0.34564808,-1.7170761,-0.40736312,0.07575886,-0.26363882,1.2519675,1.7705331,0.75414807,2.2473493,2.0896244,NA19714,ASW,2
-1.5729947,1.330477,2.7721126,-4.660206,-1.6203518,-1.2506473,1.2608967,3.2501948,3.9471734,32.654987,0.4872884,0.7382377,-1.5381974,-3.5284414,-1.0018389,0.30309936,-2.8412266,-3.773572,5.84061,2.4247584,1.2112738,4.911909,1.5161338,-4.3352094,-1.4319407,-2.58829,1.4565184,-0.4325277,1.6758431,-6.3625584,-4.235649,1.189711,-1.0004557,1.5704457,1.5005255,-1.980707,-6.283123,-6.318714,0.22023049,0.034326665,-5.847337,-2.9268682,-1.4572186,-3.7327917,2.051472,-2.5928435,-0.4771667,-4.168649,-2.5932176,-1.3006908,NA19701,ASW,2
-2.698516,2.0702846,3.7206142,-4.523713,-1.2681174,-0.53251016,0.9933233,2.940762,3.2197351,31.525677,-0.5641944,2.1120102,-5.631966,-4.411227,-3.2081351,-0.20693816,-4.2025104,-3.4002953,-3.7801661,-1.3269738,-2.9491355,4.851209,-1.0006704,-1.6663916,-0.35400555,-2.262091,-0.13960212,7.200177,2.2789967,-5.839021,3.8321683,-1.7237262,1.2978507,-0.03943911,-4.966225,-7.589426,-3.0433793,-7.247411,1.1208211,5.831866,5.1235576,5.1165676,-2.8217633,4.7704024,1.6573263,1.2335564,-2.8271718,-4.7064643,-6.202711,-5.6876497,NA20358,ASW,1
-1.2157389,0.9769633,2.0681303,-4.508048,-2.0238338,-1.1205428,1.9078377,3.7959535,3.1759946,32.49998,0.26764405,-3.4378977,10.278624,9.612587,6.884301,-5.6537533,21.371864,4.9181237,-7.6070423,0.5576569,-0.9883987,-13.054882,-0.029381916,-1.5825299,-3.4720433,1.3697327,-2.3685007,6.5231357,3.3696997,-6.7425456,2.62445,6.332834,2.929904,3.8307316,3.6089582,4.2558904,-2.2626626,-0.19886242,-0.3036895,-6.5715275,3.7502139,5.078266,0.028521055,-1.9090308,-3.1622975,1.9765298,1.7023602,1.9269478,-0.21580063,-1.9721541,NA20363,ASW,2
-1.9122691,1.2185817,2.0366862,-4.7028155,-1.6322578,-1.6952823,1.0776786,2.535591,4.513659,32.630695,0.14980087,-0.94136375,2.403282,2.3854952,4.3022947,-2.1533694,12.141782,2.399501,-7.2079873,1.7739978,-2.9050784,-7.0040364,0.27505726,-1.7747941,-2.6711252,0.6557317,-1.4346282,7.011779,5.3809147,-4.888614,3.1683726,4.2596254,3.9840415,5.612898,1.1038435,3.6426582,-4.5335774,-6.125578,-1.4455277,-2.9277282,0.1587701,2.9044635,-4.1154203,-4.3919635,-1.502957,2.3078568,-1.723943,2.152944,0.48013723,0.94117266,NA20360,ASW,1
-1.899138,0.8148126,2.7426035,-5.188648,-2.2868934,-1.3904345,1.5384275,3.3048193,3.7138882,32.13649,0.6536679,1.0775453,-2.2921202,-2.239391,-1.9947176,-0.123917505,3.9476697,-2.470848,-3.8911047,1.9622259,-2.5594702,3.6269448,4.389971,-0.057213794,0.552229,0.67430496,-2.032294,3.1825454,-0.75495034,-1.8678032,2.4593835,-7.283684,3.3859198,1.136743,-5.3860254,-4.2295423,1.2848574,-3.2701983,1.8146027,4.1792674,-4.4306254,-0.9957975,-1.4457167,2.0240793,-1.0652019,1.3632627,-4.000528,6.5160556,-1.1178316,-1.7791471,NA20129,ASW,2
-2.321506,1.7332611,2.58554,-3.9329953,-2.4526074,-2.0445104,2.1274693,2.3977199,4.3144627,32.2059,2.4468088,0.9643047,-2.7004726,-4.8320193,-2.308436,-1.6481692,-6.6834373,0.7600851,2.1688008,-2.2664378,-4.201377,-4.3096666,-1.7885362,0.24138106,0.16395481,2.8744986,-0.69098747,-2.7835774,0.97827476,-1.5980861,-1.9707716,6.0955215,-0.5567983,-2.5515764,1.7953571,5.929299,-5.875062,4.08786,-8.06113,-6.847296,2.2408717,-3.295486,-2.8883274,1.9143788,-3.5859122,4.91775,0.20969535,-1.5248162,3.8646626,3.6660228,NA19705,ASW,1
-2.3283625,0.40916535,2.353799,-5.5329385,-1.4290396,-2.424635,1.5343302,2.409189,4.0975375,32.449265,0.32981104,-0.04093328,2.8574097,1.0178332,2.0615125,0.12205626,3.3917322,6.0883465,-6.209654,4.554832,-8.643836,-10.809101,5.46231,3.933996,7.956896,-3.2057548,1.0869718,-9.035163,-2.5230472,-5.3397083,-9.059034,-3.992189,-3.7059512,-11.036457,-0.015392514,-0.6820553,0.56261873,2.7441638,5.5527787,6.2987137,0.7521487,-2.9769008,3.6919427,2.7451575,7.2726293,-5.750644,-0.28562194,2.8034065,-0.5876151,3.2702491,NA19836,ASW,2
-3.050978,0.08390906,2.1134193,-4.4544764,-2.6975648,-2.0154247,1.7585392,2.4598813,5.142098,30.273043,0.030960497,0.87582934,1.6847774,2.0490434,-1.987392,1.3690374,1.3748822,0.7739018,-0.99898034,3.3543894,3.327976,-0.3494709,0.25066543,3.0588317,0.07696638,0.5340302,-0.7074301,-0.26303676,-7.3835983,0.6571328,4.5031357,-5.753967,-2.5795472,1.6215225,-4.5653186,7.694639,4.7970595,5.9904857,-3.0035813,5.705699,0.7788568,1.2018526,-1.8945335,3.2791562,-4.3510613,-7.1023893,3.3389752,-0.761228,1.8374714,-0.2555868,NA20319,ASW,2
-2.6382298,-0.69424516,2.288805,-3.6398923,-1.2979585,-1.3223517,1.4278861,2.571823,4.2874327,32.5567,-0.24481878,1.9168047,-3.5342689,-4.8040366,-3.1769364,1.7350135,14.915396,0.119069144,-0.2904884,-11.618522,-7.7981896,12.209388,-1.1464611,-2.3085666,4.3498783,0.49550885,2.5486627,-5.7116446,-5.2281632,1.4039303,0.8512985,0.4073768,-0.37439612,-0.49750623,0.53640014,-1.9391963,1.951336,3.2516258,1.5606992,-4.1760545,-1.016646,2.9465787,1.7046152,-0.12949765,-2.6094012,0.32248995,0.4011027,0.49886248,0.88005555,0.8440253,NA20345,ASW,1
-2.1638095,0.97344124,2.3835855,-4.3577657,-1.5595535,-1.2889931,1.1188464,3.3356166,3.4445329,32.560253,-1.880655,-6.0545053,14.958939,11.578526,-2.852022,-0.06818114,-7.174876,-2.0435462,2.192751,-5.8803086,-4.193541,4.13302,0.29210082,0.67799896,-0.6753456,2.1087644,1.0283501,0.27203658,1.3511411,1.2442545,1.1652166,0.4683767,1.3006814,0.17082818,-0.641485,-2.959325,1.0580637,-3.4783018,-0.92767215,1.3444583,-1.1852849,2.164944,0.74219424,-1.1415476,3.7962315,0.24812095,0.30783615,-0.5818545,0.39638776,-0.4252556,NA20302,ASW,1
-1.8055557,1.419623,2.9105477,-4.5977306,-2.4692247,-1.1142824,0.47758347,3.0744922,3.6301193,31.860714,-0.9817917,0.23113658,-2.0133133,-2.7713182,0.38591298,-0.36236754,-4.022818,-0.015227392,1.2277039,-1.0861866,-0.7867122,-0.70601416,-0.32981902,2.059419,0.4246951,0.0771557,0.79322743,-1.0071874,1.4568594,-0.26781708,-0.56876326,-0.12370252,1.8645166,0.7496394,-0.5020447,-0.61091936,-0.047783926,-0.4404432,-0.96672535,-1.8340148,2.035383,-1.8114241,2.8742971,0.7665745,-0.7847195,2.302974,-1.6921221,1.5422965,1.2568436,1.2874401,NA19711,ASW,1
-1.5067867,1.0659636,2.1382167,-4.8756967,-1.6727133,-1.575084,1.2027869,3.307376,3.8086803,32.307632,0.6612937,-0.9998756,-1.547147,1.2668262,3.311784,-1.3363014,17.259336,2.6133008,-4.506854,-2.4122152,1.7475996,-6.6948614,2.1419835,0.67493004,-4.221904,0.49485934,0.7773104,8.932909,2.2247922,1.0804075,0.25609592,2.3220274,0.35121,4.732822,0.03396405,1.7135482,0.15507755,-2.525986,-2.3264015,-1.0916462,2.4013855,0.5714437,-1.4880089,-3.8984017,3.6110692,2.0626667,-1.4234998,-2.2079248,-3.2933085,-0.40177393,NA20347,ASW,1
-1.9454561,1.0944958,2.9525726,-4.7393384,-1.3344301,-1.968806,1.4914303,4.4766974,3.4501853,32.082085,1.6569005,1.2022544,-3.8888958,-3.7500677,-0.5967795,3.7626412,-2.593586,-4.136453,5.6663504,3.1542573,-1.14593,5.5185213,2.5904589,-6.523399,-2.4560902,-5.0010786,0.2933007,-0.62700754,0.74654675,-9.629613,-7.099617,0.33764407,-1.1621442,-0.6206746,4.4381657,-2.891382,-9.663874,-10.378915,-0.7996894,-0.38426024,-6.024187,-3.2305813,-0.1911571,-2.099384,4.1853504,-2.489221,2.8067923,-3.6537776,-1.8159013,0.35830772,NA19702,ASW,1
-2.1914194,1.3024753,2.385031,-5.249981,-0.9289127,-2.0111132,2.4203043,3.0700366,4.8305697,31.40725,-0.39319867,-0.24754961,0.47643146,-1.6011767,-1.9011145,-2.3734093,2.6094625,0.19920586,-1.458864,4.6689367,-0.96951103,-2.412352,2.6994467,3.5802102,0.9550365,-0.95851976,4.9552035,-1.7061931,-8.847121,4.200951,6.159665,4.6581464,-2.622552,11.791745,-2.6678717,1.5075562,5.894269,-6.0528398,-2.0837312,8.604656,-4.321204,-2.992406,-0.29945785,-0.66494375,-3.1322103,-6.8435183,0.036991246,-1.4279916,-1.8742836,0.57988447,NA20126,ASW,1
-1.0545017,1.2068318,1.7350715,-4.2431173,-1.6647052,-1.4912678,1.5641029,3.3199668,4.265876,31.486557,-0.93887466,-3.0518334,9.66123,8.705457,6.5871377,-3.9854426,19.230291,5.1881843,-4.972842,2.0149643,-0.23910151,-9.744304,0.953543,-1.7160957,-1.4527603,0.5851418,-4.3473454,3.4949768,3.231725,-5.8050776,1.5403447,4.7420616,0.62965673,0.6972068,3.506661,4.0644026,-2.0565941,0.46642742,0.7064998,-5.5654106,4.4375267,4.452592,1.263591,-1.5272595,-3.9017015,1.3052402,1.7584075,2.15044,0.31759787,-2.8898754,NA20364,ASW,2
-1.4042974,0.82856256,3.1960125,-4.5441847,-1.4657251,-2.0145793,1.6667701,3.097711,4.132363,32.805115,0.17026328,0.49290642,-2.2886808,0.85879946,8.632394,5.790984,5.942744,-2.3203285,20.102114,19.843647,2.2568932,8.456896,-6.5962057,4.8516603,-11.188681,4.477492,-2.2664514,4.0461802,-2.411132,-2.337485,-1.7907923,3.5007706,3.804817,-3.8499162,0.3313709,2.026316,1.3067304,4.328162,2.5408885,1.7817119,0.03365771,-3.9863706,-1.3721825,3.9207506,1.2602534,1.9505739,-0.48877928,0.49368048,0.5512385,-0.18799691,NA20336,ASW,2
-2.582603,1.0827004,2.3802965,-4.356044,-1.7765827,-1.6827607,1.8345954,2.550445,4.583204,31.788097,0.11791827,-0.7907455,0.009598572,1.8716707,1.0114367,-0.72562313,2.3543813,1.9116496,-0.9665177,2.2652912,0.48777723,-3.781061,0.7791284,-2.6523542,2.0151243,0.1614949,-0.18974423,4.4510846,4.8507257,-0.20227897,-0.49192607,1.6443213,0.20391327,-1.9622028,-1.4064591,-0.9022837,0.5462259,0.5265203,8.708681,4.2724767,-6.1000624,-7.3355217,0.8971279,-3.6075633,3.3350475,-9.340812,-4.2274947,-3.0570924,0.9820449,-1.2174888,NA19915,ASW,1
-2.220243,1.2186322,3.2893562,-4.239032,-1.9610912,-2.0863185,1.499362,2.9425063,4.385078,30.974276,0.05283436,-0.68917197,3.4365084,1.0288416,0.48835564,-0.9568074,-0.9401661,1.0189298,-0.88317984,0.30949077,4.468259,2.5118427,0.53632396,-0.54839987,1.9838083,-1.4916838,0.7181956,-0.6160582,-0.23937608,2.0569649,-0.11162394,2.447195,-0.51890206,1.8092583,-1.1709479,0.7283301,1.81338,-1.6692586,0.44141844,1.0907102,-0.85642546,-2.0447383,-2.9129276,-1.378471,1.6952126,-2.806445,-1.356826,-2.5135317,-3.372816,4.018916,NA19708,ASW,2
-2.4209678,0.96644634,2.9844432,-4.2883306,-2.3676703,-1.8630049,0.13188793,3.0401888,4.3929996,31.275047,-1.9103469,-0.20409921,-6.8424816,-6.0078545,-1.536426,-1.7312869,-14.652106,-4.6361513,0.23968798,3.8721907,0.37557527,-5.465501,-5.849227,1.1577085,-1.9881917,3.191216,2.7628539,-4.413519,-4.65257,-7.6224837,-0.67192775,-0.03674331,1.010121,1.01415,-0.74819976,-2.2829442,2.9696658,1.4058747,4.034626,-5.6284847,-0.05933692,7.124097,-0.54563725,-7.423235,-2.1685483,0.08810868,-0.9889141,-0.32175836,0.13855167,-0.07989369,NA20341,ASW,2
-1.7000347,0.70810777,3.0264392,-5.28614,-1.8649142,-2.1383152,0.7664931,2.368187,4.124311,33.506386,0.02538155,4.030286,-5.868596,-4.5299544,0.8378403,2.3681045,-1.9176885,-1.0434842,-0.28508234,-6.1153903,-1.9873022,-6.137668,-0.0056266855,-3.5897655,-5.9345555,0.30753216,-2.4031415,5.7808204,8.209079,8.815687,-5.1385183,-3.2636433,3.509309,-0.29437175,3.6683211,2.775689,-2.1010664,10.57151,-1.5789444,-6.2104816,-1.3983942,-3.8004954,-1.2948778,-1.0471301,-0.0178478,-1.2638346,5.6463885,-2.8487349,-2.686369,12.729925,NA19918,ASW,1
-2.6869242,0.6733305,3.0272858,-5.6466084,-1.505882,-1.1280826,1.7586384,2.0662978,4.4722896,32.174576,-0.6228571,-2.8124738,9.064989,4.891563,3.269399,-0.52724534,3.9994915,5.7439833,-2.727427,11.935717,8.508367,-6.0004516,3.8610456,1.3717711,8.106181,-4.0933504,1.6571677,-8.47563,-7.4096546,-5.727883,-6.57101,-4.530009,-2.8043902,-1.0330234,-0.43462807,-2.6211388,-3.2353084,1.181341,-3.5731027,-4.3578205,4.4614244,5.965424,-0.9395667,4.613485,-5.303516,3.929575,-1.8097746,0.28562614,1.558007,0.30028117,NA19828,ASW,1
-2.312405,1.7309793,2.4485989,-4.1555448,-1.6320413,-1.9797077,0.98066103,2.7835054,4.0298944,31.68561,-0.020787967,-1.768998,0.23384304,0.59731734,-2.016513,0.20873603,0.8556236,3.5925822,-2.9040759,1.6158582,15.59612,11.882633,5.643252,-4.0487223,2.188665,-9.987148,-8.260885,-7.336733,6.5862913,3.5669188,5.9496613,5.3618255,-1.4046394,2.0130885,-1.4738313,2.575128,0.14024478,-2.7569284,1.8831065,-0.13235775,-0.6763844,-1.6574683,0.049485635,-2.2033956,0.28062993,3.6998,1.5585856,-0.28403363,2.5167644,1.2172308,NA19985,ASW,2
-2.4791167,1.9081656,2.8398554,-4.8239937,-1.2171072,-2.236455,1.9031011,2.4282334,3.851463,32.14114,-0.48878354,1.2706039,0.05795724,-3.0324023,0.9385979,-2.2508168,-2.6959395,1.267075,-1.4628915,1.129516,4.8453846,-2.3230424,-3.75298,0.35355967,3.904104,-3.1509936,4.3991084,-4.363764,-2.968314,0.41243783,1.8671895,3.8661919,-3.2632844,8.657839,2.078376,-0.36007947,4.631576,3.3225749,2.6818297,3.0190933,-0.34818625,0.2884652,-2.328843,-5.13233,0.62509805,-2.4250283,1.0047857,-0.098723374,0.21348824,2.1808708,NA20276,ASW,2
-2.1123962,-0.08669052,2.6171575,-4.0907435,-1.8340458,-1.8259223,0.82519484,2.3783882,4.262216,31.870466,0.115584426,-0.916766,-3.176306,-2.4367507,-0.4000352,-0.79815966,-0.8177767,-1.5207484,-1.2568252,1.5599021,-2.3152118,-5.829666,0.9908269,4.5571675,-1.0754349,2.3741388,5.0382166,0.025825921,-3.155771,2.4157884,6.840096,5.4105964,-0.9013198,6.3115325,-1.5821487,-2.771062,5.4530168,-2.819589,-3.1942198,5.6628704,0.15921977,0.2453636,0.20096625,-2.984303,0.7116812,-0.9054082,1.8144367,1.4875995,-4.673985,2.9460397,NA20127,ASW,2
-2.1805563,0.037135106,3.65393,-3.9749663,-1.7295142,-1.7277675,1.5689846,2.4259744,3.998539,29.79403,0.37673348,-0.2718106,0.81002754,-0.36092374,0.40156475,-0.30257922,-2.9549534,0.49783322,-0.57809144,2.2164662,1.2207152,-1.1180987,-2.9270244,-0.5829936,2.5635567,-2.119017,-0.34537446,-3.8629289,-4.1268926,-1.8988464,0.8001366,0.8676037,1.2253516,3.155626,-0.65034026,-2.895249,0.19404899,1.8477026,2.0823448,0.38880932,2.6682348,1.4691476,0.6663957,-0.16518676,-0.008563788,0.2866375,0.37688115,-1.8942096,-1.954252,-0.36440727,NA19984,ASW,1
-2.1971154,2.0086923,3.7382357,-5.3564634,-2.0458097,-1.5443426,1.1253233,3.1253762,4.5060287,32.372135,-0.107520275,0.10889888,-4.166313,-1.9869838,-3.0092838,-1.1493284,-4.705714,-0.75943035,-0.40071908,-1.8952117,-0.58990055,-0.091138385,-0.37043017,0.6194884,-0.4002825,0.95799464,2.8508773,-0.21913074,1.7251118,-1.0538838,-1.3391576,-0.4787203,0.5771352,0.7045326,-0.23229723,-1.8869982,0.7439988,-0.56976485,-1.3401186,-2.0306463,1.1832273,2.255668,-3.1549017,0.514345,0.51485854,1.4714217,-0.24373202,1.2111348,-0.32851928,1.8481458,NA20298,ASW,1
-3.096718,1.3599137,3.4134526,-4.780011,-0.689446,-0.69573516,0.6659224,2.9402387,5.09862,32.20906,0.4270744,0.7383401,-0.8318521,-3.0637295,-0.0902539,1.9320481,1.0321373,-2.7206259,-0.4733516,-2.648809,-3.8459437,6.0909333,0.6144722,0.83602655,4.500573,-1.1100785,1.2928395,-4.1386642,-3.5893989,-2.6459134,-0.11638875,0.8119647,-0.9726704,-2.787524,-1.2951872,-2.4549305,-0.07978291,2.3298273,0.7822178,-1.4618306,0.67981935,2.5083542,-1.4904238,3.9958215,-2.383293,-0.8505056,-0.082691915,1.0690923,0.65304285,-0.7176219,NA20351,ASW,1
-3.2656054,1.7451401,2.9964323,-4.354102,-1.5692306,-1.9265978,1.8898894,2.9615157,4.047932,30.644964,-0.86959314,-0.21342726,-0.35379228,-1.5584364,-2.954962,-1.1097125,-6.8019276,-0.8754636,-2.4611216,-1.1413528,-1.7665682,-0.6393697,-1.6667668,0.50648105,0.122118525,0.29417962,2.5367956,-1.118446,-4.6703367,0.30377814,3.4373338,-2.61856,-1.5414274,-1.4031771,-1.4219797,1.3385706,1.3506525,-2.084767,-0.47879478,1.5910813,-0.58933556,-0.92635626,-0.10962434,3.6345901,-1.8477746,0.94494754,-1.3926345,-0.046984307,0.8146668,-1.2460295,NA20412,ASW,2
