CHR,SNP,GEN_DIST,POS
1,rs2185539,0,556738
1,rs4475691,0,836671
1,rs2272756,0,871896
1,rs2341362,0,917172
1,rs2710888,0,949705
1,rs9660710,0,1089205
1,rs3813204,0,1110877
1,rs11466668,0,1132589
1,rs35878953,0,1139524
1,rs4970364,0,1164145
1,rs6673601,0,1186334
1,rs12073590,0,1195018
1,rs6667923,0,1196206
1,rs11260577,0,1200334
1,rs10449893,0,1244993
1,rs35424002,0,1259849
1,rs35242196,0,1323461
1,rs11488462,0,1343243
1,rs28430872,0,1539468
1,rs3737626,0,1712445
1,rs12090110,0,1747197
1,rs9786942,0,1749073
1,rs6692959,0,1768896
1,rs12403351,0,1769090
1,rs6681938,0,1771080
1,rs16824500,0,1783072
1,rs11260624,0,1799369
1,rs2748986,0,1837716
1,rs2803316,0,1855158
1,rs2279702,0,2224492
1,rs2840542,0,2281540
1,rs1998760,0,2386996
1,rs12045425,0,2399095
1,rs7512269,0,2408485
1,rs6661956,0,2455772
1,rs2147905,0,2472781
1,rs2764845,0,2518859
1,rs11486029,0,2545871
1,rs4648481,0,2739576
1,rs2485945,0,2873792
1,rs2027262,0,2916239
1,rs6665853,0,2971701
1,rs2993486,0,2983498
1,rs7525173,0,2986056
1,rs17390062,0,3079709
1,rs2817134,0,3088575
1,rs10909895,0,3103540
1,rs16823551,0,3131476
1,rs2455118,0,3152069
1,rs2483266,0,3225901
1,rs1108600,0,3230995
1,rs1110307,0,3241019
1,rs16824338,0,3246062
1,rs2483256,0,3259688
1,rs12058363,0,3302968
1,rs11578011,0,3308392
1,rs2493264,0,3343809
1,rs9970944,0,3444452
1,rs2794341,0,3485841
1,rs10909990,0,3529341
1,rs2224718,0,3565920
1,rs732901,0,3576110
1,rs2368540,0,3615628
1,rs1181878,0,3670503
1,rs1181875,0,3671691
1,rs1175551,0,3678505
1,rs7513053,0,3699347
1,rs2275831,0,3735784
1,rs2298225,0,3745934
1,rs10909804,0,3760789
1,rs10799202,0,3913478
1,rs12032575,0,4070038
1,rs6702633,0,4096895
1,rs16840831,0,4100029
1,rs4654492,0,4101675
1,rs4654418,0,4138888
1,rs6679220,0,4359549
1,rs11802243,0,4466337
1,rs608203,0,4481445
1,rs607850,0,4481483
1,rs11809295,0,4498133
1,rs12092980,0,4506331
1,rs12083135,0,4623702
1,rs10915579,0,4623873
1,rs12138000,0,4631992
1,rs368808,0,4706241
1,rs875402,0,4750517
1,rs1883347,0,4782955
1,rs2181699,0,4787872
1,rs12403612,0,4911150
1,rs7554632,0,4922804
1,rs4847581,0,5218042
1,rs7516132,0,5252408
1,rs11582323,0,5389802
1,rs11576460,0,5398185
1,rs2355,0,5402847
1,rs10907219,0,5476057
1,rs9662668,0,5476636
1,rs12123786,0,5486174
1,rs12027231,0,5488881
1,rs12033085,0,5494446
1,rs17028235,0,5546207
1,rs4845803,0,5568016
1,rs17467353,0,5629147
1,rs6675989,0,5630050
1,rs770703,0,5667926
1,rs770705,0,5669771
1,rs2244632,0,5703284
1,rs9661673,0,5863237
1,rs2134551,0,5884457
1,rs2011197,0,5942458
1,rs875574,0,5949754
1,rs11121065,0,6010951
1,rs7520094,0,6026210
1,rs1883771,0,6052451
1,rs3789531,0,6067501
1,rs3810990,0,6085232
1,rs6703057,0,6109673
1,rs1883606,0,6129804
1,rs6660500,0,6345346
1,rs3176900,0,6449513
1,rs1556035,0,6502194
1,rs3747995,0,6569502
1,rs277682,0,6708026
1,rs4908427,0,6898813
1,rs6577427,0,7236818
1,rs2796477,0,7430229
1,rs1193180,0,7491569
1,rs3011936,0,7697922
1,rs226484,0,7911873
1,rs161810,0,7923384
1,rs12077723,0,7945411
1,rs225132,0,8018087
1,rs7545677,0,8088206
1,rs6701300,0,8123277
1,rs6697815,0,8230436
1,rs12123980,0,8594533
1,rs10864370,0,8907623
1,rs17032875,0,8924149
1,rs6684149,0,8925765
1,rs17032942,0,8967149
1,rs2039631,0,8990607
1,rs797264,0,9163191
1,rs1569422,0,9310031
1,rs9726404,0,9418158
1,rs4333853,0,9664379
1,rs11121482,0,9700116
1,rs3922953,0,9721206
1,rs7550295,0,9727280
1,rs4845977,0,9760419
1,rs28699695,0,9807984
1,rs6666296,0,9812745
1,rs12032209,0,9819588
1,rs12065908,0,9919294
1,rs11121507,0,9953893
1,rs11578833,0,9990762
1,rs4543799,0,10096776
1,rs17034558,0,10151115
1,rs17034738,0,10309469
1,rs11121543,0,10326770
1,rs6703708,0,10336034
1,rs17034821,0,10337232
1,rs2185252,0,10338499
1,rs3748578,0,10343505
1,rs12125492,0,10344465
1,rs12131441,0,10351539
1,rs1002076,0,10361479
1,rs634358,0,10411729
1,rs2506887,0,10507259
1,rs12028449,0,10539621
1,rs6540936,0,10552887
1,rs4845948,0,10679786
1,rs710133,0,10694075
1,rs880315,0,10719453
1,rs12076104,0,10757478
1,rs2143385,0,10813926
1,rs1281003,0,10918066
1,rs744921,0,10921096
1,rs1925666,0,10922187
1,rs12755921,0,10922863
1,rs6656310,0,10925075
1,rs17036014,0,10926832
1,rs1281008,0,10933589
1,rs12030940,0,10940138
1,rs9430161,0,10969442
1,rs11121675,0,10982662
1,rs3765897,0,10997169
1,rs2486920,0,11047637
1,rs2273337,0,11063689
1,rs7533982,0,11143396
1,rs2076656,0,11224428
1,rs5026874,0,11247527
1,rs3120819,0,11322996
1,rs2982384,0,11324332
1,rs11121727,0,11387877
1,rs2379143,0,11399779
1,rs2379137,0,11470170
1,rs12130483,0,11480557
1,rs2817636,0,11509172
1,rs11589841,0,11570787
1,rs2233025,0,11658239
1,rs17875961,0,11732941
1,rs11121828,0,11757041
1,rs1537516,0,11770448
1,rs1994798,0,11777342
1,rs13306561,0,11788391
1,rs198393,0,11802272
1,rs2075538,0,11819189
1,rs198413,0,11823389
1,rs198414,0,11823412
1,rs198375,0,11836344
1,rs12562819,0,11846614
1,rs12562952,0,11849643
1,rs1201113,0,12067021
1,rs11569909,0,12108120
1,rs1800621,0,12191158
1,rs11121901,0,12298369
1,rs17038005,0,12382911
1,rs6541024,0,12487734
1,rs11121951,0,12598792
1,rs2489256,0,12659529
1,rs2489262,0,12665747
1,rs3010872,0,12691826
1,rs3128465,0,12706634
1,rs3000930,0,12708657
1,rs7535797,0,12728765
1,rs1416906,0,12790606
1,rs2999878,0,13659209
1,rs2990672,0,13791216
1,rs6677791,0,13860843
1,rs5017266,0,13912275
1,rs11580688,0,13989815
1,rs1203626,0,14050195
1,rs1033452,0,14060640
1,rs7521299,0,14077887
1,rs10754901,0,14080611
1,rs1528787,0,14086935
1,rs760911,0,14091025
1,rs2744648,0,14091454
1,rs1358577,0,14092773
1,rs1203709,0,14101077
1,rs7536590,0,14105478
1,rs7543486,0,14170601
1,rs6691889,0,14216642
1,rs16853532,0,14263907
1,rs12746681,0,14272214
1,rs10429930,0,14363216
1,rs646835,0,14378182
1,rs10803474,0,14380390
1,rs12024171,0,14440278
1,rs16854054,0,14551723
1,rs12141361,0,14599072
1,rs4661496,0,14663218
1,rs10927453,0,14711318
1,rs3892594,0,14721675
1,rs10927460,0,14743155
1,rs10803289,0,14806807
1,rs4543785,0,14962354
1,rs12134149,0,15027217
1,rs4661534,0,15061818
1,rs41491744,0,15080893
1,rs10754873,0,15141242
1,rs4661548,0,15150297
1,rs6674129,0,15235810
1,rs4661314,0,15239277
1,rs10803340,0,15239537
1,rs17371917,0,15272533
1,rs12039330,0,15377018
1,rs6692220,0,15393170
1,rs1752026,0,15437477
1,rs10927753,0,15464516
1,rs2496330,0,15591057
1,rs7556116,0,15669301
1,rs6685648,0,15697782
1,rs4645989,0,15722930
1,rs16851731,0,15732827
1,rs7539884,0,15928518
1,rs10927849,0,15949292
1,rs11576404,0,15983402
1,rs2902164,0,15988334
1,rs4661661,0,16034423
1,rs12135073,0,16040386
1,rs10927866,0,16047904
1,rs848191,0,16152418
1,rs6603855,0,16333128
1,rs279025,0,16661102
1,rs2454155,0,17356539
1,rs3003408,0,17430244
1,rs3003423,0,17452009
1,rs11577108,0,17628002
1,rs2526822,0,17651158
1,rs12067869,0,17862352
1,rs10888060,0,17971870
1,rs647325,0,18043473
1,rs11203232,0,18112587
1,rs10887977,0,18129608
1,rs1572345,0,18143950
1,rs1192556,0,18166042
1,rs12082978,0,18180870
1,rs4920296,0,18312787
1,rs12131391,0,18333056
1,rs11261094,0,18344324
1,rs9659598,0,18346116
1,rs10492994,0,18348014
1,rs9659686,0,18356697
1,rs11260991,0,18566294
1,rs16861869,0,18577289
1,rs7535812,0,18659366
1,rs12144656,0,18664887
1,rs6695257,0,18699052
1,rs6698315,0,18768393
1,rs7549273,0,18777294
1,rs766325,0,18829045
1,rs9439720,0,18880292
1,rs2236805,0,18930317
1,rs2236804,0,18930528
1,rs11261074,0,18998786
1,rs2024725,0,19109862
1,rs6698642,0,19128258
1,rs16862478,0,19247039
1,rs10799734,0,19392369
1,rs7527253,0,19465786
1,rs2227295,0,19510896
1,rs12088915,0,19580950
1,rs10492997,0,19641958
1,rs11589517,0,19651640
1,rs12088373,0,19715988
1,rs12142530,0,19786670
1,rs1770481,0,19824122
1,rs10917512,0,19879058
1,rs7537184,0,20220931
1,rs11573185,0,20267988
1,rs11573209,0,20273208
1,rs521179,0,20277752
1,rs17352761,0,20456321
1,rs7533344,0,20607948
1,rs10799633,0,20612603
1,rs10753501,0,20630779
1,rs7513147,0,20634720
1,rs11588952,0,20644574
1,rs10916800,0,20645702
1,rs12072199,0,20750399
1,rs10799637,0,20754341
1,rs12409100,0,20775794
1,rs4704,0,20855218
1,rs10916851,0,20912738
1,rs637990,0,20920203
1,rs3767244,0,21052600
1,rs10737452,0,21072351
1,rs4654887,0,21107510
1,rs10916951,0,21401422
1,rs9426746,0,21423590
1,rs212534,0,21463341
1,rs2090757,0,21485589
1,rs169884,0,21513152
1,rs213012,0,21515000
1,rs213037,0,21528471
1,rs3026806,0,21542388
1,rs17420195,0,21666648
1,rs12141569,0,21745589
1,rs829406,0,21822049
1,rs10917034,0,21877516
1,rs333195,0,21950259
1,rs541552,0,21953598
1,rs10917047,0,21996753
1,rs3736360,0,22022707
1,rs2290501,0,22047013
1,rs3767138,0,22047187
1,rs34719083,0,22049356
1,rs12750012,0,22050465
1,rs3767139,0,22069923
1,rs11586789,0,22070777
1,rs2229481,0,22073585
1,rs3767141,0,22088866
1,rs2254358,0,22089161
1,rs2501260,0,22089695
1,rs11810496,0,22096689
1,rs12745683,0,22166484
1,rs7527325,0,22170013
1,rs1063117,0,22229475
1,rs2501279,0,22240929
1,rs2501275,0,22247652
1,rs16826444,0,22275255
1,rs16826467,0,22277414
1,rs2056976,0,22281052
1,rs7519109,0,22290130
1,rs909813,0,22369290
1,rs17360519,0,22488391
1,rs6426746,0,22501644
1,rs16826920,0,22523133
1,rs10753536,0,22557838
1,rs6696981,0,22575445
1,rs11576345,0,22577221
1,rs6426755,0,22631170
1,rs1934482,0,22656922
1,rs1344194,0,22662328
1,rs10917237,0,22675782
1,rs1267006,0,22702010
1,rs209710,0,22748466
1,rs209696,0,22792491
1,rs7536607,0,22819354
1,rs2935542,0,22836058
1,rs12740591,0,22837590
1,rs294178,0,22848827
1,rs4263970,0,22936517
1,rs16827484,0,22937707
1,rs876685,0,22945007
1,rs4427376,0,23049327
1,rs10753546,0,23056851
1,rs2806566,0,23379759
1,rs2776815,0,23383171
1,rs588387,0,23396276
1,rs2746561,0,23399139
1,rs627304,0,23410142
1,rs10917360,0,23411597
1,rs9787309,0,23424693
1,rs2749146,0,23455467
1,rs10917369,0,23484731
1,rs2103911,0,23540338
1,rs6666848,0,23549602
1,rs10753555,0,23575705
1,rs946268,0,23620353
1,rs12132473,0,23664324
1,rs6667575,0,23732108
1,rs2813875,0,23823701
1,rs1579047,0,23869782
1,rs2864705,0,23876686
1,rs3753270,0,23890811
1,rs2280437,0,23895024
1,rs2902667,0,23897768
1,rs985086,0,23916572
1,rs2999566,0,23923711
1,rs2267960,0,23941131
1,rs2076345,0,23956081
1,rs2232975,0,23990169
1,rs28940884,0,23995799
1,rs12031592,0,24000451
1,rs1018396,0,24006199
1,rs2473377,0,24020847
1,rs16828744,0,24021575
1,rs665,0,24053628
1,rs7526349,0,24172172
1,rs7540491,0,24256406
1,rs12081094,0,24450093
1,rs12139592,0,24461105
1,rs6424169,0,24463278
1,rs533808,0,24560365
1,rs6694932,0,24616190
1,rs6686862,0,24620897
1,rs6691538,0,24667681
1,rs1929304,0,24694611
1,rs195717,0,24698691
1,rs16829813,0,24734335
1,rs6691770,0,24885080
1,rs4274010,0,24894059
1,rs6682239,0,25015746
1,rs4295833,0,25058373
1,rs11583823,0,25172060
1,rs12117144,0,25207809
1,rs9438866,0,25416071
1,rs12119728,0,25440002
1,rs3093642,0,25560329
1,rs926438,0,25626225
1,rs34514236,0,25752481
1,rs2993238,0,25936746
1,rs807267,0,25942094
1,rs12072247,0,25954636
1,rs17163225,0,25960256
1,rs710830,0,25989567
1,rs807252,0,25989910
1,rs2072749,0,26003608
1,rs17163310,0,26044060
1,rs2565032,0,26046715
1,rs11247815,0,26049315
1,rs11247821,0,26070429
1,rs159528,0,26084360
1,rs159525,0,26086578
1,rs1537682,0,26092189
1,rs1257163,0,26122646
1,rs298433,0,26131502
1,rs12074420,0,26217614
1,rs3748857,0,26360606
1,rs6660744,0,26398804
1,rs17163720,0,26421986
1,rs11247893,0,26469673
1,rs3795684,0,26505368
1,rs11247945,0,26586792
1,rs12728900,0,26619394
1,rs9438623,0,26628506
1,rs17162134,0,26663886
1,rs17162162,0,26676220
1,rs17162165,0,26676596
1,rs2494401,0,26685479
1,rs7555931,0,26731339
1,rs2278979,0,26750295
1,rs35256560,0,26926603
1,rs1883660,0,27063998
1,rs17856257,0,27085100
1,rs7504,0,27110737
1,rs6702409,0,27424385
1,rs6598879,0,27459487
1,rs11802615,0,27661810
1,rs6685856,0,27673069
1,rs545502,0,27807450
1,rs12087211,0,27851251
1,rs11399,0,28085393
1,rs7536088,0,28106912
1,rs28988897,0,28113235
1,rs4466676,0,28167297
1,rs3738163,0,28407558
1,rs1283628,0,28510846
1,rs568569,0,28540698
1,rs2183746,0,28554950
1,rs6682922,0,28562758
1,rs12091029,0,28606580
1,rs34122928,0,28635584
1,rs6426348,0,28684134
1,rs12139517,0,28696258
1,rs11810945,0,28705173
1,rs2840758,0,28706081
1,rs9426392,0,28848144
1,rs17340752,0,28943443
1,rs550712,0,29312210
1,rs507786,0,29350901
1,rs2428556,0,29382190
1,rs12046213,0,29385910
1,rs2319014,0,29422583
1,rs4654299,0,29480943
1,rs1886651,0,29579999
1,rs11588257,0,29947197
1,rs1866967,0,29958249
1,rs4949268,0,29959543
1,rs6426048,0,30080490
1,rs4949507,0,30110659
1,rs6661562,0,30334653
1,rs7549879,0,30570606
1,rs453756,0,30581766
1,rs437628,0,30583529
1,rs10799099,0,30600150
1,rs685433,0,30600476
1,rs589106,0,30600722
1,rs636797,0,30603092
1,rs10915093,0,30610084
1,rs642819,0,30616707
1,rs7552658,0,30624684
1,rs6656216,0,30650872
1,rs650676,0,30657797
1,rs686393,0,30663174
1,rs16866159,0,30666307
1,rs606404,0,30666747
1,rs592395,0,30674160
1,rs7544087,0,30676784
1,rs10915136,0,30749630
1,rs552530,0,30832133
1,rs6426041,0,30847380
1,rs12757735,0,31118372
1,rs12134038,0,31124316
1,rs16834161,0,31246291
1,rs7520468,0,31461399
1,rs10914332,0,31471589
1,rs6701667,0,31480558
1,rs12403136,0,31501507
1,rs6679393,0,31543531
1,rs6701521,0,31655882
1,rs6657902,0,31763370
1,rs17443748,0,31763725
1,rs3738007,0,31815008
1,rs11589456,0,31928304
1,rs3862892,0,31961581
1,rs16834710,0,32024566
1,rs11578323,0,32074695
1,rs10914486,0,32075378
1,rs639233,0,32145468
1,rs7518297,0,32183230
1,rs7521399,0,32194780
1,rs4949486,0,32199975
1,rs680328,0,32210821
1,rs16834799,0,32238918
1,rs673495,0,32248937
1,rs12076706,0,32251124
1,rs640991,0,32253244
1,rs12045114,0,32268348
1,rs12065562,0,32331230
1,rs6691578,0,32373845
1,rs4628547,0,32446277
1,rs16834957,0,32564945
1,rs17507358,0,32568219
1,rs7554480,0,32582962
1,rs9803783,0,32596504
1,rs1299779,0,32597639
1,rs3753607,0,32611156
1,rs16834976,0,32640860
1,rs16834988,0,32698234
1,rs2453244,0,32748490
1,rs12045880,0,32748548
1,rs3795424,0,32933231
1,rs360042,0,32933465
1,rs2786168,0,32934396
1,rs942244,0,33126183
1,rs8040,0,33174759
1,rs194644,0,33182138
1,rs10798924,0,33265347
1,rs10753272,0,33282857
1,rs11800723,0,33350538
1,rs6693621,0,33364533
1,rs664182,0,33365474
1,rs7549943,0,33366065
1,rs3888717,0,33367876
1,rs685235,0,33400928
1,rs2306257,0,33403656
1,rs597066,0,33409820
1,rs2927970,0,33413843
1,rs587910,0,33415948
1,rs679602,0,33417231
1,rs606403,0,33441591
1,rs17465854,0,33459907
1,rs12045968,0,33463285
1,rs7534724,0,33483016
1,rs4077439,0,33507948
1,rs12084943,0,33513185
1,rs7527638,0,33533788
1,rs4440822,0,33536648
1,rs11554674,0,33563083
1,rs16835408,0,33592620
1,rs12026290,0,33592721
1,rs7545146,0,33602524
1,rs10914692,0,33605520
1,rs4233201,0,33614640
1,rs12127097,0,33623477
1,rs7514553,0,33639689
1,rs4653125,0,33643159
1,rs1998623,0,33665877
1,rs10798948,0,33672289
1,rs12047904,0,33677196
1,rs1570686,0,33678464
1,rs10914718,0,33679375
1,rs12025000,0,33679429
1,rs10737370,0,33694465
1,rs1359330,0,33716987
1,rs16835511,0,33719862
1,rs12046307,0,33737571
1,rs2131776,0,33757557
1,rs1000417,0,33780473
1,rs12083828,0,33785980
1,rs2336245,0,33799260
1,rs12122667,0,33800081
1,rs1389561,0,33802753
1,rs16835617,0,33814832
1,rs1389560,0,33815397
1,rs11586497,0,33823829
1,rs11580917,0,33823937
1,rs2077821,0,33824252
1,rs1874045,0,33844112
1,rs604782,0,33871546
1,rs370197,0,33881640
1,rs732889,0,33928088
1,rs12757320,0,33931069
1,rs612279,0,33946560
1,rs10798983,0,33946728
1,rs6676833,0,33948482
1,rs10914767,0,33950187
1,rs543988,0,33955594
1,rs555733,0,33967323
1,rs505996,0,33969628
1,rs10914769,0,33975263
1,rs501481,0,34018073
1,rs476463,0,34020651
1,rs507641,0,34021605
1,rs6425838,0,34027003
1,rs1441521,0,34027288
1,rs545170,0,34029321
1,rs10914782,0,34040532
1,rs12408037,0,34042774
1,rs6694737,0,34117456
1,rs1321630,0,34121458
1,rs2281597,0,34132445
1,rs10753294,0,34133449
1,rs10799005,0,34134418
1,rs16836079,0,34138194
1,rs16836083,0,34139139
1,rs1570089,0,34141832
1,rs6425857,0,34142678
1,rs10914813,0,34153317
1,rs549944,0,34197049
1,rs12125152,0,34217556
1,rs517542,0,34248318
1,rs297804,0,34443942
1,rs10799035,0,34511285
1,rs12096258,0,34527390
1,rs7548252,0,34566361
1,rs10914912,0,34566417
1,rs1361676,0,34569864
1,rs12043899,0,34586204
1,rs6658096,0,34635976
1,rs17385253,0,34667596
1,rs10799060,0,34704267
1,rs667814,0,34957552
1,rs4653112,0,35113235
1,rs12564302,0,35285938
1,rs10908322,0,35299265
1,rs13375885,0,35317569
1,rs16837241,0,35462527
1,rs593461,0,35482364
1,rs1188620,0,35634436
1,rs13374670,0,35691917
1,rs12731938,0,35696432
1,rs1768560,0,35698737
1,rs11264160,0,35714521
1,rs953035,0,35852095
1,rs16866317,0,35858483
1,rs41457352,0,35888402
1,rs7367713,0,35929019
1,rs12022284,0,35933984
1,rs6665591,0,36184324
1,rs12041193,0,36185347
1,rs272827,0,36399778
1,rs272824,0,36402489
1,rs4652904,0,36521735
1,rs12563680,0,36560441
1,rs10908298,0,36569033
1,rs10796882,0,36590653
1,rs4451521,0,36603851
1,rs16823025,0,36687692
1,rs3917943,0,36715355
1,rs12409675,0,36821931
1,rs743012,0,36909257
1,rs479779,0,37028650
1,rs514262,0,37059062
1,rs544932,0,37067309
1,rs553882,0,37079868
1,rs516273,0,37091120
1,rs3738081,0,37097270
1,rs12067006,0,37097522
1,rs550115,0,37184165
1,rs3753770,0,37193920
1,rs540833,0,37203929
1,rs35317705,0,37211157
1,rs218428,0,37316810
1,rs215777,0,37366332
1,rs1587578,0,37401328
1,rs41384450,0,37488237
1,rs10908329,0,37496749
1,rs11264007,0,37500002
1,rs301992,0,37525437
1,rs7532979,0,37529705
1,rs12027970,0,37537850
1,rs10908337,0,37538507
1,rs1888695,0,37541661
1,rs16823983,0,37569970
1,rs2811630,0,37654701
1,rs6426023,0,37789977
1,rs6619,0,37803283
1,rs10908355,0,37807873
1,rs7522257,0,37853587
1,rs4653309,0,37876927
1,rs11264079,0,37877799
1,rs7552071,0,37882339
1,rs4653312,0,37884293
1,rs513826,0,37938609
1,rs9728268,0,38136676
1,rs11210870,0,38222497
1,rs4525008,0,38253575
1,rs6676868,0,38297620
1,rs12566302,0,38313843
1,rs6683126,0,38453613
1,rs12565767,0,38522629
1,rs1778044,0,38565299
1,rs17478958,0,38624546
1,rs16825062,0,38693476
1,rs12739450,0,38843767
1,rs12037910,0,38860191
1,rs4970614,0,38908335
1,rs16825389,0,38935627
1,rs642620,0,39025736
1,rs1320454,0,39063731
1,rs12080240,0,39120162
1,rs17499824,0,39120375
1,rs7554809,0,39276465
1,rs6692557,0,39297788
1,rs667238,0,39463985
1,rs11206073,0,39671231
1,rs782869,0,39746233
1,rs3768320,0,39804826
1,rs12028034,0,39812294
1,rs12136381,0,39848860
1,rs1180272,0,39897984
1,rs1180271,0,39901988
1,rs3806428,0,39910832
1,rs477913,0,39925728
1,rs7536524,0,39968150
1,rs485407,0,40017290
1,rs41365844,0,40056774
1,rs6701512,0,40075676
1,rs230310,0,40080306
1,rs7535256,0,40136811
1,rs3806204,0,40278148
1,rs4366310,0,40287933
1,rs3122417,0,40297453
1,rs10789078,0,40319874
1,rs6672053,0,40330243
1,rs2281399,0,40544581
1,rs12068474,0,40651396
1,rs12725229,0,40651841
1,rs209606,0,40653628
1,rs6701220,0,40685238
1,rs3969615,0,40703477
1,rs12068587,0,40747386
1,rs1134586,0,40753146
1,rs10489165,0,40793623
1,rs6677621,0,40825847
1,rs587064,0,40878497
1,rs2780944,0,40888195
1,rs12044426,0,40911928
1,rs11208754,0,40948896
1,rs727145,0,41045120
1,rs4660468,0,41057674
1,rs3754173,0,41059470
1,rs6700929,0,41124128
1,rs6696537,0,41145079
1,rs11579077,0,41146737
1,rs12031088,0,41157023
1,rs4660492,0,41174730
1,rs12067645,0,41198451
1,rs17357954,0,41259924
1,rs11209368,0,41261309
1,rs2300659,0,41277428
1,rs6686842,0,41303458
1,rs3819842,0,41335673
1,rs213732,0,41350701
1,rs18996,0,41397107
1,rs12563174,0,41457396
1,rs10889895,0,41458222
1,rs12118423,0,41506242
1,rs12031103,0,41540603
1,rs4660519,0,41575179
1,rs2151674,0,41746845
1,rs400187,0,42028354
1,rs349439,0,42031595
1,rs10493098,0,42034476
1,rs349424,0,42069961
1,rs609572,0,42101890
1,rs17366250,0,42141761
1,rs12138504,0,42357695
1,rs12402795,0,42718277
1,rs6688151,0,42894094
1,rs12410860,0,42905200
1,rs12071025,0,43054588
1,rs12727498,0,43068941
1,rs12078281,0,43080219
1,rs11809718,0,43081954
1,rs751210,0,43183446
1,rs10158845,0,43227870
1,rs1754144,0,43329755
1,rs7539881,0,43351590
1,rs16830356,0,43368280
1,rs607949,0,43468295
1,rs3120045,0,43470555
1,rs3795726,0,43510559
1,rs2991996,0,43514300
1,rs6697017,0,43524288
1,rs1098182,0,43558355
1,rs12076751,0,43565394
1,rs11541153,0,43624384
1,rs6954,0,43689229
1,rs11210859,0,43752369
1,rs3791148,0,43839317
1,rs631248,0,43843808
1,rs11210896,0,43875862
1,rs669446,0,43902366
1,rs304302,0,43942903
1,rs4660260,0,43967940
1,rs10890276,0,43980709
1,rs11210932,0,44099668
1,rs6680928,0,44121867
1,rs803683,0,44130735
1,rs803681,0,44135499
1,rs7161,0,44211561
1,rs12125560,0,44304074
1,rs12121477,0,44362168
1,rs325169,0,44502555
1,rs325161,0,44528149
1,rs2301767,0,44546426
1,rs226075,0,44612671
1,rs7530397,0,44633440
1,rs4448554,0,44671585
1,rs12730333,0,44697576
1,rs17381720,0,44727351
1,rs12065045,0,44780182
1,rs11211015,0,44815328
1,rs270738,0,44843783
1,rs457397,0,44854353
1,rs3850853,0,44897943
1,rs7538419,0,44909062
1,rs7549579,0,44923537
1,rs12022162,0,44934432
1,rs12084731,0,45137956
1,rs7535487,0,45563776
1,rs10890325,0,45568132
1,rs3219485,0,45572620
1,rs12408413,0,45598493
1,rs7536005,0,45659632
1,rs781232,0,45662986
1,rs41343546,0,45680850
1,rs11211113,0,45696255
1,rs781059,0,45707149
1,rs4660858,0,45708938
1,rs6429566,0,45714439
1,rs12082486,0,45720819
1,rs12743512,0,45726620
1,rs4660862,0,45727643
1,rs16832550,0,45747363
1,rs16832557,0,45751510
1,rs4633317,0,45757744
1,rs7536557,0,45764701
1,rs2991967,0,45779160
1,rs622798,0,45787858
1,rs505175,0,45789795
1,rs2088102,0,45805561
1,rs11579176,0,45823148
1,rs2230658,0,45851441
1,rs2253862,0,45854547
1,rs1053941,0,45856970
1,rs10890333,0,45872909
1,rs4431884,0,45873910
1,rs3013595,0,45925790
1,rs6702764,0,46025304
1,rs6679310,0,46083898
1,rs4660893,0,46100119
1,rs1052610,0,46273580
1,rs1085243,0,46317355
1,rs11584024,0,46429551
1,rs12028248,0,46462918
1,rs2295466,0,46498844
1,rs28363234,0,46509014
1,rs28363251,0,46517837
1,rs10890388,0,46534083
1,rs3753362,0,46539338
1,rs12078012,0,46546335
1,rs4660344,0,46577809
1,rs3737744,0,46583117
1,rs17413701,0,46591039
1,rs7520850,0,46656255
1,rs1998545,0,46727174
1,rs11803942,0,46745662
1,rs12045200,0,46749117
1,rs1267309,0,46759929
1,rs10890404,0,46785767
1,rs8602,0,46796118
1,rs1258022,0,46827926
1,rs17102321,0,46836439
1,rs11211322,0,46842432
1,rs942083,0,46849568
1,rs11211328,0,46853252
1,rs6696389,0,46870695
1,rs1258061,0,46877587
1,rs1440487,0,46939662
1,rs17102458,0,46947242
1,rs2218189,0,46949405
1,rs3766211,0,46956783
1,rs17102487,0,46981163
1,rs594387,0,46985973
1,rs11583588,0,47006922
1,rs632233,0,47036792
1,rs837400,0,47038363
1,rs1105456,0,47042571
1,rs4646481,0,47044125
1,rs4646487,0,47051762
1,rs9429098,0,47073566
1,rs10749865,0,47081852
1,rs17102644,0,47090987
1,rs12096465,0,47164219
1,rs11211404,0,47165564
1,rs4491016,0,47166683
1,rs9333029,0,47168749
1,rs9333022,0,47169797
1,rs9333016,0,47171621
1,rs1502931,0,47205457
1,rs17102950,0,47260391
1,rs2292060,0,47277523
1,rs10890446,0,47285348
1,rs2202219,0,47290977
1,rs9793202,0,47306424
1,rs4926785,0,47342522
1,rs6664392,0,47355871
1,rs741959,0,47448820
1,rs977747,0,47457264
1,rs2249665,0,47459671
1,rs11211481,0,47466754
1,rs6692691,0,47483597
1,rs12141060,0,47539234
1,rs11211518,0,47578745
1,rs9436883,0,47584687
1,rs3088062,0,47616604
1,rs6699343,0,47640326
1,rs6666370,0,47655606
1,rs642750,0,47770485
1,rs2485446,0,47792475
1,rs2174957,0,47801430
1,rs6671896,0,47818323
1,rs12565344,0,47820693
1,rs2507006,0,47821945
1,rs7535192,0,47830477
1,rs6692852,0,47849591
1,rs6699040,0,47881126
1,rs4926923,0,47881812
1,rs10493127,0,47887004
1,rs1017475,0,47965341
1,rs6672725,0,47988197
1,rs17424028,0,47990556
1,rs1561573,0,48000530
1,rs2406332,0,48024306
1,rs4927058,0,48027998
1,rs875398,0,48047850
1,rs6671927,0,48058355
1,rs6667893,0,48059601
1,rs11211611,0,48060603
1,rs12129836,0,48081044
1,rs10890507,0,48082174
1,rs7536189,0,48104109
1,rs10443227,0,48115210
1,rs12407078,0,48209413
1,rs1760424,0,48258271
1,rs303925,0,48275867
1,rs6588642,0,48279624
1,rs748141,0,48281746
1,rs6665184,0,48292903
1,rs302690,0,48293398
1,rs12408979,0,48306420
1,rs592072,0,48315745
1,rs4466696,0,48328917
1,rs13376323,0,48412385
1,rs12123285,0,48424296
1,rs1722710,0,48444988
1,rs764656,0,48466846
1,rs17104343,0,48537255
1,rs2175863,0,48559105
1,rs1877720,0,48596994
1,rs1877719,0,48600602
1,rs2252984,0,48640572
1,rs2798112,0,48770834
1,rs2246105,0,48770948
1,rs2798111,0,48772142
1,rs1418953,0,48793667
1,rs10888607,0,48846541
1,rs11811953,0,48847055
1,rs6674449,0,48977516
1,rs7529802,0,49002572
1,rs4926754,0,49015553
1,rs10788894,0,49032199
1,rs1934368,0,49046634
1,rs7545104,0,49061210
1,rs5015171,0,49080600
1,rs2153326,0,49097877
1,rs12048741,0,49135062
1,rs12048794,0,49135262
1,rs11205573,0,49172535
1,rs10493139,0,49179984
1,rs12097797,0,49200890
1,rs3127549,0,49204351
1,rs1079130,0,49263015
1,rs12059043,0,49337980
1,rs725191,0,49347162
1,rs354168,0,49415285
1,rs9783112,0,49472293
1,rs171334,0,49517287
1,rs375899,0,49554912
1,rs1167261,0,49648137
1,rs1527829,0,49709747
1,rs10788914,0,49770826
1,rs7540606,0,49859001
1,rs4408195,0,49900785
1,rs7530585,0,49941564
1,rs11205641,0,49957662
1,rs6671257,0,50005238
1,rs4363466,0,50078844
1,rs17105804,0,50145351
1,rs11205683,0,50343252
1,rs2988269,0,50414531
1,rs17105985,0,50418722
1,rs2480682,0,50434275
1,rs17106016,0,50441545
1,rs2841871,0,50457524
1,rs4926849,0,50467327
1,rs1278517,0,50671960
1,rs11580212,0,50917821
1,rs6684901,0,51071416
1,rs12741002,0,51169209
1,rs2487824,0,51235027
1,rs11588271,0,51242830
1,rs34974872,0,51510744
1,rs17106484,0,51523611
1,rs12063631,0,51661418
1,rs6704235,0,51707588
1,rs6668872,0,51730558
1,rs6694583,0,51736351
1,rs7541084,0,51762179
1,rs12139552,0,51764924
1,rs4437921,0,51770431
1,rs12044074,0,51770951
1,rs6671270,0,51782107
1,rs10888729,0,51818753
1,rs6695853,0,51870168
1,rs9326019,0,51907293
1,rs12074299,0,51936125
1,rs7514992,0,51946058
1,rs12117372,0,51957212
1,rs10888742,0,52175544
1,rs2809949,0,52198541
1,rs2985740,0,52338439
1,rs11806346,0,52342775
1,rs645636,0,52382602
1,rs11205940,0,52430744
1,rs12033769,0,52535067
1,rs34521609,0,52611580
1,rs17373044,0,52660541
1,rs11582972,0,52805306
1,rs6688451,0,52858628
1,rs2485917,0,52884998
1,rs7548832,0,52966164
1,rs4926573,0,52970830
1,rs4926928,0,52982751
1,rs4500255,0,52985867
1,rs505444,0,53024448
1,rs483073,0,53086672
1,rs555741,0,53091439
1,rs2298145,0,53137692
1,rs7538935,0,53226302
1,rs6678994,0,53252528
1,rs11808284,0,53276999
1,rs7519017,0,53283513
1,rs12096165,0,53290637
1,rs17107806,0,53305123
1,rs12568971,0,53310421
1,rs11583585,0,53326994
1,rs17377135,0,53350238
1,rs1320594,0,53382960
1,rs7556421,0,53392070
1,rs1288347,0,53394681
1,rs1288351,0,53396926
1,rs2046138,0,53438200
1,rs10788949,0,53468639
1,rs1002358,0,53526306
1,rs17108202,0,53527479
1,rs12076076,0,53532195
1,rs1776421,0,53657045
1,rs41421650,0,53691460
1,rs1108989,0,53702051
1,rs41488848,0,53784091
1,rs17108782,0,53788941
1,rs4927012,0,53840604
1,rs3006900,0,53858789
1,rs11206182,0,53866968
1,rs1181185,0,54065189
1,rs10888813,0,54113260
1,rs7548793,0,54115930
1,rs3737835,0,54121304
1,rs926456,0,54126753
1,rs17109621,0,54205652
1,rs12126324,0,54300235
1,rs7556423,0,54319037
1,rs7538004,0,54336110
1,rs11206282,0,54339487
1,rs12063422,0,54358003
1,rs1571541,0,54380940
1,rs17109968,0,54406131
1,rs11206294,0,54424570
1,rs2282332,0,54462625
1,rs10788977,0,54524488
1,rs10489809,0,54529989
1,rs6678619,0,54534938
1,rs12728736,0,54567573
1,rs12758577,0,54680741
1,rs382327,0,54715614
1,rs6691924,0,54726833
1,rs299895,0,54735036
1,rs10888855,0,54749622
1,rs2133003,0,54795145
1,rs478225,0,54815345
1,rs12074499,0,54892242
1,rs558184,0,54896524
1,rs1172755,0,54906749
1,rs598130,0,54910882
1,rs879062,0,54922269
1,rs879063,0,54922316
1,rs1925653,0,54966460
1,rs41528549,0,54969327
1,rs2270003,0,55021290
1,rs17111474,0,55252555
1,rs2479413,0,55291270
1,rs483462,0,55297988
1,rs730717,0,55346725
1,rs17111684,0,55398136
1,rs4927208,0,55486535
1,rs17111859,0,55525028
1,rs1780522,0,55740877
1,rs10749702,0,55851004
1,rs1039296,0,55876247
1,rs17112562,0,55879905
1,rs1165472,0,55881192
1,rs1514140,0,55908656
1,rs7527177,0,56053497
1,rs10493185,0,56094377
1,rs4313435,0,56110869
1,rs17113019,0,56115021
1,rs4130692,0,56118412
1,rs12164621,0,56125104
1,rs17362494,0,56433228
1,rs2994554,0,56557944
1,rs3005896,0,56558419
1,rs12043349,0,56564197
1,rs9437001,0,56629577
1,rs1931073,0,56633044
1,rs17468560,0,56637790
1,rs1953116,0,56674041
1,rs4319365,0,56680308
1,rs6698602,0,56693840
1,rs11206830,0,56732711
1,rs7519268,0,56776398
1,rs17114125,0,56810910
1,rs2746338,0,56915049
1,rs1342514,0,56959948
1,rs11804514,0,57119911
1,rs10489624,0,57122202
1,rs1741988,0,57148459
1,rs669358,0,57177327
1,rs11810899,0,57253872
1,rs11804562,0,57388443
1,rs17115362,0,57444736
1,rs12087888,0,57575347
1,rs1424465,0,57593127
1,rs7535763,0,57604442
1,rs2793649,0,57752028
1,rs2793633,0,57761744
1,rs1357785,0,57764706
1,rs12733015,0,57792321
1,rs6676151,0,57810371
1,rs10493231,0,57848130
1,rs1534047,0,57849611
1,rs10789051,0,57866575
1,rs10889061,0,57893688
1,rs6587787,0,57897638
1,rs12136261,0,57917545
1,rs3126019,0,57935443
1,rs10889065,0,57936712
1,rs3131780,0,57942806
1,rs1408138,0,57997961
1,rs11207128,0,58134155
1,rs1188008,0,58250387
1,rs2764686,0,58311709
1,rs1106366,0,58333979
1,rs12033592,0,58343546
1,rs17116994,0,58376762
1,rs6667829,0,58383516
1,rs674913,0,58436151
1,rs674986,0,58436211
1,rs4912312,0,58437776
1,rs7537039,0,58489998
1,rs10493248,0,58503366
1,rs706417,0,58657821
1,rs7536230,0,58742951
1,rs17117968,0,58888633
1,rs232851,0,58895459
1,rs1007271,0,59003748
1,rs7538562,0,59049771
1,rs2984908,0,59077307
1,rs11207328,0,59146002
1,rs11207409,0,59379228
1,rs12139438,0,59403143
1,rs17476341,0,59417704
1,rs17119113,0,59473431
1,rs6587850,0,59477273
1,rs17119164,0,59488802
1,rs835367,0,59535056
1,rs3738172,0,59535543
1,rs835401,0,59554605
1,rs17119259,0,59561445
1,rs17480463,0,59564558
1,rs17119280,0,59571749
1,rs835361,0,59586816
1,rs7549953,0,59603397
1,rs835431,0,59628992
1,rs11808336,0,59736902
1,rs10889154,0,59943862
1,rs17557490,0,59968925
1,rs11588377,0,60046372
1,rs6687250,0,60046915
1,rs2271800,0,60146254
1,rs7411728,0,60219377
1,rs1337739,0,60224505
1,rs1426083,0,60237980
1,rs665837,0,60252267
1,rs588869,0,60385931
1,rs298155,0,60647360
1,rs7551363,0,60661587
1,rs11207607,0,60672012
1,rs1501228,0,60680048
1,rs484743,0,60835062
1,rs484335,0,60918758
1,rs7515350,0,61092032
1,rs7532404,0,61107741
1,rs310171,0,61108526
1,rs12145881,0,61117759
1,rs1762881,0,61123163
1,rs11207679,0,61123783
1,rs12401502,0,61124344
1,rs599989,0,61126286
1,rs12028543,0,61141307
1,rs6587909,0,61161801
1,rs12239935,0,61215242
1,rs12072258,0,61244762
1,rs1419336,0,61250191
1,rs1694212,0,61252588
1,rs11581530,0,61308050
1,rs332819,0,61451145
1,rs12565339,0,61453539
1,rs2782541,0,61553727
1,rs2092867,0,61650033
1,rs4915745,0,61720104
1,rs12122281,0,61778798
1,rs6587937,0,61882886
1,rs12119986,0,61898307
1,rs17378676,0,61985192
1,rs11207836,0,62023237
1,rs2498968,0,62207729
1,rs11585888,0,62272261
1,rs41394744,0,62272802
1,rs6668600,0,62309271
1,rs17123044,0,62322645
1,rs12040893,0,62414072
1,rs10493318,0,62515553
1,rs4915810,0,62522639
1,rs2765261,0,62530258
1,rs2765267,0,62534066
1,rs912893,0,62582570
1,rs583609,0,62689384
1,rs1167998,0,62704220
1,rs2366820,0,63056508
1,rs3737891,0,63057621
1,rs2780881,0,63177777
1,rs4915896,0,63599614
1,rs11208232,0,63746092
1,rs6588046,0,63748151
1,rs7413854,0,63761072
1,rs12239606,0,63790993
1,rs6661928,0,63800470
1,rs705510,0,63900524
1,rs2819174,0,63970901
1,rs2658422,0,63971919
1,rs12756134,0,63972736
1,rs619334,0,64093029
1,rs11208322,0,64184159
1,rs12086535,0,64361616
1,rs12089614,0,64394225
1,rs11208382,0,64431564
1,rs2806532,0,64449643
1,rs825191,0,64480599
1,rs705550,0,64509544
1,rs705572,0,64548519
1,rs17126327,0,64554382
1,rs1496017,0,64564935
1,rs10889476,0,64567337
1,rs12095808,0,64568853
1,rs4915665,0,64576888
1,rs1908635,0,64578091
1,rs10493358,0,64585409
1,rs1514961,0,64717860
1,rs305574,0,64763165
1,rs6588100,0,64886156
1,rs12402072,0,64937468
1,rs1887049,0,64962842
1,rs10493372,0,65023091
1,rs883824,0,65068445
1,rs310226,0,65097007
1,rs519282,0,65259671
1,rs576563,0,65294690
1,rs2201689,0,65302702
1,rs6677968,0,65549290
1,rs4147109,0,65554878
1,rs12135802,0,65764728
1,rs11812068,0,65897906
1,rs4077429,0,66081794
1,rs17128066,0,66086007
1,rs4310420,0,66096857
1,rs2310754,0,66175680
1,rs1937455,0,66189527
1,rs7553566,0,66193619
1,rs2489919,0,66221644
1,rs1937444,0,66236508
1,rs12563550,0,66269176
1,rs1909886,0,66315522
1,rs11208794,0,66317169
1,rs17455267,0,66322339
1,rs2503166,0,66392166
1,rs7537021,0,66429476
1,rs17423910,0,66461697
1,rs11586030,0,66485033
1,rs12060491,0,66517940
1,rs519044,0,66529305
1,rs910693,0,66568836
1,rs7537380,0,66601858
1,rs2311985,0,66607403
1,rs782969,0,66621689
1,rs1000085,0,66630503
1,rs1819626,0,66689754
1,rs10889612,0,66693242
1,rs12116697,0,66693960
1,rs10889618,0,66703958
1,rs12027325,0,66715244
1,rs12026828,0,66726937
1,rs12024390,0,66727768
1,rs765685,0,66738063
1,rs6674096,0,66745066
1,rs12093875,0,66760989
1,rs11208922,0,66852814
1,rs7551301,0,66854386
1,rs6588209,0,66854954
1,rs17436311,0,66856380
1,rs17129198,0,66860638
1,rs7515444,0,66873432
1,rs7543378,0,66880197
1,rs6588213,0,66880482
1,rs7545674,0,66886305
1,rs6689451,0,66915440
1,rs2146904,0,66932924
1,rs1566246,0,67017863
1,rs504095,0,67051782
1,rs562372,0,67059890
1,rs17129478,0,67061031
1,rs12090955,0,67184849
1,rs4655662,0,67189020
1,rs3008871,0,67191677
1,rs11806284,0,67229836
1,rs12081097,0,67230960
1,rs2755244,0,67257058
1,rs2815370,0,67276315
1,rs2105264,0,67755659
1,rs699235,0,67816333
1,rs787498,0,67843688
1,rs2764944,0,67896017
1,rs654513,0,67954303
1,rs11209143,0,67962553
1,rs475730,0,67991732
1,rs12121525,0,67995815
1,rs269355,0,68302994
1,rs7062,0,68363841
1,rs7552304,0,68369709
1,rs7554551,0,68437611
1,rs12563946,0,68465332
1,rs11209241,0,68506978
1,rs7541833,0,68956626
1,rs864098,0,69009304
1,rs17130840,0,69213428
1,rs17130870,0,69385882
1,rs12081345,0,69404713
1,rs2815435,0,69498246
1,rs6656011,0,69531548
1,rs2815466,0,69562168
1,rs12728917,0,69711476
1,rs1120087,0,69715589
1,rs11209481,0,69745667
1,rs1245036,0,69875662
1,rs35004439,0,69963097
1,rs7523521,0,69997928
1,rs1340771,0,70009007
1,rs6686752,0,70074670
1,rs11579093,0,70131231
1,rs12074727,0,70202579
1,rs12048343,0,70222612
1,rs631167,0,70294502
1,rs10493469,0,70294667
1,rs1590724,0,70309444
1,rs17131183,0,70316268
1,rs12033206,0,70331187
1,rs17131204,0,70343562
1,rs17131235,0,70393603
1,rs4650041,0,70593895
1,rs10889882,0,70846124
1,rs17131395,0,70913342
1,rs1889603,0,70927362
1,rs41356046,0,70939604
1,rs1889599,0,70992500
1,rs10889887,0,71000127
1,rs2258812,0,71016067
1,rs2258875,0,71017730
1,rs11209692,0,71030781
1,rs11209702,0,71061487
1,rs6676372,0,71069798
1,rs1409162,0,71141346
1,rs11811234,0,71155496
1,rs5694,0,71212613
1,rs2072947,0,71212805
1,rs2744908,0,71293097
1,rs1802373,0,71305157
1,rs17091007,0,71465963
1,rs12026468,0,71600620
1,rs1517760,0,71710282
1,rs12034391,0,71720591
1,rs17091285,0,71730504
1,rs17091340,0,71776683
1,rs1334004,0,71830955
1,rs10889925,0,71912987
1,rs4147264,0,71979387
1,rs12125609,0,71981305
1,rs1426179,0,72103012
1,rs12065683,0,72274364
1,rs12039861,0,72284979
1,rs2046503,0,72304061
1,rs6685609,0,72315517
1,rs9326097,0,72339714
1,rs10493493,0,72341897
1,rs2000228,0,72496451
1,rs1599339,0,72618778
1,rs9650978,0,72902187
1,rs12082218,0,72931462
1,rs4650150,0,72993171
1,rs7514832,0,73431095
1,rs7522520,0,73437151
1,rs4625235,0,73492011
1,rs2208565,0,73582817
1,rs6671002,0,73624340
1,rs11210274,0,73755661
1,rs6662867,0,73823191
1,rs11210304,0,73846686
1,rs9425014,0,73917666
1,rs11576660,0,73936030
1,rs3738116,0,73937984
1,rs12747828,0,74011566
1,rs1874731,0,74021623
1,rs1340440,0,74101956
1,rs1869580,0,74103869
1,rs1671055,0,74144096
1,rs4650243,0,74291052
1,rs1483790,0,74399946
1,rs10890133,0,74791276
1,rs12728662,0,74807828
1,rs9661135,0,74822891
1,rs699852,0,74855100
1,rs12723288,0,74870373
1,rs599883,0,74873965
1,rs17095700,0,74886622
1,rs17095717,0,74898169
1,rs28699073,0,74976072
1,rs3819947,0,75001984
1,rs7524570,0,75086166
1,rs17620301,0,75112869
1,rs12142460,0,75390964
1,rs588098,0,75489513
1,rs1249815,0,75632964
1,rs1249813,0,75635114
1,rs1249786,0,75666700
1,rs11163494,0,75731941
1,rs1571983,0,75755014
1,rs2347537,0,75763787
1,rs6593579,0,75822322
1,rs182411,0,75822485
1,rs396106,0,75827686
1,rs6675067,0,75860980
1,rs399160,0,75887252
1,rs1303870,0,76132123
1,rs6593520,0,76170893
1,rs17650138,0,76171475
1,rs1251579,0,76200205
1,rs1251538,0,76208799
1,rs2792664,0,76232033
1,rs11162072,0,76282819
1,rs10493583,0,76343514
1,rs4949623,0,76390581
1,rs4949696,0,76409045
1,rs10493585,0,76432480
1,rs17098341,0,76441058
1,rs517036,0,76453113
1,rs565352,0,76453853
1,rs11162148,0,76643287
1,rs1909190,0,76899597
1,rs11162206,0,77016326
1,rs1252579,0,77155423
1,rs11162245,0,77216855
1,rs17100274,0,77547001
1,rs12133318,0,77552560
1,rs2198511,0,77606955
1,rs2602939,0,77614010
1,rs12567557,0,77616007
1,rs11810135,0,77693909
1,rs12048207,0,77700231
1,rs2172727,0,77789105
1,rs3509,0,77798139
1,rs728741,0,77801953
1,rs17098297,0,77987980
1,rs17100978,0,77995546
1,rs17100984,0,78004613
1,rs750720,0,78194373
1,rs4130548,0,78236456
1,rs7524504,0,78267320
1,rs573952,0,78362792
1,rs12406527,0,78589503
1,rs12132664,0,78604379
1,rs1333971,0,78906362
1,rs7517942,0,78932107
1,rs41402046,0,79069724
1,rs11162581,0,79193079
1,rs6673093,0,79202939
1,rs11799385,0,79222452
1,rs1831704,0,79273717
1,rs12069163,0,79279847
1,rs7545517,0,79313904
1,rs10518601,0,79373325
1,rs228455,0,79397327
1,rs17102959,0,79472900
1,rs17102971,0,79474547
1,rs12025109,0,79572572
1,rs3015098,0,79642461
1,rs3000182,0,79660504
1,rs1587076,0,79797843
1,rs1479737,0,79848408
1,rs11162787,0,79923137
1,rs7543390,0,79991162
1,rs7517325,0,79999498
1,rs11162822,0,80018536
1,rs1114113,0,80033997
1,rs12037277,0,80043926
1,rs1992194,0,80153428
1,rs11162867,0,80158678
1,rs1340675,0,80159214
1,rs10782712,0,80280297
1,rs9425214,0,80473388
1,rs1418819,0,80496219
1,rs12033709,0,80541401
1,rs12240077,0,80597245
1,rs11800644,0,80685105
1,rs12087192,0,80705854
1,rs12029556,0,80753380
1,rs11163079,0,80911440
1,rs17105403,0,80927938
1,rs1591678,0,80949438
1,rs17105498,0,81004573
1,rs2209199,0,81035230
1,rs2892673,0,81038591
1,rs11586924,0,81054805
1,rs10874175,0,81054822
1,rs12090527,0,81063250
1,rs12072761,0,81081433
1,rs11576605,0,81109410
1,rs11586583,0,81109474
1,rs10493684,0,81151517
1,rs17105703,0,81165219
1,rs1415935,0,81171299
1,rs11163179,0,81230227
1,rs2389081,0,81279144
1,rs1426783,0,81291370
1,rs17105836,0,81298718
1,rs11809541,0,81428262
1,rs1195854,0,81471308
1,rs12128016,0,81530920
1,rs12026119,0,81531758
1,rs11163298,0,81697182
1,rs17106804,0,81842192
1,rs9662349,0,81950640
1,rs1391475,0,81983540
1,rs34450148,0,82037748
1,rs284218,0,82166054
1,rs379975,0,82192162
1,rs785623,0,82520226
1,rs10874304,0,82527445
1,rs1281604,0,82622359
1,rs2767659,0,82674306
1,rs17108556,0,82825294
1,rs12563352,0,82847965
1,rs1416079,0,82869726
1,rs319677,0,82876021
1,rs3845616,0,82907643
1,rs1493986,0,82915540
1,rs1327101,0,82987966
1,rs320906,0,83003573
1,rs6429835,0,83004454
1,rs11163573,0,83016298
1,rs7536946,0,83029863
1,rs1041197,0,83035102
1,rs12095941,0,83240266
1,rs2184006,0,83247431
1,rs17465658,0,83262749
1,rs2105170,0,83274587
1,rs2022427,0,83283079
1,rs12146035,0,83350500
1,rs6693586,0,83358651
1,rs10487982,0,83368700
1,rs41497748,0,83553004
1,rs4536023,0,83824908
1,rs12035245,0,83888162
1,rs12041833,0,83945120
1,rs7414950,0,83945518
1,rs10874407,0,83960670
1,rs12118434,0,84101217
1,rs601301,0,84493192
1,rs583720,0,84494754
1,rs655849,0,84501458
1,rs315553,0,84565561
1,rs17131635,0,84608287
1,rs17131658,0,84630326
1,rs17131704,0,84674225
1,rs7522837,0,84710137
1,rs11163977,0,84717528
1,rs11163981,0,84726003
1,rs2911590,0,84810920
1,rs2994434,0,84859022
1,rs1998826,0,84983367
1,rs11161442,0,84988122
1,rs9660683,0,85017506
1,rs10782527,0,85025144
1,rs10782528,0,85040796
1,rs4907007,0,85058332
1,rs10493755,0,85058682
1,rs9324143,0,85099642
1,rs1886644,0,85123246
1,rs7519717,0,85280701
1,rs3754270,0,85287429
1,rs11161519,0,85312926
1,rs4556376,0,85356634
1,rs709786,0,85397137
1,rs9432848,0,85473184
1,rs2647395,0,85501252
1,rs17389112,0,85697823
1,rs11161623,0,85729251
1,rs563199,0,85739858
1,rs1524001,0,85790073
1,rs17127881,0,85793802
1,rs12034319,0,85812695
1,rs17127973,0,85854001
1,rs12754358,0,86021019
1,rs313746,0,86050903
1,rs4912465,0,86378385
1,rs7519985,0,86508662
1,rs11161788,0,86510286
1,rs976332,0,86531177
1,rs272504,0,86606241
1,rs1931363,0,86671145
1,rs11161830,0,86677176
1,rs10493791,0,86677438
1,rs12092398,0,86678151
1,rs969790,0,86689605
1,rs17129194,0,86694265
1,rs2753345,0,86707881
1,rs5744329,0,86713303
1,rs5744367,0,86724394
1,rs1011048,0,86809510
1,rs12758538,0,86834558
1,rs12070029,0,86901985
1,rs811773,0,86916471
1,rs691396,0,87038394
1,rs3766024,0,87580464
1,rs12033984,0,87585256
1,rs12037335,0,87592322
1,rs17129984,0,87600621
1,rs12405242,0,87622557
1,rs4655959,0,87661388
1,rs11162015,0,87673452
1,rs1572484,0,87704793
1,rs2065909,0,87706881
1,rs17131727,0,87722867
1,rs958996,0,87744728
1,rs3737089,0,87751713
1,rs1113339,0,87783948
1,rs12074914,0,87789162
1,rs902296,0,87811872
1,rs6681488,0,87818122
1,rs4655973,0,87820613
1,rs7544549,0,87846613
1,rs6662435,0,87848827
1,rs4655976,0,87855124
1,rs4534351,0,87890011
1,rs2220555,0,87905321
1,rs17130107,0,87926884
1,rs17130108,0,87927461
1,rs1434431,0,87960918
1,rs35214987,0,87998917
1,rs2503263,0,88014789
1,rs12755273,0,88054758
1,rs2503256,0,88137042
1,rs3003703,0,88149315
1,rs2483784,0,88161679
1,rs7546859,0,88162232
1,rs12563845,0,88167229
1,rs17130220,0,88171975
1,rs12725169,0,88219947
1,rs7523760,0,88328622
1,rs4656016,0,88393159
1,rs17130350,0,88501783
1,rs1156983,0,88602712
1,rs10922474,0,88905866
1,rs7511840,0,88998236
1,rs11811701,0,89133823
1,rs12120863,0,89274110
1,rs10922565,0,89320148
1,rs4656092,0,89340530
1,rs7519323,0,89347676
1,rs10158415,0,89375472
1,rs1410871,0,89428582
1,rs713322,0,89440625
1,rs12729209,0,89504547
1,rs928653,0,89621938
1,rs10801741,0,89694163
1,rs7516314,0,89823419
1,rs1923766,0,89836434
1,rs17130836,0,89838059
1,rs6428558,0,89839003
1,rs10493824,0,89839240
1,rs1215547,0,89845476
1,rs1215523,0,89853751
1,rs4658318,0,90004768
1,rs12239156,0,90005718
1,rs2802011,0,90211892
1,rs1536897,0,90324352
1,rs17462357,0,90339267
1,rs7526266,0,90397956
1,rs6679971,0,90398599
1,rs17510469,0,90431177
1,rs10801796,0,90434678
1,rs4417049,0,90514159
1,rs12754978,0,90586594
1,rs17131052,0,90696770
1,rs4306108,0,90764065
1,rs17131079,0,90775348
1,rs885141,0,90786393
1,rs12078190,0,90797364
1,rs10922882,0,90826295
1,rs1335721,0,90900626
1,rs1342782,0,90908805
1,rs12116456,0,90913784
1,rs1342775,0,90930673
1,rs346981,0,91361402
1,rs10922966,0,91395214
1,rs599513,0,91395423
1,rs11584478,0,91554619
1,rs281973,0,91566836
1,rs282009,0,91632383
1,rs17131440,0,91673680
1,rs6688261,0,91759622
1,rs906241,0,91784742
1,rs10493853,0,91814786
1,rs10874794,0,91818173
1,rs11165002,0,91821554
1,rs1041159,0,91849111
1,rs17131516,0,91889275
1,rs913059,0,91922424
1,rs12082710,0,91927925
1,rs12127644,0,91991656
1,rs7526590,0,91994042
1,rs12751910,0,92015895
1,rs2810884,0,92066921
1,rs12726500,0,92068810
1,rs3820507,0,92237829
1,rs6700190,0,92285319
1,rs11166028,0,92291785
1,rs2391112,0,92294785
1,rs6668529,0,92298266
1,rs527412,0,92340851
1,rs11588153,0,92480911
1,rs34062020,0,92509634
1,rs41344152,0,92576557
1,rs6679077,0,92579826
1,rs2031494,0,92738557
1,rs4847370,0,93031781
1,rs1854797,0,93071344
1,rs11586570,0,93077959
1,rs2244496,0,93081441
1,rs10159030,0,93146408
1,rs12066638,0,93147979
1,rs12745968,0,93174425
1,rs660870,0,93218005
1,rs11164862,0,93252148
1,rs546,0,93390134
1,rs1335679,0,93417770
1,rs2484486,0,93424088
1,rs633789,0,93496064
1,rs4240966,0,93547400
1,rs6541351,0,93579710
1,rs1834584,0,93702534
1,rs1863500,0,93765785
1,rs12094668,0,93808965
1,rs3767975,0,93835213
1,rs4847183,0,93957932
1,rs4075523,0,93991061
1,rs17110394,0,93998874
1,rs12402983,0,94007403
1,rs12125068,0,94036885
1,rs6687387,0,94118915
1,rs17878410,0,94125907
1,rs17885307,0,94126464
1,rs11165031,0,94133607
1,rs12140446,0,94137147
1,rs11165061,0,94242837
1,rs4147846,0,94267995
1,rs3789393,0,94271721
1,rs12087003,0,94275771
1,rs10493868,0,94304146
1,rs2781572,0,94386613
1,rs12058188,0,94487623
1,rs1687950,0,94489028
1,rs1756257,0,94532166
1,rs1765635,0,94620012
1,rs11165135,0,94643123
1,rs12750904,0,94666516
1,rs598962,0,94689237
1,rs6683092,0,94702559
1,rs4148050,0,94706546
1,rs3891466,0,94708392
1,rs2021963,0,94778234
1,rs1041041,0,94824639
1,rs698941,0,94827807
1,rs1612481,0,94829489
1,rs1245488,0,94846818
1,rs1936310,0,94870125
1,rs12132926,0,94884186
1,rs2971940,0,94884347
1,rs1245480,0,94890292
1,rs10782987,0,94892378
1,rs4847351,0,94962976
1,rs2781130,0,95003102
1,rs3860337,0,95012786
1,rs7512591,0,95063082
1,rs859106,0,95088275
1,rs12137650,0,95105452
1,rs943199,0,95125794
1,rs3860360,0,95130844
1,rs3860362,0,95155079
1,rs12407686,0,95189650
1,rs2391391,0,95224514
1,rs11165285,0,95244044
1,rs7532771,0,95291674
1,rs4630159,0,95316266
1,rs12084387,0,95358911
1,rs1414904,0,95406565
1,rs1336438,0,95436486
1,rs933107,0,95444817
1,rs10747468,0,95458879
1,rs259346,0,95501334
1,rs7535623,0,95550262
1,rs11165403,0,95601746
1,rs12047766,0,95636445
1,rs1577863,0,95740345
1,rs7522301,0,95765869
1,rs11165443,0,95816099
1,rs10489560,0,95825334
1,rs684149,0,95829562
1,rs573117,0,95845342
1,rs11587357,0,95890849
1,rs17114037,0,95891996
1,rs1509181,0,95919370
1,rs12142219,0,95920770
1,rs1920164,0,95934871
1,rs991220,0,96276853
1,rs12567412,0,96382859
1,rs3903879,0,96435208
1,rs12730665,0,96456230
1,rs12071689,0,96489231
1,rs161677,0,96501437
1,rs927512,0,96705527
1,rs10875016,0,96715489
1,rs2182244,0,96818592
1,rs12089597,0,96831073
1,rs17426874,0,96835751
1,rs1519891,0,97106556
1,rs11165747,0,97208931
1,rs11165754,0,97236388
1,rs17430460,0,97315067
1,rs10218636,0,97343573
1,rs1399291,0,97349510
1,rs12076846,0,97350824
1,rs17116410,0,97350851
1,rs10875045,0,97361501
1,rs12044838,0,97369360
1,rs12091480,0,97369679
1,rs17116458,0,97374972
1,rs1514495,0,97390377
1,rs12133667,0,97409312
1,rs12035560,0,97414359
1,rs6593636,0,97417312
1,rs12740796,0,97418567
1,rs12079660,0,97423679
1,rs11587873,0,97425658
1,rs3762412,0,97429674
1,rs7513333,0,97436118
1,rs7540621,0,97449621
1,rs885622,0,97463593
1,rs827497,0,97467030
1,rs10875057,0,97487253
1,rs563033,0,97490206
1,rs2027056,0,97496189
1,rs7512040,0,97554228
1,rs12038518,0,97570558
1,rs10875075,0,97605086
1,rs10875077,0,97610349
1,rs1112314,0,97623285
1,rs7548189,0,97640301
1,rs12725266,0,97641787
1,rs7517433,0,97670820
1,rs6696976,0,97701564
1,rs2811181,0,97745739
1,rs7545340,0,97752314
1,rs17368985,0,97783537
1,rs6695791,0,97974391
1,rs2151561,0,97976545
1,rs17117167,0,98020529
1,rs17117175,0,98025972
1,rs17117214,0,98040948
1,rs10875105,0,98043066
1,rs17117228,0,98043636
1,rs17117251,0,98069160
1,rs2802532,0,98301418
1,rs1028889,0,98579009
1,rs17118223,0,98581181
1,rs7530588,0,98686431
1,rs17118449,0,98691632
1,rs4950131,0,98792473
1,rs12753969,0,98798642
1,rs12069484,0,98844932
1,rs6680222,0,98855147
1,rs7549594,0,98937073
1,rs1384156,0,98999303
1,rs12122369,0,99058147
1,rs7524208,0,99063258
1,rs1358432,0,99091348
1,rs1482144,0,99107260
1,rs1329465,0,99155952
1,rs41344950,0,99184870
1,rs309088,0,99237052
1,rs11586703,0,99291148
1,rs1505551,0,99321856
1,rs302811,0,99331447
1,rs302740,0,99358384
1,rs17119715,0,99386178
1,rs712938,0,99412033
1,rs712882,0,99530866
1,rs7520594,0,99555923
1,rs7529156,0,99569840
1,rs17120316,0,99647570
1,rs17120318,0,99647798
1,rs6577377,0,99654707
1,rs17120480,0,99717732
1,rs7413053,0,99728891
1,rs7554246,0,99848283
1,rs17120788,0,99862843
1,rs6696586,0,99955472
1,rs4907889,0,100016483
1,rs3920022,0,100059140
1,rs17448792,0,100101483
1,rs11166364,0,100118413
1,rs12038567,0,100121243
1,rs7530361,0,100235448
1,rs522696,0,100249250
1,rs568451,0,100283262
1,rs575971,0,100319179
1,rs687513,0,100371455
1,rs17420882,0,100591316
1,rs565590,0,100619544
1,rs7512321,0,100635577
1,rs11802081,0,100636813
1,rs7531643,0,100642409
1,rs473072,0,100652613
1,rs1335754,0,100798505
1,rs2809804,0,100807737
1,rs6689978,0,100847493
1,rs11166489,0,100848173
1,rs2027166,0,100849799
1,rs10493931,0,100852740
1,rs6680254,0,100953985
1,rs3917038,0,100964950
1,rs10875335,0,101003888
1,rs985666,0,101046159
1,rs12736451,0,101168459
1,rs6577221,0,101192994
1,rs6688545,0,101362923
1,rs1329455,0,101391964
1,rs12092773,0,101422393
1,rs12032235,0,101457106
1,rs2180234,0,101508631
1,rs2144555,0,101533477
1,rs11579520,0,101606996
1,rs6577246,0,101622718
1,rs12127134,0,101623613
1,rs4907939,0,101631641
1,rs1776904,0,101722858
1,rs3844029,0,101748825
1,rs1199575,0,101768685
1,rs1201780,0,101777616
1,rs4908157,0,101792626
1,rs1844959,0,101885483
1,rs12134730,0,101996316
1,rs1327582,0,102010724
1,rs17432246,0,102135906
1,rs4142810,0,102142272
1,rs4908198,0,102150371
1,rs12731963,0,102154992
1,rs10493967,0,102194070
1,rs1105280,0,102235327
1,rs945642,0,102236102
1,rs12033850,0,102241619
1,rs6688672,0,102241668
1,rs10874536,0,102287221
1,rs10493978,0,102351895
1,rs7539242,0,102499390
1,rs7515211,0,102514899
1,rs1418096,0,102603437
1,rs1340393,0,102657322
1,rs12127734,0,102738259
1,rs1517422,0,102794911
1,rs12027318,0,102798506
1,rs965598,0,102824497
1,rs17127270,0,103178480
1,rs1406123,0,103476854
1,rs10158225,0,103803209
1,rs7515323,0,104119937
1,rs7525453,0,104153089
1,rs1475190,0,104272145
1,rs551284,0,104285930
1,rs619879,0,104288671
1,rs2984818,0,104387022
1,rs12078967,0,104393496
1,rs10881532,0,104394150
1,rs12145528,0,104615048
1,rs2317259,0,104662157
1,rs9660256,0,104703883
1,rs7417401,0,104804534
1,rs1448392,0,104916573
1,rs12404332,0,104977514
1,rs7536956,0,104983080
1,rs1028120,0,104986282
1,rs10494020,0,104991234
1,rs7534879,0,104991422
1,rs7416861,0,104994870
1,rs11184263,0,105036814
1,rs12117597,0,105084370
1,rs5000688,0,105087742
1,rs2317613,0,105088277
1,rs17015275,0,105286782
1,rs991024,0,105309678
1,rs10881242,0,105411802
1,rs2809305,0,105584894
1,rs2459316,0,105810802
1,rs10785768,0,105991314
1,rs12069803,0,106431693
1,rs17016721,0,106435991
1,rs6696048,0,106671309
1,rs6582958,0,106695487
1,rs4436416,0,106847791
1,rs12022819,0,106871651
1,rs10881418,0,106913746
1,rs4915130,0,106938332
1,rs12738156,0,107347138
1,rs1623927,0,107397643
1,rs9435441,0,107404853
1,rs17018408,0,107454156
1,rs4492651,0,107510570
1,rs12025396,0,107530641
1,rs17018870,0,107743231
1,rs2819980,0,107753055
1,rs12735678,0,107785658
1,rs17019483,0,107940295
1,rs11803410,0,107943001
1,rs6583042,0,108047769
1,rs10881483,0,108126744
1,rs13374478,0,108128863
1,rs1332684,0,108215753
1,rs7527438,0,108218567
1,rs41517044,0,108298237
1,rs1777463,0,108359050
1,rs2153985,0,108387481
1,rs1547794,0,108399468
1,rs6677839,0,108400864
1,rs1660432,0,108453848
1,rs1660428,0,108457051
1,rs661202,0,108462439
1,rs11185281,0,108482341
1,rs13375058,0,108870900
1,rs904330,0,108956667
1,rs34748332,0,109043915
1,rs12402255,0,109166219
1,rs12741359,0,109202012
1,rs11585358,0,109209253
1,rs12090453,0,109217748
1,rs12066310,0,109245386
1,rs17838314,0,109355050
1,rs496138,0,109467926
1,rs17641881,0,109501551
1,rs606066,0,109535680
1,rs863978,0,109972419
1,rs12131828,0,109996675
1,rs681991,0,109996751
1,rs11540636,0,110015514
1,rs12732862,0,110020854
1,rs17038616,0,110023029
1,rs3754446,0,110054764
1,rs12126552,0,110121627
1,rs17024865,0,110134733
1,rs17024898,0,110146080
1,rs484673,0,110180838
1,rs11102017,0,110210853
1,rs333960,0,110241003
1,rs3754444,0,110335985
1,rs17025334,0,110353791
1,rs6671743,0,110377805
1,rs12042401,0,110392339
1,rs17025371,0,110398674
1,rs17025375,0,110399880
1,rs3738759,0,110401319
1,rs7547413,0,110402052
1,rs904023,0,110408198
1,rs4641310,0,110456021
1,rs7518801,0,110479444
1,rs6696785,0,110502983
1,rs12069345,0,110587466
1,rs3768460,0,110688598
1,rs11102095,0,110722874
1,rs3738750,0,110725876
1,rs1857512,0,110794872
1,rs925972,0,110833038
1,rs12031009,0,110841758
1,rs561606,0,110843448
1,rs10857825,0,110845750
1,rs3748731,0,110862534
1,rs12407862,0,110903737
1,rs6701118,0,110946478
1,rs12132073,0,110965216
1,rs2821557,0,111020443
1,rs12732617,0,111054559
1,rs343797,0,111112011
1,rs542366,0,111129324
1,rs2232042,0,111295600
1,rs1418426,0,111299634
1,rs7551294,0,111404733
1,rs325901,0,111441853
1,rs3762374,0,111483641
1,rs6537683,0,111530333
1,rs608881,0,111532424
1,rs2297703,0,111532681
1,rs2297702,0,111532738
1,rs12028656,0,111553791
1,rs1886652,0,111558230
1,rs2274232,0,111575123
1,rs6703883,0,111622167
1,rs12744824,0,111623618
1,rs3818822,0,111658731
1,rs12034576,0,111661361
1,rs7532160,0,111677229
1,rs7541956,0,111710571
1,rs6537699,0,111727676
1,rs11586361,0,111734754
1,rs2050607,0,111762330
1,rs10489796,0,111880268
1,rs2477425,0,111954125
1,rs4839154,0,111958488
1,rs12735640,0,112012292
1,rs1478546,0,112174507
1,rs11102348,0,112193832
1,rs11587564,0,112194767
1,rs17028807,0,112194936
1,rs817974,0,112196955
1,rs17028939,0,112227320
1,rs2995810,0,112280854
1,rs3000747,0,112340000
1,rs269078,0,112398983
1,rs1837502,0,112512047
1,rs10158258,0,112516571
1,rs2788410,0,112555510
1,rs2581410,0,112578080
1,rs2119192,0,112585504
1,rs9429674,0,112624165
1,rs4073808,0,112625345
1,rs9429676,0,112631851
1,rs7555668,0,112658093
1,rs17030042,0,112666793
1,rs2995771,0,112681693
1,rs12065195,0,112700163
1,rs11102465,0,112705618
1,rs6537736,0,112712847
1,rs12031334,0,112713640
1,rs2370851,0,112726977
1,rs1891707,0,112732761
1,rs2492508,0,112742657
1,rs2780275,0,112770259
1,rs4644492,0,112822741
1,rs3748656,0,113038204
1,rs2279500,0,113045956
1,rs4240535,0,113060142
1,rs10857975,0,113123117
1,rs4378202,0,113132657
1,rs6703792,0,113199432
1,rs2996295,0,113225992
1,rs9429709,0,113249989
1,rs773433,0,113343324
1,rs12122331,0,113394111
1,rs1216890,0,113540371
1,rs1766884,0,113543644
1,rs1216902,0,113556909
1,rs773568,0,113621001
1,rs12740908,0,113645024
1,rs773596,0,113652588
1,rs1342652,0,113676014
1,rs1006610,0,113700292
1,rs17031448,0,113716339
1,rs11102628,0,113762106
1,rs4839331,0,113963154
1,rs3789607,0,114167957
1,rs1217385,0,114219728
1,rs11102691,0,114222836
1,rs10776775,0,114238005
1,rs28381085,0,114257839
1,rs1217442,0,114273068
1,rs11580207,0,114279641
1,rs12127377,0,114291496
1,rs11485101,0,114303491
1,rs10494163,0,114322235
1,rs1053135,0,114436008
1,rs923124,0,114499390
1,rs401666,0,114544209
1,rs364450,0,114548022
1,rs11102782,0,114680306
1,rs9429542,0,114730266
1,rs6537825,0,114749804
1,rs7547836,0,114761411
1,rs7514446,0,114764078
1,rs2336578,0,114848096
1,rs3827735,0,114854231
1,rs11809609,0,114903770
1,rs12730318,0,114945827
1,rs6537843,0,115012101
1,rs6667218,0,115040505
1,rs9724642,0,115051892
1,rs969273,0,115058192
1,rs6663115,0,115073777
1,rs12130524,0,115089356
1,rs7552359,0,115133167
1,rs12128420,0,115137448
1,rs2798659,0,115157486
1,rs10494167,0,115158916
1,rs1286555,0,115163419
1,rs11102840,0,115172624
1,rs2274118,0,115220032
1,rs360585,0,115266287
1,rs360589,0,115272375
1,rs6696121,0,115300249
1,rs7533396,0,115319749
1,rs7416955,0,115331814
1,rs10776793,0,115392024
1,rs7523818,0,115403138
1,rs717275,0,115411614
1,rs17479252,0,115423383
1,rs17540136,0,115524228
1,rs9803637,0,115524440
1,rs195199,0,115536644
1,rs12035380,0,115540607
1,rs1294383,0,115561839
1,rs4626883,0,115651461
1,rs4839029,0,115689143
1,rs17033794,0,115746673
1,rs518058,0,115775611
1,rs498439,0,115795199
1,rs11485111,0,115879898
1,rs4391666,0,115939435
1,rs9428201,0,116003537
1,rs10801913,0,116015802
1,rs2811587,0,116170813
1,rs2797199,0,116174430
1,rs2811570,0,116186645
1,rs2131440,0,116237666
1,rs699748,0,116277366
1,rs1775533,0,116304996
1,rs1498115,0,116305066
1,rs17035096,0,116354891
1,rs10802160,0,116484477
1,rs911220,0,116525683
1,rs10923995,0,116552536
1,rs10754436,0,116570421
1,rs12065716,0,116575568
1,rs10737768,0,116631820
1,rs12087334,0,116688978
1,rs36109186,0,116716569
1,rs10924073,0,116721042
1,rs12724229,0,116743637
1,rs41368849,0,116744461
1,rs6661803,0,116818169
1,rs1407712,0,116839322
1,rs6691646,0,116840431
1,rs7554361,0,116869036
1,rs12087809,0,117163268
1,rs17036401,0,117218461
1,rs7368186,0,117238649
1,rs2806864,0,117271304
1,rs2998186,0,117276984
1,rs2491110,0,117277505
1,rs4539125,0,117284288
1,rs17036665,0,117315571
1,rs12088847,0,117369012
1,rs12121509,0,117383896
1,rs10923199,0,117384821
1,rs10923201,0,117397964
1,rs2274253,0,117404679
1,rs2274251,0,117425815
1,rs12032114,0,117473018
1,rs2358820,0,117513434
1,rs2884558,0,117523521
1,rs7546882,0,117759028
1,rs2211129,0,117816430
1,rs3767802,0,117844280
1,rs964530,0,117868829
1,rs2767323,0,117888907
1,rs1290600,0,117918497
1,rs12072797,0,117924086
1,rs320366,0,117929668
1,rs12032624,0,117932728
1,rs12037710,0,117940554
1,rs10923351,0,117943287
1,rs1808809,0,117953458
1,rs1437257,0,117958907
1,rs319508,0,117986303
1,rs319505,0,117988055
1,rs10801975,0,117992271
1,rs17037506,0,117992700
1,rs11583912,0,117996235
1,rs6681882,0,118026301
1,rs4375255,0,118073504
1,rs1469919,0,118098494
1,rs1780041,0,118129110
1,rs10489593,0,118239951
1,rs3767824,0,118242087
1,rs41457246,0,118251774
1,rs4233455,0,118257277
1,rs12748280,0,118269978
1,rs10923448,0,118282114
1,rs6683735,0,118315007
1,rs7512441,0,118498486
1,rs12127351,0,118513255
1,rs17185520,0,118534567
1,rs12081441,0,118600753
1,rs6672993,0,118603788
1,rs10923527,0,118606049
1,rs7526525,0,118608582
1,rs7555542,0,118620412
1,rs12092268,0,118636718
1,rs1938275,0,118642664
1,rs2490198,0,118645198
1,rs12750838,0,118656535
1,rs6690477,0,118671456
1,rs10923569,0,118754143
1,rs1146349,0,118776732
1,rs1146337,0,118789288
1,rs1146324,0,118814926
1,rs1146316,0,118821952
1,rs17257862,0,118853304
1,rs7547164,0,118855110
1,rs4659090,0,118869895
1,rs6428751,0,118881089
1,rs7543320,0,118963307
1,rs1701970,0,118969973
1,rs10923634,0,118977535
1,rs17022175,0,118989456
1,rs2712271,0,119001687
1,rs1213850,0,119003792
1,rs12408957,0,119195718
1,rs1361210,0,119220918
1,rs6681289,0,119222732
1,rs1325934,0,119280134
1,rs12091291,0,119280351
1,rs6662152,0,119350613
1,rs17023171,0,119394791
1,rs6701188,0,119565063
1,rs17023357,0,119580921
1,rs11579916,0,119589065
1,rs6428808,0,119607794
1,rs1418023,0,119643116
1,rs699771,0,119673500
1,rs17023464,0,119699148
1,rs6683756,0,119708995
1,rs10754396,0,119776776
1,rs10923833,0,119808250
1,rs4659178,0,119810504
1,rs17023786,0,119819508
1,rs932603,0,119851258
1,rs6428831,0,119896098
1,rs347905,0,119981557
1,rs2246410,0,120075978
1,rs539426,0,120077170
1,rs10923897,0,120098818
1,rs2843027,0,120227100
1,rs12095494,0,120227143
1,rs12083843,0,120248245
1,rs947273,0,120252875
1,rs835575,0,120258086
1,rs17024499,0,120258710
1,rs2793830,0,120267631
1,rs11249345,0,120904140
1,rs2992485,0,142454225
1,rs6667622,0,142749804
1,rs1699860,0,143271712
1,rs11800742,0,143785760
1,rs2147390,0,144186763
1,rs12726182,0,144192729
1,rs3754340,0,144234640
1,rs10797650,0,144271833
1,rs1887802,0,144301023
1,rs10752828,0,144341830
1,rs12405132,0,144356341
1,rs11576685,0,144454453
1,rs9726178,0,144467333
1,rs2624711,0,144482933
1,rs6593810,0,144983911
1,rs11802302,0,145197604
1,rs12403141,0,145216894
1,rs12031124,0,145271922
1,rs7554146,0,145483253
1,rs11240083,0,145517682
1,rs1541187,0,145518117
1,rs12133943,0,145561705
1,rs12744461,0,145585124
1,rs12119079,0,145595638
1,rs11579007,0,145602908
1,rs12122273,0,145615668
1,rs903786,0,145830625
1,rs4950495,0,145843287
1,rs7518729,0,147467750
1,rs4649592,0,147941416
1,rs7525470,0,147982207
1,rs10888464,0,148038493
1,rs3738319,0,148081947
1,rs16835135,0,148147107
1,rs626785,0,148148524
1,rs16835710,0,148154308
1,rs6694482,0,148200565
1,rs16833002,0,148236472
1,rs7523560,0,148250930
1,rs16833591,0,148310763
1,rs3118120,0,148426486
1,rs3118124,0,148433299
1,rs6692738,0,148433397
1,rs6680040,0,148453960
1,rs2038752,0,148472999
1,rs10888578,0,148527617
1,rs834234,0,148619118
1,rs834231,0,148656016
1,rs16837048,0,148698186
1,rs11204726,0,149010116
1,rs11204727,0,149026603
1,rs12125650,0,149026798
1,rs10888395,0,149028795
1,rs10305685,0,149077629
1,rs13375831,0,149184256
1,rs7532008,0,149226974
1,rs6664387,0,149288133
1,rs6658772,0,149290298
1,rs12757785,0,149316743
1,rs34209583,0,149444005
1,rs4246525,0,149524363
1,rs3748547,0,149530056
1,rs12737576,0,149538275
1,rs12042270,0,149555005
1,rs28372941,0,149555322
1,rs2233850,0,149583770
1,rs9803733,0,149717828
1,rs11204838,0,149760438
1,rs12121608,0,149781812
1,rs6587597,0,149787355
1,rs12753658,0,149795111
1,rs4132646,0,149800766
1,rs868866,0,150028428
1,rs11586691,0,150038291
1,rs4308981,0,150050321
1,rs7529451,0,150103448
1,rs3007671,0,150265971
1,rs3001979,0,150316682
1,rs1496045,0,150451328
1,rs3814300,0,150542264
1,rs6587666,0,150563487
1,rs3126091,0,150573962
1,rs11204988,0,150610517
1,rs4845763,0,150654762
1,rs2146116,0,150709433
1,rs7548813,0,150745060
1,rs2297760,0,150753658
1,rs1337342,0,150812039
1,rs4085613,0,150816642
1,rs4845446,0,150857374
1,rs16834273,0,150876575
1,rs12057594,0,150905920
1,rs4845482,0,151013158
1,rs1930127,0,151046901
1,rs11205126,0,151104058
1,rs3856026,0,151136387
1,rs1854779,0,151147296
1,rs6663448,0,151161251
1,rs2050674,0,151179980
1,rs10888527,0,151267987
1,rs310101,0,151307194
1,rs310117,0,151326425
1,rs475355,0,151410197
1,rs1831238,0,151436146
1,rs12128109,0,151479292
1,rs7523592,0,151481148
1,rs7523883,0,151481491
1,rs12060071,0,151514380
1,rs2916213,0,151581918
1,rs6684970,0,151761868
1,rs585215,0,151771637
1,rs16835413,0,151774136
1,rs913860,0,151886751
1,rs9426891,0,151981042
1,rs7517875,0,152003385
1,rs12062984,0,152003950
1,rs6675978,0,152009858
1,rs35102232,0,152017274
1,rs12067325,0,152018689
1,rs4567311,0,152041307
1,rs9426938,0,152046922
1,rs16829415,0,152061595
1,rs11264446,0,152072359
1,rs6680140,0,152183993
1,rs10559,0,152187188
1,rs6701341,0,152241245
1,rs12569231,0,152261162
1,rs12740258,0,152324135
1,rs2790689,0,152326439
1,rs2274993,0,152476114
1,rs2340473,0,152491968
1,rs715737,0,152503194
1,rs11808153,0,152504687
1,rs11577201,0,152543839
1,rs6427627,0,152625803
1,rs11265610,0,152647408
1,rs11265618,0,152696716
1,rs12568083,0,152722573
1,rs6656743,0,152820074
1,rs7523074,0,152958893
1,rs925042,0,152971219
1,rs6682291,0,152999400
1,rs1218601,0,153058300
1,rs6681725,0,153063686
1,rs1218549,0,153070269
1,rs906597,0,153089141
1,rs1218584,0,153099691
1,rs11264306,0,153309949
1,rs3766916,0,153316026
1,rs2306124,0,153326475
1,rs10908455,0,153333907
1,rs6693477,0,153348564
1,rs4246529,0,153381884
1,rs12028043,0,153399460
1,rs1611774,0,153424477
1,rs1046188,0,153498698
1,rs4971053,0,153675259
1,rs35450009,0,153693224
1,rs512551,0,153925296
1,rs6671188,0,153978275
1,rs11803678,0,153992155
1,rs6692929,0,154022671
1,rs11264415,0,154074180
1,rs2886070,0,154240595
1,rs915178,0,154245349
1,rs1804478,0,154245657
1,rs4661035,0,154409881
1,rs12087770,0,154412193
1,rs10908496,0,154530624
1,rs12132794,0,154547644
1,rs2249790,0,154553984
1,rs12141236,0,154569199
1,rs35478936,0,154571786
1,rs4641304,0,154609541
1,rs12409830,0,154616058
1,rs2296373,0,154653411
1,rs12136718,0,154676209
1,rs1109751,0,154705624
1,rs6685228,0,154752633
1,rs7548309,0,154798968
1,rs9988587,0,154809223
1,rs6679425,0,154817592
1,rs16837540,0,154836390
1,rs4661055,0,154863290
1,rs1016423,0,154880916
1,rs7526799,0,154884426
1,rs4661210,0,154901263
1,rs3935541,0,154928996
1,rs16830429,0,154957982
1,rs6670355,0,154973999
1,rs6682846,0,154982708
1,rs6657293,0,154995473
1,rs2644615,0,155028242
1,rs928392,0,155037440
1,rs2735657,0,155046930
1,rs11264577,0,155103591
1,rs16837943,0,155237599
1,rs12725382,0,155306061
1,rs7521824,0,155369563
1,rs1176525,0,155382659
1,rs12125692,0,155498301
1,rs4661138,0,155609183
1,rs2209354,0,155621503
1,rs12062592,0,155644202
1,rs12048503,0,155743752
1,rs1807765,0,155748995
1,rs12083659,0,155750078
1,rs1332714,0,155756140
1,rs16838818,0,155801783
1,rs4246533,0,155819568
1,rs2777963,0,155823156
1,rs2777962,0,155824325
1,rs2104193,0,155847729
1,rs2777982,0,155860498
1,rs2758688,0,155874001
1,rs11264793,0,155914150
1,rs17675862,0,155914903
1,rs12069414,0,155972217
1,rs16839250,0,156067917
1,rs10458627,0,156114855
1,rs7537631,0,156115294
1,rs7545948,0,156146005
1,rs17417908,0,156188504
1,rs12037357,0,156261529
1,rs16839617,0,156264300
1,rs1321642,0,156632749
1,rs16840141,0,156659228
1,rs989203,0,156684164
1,rs3820678,0,156716862
1,rs1342958,0,156735300
1,rs7529179,0,156754232
1,rs10489833,0,156757075
1,rs16840314,0,156783977
1,rs863352,0,156805630
1,rs16840385,0,156845314
1,rs16841088,0,157010714
1,rs2852657,0,157114344
1,rs2820161,0,157116009
1,rs856118,0,157166344
1,rs856086,0,157183542
1,rs856146,0,157226074
1,rs16841691,0,157346867
1,rs16841729,0,157357722
1,rs16841735,0,157365079
1,rs1103577,0,157366939
1,rs2213949,0,157400338
1,rs2814775,0,157401278
1,rs2852717,0,157429546
1,rs6660102,0,157477688
1,rs863017,0,157481168
1,rs6687840,0,157609063
1,rs4446959,0,157624308
1,rs3122631,0,157629141
1,rs12034969,0,157651568
1,rs11265192,0,157667838
1,rs11588375,0,157671427
1,rs4128726,0,157672468
1,rs4128725,0,157672583
1,rs12048482,0,157676481
1,rs11265204,0,157706537
1,rs1205,0,157948857
1,rs4403628,0,158019721
1,rs10752631,0,158128777
1,rs7521490,0,158199760
1,rs1934078,0,158243673
1,rs1186689,0,158289677
1,rs1186685,0,158295836
1,rs4656873,0,158297954
1,rs10908753,0,158342061
1,rs3761685,0,158351267
1,rs17846714,0,158366888
1,rs1046995,0,158379365
1,rs1983725,0,158394742
1,rs12064269,0,158397144
1,rs11265338,0,158400829
1,rs7528360,0,158408075
1,rs11805919,0,158412331
1,rs822450,0,158434992
1,rs16831634,0,158460974
1,rs16831691,0,158482896
1,rs12140856,0,158532973
1,rs11265378,0,158609568
1,rs12403970,0,158616525
1,rs11582932,0,158635996
1,rs10494343,0,158669163
1,rs11265410,0,158697204
1,rs3766389,0,158783838
1,rs16832208,0,158792245
1,rs7517554,0,158803583
1,rs4656923,0,158893007
1,rs16832364,0,159012637
1,rs7556098,0,159014239
1,rs3766377,0,159067183
1,rs1333062,0,159112908
1,rs4656957,0,159116904
1,rs1556519,0,159184526
1,rs11576837,0,159270498
1,rs11579514,0,159409936
1,rs12077004,0,159424972
1,rs10908826,0,159439149
1,rs16832908,0,159614059
1,rs7519821,0,159639232
1,rs1891019,0,159958057
1,rs12728899,0,159961510
1,rs4657096,0,159980610
1,rs17408556,0,160080389
1,rs12726227,0,160221072
1,rs7551221,0,160267022
1,rs4656349,0,160316448
1,rs1337061,0,160329876
1,rs1415259,0,160351933
1,rs12733821,0,160353315
1,rs6427655,0,160401081
1,rs7550191,0,160402089
1,rs7546353,0,160406316
1,rs4391647,0,160453555
1,rs6683968,0,160458036
1,rs10800386,0,160491603
1,rs16860185,0,160560694
1,rs7555808,0,160564436
1,rs16860624,0,160586375
1,rs1510289,0,160595166
1,rs10919539,0,160710409
1,rs7523630,0,160924194
1,rs7523184,0,161133253
1,rs6427699,0,161163119
1,rs6427703,0,161201316
1,rs12164672,0,161218517
1,rs7515007,0,161236534
1,rs2661338,0,161284333
1,rs2842020,0,161294144
1,rs2661274,0,161298245
1,rs10759,0,161312975
1,rs2661280,0,161379999
1,rs11580141,0,161402615
1,rs12035879,0,161409179
1,rs10753605,0,161412014
1,rs4233396,0,161685373
1,rs7528020,0,161693161
1,rs12039583,0,161761154
1,rs10494334,0,161771788
1,rs17373134,0,161930556
1,rs10917851,0,162036204
1,rs12031632,0,162068168
1,rs10917859,0,162069153
1,rs1992400,0,162069720
1,rs1550541,0,162072982
1,rs1441189,0,162092942
1,rs10494400,0,162096768
1,rs11580193,0,162099946
1,rs17366977,0,162172297
1,rs12091250,0,162172619
1,rs16824583,0,162324699
1,rs16830535,0,162678021
1,rs16827858,0,162733870
1,rs1954114,0,162748300
1,rs10442643,0,162830010
1,rs10494419,0,162878525
1,rs1780358,0,162883000
1,rs2635032,0,162907883
1,rs7521528,0,163004212
1,rs4345787,0,163095552
1,rs10918083,0,163104117
1,rs11580794,0,163123396
1,rs10918091,0,163152290
1,rs11589770,0,163155483
1,rs1573182,0,163225265
1,rs986362,0,163283623
1,rs1389770,0,163293017
1,rs992379,0,163313424
1,rs9803673,0,163357909
1,rs7548311,0,163404058
1,rs10494435,0,163442188
1,rs6667188,0,163446361
1,rs10494442,0,163521852
1,rs6687120,0,163531633
1,rs7551782,0,163561362
1,rs12751264,0,163625535
1,rs285428,0,163689183
1,rs10737510,0,163712139
1,rs4657449,0,163731905
1,rs10494443,0,163747084
1,rs2478259,0,163760847
1,rs16846549,0,163771536
1,rs16846612,0,163775130
1,rs16847083,0,163800754
1,rs2485404,0,163808804
1,rs4147606,0,163890075
1,rs6426936,0,163951331
1,rs3790654,0,164128888
1,rs12090916,0,164324494
1,rs10918368,0,164349856
1,rs7523055,0,164376617
1,rs16856613,0,164377210
1,rs7552225,0,164436985
1,rs17427767,0,164669698
1,rs2172714,0,164718648
1,rs10800238,0,164723011
1,rs198981,0,164775895
1,rs12741275,0,164860378
1,rs539482,0,164906903
1,rs517224,0,164913570
1,rs1887536,0,165229302
1,rs10918646,0,165392660
1,rs12409740,0,165404496
1,rs1214596,0,165693794
1,rs2988277,0,165697976
1,rs12564899,0,165768783
1,rs12048110,0,165778722
1,rs3767443,0,165787088
1,rs12136782,0,165821103
1,rs761078,0,165881992
1,rs12566176,0,165963683
1,rs2097572,0,165997407
1,rs7538269,0,166002270
1,rs3767448,0,166003466
1,rs12072200,0,166025003
1,rs2269679,0,166082234
1,rs3767458,0,166093475
1,rs7518237,0,166096630
1,rs203842,0,166114621
1,rs12027767,0,166153574
1,rs203861,0,166160383
1,rs10918802,0,166202063
1,rs3767465,0,166256155
1,rs12410719,0,166446059
1,rs12088126,0,166465655
1,rs7543224,0,166528913
1,rs16860326,0,166540795
1,rs2268541,0,166664038
1,rs1040509,0,166767608
1,rs12049040,0,166788239
1,rs1009435,0,166901597
1,rs7535093,0,166918556
1,rs17561899,0,166930022
1,rs6698023,0,166932416
1,rs524705,0,166932598
1,rs7519490,0,166954638
1,rs2984601,0,167250506
1,rs2982467,0,167284043
1,rs12084964,0,167379906
1,rs12124168,0,167401819
1,rs10919158,0,167623768
1,rs6687813,0,167744198
1,rs9332679,0,167823892
1,rs3917853,0,167825950
1,rs7551819,0,167883333
1,rs2298902,0,167929703
1,rs2205849,0,167947981
1,rs10919243,0,168023992
1,rs4508080,0,168100840
1,rs2057249,0,168219009
1,rs11806707,0,168227173
1,rs4656203,0,168273609
1,rs12131603,0,168290101
1,rs9427182,0,168373605
1,rs12122745,0,168477099
1,rs10127810,0,168479401
1,rs7531125,0,168768009
1,rs6693763,0,168786333
1,rs10489231,0,168856061
1,rs588837,0,168889733
1,rs12409048,0,168965773
1,rs10489233,0,169012786
1,rs12409341,0,169030050
1,rs10800542,0,169031539
1,rs983215,0,169097269
1,rs1920139,0,169299556
1,rs16864094,0,169372014
1,rs1795242,0,169381843
1,rs17565766,0,169382754
1,rs1736567,0,169385824
1,rs7889839,0,169387797
1,rs12076944,0,169401659
1,rs7545752,0,169415145
1,rs6657314,0,169421727
1,rs12091865,0,169427322
1,rs4916188,0,169467841
1,rs7551531,0,169481504
1,rs10912669,0,169489639
1,rs28384842,0,169490732
1,rs28384846,0,169491029
1,rs12040753,0,169498837
1,rs13376631,0,169502366
1,rs2421804,0,169506606
1,rs12062692,0,169512203
1,rs16864314,0,169517820
1,rs10912718,0,169522831
1,rs2235510,0,169580766
1,rs7540116,0,169660411
1,rs4916229,0,169709992
1,rs743994,0,169862840
1,rs2236875,0,169881306
1,rs12082573,0,169888336
1,rs12142786,0,169900581
1,rs7511865,0,169982096
1,rs2294720,0,170017859
1,rs11580187,0,170067754
1,rs12121064,0,170130095
1,rs7538839,0,170144490
1,rs2901603,0,170152370
1,rs4916418,0,170301062
1,rs4075021,0,170330139
1,rs479185,0,170408773
1,rs6701929,0,170505508
1,rs4417110,0,170658017
1,rs6702667,0,170667107
1,rs1063412,0,170677590
1,rs12074691,0,170684091
1,rs2157449,0,170725366
1,rs3919435,0,170729585
1,rs10911865,0,170765501
1,rs964798,0,170770599
1,rs12025433,0,170777794
1,rs730278,0,170870563
1,rs2639622,0,170876044
1,rs7553067,0,170941164
1,rs7521390,0,171408583
1,rs7527564,0,171462843
1,rs6667110,0,171646226
1,rs4916353,0,171651101
1,rs3934576,0,171665059
1,rs3934575,0,171665156
1,rs12080769,0,171737081
1,rs12087885,0,171843594
1,rs6681766,0,171939422
1,rs10798295,0,171950577
1,rs2068871,0,172062792
1,rs6663875,0,172129832
1,rs2227621,0,172138429
1,rs2227617,0,172140682
1,rs2227592,0,172152335
1,rs9425775,0,172159641
1,rs1322781,0,172180427
1,rs972361,0,172464031
1,rs6681390,0,172497092
1,rs6670617,0,172513335
1,rs4650989,0,172525500
1,rs12069450,0,172539627
1,rs2860909,0,172540972
1,rs6697149,0,172571634
1,rs12075263,0,172588962
1,rs10489256,0,172595424
1,rs12091056,0,172620231
1,rs2860955,0,172627141
1,rs4652365,0,172628220
1,rs10798310,0,172644342
1,rs12565430,0,172667160
1,rs4652460,0,172695260
1,rs16847052,0,172701500
1,rs7537823,0,172737983
1,rs35817944,0,172774375
1,rs4652652,0,172832343
1,rs6671824,0,172839482
1,rs4451598,0,172842337
1,rs6664864,0,172858673
1,rs3862941,0,172925179
1,rs1622802,0,173001827
1,rs1754360,0,173011586
1,rs1618234,0,173013232
1,rs4652797,0,173026997
1,rs1613634,0,173038945
1,rs2860725,0,173051208
1,rs16847505,0,173060317
1,rs1894199,0,173071306
1,rs1793305,0,173076885
1,rs10912851,0,173158498
1,rs12072529,0,173203975
1,rs6425310,0,173238305
1,rs11590474,0,173239211
1,rs16847681,0,173242595
1,rs10912866,0,173246349
1,rs10465483,0,173255586
1,rs2187943,0,173257062
1,rs11802280,0,173292281
1,rs12065394,0,173306226
1,rs12729551,0,173306671
1,rs10912888,0,173354229
1,rs4466606,0,173355717
1,rs2010221,0,173360490
1,rs1012466,0,173376507
1,rs6703136,0,173386204
1,rs6701037,0,173386702
1,rs10912898,0,173387092
1,rs4650707,0,173389189
1,rs4650716,0,173395334
1,rs2861158,0,173402452
1,rs12136973,0,173406942
1,rs3766691,0,173412543
1,rs2205614,0,173435724
1,rs1012876,0,173439829
1,rs2205613,0,173443710
1,rs6425326,0,173465221
1,rs10157804,0,173506216
1,rs12134947,0,173514917
1,rs2298919,0,173568604
1,rs864163,0,173758982
1,rs10798398,0,173785648
1,rs16848602,0,173785849
1,rs2012430,0,173851935
1,rs16848883,0,173871271
1,rs2861315,0,173875555
1,rs12088391,0,173877668
1,rs7544659,0,173913664
1,rs11582103,0,173917022
1,rs6661744,0,173923662
1,rs4652109,0,173936824
1,rs12038088,0,173945412
1,rs12049604,0,173947219
1,rs41380950,0,173962573
1,rs10913071,0,173978862
1,rs16849078,0,173981065
1,rs10798415,0,173990701
1,rs487948,0,173993861
1,rs6425357,0,174004791
1,rs640692,0,174005626
1,rs12747642,0,174017885
1,rs1409143,0,174023124
1,rs6667722,0,174025753
1,rs555060,0,174104671
1,rs578140,0,174114711
1,rs4652137,0,174114862
1,rs489389,0,174116634
1,rs7517503,0,174359291
1,rs9425798,0,174694380
1,rs7536647,0,174707268
1,rs6425390,0,174784909
1,rs6671694,0,174786940
1,rs2294654,0,174791817
1,rs11585020,0,174796902
1,rs6682507,0,175266826
1,rs11583509,0,175323640
1,rs10047146,0,175370313
1,rs12061077,0,175413531
1,rs6660903,0,175458804
1,rs12734367,0,175466049
1,rs926319,0,175470760
1,rs10913311,0,175604345
1,rs12117677,0,175625137
1,rs9662701,0,175650659
1,rs17609581,0,175650758
1,rs1358842,0,175700949
1,rs10798522,0,175709680
1,rs1337161,0,175828401
1,rs1022799,0,175941838
1,rs1923642,0,175975119
1,rs880837,0,176019932
1,rs9970077,0,176027541
1,rs3131310,0,176081537
1,rs12757638,0,176082392
1,rs12047388,0,176138646
1,rs570762,0,176156776
1,rs6425457,0,176204064
1,rs7523508,0,176204378
1,rs10158522,0,176205335
1,rs869286,0,176210435
1,rs7520853,0,176292917
1,rs10798600,0,176447342
1,rs12741848,0,176601564
1,rs3791026,0,176610513
1,rs3791025,0,176624530
1,rs1122579,0,176881837
1,rs2811267,0,176933111
1,rs10798629,0,176934302
1,rs6425500,0,176984879
1,rs17724873,0,177055349
1,rs7511848,0,177055536
1,rs3766643,0,177079995
1,rs6660606,0,177081564
1,rs10913632,0,177086176
1,rs3753534,0,177125382
1,rs7556368,0,177195135
1,rs16853610,0,177305678
1,rs9728480,0,177356114
1,rs12134611,0,177436211
1,rs2130576,0,177447725
1,rs438148,0,177483359
1,rs10798656,0,177530914
1,rs13306731,0,177587201
1,rs1044925,0,177590361
1,rs10798670,0,177601557
1,rs6666455,0,177606038
1,rs1887814,0,177818275
1,rs2504048,0,177989450
1,rs17371308,0,178289436
1,rs2319653,0,178423290
1,rs10798738,0,178428056
1,rs3738115,0,178432322
1,rs2764453,0,178515930
1,rs12691484,0,178611415
1,rs4403592,0,178646315
1,rs34750348,0,178836522
1,rs6679173,0,178839805
1,rs6656378,0,178867143
1,rs10914092,0,178998462
1,rs12096475,0,179117648
1,rs3795505,0,179171975
1,rs10753231,0,179196957
1,rs10429833,0,179202685
1,rs3820263,0,179269391
1,rs16856699,0,179291733
1,rs9787100,0,179310895
1,rs3827706,0,179426894
1,rs10910892,0,179427262
1,rs4652633,0,179496176
1,rs7544832,0,179507573
1,rs16857062,0,179524722
1,rs12141165,0,179573225
1,rs10494538,0,179592250
1,rs6669751,0,179696438
1,rs633125,0,179709637
1,rs17494103,0,179723156
1,rs494288,0,179731977
1,rs6697452,0,179880402
1,rs3766988,0,179933906
1,rs41445745,0,180136293
1,rs4113814,0,180445470
1,rs12142225,0,180565407
1,rs12146116,0,180565495
1,rs501085,0,180793462
1,rs10797788,0,180890132
1,rs12043864,0,181254019
1,rs12082233,0,181378892
1,rs635796,0,181444077
1,rs869741,0,181543704
1,rs2788057,0,181612330
1,rs1819628,0,181625063
1,rs7518244,0,181701430
1,rs4652813,0,181801167
1,rs11588654,0,181823018
1,rs2761565,0,181848025
1,rs16861414,0,181887016
1,rs16861455,0,181913493
1,rs7516454,0,181989553
1,rs6424913,0,182065500
1,rs3010062,0,182094600
1,rs12129684,0,182095976
1,rs9425321,0,182097524
1,rs12139534,0,182144116
1,rs17512325,0,182256201
1,rs3814333,0,182273742
1,rs9425336,0,182572743
1,rs4568789,0,182581034
1,rs16823033,0,182614247
1,rs7513091,0,182755586
1,rs682331,0,183027988
1,rs487685,0,183087669
1,rs234095,0,183197652
1,rs234102,0,183205008
1,rs12077730,0,183318796
1,rs34348424,0,183337346
1,rs2273878,0,183356396
1,rs6424972,0,183430121
1,rs883753,0,183497473
1,rs7531423,0,183545035
1,rs2144291,0,183638563
1,rs2756206,0,183803079
1,rs17448216,0,184093724
1,rs17448230,0,184093751
1,rs2057385,0,184103946
1,rs4650691,0,184257505
1,rs4650695,0,184376448
1,rs2208692,0,184399913
1,rs12077211,0,184804601
1,rs20416,0,184917164
1,rs10752979,0,185102618
1,rs6697145,0,185177214
1,rs1555202,0,185190837
1,rs4650711,0,185203213
1,rs12023588,0,185337444
1,rs4650724,0,185505941
1,rs16826689,0,185556774
1,rs12033946,0,185615061
1,rs7516204,0,185656565
1,rs12028749,0,185680258
1,rs2000411,0,185685936
1,rs6679580,0,185723795
1,rs10912092,0,185776111
1,rs16827226,0,185782416
1,rs2789394,0,185809777
1,rs12075120,0,185839918
1,rs7555018,0,185895340
1,rs4233131,0,185960354
1,rs4620486,0,185978587
1,rs6697553,0,185980063
1,rs1572507,0,186150995
1,rs17478431,0,186358619
1,rs2025282,0,186390654
1,rs12132614,0,186432618
1,rs4638074,0,186555140
1,rs9660225,0,186562669
1,rs7538400,0,186568594
1,rs12126176,0,186581564
1,rs12119651,0,186595319
1,rs12125250,0,186646051
1,rs9988491,0,186690005
1,rs10912417,0,186724101
1,rs2053675,0,187233979
1,rs7524875,0,187542730
1,rs1764565,0,187599537
1,rs12125135,0,187722935
1,rs1856848,0,187736226
1,rs1878403,0,188102908
1,rs10800809,0,188251051
1,rs7511657,0,188502718
1,rs655598,0,188554336
1,rs1325220,0,188929461
1,rs11807525,0,188937320
1,rs527579,0,189035308
1,rs692962,0,189041304
1,rs580764,0,189043536
1,rs12120220,0,189140954
1,rs1246726,0,189616237
1,rs613836,0,189700086
1,rs637642,0,189745105
1,rs12042221,0,189990927
1,rs833995,0,190001664
1,rs16833826,0,190050798
1,rs4450071,0,190090491
1,rs12134799,0,190249671
1,rs10494668,0,190645532
1,rs10754006,0,190657256
1,rs1936681,0,190689328
1,rs7545496,0,190777580
1,rs1853433,0,190780284
1,rs10489873,0,190826269
1,rs2296022,0,190893747
1,rs16834613,0,190912395
1,rs2146609,0,190949294
1,rs10754027,0,190993954
1,rs17646713,0,191022617
1,rs12079422,0,191155789
1,rs10801165,0,191177389
1,rs11583763,0,191246492
1,rs17702096,0,191246870
1,rs10801179,0,191387156
1,rs2370029,0,191389070
1,rs12122868,0,191425106
1,rs6428156,0,191426182
1,rs4256792,0,191426938
1,rs6676878,0,191428582
1,rs10801189,0,191435184
1,rs4657848,0,191436455
1,rs6673271,0,191453858
1,rs12753803,0,191463505
1,rs1408830,0,191464030
1,rs16835225,0,191467937
1,rs7556154,0,191475798
1,rs16835239,0,191495129
1,rs817137,0,191541652
1,rs12034095,0,191567419
1,rs16835319,0,191600932
1,rs877913,0,191674676
1,rs1575571,0,191678364
1,rs2038750,0,191690787
1,rs1324328,0,191711242
1,rs17543785,0,191721954
1,rs6668266,0,191850685
1,rs1887726,0,191862879
1,rs10801229,0,191945222
1,rs12122818,0,191953018
1,rs16835741,0,191982620
1,rs6670418,0,192055226
1,rs1327448,0,192151285
1,rs7541634,0,192210823
1,rs7532004,0,192248563
1,rs488612,0,192307681
1,rs302265,0,192450450
1,rs626245,0,192498656
1,rs1325428,0,192545338
1,rs1325427,0,192545366
1,rs10754095,0,192562151
1,rs12083179,0,192573924
1,rs4376717,0,192614567
1,rs4253903,0,192914811
1,rs10801344,0,192948685
1,rs6665228,0,192969074
1,rs995805,0,192974214
1,rs10921643,0,192984950
1,rs1328321,0,193061815
1,rs11807552,0,193097371
1,rs339572,0,193207960
1,rs12131392,0,193232740
1,rs10921776,0,193314003
1,rs822454,0,193362219
1,rs16838157,0,193449065
1,rs6688980,0,193458316
1,rs2031953,0,193468824
1,rs12034367,0,193493084
1,rs12403461,0,193539719
1,rs12732243,0,193709379
1,rs6695362,0,193710884
1,rs6677435,0,194057281
1,rs4559482,0,194101358
1,rs2923875,0,194159240
1,rs7517337,0,194180896
1,rs1376811,0,194182203
1,rs2923907,0,194205482
1,rs6428320,0,194255974
1,rs1979171,0,194287158
1,rs4256796,0,194307442
1,rs2094028,0,194417119
1,rs6676634,0,194852444
1,rs4658046,0,194937380
1,rs2336596,0,195261715
1,rs1759007,0,195294229
1,rs3891964,0,195332697
1,rs10801589,0,195342817
1,rs10922168,0,195352753
1,rs10754215,0,195353292
1,rs1127661,0,195389666
1,rs4639796,0,195393272
1,rs10801604,0,195609348
1,rs16841913,0,195977864
1,rs10922273,0,195991996
1,rs2133536,0,196040910
1,rs11810498,0,196061218
1,rs6667560,0,196061322
1,rs10922324,0,196134028
1,rs6683637,0,196229242
1,rs12404040,0,196234299
1,rs1125953,0,196235009
1,rs10922359,0,196292932
1,rs1233839,0,196301192
1,rs7529161,0,196317784
1,rs12046946,0,196338347
1,rs16842420,0,196363801
1,rs10922372,0,196419382
1,rs9628685,0,196426052
1,rs16842626,0,196492824
1,rs6679100,0,196555332
1,rs16843333,0,196806129
1,rs1326287,0,196838353
1,rs16843471,0,196857044
1,rs2038926,0,196867820
1,rs874909,0,196986596
1,rs10800589,0,197040094
1,rs10800591,0,197063314
1,rs7542950,0,197182995
1,rs12049402,0,197392925
1,rs1325187,0,197483930
1,rs645943,0,197583084
1,rs528227,0,197653503
1,rs1409779,0,197701830
1,rs16845322,0,197882595
1,rs4915182,0,197889636
1,rs17699820,0,197957600
1,rs17662991,0,198057311
1,rs6695659,0,198142103
1,rs755556,0,198169552
1,rs10919768,0,198172611
1,rs2821347,0,198252415
1,rs2816949,0,198264401
1,rs6658424,0,198315925
1,rs2821313,0,198317897
1,rs2816928,0,198321700
1,rs2248967,0,198351516
1,rs2816972,0,198351627
1,rs7551367,0,198395299
1,rs6665426,0,198414942
1,rs41415747,0,198416118
1,rs10919830,0,198421097
1,rs10800678,0,198437360
1,rs2808489,0,198553108
1,rs2808488,0,198589563
1,rs4915438,0,198666329
1,rs16846759,0,198713508
1,rs12041146,0,198731467
1,rs10919966,0,198769192
1,rs12060793,0,198788035
1,rs12734513,0,198793240
1,rs6688734,0,198801935
1,rs2809341,0,198864311
1,rs4915456,0,198979869
1,rs2364687,0,198992244
1,rs2275194,0,199088547
1,rs7511678,0,199099480
1,rs6668056,0,199107881
1,rs12123633,0,199227509
1,rs6692235,0,199236389
1,rs2297901,0,199302230
1,rs10920139,0,199422277
1,rs11589317,0,199433058
1,rs947379,0,199437906
1,rs1568810,0,199450025
1,rs1010914,0,199477074
1,rs10158798,0,199487517
1,rs3819796,0,199535674
1,rs1628151,0,199555798
1,rs1779293,0,199557413
1,rs1046962,0,199568496
1,rs10920176,0,199569729
1,rs16848403,0,199581805
1,rs16848538,0,199650198
1,rs10800779,0,199667648
1,rs2205595,0,199807132
1,rs478472,0,199892446
1,rs741973,0,199898907
1,rs2644129,0,200059123
1,rs10920259,0,200064319
1,rs2271764,0,200110680
1,rs3738290,0,200134956
1,rs2819376,0,200197842
1,rs10800803,0,200214395
1,rs4436441,0,200354559
1,rs12076859,0,200591407
1,rs4950778,0,200698087
1,rs2292489,0,200803471
1,rs6427957,0,200829050
1,rs7534078,0,200881676
1,rs4950863,0,200891970
1,rs7550433,0,200896347
1,rs2362917,0,201088334
1,rs6427973,0,201098492
1,rs4495774,0,201105813
1,rs1131905,0,201116393
1,rs10800888,0,201194650
1,rs1038985,0,201226237
1,rs1690821,0,201260725
1,rs782805,0,201272866
1,rs3736314,0,201291390
1,rs6664108,0,201326351
1,rs3820145,0,201458760
1,rs2494275,0,201516635
1,rs6662517,0,201530035
1,rs6682806,0,201541559
1,rs1077292,0,201726005
1,rs2821225,0,201781285
1,rs7545327,0,202173758
1,rs16776,0,202337980
1,rs16852929,0,202361404
1,rs1106778,0,202382171
1,rs7521667,0,202396750
1,rs3795573,0,202434295
1,rs17333220,0,202460414
1,rs11240700,0,202462579
1,rs6702751,0,202478416
1,rs4951360,0,202559865
1,rs4951365,0,202583778
1,rs12031854,0,202670986
1,rs2926537,0,202738902
1,rs898385,0,202846483
1,rs868097,0,202846762
1,rs875093,0,202867342
1,rs11240265,0,203006701
1,rs16854617,0,203119961
1,rs10900430,0,203131907
1,rs6685118,0,203199428
1,rs12740617,0,203227396
1,rs4950976,0,203236866
1,rs11240368,0,203377552
1,rs896322,0,203476368
1,rs1172147,0,203492080
1,rs13374813,0,203559587
1,rs1105385,0,203574958
1,rs10736841,0,203577884
1,rs913723,0,203585477
1,rs2183230,0,203591348
1,rs12047830,0,204183322
1,rs28548020,0,204495676
1,rs12092084,0,204650212
1,rs12098229,0,204662187
1,rs6701879,0,204684389
1,rs2483059,0,204693402
1,rs944769,0,204758700
1,rs6673717,0,204772862
1,rs12077649,0,204843590
1,rs12080114,0,204889990
1,rs2808470,0,205353810
1,rs11120302,0,205398464
1,rs2011822,0,205480961
1,rs17025155,0,205570159
1,rs2796247,0,206103599
1,rs1028400,0,206180354
1,rs3811383,0,206270460
1,rs2767566,0,206279020
1,rs6540451,0,206291980
1,rs1781025,0,206530764
1,rs718242,0,206531533
1,rs7549288,0,206701867
1,rs701627,0,206712713
1,rs4844688,0,206767831
1,rs10863715,0,206779788
1,rs12565659,0,207013534
1,rs11119127,0,207014657
1,rs17013497,0,207061559
1,rs12047943,0,207149385
1,rs12021836,0,207151333
1,rs12026494,0,207161387
1,rs11119170,0,207172285
1,rs4130547,0,207180726
1,rs10494912,0,207180845
1,rs1924253,0,207216538
1,rs7526402,0,207310761
1,rs1184990,0,207373322
1,rs1011398,0,207772518
1,rs12562470,0,207779076
1,rs7541174,0,207814096
1,rs9429818,0,207834456
1,rs11580294,0,207905997
1,rs12059226,0,207973298
1,rs17317411,0,208027937
1,rs2236906,0,208038108
1,rs6684236,0,208070112
1,rs656566,0,208073226
1,rs3766612,0,208086636
1,rs724286,0,208103322
1,rs9919217,0,208124155
1,rs1883725,0,208124550
1,rs10863794,0,208130811
1,rs10863795,0,208130940
1,rs2038057,0,208163001
1,rs227222,0,208257895
1,rs1186496,0,208330251
1,rs633352,0,208533670
1,rs12060228,0,208618166
1,rs17188288,0,208745951
1,rs10863837,0,208750355
1,rs11119547,0,208838923
1,rs1122901,0,209016249
1,rs7556358,0,209072749
1,rs4951683,0,209147850
1,rs1875438,0,209156230
1,rs1393029,0,209265072
1,rs6540664,0,209398516
1,rs11582143,0,209583599
1,rs17017668,0,209761131
1,rs613232,0,209836516
1,rs11582144,0,209845673
1,rs7525247,0,209851688
1,rs2027224,0,209858982
1,rs4951541,0,209879633
1,rs10158309,0,209880173
1,rs1373293,0,209881910
1,rs11581007,0,209882265
1,rs12065353,0,209891457
1,rs7554315,0,209892177
1,rs894852,0,209902409
1,rs701929,0,209913499
1,rs701927,0,209915945
1,rs7534335,0,210075068
1,rs2993540,0,210184989
1,rs411278,0,210535597
1,rs11805801,0,210550867
1,rs512458,0,210655516
1,rs626178,0,210743942
1,rs679840,0,210753305
1,rs2884515,0,210796957
1,rs11576473,0,210828150
1,rs11571515,0,210847484
1,rs10735510,0,210852083
1,rs11571538,0,210853715
1,rs4951459,0,210949167
1,rs963328,0,211104284
1,rs870547,0,211159262
1,rs6679938,0,211159656
1,rs11120069,0,211171207
1,rs11809007,0,211213575
1,rs1045868,0,211234813
1,rs6540773,0,211264452
1,rs1009264,0,211361733
1,rs4951677,0,211398682
1,rs2841433,0,211468333
1,rs12072668,0,211471512
1,rs12086333,0,211491657
1,rs4434818,0,211496186
1,rs10779599,0,211504303
1,rs7530520,0,211504485
1,rs9430123,0,211510262
1,rs9429904,0,211514884
1,rs1187790,0,211537298
1,rs753369,0,211609183
1,rs4655383,0,211644629
1,rs12049265,0,211679402
1,rs12089111,0,211790868
1,rs6688254,0,211822244
1,rs6695712,0,211898852
1,rs2884830,0,211901132
1,rs10779607,0,211910302
1,rs12565909,0,211986936
1,rs1891060,0,212035977
1,rs853748,0,212111587
1,rs340835,0,212230298
1,rs11120241,0,212268458
1,rs1223751,0,212341382
1,rs1660399,0,212397117
1,rs7539006,0,212464681
1,rs11120295,0,212562326
1,rs11800749,0,212566377
1,rs3754136,0,212567813
1,rs6660423,0,212568552
1,rs11120303,0,212604172
1,rs17022807,0,212641745
1,rs6657749,0,212643136
1,rs4540625,0,212660478
1,rs6656559,0,212693206
1,rs6685434,0,212698881
1,rs17023147,0,212757207
1,rs11120355,0,212809669
1,rs12121403,0,212874096
1,rs3748694,0,212885750
1,rs3748698,0,212886922
1,rs374934,0,212894973
1,rs370638,0,212929153
1,rs1511047,0,212929760
1,rs11120376,0,212931689
1,rs6687999,0,212975718
1,rs12087012,0,212996793
1,rs6699503,0,213096664
1,rs12038080,0,213118323
1,rs473439,0,213148947
1,rs6690944,0,213185055
1,rs1452621,0,213285463
1,rs1339408,0,213432681
1,rs10864160,0,213441806
1,rs6689680,0,213799747
1,rs3753837,0,213821724
1,rs11120594,0,213905713
1,rs11120606,0,213932632
1,rs4595347,0,213989483
1,rs11120666,0,214083228
1,rs11120682,0,214114142
1,rs498911,0,214171603
1,rs2764951,0,214173592
1,rs503150,0,214181449
1,rs683804,0,214182331
1,rs17025684,0,214183888
1,rs11120703,0,214209606
1,rs11120704,0,214211450
1,rs4655437,0,214214876
1,rs634691,0,214218412
1,rs646378,0,214220693
1,rs2813727,0,214220906
1,rs2813728,0,214220966
1,rs10449307,0,214266430
1,rs2147477,0,214338677
1,rs1830857,0,214362205
1,rs301749,0,214429610
1,rs7533692,0,214838334
1,rs11117637,0,214870462
1,rs6700565,0,214890328
1,rs11572693,0,214917364
1,rs6695824,0,214920624
1,rs2576238,0,215050032
1,rs6604647,0,215063606
1,rs1436897,0,215071825
1,rs2576267,0,215126554
1,rs11572531,0,215129859
1,rs11572486,0,215179656
1,rs10492958,0,215190638
1,rs12065974,0,215196665
1,rs17044815,0,215231255
1,rs17041526,0,215231767
1,rs10863286,0,215241158
1,rs11117754,0,215273328
1,rs6604654,0,215346340
1,rs10863305,0,215434776
1,rs2134314,0,215436739
1,rs10429948,0,215452767
1,rs17045716,0,215486329
1,rs17045771,0,215501922
1,rs10495053,0,215538967
1,rs12090325,0,215540692
1,rs2815211,0,215559733
1,rs10863319,0,215574073
1,rs12128013,0,215665953
1,rs7553043,0,215726723
1,rs17046538,0,215755031
1,rs6692477,0,215908752
1,rs12075053,0,215938504
1,rs2377710,0,216147210
1,rs7515121,0,216147599
1,rs6677498,0,216209442
1,rs11118018,0,216281656
1,rs994382,0,216286827
1,rs473564,0,216375988
1,rs1933639,0,216504497
1,rs10863387,0,216538006
1,rs11118074,0,216543592
1,rs11118103,0,216646267
1,rs615380,0,216777143
1,rs10863400,0,216790158
1,rs1690786,0,216794613
1,rs10863401,0,216803727
1,rs6703753,0,217229983
1,rs1256590,0,217258327
1,rs12090653,0,217316959
1,rs12079503,0,217389901
1,rs2174466,0,217413293
1,rs1474372,0,217488551
1,rs17049199,0,217504436
1,rs7524519,0,217509248
1,rs12137855,0,217515001
1,rs17589136,0,217521460
1,rs11118275,0,217563719
1,rs4846553,0,217617605
1,rs2820439,0,217699934
1,rs12735157,0,217752647
1,rs17006031,0,217780591
1,rs4532841,0,217957126
1,rs2797548,0,217990612
1,rs6664521,0,218074931
1,rs17006805,0,218135467
1,rs12403850,0,218146004
1,rs2275706,0,218154326
1,rs904328,0,218299420
1,rs1146773,0,218306071
1,rs11118506,0,218467223
1,rs6541127,0,218467632
1,rs1856429,0,218649674
1,rs10779405,0,218655074
1,rs1338762,0,218663139
1,rs12753927,0,218750319
1,rs2786599,0,218855859
1,rs6675203,0,218946240
1,rs774139,0,218974711
1,rs453079,0,218996024
1,rs868494,0,219026140
1,rs12562744,0,219033907
1,rs2484705,0,219191466
1,rs12032422,0,219419466
1,rs12144872,0,219470134
1,rs1459221,0,219629557
1,rs12736367,0,219634798
1,rs12097907,0,219774804
1,rs7543041,0,220001415
1,rs11118852,0,220006894
1,rs11586814,0,220104576
1,rs7547751,0,220132332
1,rs17442148,0,220254417
1,rs11118942,0,220332176
1,rs753962,0,220339687
1,rs11118948,0,220342651
1,rs12025996,0,220347442
1,rs158732,0,220513899
1,rs4846376,0,220774015
1,rs35661007,0,220812750
1,rs2936027,0,220828939
1,rs17011666,0,220865588
1,rs3008635,0,220917637
1,rs10495200,0,220966996
1,rs17163487,0,221027376
1,rs17536944,0,221181172
1,rs1773752,0,221400530
1,rs17539269,0,221563980
1,rs17480344,0,221571311
1,rs825134,0,221670505
1,rs11799440,0,221681361
1,rs6604713,0,221708454
1,rs17162157,0,221711984
1,rs4478802,0,221719949
1,rs6690293,0,221730128
1,rs6689010,0,221734191
1,rs12026313,0,221765457
1,rs7528658,0,221767092
1,rs3890758,0,221864857
1,rs17557525,0,221973921
1,rs12034645,0,221983044
1,rs12754142,0,221995709
1,rs2488513,0,222283445
1,rs1388970,0,222320006
1,rs1492689,0,222322352
1,rs6663997,0,222341637
1,rs6670591,0,222346107
1,rs4654001,0,222464600
1,rs7521015,0,222510399
1,rs16846212,0,222550973
1,rs10916583,0,222553689
1,rs4146966,0,222584697
1,rs4653584,0,222608268
1,rs4654045,0,222737022
1,rs712074,0,222786909
1,rs16849369,0,222797166
1,rs16849683,0,222822207
1,rs10916647,0,222834378
1,rs6695864,0,222886915
1,rs12136553,0,222932267
1,rs722849,0,222934668
1,rs2501082,0,223173220
1,rs10495228,0,223176095
1,rs2489353,0,223181277
1,rs2449272,0,223183636
1,rs2489358,0,223187621
1,rs2501061,0,223217064
1,rs7522291,0,223289057
1,rs4653629,0,223586678
1,rs3856144,0,223594349
1,rs6692416,0,223684621
1,rs10799319,0,223770108
1,rs12039453,0,223904313
1,rs2840945,0,223925764
1,rs2840956,0,223932201
1,rs7553931,0,223936853
1,rs12022037,0,223938150
1,rs6656088,0,223976438
1,rs12404640,0,224027759
1,rs3753658,0,224079309
1,rs12029602,0,224102304
1,rs360087,0,224123536
1,rs360093,0,224131368
1,rs360098,0,224133313
1,rs360066,0,224171299
1,rs3753673,0,224195935
1,rs4369199,0,224347538
1,rs1355391,0,224351774
1,rs7521958,0,224506646
1,rs12747262,0,224510395
1,rs1417766,0,224556264
1,rs10915975,0,224587815
1,rs3219101,0,224629402
1,rs12118824,0,224696279
1,rs1341331,0,224702683
1,rs7519548,0,224703718
1,rs4653745,0,224742556
1,rs11811075,0,224743359
1,rs1017767,0,224745091
1,rs6684458,0,224775313
1,rs6697883,0,224864356
1,rs6678134,0,225074076
1,rs11405,0,225136300
1,rs41527149,0,225208194
1,rs1892490,0,225216889
1,rs2777843,0,225229599
1,rs3806262,0,225231339
1,rs2802269,0,225248656
1,rs1289472,0,225262381
1,rs6659424,0,225264498
1,rs6664803,0,225362339
1,rs1543102,0,225484753
1,rs16847490,0,225488622
1,rs16847625,0,225565821
1,rs4653498,0,225610057
1,rs16847690,0,225611136
1,rs3014253,0,225615122
1,rs2953655,0,225620794
1,rs12129915,0,225676742
1,rs10495276,0,225803569
1,rs12025815,0,225824695
1,rs16847956,0,225825683
1,rs6661382,0,225874861
1,rs6683151,0,225878137
1,rs6426470,0,225920244
1,rs6693054,0,225974003
1,rs6704268,0,226032079
1,rs9786978,0,226034656
1,rs4653872,0,226037834
1,rs12566948,0,226040902
1,rs10799458,0,226163059
1,rs10127943,0,226176687
1,rs1048503,0,226345646
1,rs822741,0,226353851
1,rs9287011,0,226381314
1,rs2066237,0,226426398
1,rs11586055,0,226493604
1,rs1888681,0,226500114
1,rs7517088,0,226501018
1,rs424645,0,226526840
1,rs1150907,0,226540223
1,rs435776,0,226561413
1,rs287611,0,226579338
1,rs729258,0,226604565
1,rs474600,0,226652460
1,rs12407568,0,226849952
1,rs2748092,0,227035380
1,rs1389138,0,227041392
1,rs1493081,0,227097151
1,rs16849349,0,227222823
1,rs610558,0,227245035
1,rs666453,0,227248320
1,rs7538164,0,227248915
1,rs10916412,0,227259754
1,rs10916413,0,227260184
1,rs4654712,0,227261716
1,rs10916435,0,227353272
1,rs6587336,0,227360668
1,rs12029314,0,227419431
1,rs12132864,0,227446111
1,rs445506,0,227457785
1,rs10495289,0,227458331
1,rs237772,0,227496679
1,rs9435806,0,227522499
1,rs237808,0,227531974
1,rs7524491,0,227537928
1,rs6587341,0,227778963
1,rs16860122,0,227804471
1,rs12045643,0,227900673
1,rs668454,0,228013956
1,rs7541357,0,228085440
1,rs11122316,0,228303726
1,rs1555289,0,228359122
1,rs7542805,0,228558684
1,rs1545969,0,228562211
1,rs4548449,0,228590735
1,rs7552204,0,228619549
1,rs12064727,0,228691006
1,rs11122546,0,228786519
1,rs6691073,0,228790104
1,rs4846997,0,228834660
1,rs16852515,0,228943767
1,rs6541331,0,228951632
1,rs12027189,0,228969629
1,rs3828126,0,228969973
1,rs7536754,0,229281819
1,rs2236065,0,229369070
1,rs11122257,0,229445207
1,rs540479,0,229483170
1,rs1765800,0,229644476
1,rs11122306,0,229697846
1,rs1538975,0,229894995
1,rs9431708,0,230076025
1,rs821598,0,230169970
1,rs864752,0,230214223
1,rs16856365,0,230248348
1,rs964198,0,230306393
1,rs11122414,0,230315370
1,rs9725346,0,230343936
1,rs9730331,0,230374129
1,rs12032708,0,230386647
1,rs16856660,0,230388214
1,rs12080087,0,230475931
1,rs4564083,0,230478608
1,rs10495314,0,230524486
1,rs1767006,0,230535488
1,rs584639,0,230543766
1,rs2275302,0,230657489
1,rs4649265,0,230658548
1,rs1075569,0,230721211
1,rs16857578,0,230735854
1,rs945084,0,230796916
1,rs7556195,0,230799588
1,rs7527321,0,230834518
1,rs10797589,0,230879365
1,rs12023295,0,230901847
1,rs6697517,0,231090553
1,rs10489575,0,231300770
1,rs10797601,0,231311499
1,rs2477862,0,231348833
1,rs10489803,0,231394605
1,rs11588896,0,231484817
1,rs6665061,0,231559079
1,rs3737841,0,231560323
1,rs963982,0,231581694
1,rs1294200,0,231591426
1,rs1582192,0,231591816
1,rs12740471,0,231688660
1,rs12731522,0,231745799
1,rs6678678,0,231783791
1,rs16859289,0,231804145
1,rs1693216,0,231808517
1,rs701214,0,231826562
1,rs7536764,0,231847261
1,rs16859461,0,231923740
1,rs12037408,0,231959109
1,rs16859566,0,231983824
1,rs7541879,0,232182537
1,rs10797521,0,232201838
1,rs12032360,0,232284770
1,rs12059433,0,232326448
1,rs12126340,0,232339941
1,rs6659283,0,232348663
1,rs4027081,0,232438146
1,rs7552485,0,232482429
1,rs493453,0,232495434
1,rs2281599,0,232498627
1,rs646610,0,232510597
1,rs594646,0,232522868
1,rs12073170,0,232608424
1,rs10910440,0,232671725
1,rs12725027,0,232832612
1,rs2770370,0,232896272
1,rs3888368,0,232905188
1,rs12133803,0,232949805
1,rs2673948,0,233043731
1,rs2673942,0,233060091
1,rs1515656,0,233084260
1,rs4659822,0,233352080
1,rs12564990,0,233395118
1,rs6675944,0,233639292
1,rs291340,0,233741002
1,rs452950,0,233782240
1,rs2774335,0,233813628
1,rs12076094,0,233997426
1,rs6692303,0,234063937
1,rs10926980,0,234118498
1,rs9970723,0,234173709
1,rs6429432,0,234173864
1,rs6662744,0,234207857
1,rs16833089,0,234229072
1,rs6702978,0,234291192
1,rs7542662,0,234341549
1,rs9661110,0,234381209
1,rs12562407,0,234461475
1,rs4339855,0,234461984
1,rs1749563,0,234484302
1,rs12061095,0,234501376
1,rs11800036,0,234708163
1,rs2759005,0,234787456
1,rs1652207,0,234848101
1,rs947447,0,234861937
1,rs819666,0,234915374
1,rs697660,0,234919911
1,rs4659469,0,234997824
1,rs4659738,0,235107481
1,rs1050993,0,235128928
1,rs16834612,0,235180911
1,rs10925286,0,235220150
1,rs1933127,0,235343876
1,rs10925318,0,235345397
1,rs2490351,0,235409750
1,rs628040,0,235415596
1,rs12749494,0,235416963
1,rs7524531,0,235447575
1,rs16835011,0,235450749
1,rs16835116,0,235530022
1,rs1842080,0,235691859
1,rs2618698,0,235730380
1,rs10157412,0,235805767
1,rs2779427,0,235819181
1,rs1332777,0,235820963
1,rs10925478,0,235863382
1,rs1023214,0,235868688
1,rs490057,0,235879299
1,rs4465197,0,235963250
1,rs960472,0,235967993
1,rs2499595,0,236175958
1,rs1287295,0,236434992
1,rs6672666,0,236499507
1,rs515344,0,236771932
1,rs12057634,0,236772922
1,rs7511818,0,236795985
1,rs482697,0,236813734
1,rs7533386,0,236903241
1,rs2689125,0,237009212
1,rs2689160,0,237038804
1,rs16837650,0,237230716
1,rs12759541,0,237378518
1,rs16838472,0,237772841
1,rs10925917,0,237783742
1,rs10925934,0,237864971
1,rs16832149,0,237876362
1,rs536477,0,238112531
1,rs12036109,0,238132501
1,rs3738435,0,238137226
1,rs2067481,0,238137567
1,rs12135917,0,238196665
1,rs1599546,0,238248345
1,rs11580593,0,238248424
1,rs13374476,0,238251996
1,rs12088486,0,238262399
1,rs9887780,0,238266575
1,rs10926087,0,238273608
1,rs7515731,0,238304648
1,rs1418049,0,238319943
1,rs10754691,0,238321451
1,rs10754692,0,238366137
1,rs12143787,0,238538244
1,rs6701541,0,238541969
1,rs7545302,0,238542781
1,rs17627620,0,238552398
1,rs9659428,0,238623554
1,rs9661787,0,238659259
1,rs9442211,0,238709807
1,rs9728351,0,238719471
1,rs10802883,0,238750112
1,rs4564133,0,238919248
1,rs7536260,0,238936861
1,rs12042707,0,238937493
1,rs4660011,0,239106394
1,rs261796,0,239176803
1,rs10926391,0,239227774
1,rs583951,0,239265455
1,rs538423,0,239266618
1,rs4660036,0,239397017
1,rs587640,0,239856771
1,rs2784164,0,239866767
1,rs12725593,0,239949288
1,rs12755461,0,239957152
1,rs7526450,0,240056222
1,rs6703915,0,240149626
1,rs12060816,0,240154341
1,rs10158939,0,240289966
1,rs12128491,0,240302942
1,rs10803015,0,240309801
1,rs4274045,0,240336964
1,rs6690415,0,240441618
1,rs6694290,0,240605695
1,rs1992277,0,240633421
1,rs7524821,0,240663326
1,rs12140143,0,240741781
1,rs12403816,0,240773066
1,rs7523607,0,240834301
1,rs2491864,0,241052686
1,rs2484641,0,241539729
1,rs7514510,0,241957950
1,rs9782883,0,241959155
1,rs10803168,0,242127274
1,rs4658406,0,242128346
1,rs500202,0,242187964
1,rs12402376,0,242364786
1,rs3102455,0,242563809
1,rs7545484,0,242672764
1,rs7531067,0,242711007
1,rs3005976,0,242765622
1,rs12217134,0,242791173
1,rs6682429,0,242877732
1,rs10927309,0,242955424
1,rs6429505,0,242981493
1,rs12749402,0,243221767
1,rs694660,0,243266606
1,rs10927386,0,243312001
1,rs4658698,0,243335035
1,rs3897400,0,243348777
1,rs4658703,0,243356850
1,rs11799428,0,243557548
1,rs4658458,0,243638676
1,rs4658769,0,243639104
1,rs676292,0,243639175
1,rs1073276,0,243639417
1,rs1069232,0,243641337
1,rs1093962,0,243642673
1,rs12129733,0,243644096
1,rs6701279,0,243644808
1,rs1173849,0,243666134
1,rs523744,0,243697037
1,rs1715805,0,243776314
1,rs2789360,0,243789858
1,rs6687026,0,243792337
1,rs2817506,0,243993108
1,rs2817505,0,243993271
1,rs2069206,0,244040363
1,rs2362926,0,244044504
1,rs7517143,0,244059371
1,rs9660719,0,244070294
1,rs4654164,0,244121410
1,rs2362255,0,244130482
1,rs7355113,0,244164607
1,rs12131373,0,244164637
1,rs10802302,0,244180765
1,rs4654179,0,244211059
1,rs4654092,0,244386105
1,rs10924523,0,244386523
1,rs4654096,0,244458300
1,rs12027904,0,244730903
1,rs4233250,0,244833621
1,rs3007324,0,244981563
1,rs10924820,0,244995163
1,rs10924824,0,244998447
1,rs12566739,0,245029760
1,rs1691240,0,245134504
1,rs2453407,0,245238880
1,rs6684931,0,245407407
1,rs12023326,0,245537744
1,rs3806266,0,245653688
1,rs6665526,0,245682510
1,rs1151687,0,245818642
1,rs12130569,0,246052752
1,rs6664571,0,246064864
1,rs11204546,0,246126335
1,rs6684714,0,246208672
1,rs7527822,0,246533924
1,rs7541216,0,246589519
1,rs5010134,0,246875846
1,rs1782256,0,246888439
1,rs28569913,0,246912731
2,rs300757,0,62515
2,rs17041717,0,183991
2,rs4639527,0,406815
2,rs10184571,0,439050
2,rs2685257,0,443432
2,rs7601245,0,460602
2,rs13396919,0,467494
2,rs1316802,0,592475
2,rs2867123,0,614524
2,rs7596247,0,749749
2,rs10209510,0,878130
2,rs6753648,0,893150
2,rs4624418,0,894795
2,rs6711878,0,940475
2,rs4971334,0,1017521
2,rs4971330,0,1035707
2,rs10204515,0,1430704
2,rs4278970,0,1501187
2,rs7578605,0,1622215
2,rs1477496,0,1637557
2,rs12988893,0,1894406
2,rs17039175,0,1908707
2,rs12994185,0,1937220
2,rs6733654,0,1942278
2,rs2304007,0,1961884
2,rs891879,0,1971946
2,rs1560625,0,1972031
2,rs1421614,0,2070626
2,rs13019515,0,2083006
2,rs11887279,0,2189916
2,rs6737578,0,2227534
2,rs4473412,0,2238547
2,rs11884676,0,2360620
2,rs7577250,0,2416081
2,rs12619065,0,2472794
2,rs880464,0,2501596
2,rs13392301,0,2511429
2,rs4853915,0,2554461
2,rs13002325,0,2574615
2,rs10189118,0,2584952
2,rs1470738,0,2666918
2,rs17040366,0,2775081
2,rs2385324,0,2776719
2,rs6755122,0,2812038
2,rs13402055,0,2925994
2,rs4854190,0,3086042
2,rs2602764,0,3216426
2,rs2694088,0,3216451
2,rs11885038,0,3319946
2,rs3087873,0,3601415
2,rs10210631,0,3661526
2,rs6730148,0,3726846
2,rs357977,0,3771940
2,rs10178286,0,3801696
2,rs897067,0,3869667
2,rs4850000,0,3895999
2,rs4371367,0,3937135
2,rs1821851,0,4150913
2,rs17018763,0,4220705
2,rs17018873,0,4254689
2,rs4850088,0,4482543
2,rs7607534,0,4569854
2,rs4849965,0,4586802
2,rs36000805,0,4640563
2,rs826019,0,4660457
2,rs880767,0,4784209
2,rs825936,0,4786023
2,rs7570834,0,4818089
2,rs17586945,0,4934832
2,rs1543838,0,5164639
2,rs4668780,0,5167388
2,rs7425501,0,5267362
2,rs10181393,0,5278848
2,rs12479127,0,5343713
2,rs6431957,0,5457870
2,rs16863795,0,5508944
2,rs10929756,0,5736968
2,rs3922853,0,5748050
2,rs11694877,0,5909968
2,rs12617498,0,5928033
2,rs7564203,0,5999318
2,rs6707580,0,6063554
2,rs2693819,0,6122286
2,rs16864722,0,6164127
2,rs12463667,0,6247052
2,rs12463730,0,6247425
2,rs16864925,0,6275052
2,rs16864928,0,6276281
2,rs4668491,0,6297214
2,rs1992912,0,6304033
2,rs16865230,0,6547639
2,rs4668498,0,6559000
2,rs4669077,0,6629082
2,rs1995593,0,6737069
2,rs4668507,0,6853424
2,rs1448873,0,6863198
2,rs10495545,0,6907471
2,rs6717292,0,6909538
2,rs2595173,0,6924090
2,rs13419081,0,6932121
2,rs2305258,0,6947992
2,rs4669113,0,6953980
2,rs2460405,0,7066960
2,rs309287,0,7109512
2,rs89983,0,7112643
2,rs10929465,0,7201042
2,rs16865982,0,7226922
2,rs12998506,0,7257904
2,rs16866010,0,7265830
2,rs10495555,0,7380702
2,rs746965,0,7408108
2,rs270823,0,7682595
2,rs6708937,0,7719332
2,rs7570944,0,7859942
2,rs16866486,0,7895013
2,rs17430795,0,7909382
2,rs6736951,0,7937753
2,rs16866524,0,7954782
2,rs2355055,0,8146047
2,rs427375,0,8299357
2,rs6747626,0,8342299
2,rs3021387,0,8410374
2,rs10194217,0,8455258
2,rs4669265,0,8459581
2,rs6715753,0,8494812
2,rs6722522,0,8501536
2,rs12611884,0,8510263
2,rs4669275,0,8510860
2,rs17498121,0,8519279
2,rs12328987,0,8548200
2,rs905676,0,8561883
2,rs6737516,0,8635741
2,rs3927971,0,8693553
2,rs3811603,0,8846648
2,rs10164871,0,8910793
2,rs1550255,0,8913777
2,rs7592426,0,8942757
2,rs7580538,0,8944514
2,rs16866847,0,8944884
2,rs12616242,0,8947053
2,rs1397497,0,9180486
2,rs4668606,0,9205814
2,rs907165,0,9225599
2,rs7582342,0,9246188
2,rs11693820,0,9270479
2,rs13397012,0,9351958
2,rs16867021,0,9437714
2,rs6759574,0,9542004
2,rs16867104,0,9705954
2,rs4669407,0,9715445
2,rs13413049,0,9732853
2,rs10439249,0,9756987
2,rs4669445,0,9793765
2,rs871820,0,9830280
2,rs4669457,0,9839708
2,rs11883961,0,10028670
2,rs6432055,0,10112518
2,rs11892260,0,10194671
2,rs12105400,0,10385948
2,rs13018228,0,10566394
2,rs1641133,0,10585565
2,rs1641147,0,10589484
2,rs1641149,0,10590810
2,rs715247,0,10653742
2,rs6721739,0,10668697
2,rs12463454,0,10875686
2,rs4669633,0,10894241
2,rs2884316,0,10952881
2,rs2091817,0,10964089
2,rs6717226,0,10968135
2,rs4669661,0,11042661
2,rs6432159,0,11045425
2,rs4668703,0,11052055
2,rs16857004,0,11061841
2,rs2100369,0,11113246
2,rs12478033,0,11165693
2,rs9287725,0,11174945
2,rs10495579,0,11190027
2,rs6733410,0,11191208
2,rs6751137,0,11191264
2,rs2102714,0,11203264
2,rs41450346,0,11203595
2,rs16857265,0,11247863
2,rs4669700,0,11318989
2,rs6708001,0,11480081
2,rs4292073,0,11506813
2,rs1561014,0,11535520
2,rs6719009,0,11561300
2,rs12622394,0,11563608
2,rs10174895,0,11569203
2,rs13388093,0,11570123
2,rs16857592,0,11592923
2,rs6758730,0,11594900
2,rs7568108,0,11600775
2,rs6432218,0,11623175
2,rs13425712,0,11628703
2,rs4433974,0,11701418
2,rs12052681,0,11758552
2,rs7574891,0,11763400
2,rs16857936,0,11918322
2,rs2716620,0,11920136
2,rs12469225,0,11959393
2,rs10174372,0,12131621
2,rs7569619,0,12133054
2,rs11894918,0,12190737
2,rs6760764,0,12212326
2,rs13399680,0,12213089
2,rs12996777,0,12239560
2,rs1869381,0,12261925
2,rs6722868,0,12282671
2,rs1120601,0,12322148
2,rs17463173,0,12359640
2,rs10211321,0,12381042
2,rs12612952,0,12406264
2,rs4668756,0,12408182
2,rs12692479,0,12497908
2,rs16858961,0,12542794
2,rs12692485,0,12683481
2,rs17390622,0,12721887
2,rs7609362,0,12791888
2,rs1176,0,12798977
2,rs1057001,0,12799229
2,rs10180496,0,12886351
2,rs13395379,0,12901698
2,rs17381585,0,12998317
2,rs7581987,0,13027050
2,rs10168407,0,13117860
2,rs10168062,0,13335796
2,rs13414200,0,13431747
2,rs12692499,0,13438567
2,rs2632183,0,13454841
2,rs13405366,0,13600255
2,rs4669937,0,13615588
2,rs6432404,0,13712940
2,rs7599789,0,13836056
2,rs7607311,0,13838032
2,rs6760746,0,14014756
2,rs360481,0,14129817
2,rs6744253,0,14132136
2,rs7580932,0,14274377
2,rs10929905,0,14277550
2,rs13399529,0,14323670
2,rs4669988,0,14501292
2,rs13383454,0,14544349
2,rs13423792,0,14854925
2,rs1344741,0,15042737
2,rs6748326,0,15065789
2,rs6431668,0,15116148
2,rs6727558,0,15138945
2,rs2380631,0,15171096
2,rs6431685,0,15225777
2,rs13010109,0,15256937
2,rs1981807,0,15357064
2,rs10173491,0,15369225
2,rs9679564,0,15387979
2,rs16862509,0,15394506
2,rs6717251,0,15661169
2,rs4668964,0,15785213
2,rs12623348,0,15806476
2,rs3815884,0,16055023
2,rs13008990,0,16068211
2,rs687584,0,16263326
2,rs11889388,0,16274828
2,rs7569508,0,16297389
2,rs340770,0,16325213
2,rs10175438,0,16517051
2,rs13397261,0,16517838
2,rs16982439,0,16519122
2,rs16982440,0,16519923
2,rs10164502,0,16524067
2,rs11674035,0,16784593
2,rs11096710,0,16980440
2,rs4641938,0,16980665
2,rs13022263,0,17219292
2,rs16983722,0,17652601
2,rs2710687,0,17684537
2,rs7420857,0,17855011
2,rs7590044,0,18041875
2,rs2957566,0,18076903
2,rs4832537,0,18098510
2,rs7560267,0,18103452
2,rs2345505,0,18204401
2,rs6726478,0,18241147
2,rs6726057,0,18329371
2,rs1906899,0,18463108
2,rs10084259,0,18465698
2,rs7590555,0,18486025
2,rs13428828,0,18489665
2,rs13394770,0,18490789
2,rs4832437,0,18511349
2,rs2704619,0,18536715
2,rs4832602,0,18576936
2,rs11694160,0,18578028
2,rs16985374,0,18691583
2,rs12052774,0,18766189
2,rs7558215,0,18829315
2,rs9967758,0,18853891
2,rs34761475,0,18918201
2,rs7570667,0,18938135
2,rs16985852,0,19105654
2,rs12463582,0,19135204
2,rs851371,0,19329316
2,rs10432581,0,19335936
2,rs1100942,0,19351987
2,rs851066,0,19415870
2,rs1522490,0,19606567
2,rs16981948,0,19607295
2,rs13004236,0,19774746
2,rs7606665,0,19783969
2,rs17562937,0,19795373
2,rs12151386,0,19812396
2,rs4666562,0,19812412
2,rs35192995,0,19818410
2,rs16987112,0,19858479
2,rs12710732,0,19861394
2,rs13028359,0,19941622
2,rs10495700,0,20030446
2,rs10177664,0,20064703
2,rs11685359,0,20212914
2,rs13430916,0,20242490
2,rs2348476,0,20263537
2,rs4666383,0,20435575
2,rs343140,0,20469291
2,rs10186821,0,20486423
2,rs1010415,0,20491356
2,rs7572838,0,20584205
2,rs4666453,0,20718657
2,rs11903198,0,20743826
2,rs9789416,0,21059557
2,rs12720847,0,21088880
2,rs7575840,0,21126995
2,rs506585,0,21250687
2,rs7369047,0,21370099
2,rs219510,0,21373909
2,rs6724950,0,21377827
2,rs219542,0,21388341
2,rs6545834,0,21436607
2,rs17042410,0,21541569
2,rs10200700,0,21653902
2,rs10202049,0,21704207
2,rs17725296,0,21913445
2,rs6761032,0,22024309
2,rs10186899,0,22329742
2,rs7425479,0,22378558
2,rs6754160,0,22406089
2,rs4255985,0,22406847
2,rs1533046,0,22448232
2,rs7569443,0,22459135
2,rs4574147,0,22486656
2,rs17043765,0,22510309
2,rs17043928,0,22570647
2,rs10495729,0,22746143
2,rs1872325,0,22775527
2,rs10153814,0,22830138
2,rs4665522,0,22894465
2,rs6544272,0,22936663
2,rs7566532,0,22941931
2,rs13406113,0,23032340
2,rs6735643,0,23083195
2,rs1449985,0,23107325
2,rs13422513,0,23195507
2,rs12476405,0,23262145
2,rs11684503,0,23291474
2,rs1449975,0,23330944
2,rs11125011,0,23464343
2,rs7586272,0,23537713
2,rs1368081,0,23574650
2,rs1344753,0,23577225
2,rs13405191,0,23676788
2,rs6751655,0,24008982
2,rs2339938,0,24088478
2,rs12105133,0,24132057
2,rs11125535,0,24381618
2,rs2584928,0,24539754
2,rs12987839,0,24541559
2,rs6545687,0,24801051
2,rs17046494,0,24805187
2,rs11895986,0,24952249
2,rs11125825,0,24954152
2,rs713586,0,25011512
2,rs10190896,0,25165117
2,rs2918630,0,25167690
2,rs934778,0,25242728
2,rs10202360,0,25274369
2,rs13428812,0,25345971
2,rs13427202,0,25350344
2,rs749130,0,25383532
2,rs6546071,0,25385525
2,rs6722613,0,25392861
2,rs12329362,0,25406296
2,rs6713377,0,25408470
2,rs1550117,0,25419411
2,rs13386331,0,25427768
2,rs6705138,0,25441355
2,rs7571570,0,25475034
2,rs6746082,0,25512748
2,rs2384235,0,25537622
2,rs6725183,0,25608092
2,rs6546506,0,25878021
2,rs6758088,0,25889540
2,rs10469962,0,26122823
2,rs12471809,0,26160644
2,rs13383267,0,26236849
2,rs3806515,0,26320479
2,rs4665328,0,26560146
2,rs4665868,0,26598021
2,rs12473490,0,26599040
2,rs11126559,0,26614994
2,rs11126681,0,26816882
2,rs3843322,0,26985353
2,rs2278593,0,27132517
2,rs12619011,0,27182980
2,rs13382916,0,27394446
2,rs34155621,0,27445517
2,rs34662314,0,27573010
2,rs13417186,0,27715843
2,rs4578808,0,27935134
2,rs2337374,0,28053656
2,rs10168171,0,28085591
2,rs10193325,0,28359455
2,rs931951,0,28451150
2,rs12621283,0,28488280
2,rs10186544,0,28536678
2,rs11885873,0,28590086
2,rs6725033,0,28908890
2,rs13032575,0,28922477
2,rs13419338,0,29013355
2,rs6721861,0,29099548
2,rs6734731,0,29099623
2,rs2123443,0,29235542
2,rs10200936,0,29240150
2,rs6736999,0,29241076
2,rs12620500,0,29246184
2,rs1026277,0,29266798
2,rs12328903,0,29371262
2,rs6727178,0,29428955
2,rs4503951,0,29551887
2,rs4503952,0,29609623
2,rs7567732,0,29625014
2,rs6547945,0,29634005
2,rs6746239,0,29692287
2,rs10177364,0,29701461
2,rs12479392,0,29918939
2,rs4075920,0,29928555
2,rs7603844,0,29960895
2,rs6547982,0,29970606
2,rs6755941,0,30103855
2,rs7567202,0,30239405
2,rs6741158,0,30270742
2,rs10171296,0,30334813
2,rs10206415,0,30334950
2,rs9558,0,30335421
2,rs17322097,0,30347743
2,rs17394102,0,30363651
2,rs6733372,0,30363948
2,rs13413678,0,30522325
2,rs17394450,0,30534861
2,rs711241,0,30555226
2,rs17009821,0,30652701
2,rs1807334,0,30707734
2,rs530076,0,30768890
2,rs2681686,0,30779178
2,rs17324843,0,30846381
2,rs10177034,0,30919403
2,rs1559497,0,30971562
2,rs6744249,0,31010015
2,rs10209824,0,31026305
2,rs10211370,0,31134421
2,rs4561706,0,31170013
2,rs4952064,0,31289862
2,rs13408922,0,31298330
2,rs17011353,0,31441941
2,rs2295475,0,31443351
2,rs11885062,0,31818042
2,rs10490358,0,31935601
2,rs6737177,0,32392934
2,rs12612455,0,32779535
2,rs11680287,0,33009409
2,rs13417287,0,33072651
2,rs2008845,0,33117411
2,rs4670225,0,33255896
2,rs12617970,0,33257341
2,rs6707962,0,33266039
2,rs2367623,0,33281554
2,rs9678322,0,33417079
2,rs1869450,0,33466858
2,rs642472,0,33467691
2,rs4280440,0,33551078
2,rs6735997,0,33602417
2,rs2367811,0,33680932
2,rs10173763,0,33683823
2,rs11124328,0,33716706
2,rs6543729,0,33721371
2,rs2030544,0,33843356
2,rs17247561,0,33844264
2,rs2368014,0,33998262
2,rs6711736,0,34138488
2,rs17014746,0,34194017
2,rs6748899,0,34225511
2,rs7592729,0,34264430
2,rs12470911,0,34265480
2,rs12472207,0,34284034
2,rs2193809,0,34304895
2,rs10490440,0,34320088
2,rs9808174,0,34324106
2,rs7563572,0,34429265
2,rs1434127,0,34466172
2,rs17339224,0,34469434
2,rs969880,0,34478695
2,rs7340483,0,34606894
2,rs2030938,0,34742567
2,rs1358358,0,34745193
2,rs6543868,0,34817309
2,rs4670100,0,34879308
2,rs7608287,0,34923311
2,rs17016019,0,35097782
2,rs6710736,0,35101551
2,rs1169255,0,35116338
2,rs4670434,0,35162763
2,rs17016219,0,35223550
2,rs17016277,0,35271444
2,rs4100924,0,35324148
2,rs6750486,0,35380422
2,rs11689082,0,35386083
2,rs6744821,0,35391412
2,rs4366887,0,35405000
2,rs2714589,0,35530217
2,rs10495839,0,35573318
2,rs12712446,0,35597886
2,rs17016877,0,35615414
2,rs2719100,0,35637127
2,rs1518628,0,35733242
2,rs6543965,0,35747436
2,rs1988984,0,35747800
2,rs6744761,0,35787278
2,rs1914752,0,35790473
2,rs10179927,0,35873571
2,rs17017414,0,35874986
2,rs833786,0,36075626
2,rs7563694,0,36095851
2,rs2699190,0,36364229
2,rs11900167,0,36397768
2,rs9308990,0,36424564
2,rs12615281,0,36450621
2,rs3770899,0,36508276
2,rs3770890,0,36511496
2,rs3770857,0,36550049
2,rs848529,0,36585675
2,rs1861389,0,36799367
2,rs17019813,0,36875116
2,rs11903252,0,37146394
2,rs12621276,0,37152649
2,rs2254958,0,37229795
2,rs10490448,0,37453184
2,rs17020673,0,37488663
2,rs6706731,0,37553767
2,rs7605481,0,37685834
2,rs11893807,0,37698568
2,rs2231501,0,37727435
2,rs2041503,0,37779405
2,rs1035025,0,37802664
2,rs2707239,0,37947094
2,rs10153936,0,37950903
2,rs17021630,0,37974984
2,rs10490618,0,38030262
2,rs4670799,0,38031910
2,rs1562285,0,38080334
2,rs9341266,0,38149498
2,rs232542,0,38181682
2,rs17022032,0,38186971
2,rs10204598,0,38205473
2,rs2016427,0,38341991
2,rs4670248,0,38342789
2,rs4670876,0,38589594
2,rs7601700,0,39366439
2,rs6758596,0,39512141
2,rs9677244,0,39545897
2,rs10490339,0,39631435
2,rs4670971,0,39902805
2,rs17024493,0,39968806
2,rs4952491,0,40226279
2,rs1366423,0,40240967
2,rs106706,0,40256608
2,rs7593406,0,40328945
2,rs13387226,0,40423269
2,rs6544340,0,40535657
2,rs2373889,0,40639785
2,rs42800,0,40692922
2,rs1379037,0,40834658
2,rs7592667,0,40940895
2,rs1477428,0,41325104
2,rs17027384,0,41367776
2,rs6748566,0,41739277
2,rs4331558,0,41935360
2,rs17028910,0,41958171
2,rs2374338,0,41982365
2,rs10177734,0,42034480
2,rs893809,0,42155208
2,rs2581124,0,42160226
2,rs2719150,0,42164768
2,rs10454141,0,42166596
2,rs1017476,0,42178057
2,rs6707805,0,42328135
2,rs1979755,0,42561909
2,rs752009,0,42656935
2,rs6544588,0,42773415
2,rs6757738,0,42834694
2,rs3816184,0,42869261
2,rs4131238,0,42949375
2,rs4245824,0,42981221
2,rs12712872,0,43133828
2,rs17030357,0,43167679
2,rs9749684,0,43237741
2,rs2374525,0,43239638
2,rs7595299,0,43333821
2,rs6727824,0,43381881
2,rs12477432,0,43499672
2,rs10495905,0,43846079
2,rs7562014,0,43991991
2,rs12615237,0,44131231
2,rs7605925,0,44139096
2,rs2005203,0,44395229
2,rs2241869,0,44402733
2,rs7606810,0,44416353
2,rs1074855,0,44487720
2,rs1067397,0,44532789
2,rs7557758,0,44593120
2,rs698779,0,44596021
2,rs510026,0,44759002
2,rs343962,0,44791854
2,rs2673278,0,44916023
2,rs488265,0,44932679
2,rs340505,0,44936499
2,rs163519,0,44976119
2,rs3738976,0,45011742
2,rs1561227,0,45018893
2,rs535137,0,45061524
2,rs13007700,0,45164724
2,rs7561428,0,45196424
2,rs1862893,0,45399610
2,rs6758992,0,45458013
2,rs3770241,0,45475131
2,rs3755073,0,45493878
2,rs10205197,0,45555619
2,rs17033745,0,45574162
2,rs10495926,0,45787455
2,rs6743119,0,45813464
2,rs10189339,0,45947264
2,rs7583262,0,45985336
2,rs7594827,0,46064267
2,rs2595214,0,46071174
2,rs6712036,0,46128167
2,rs6748375,0,46130026
2,rs6751395,0,46134145
2,rs13001074,0,46138804
2,rs12712962,0,46148315
2,rs2594500,0,46288061
2,rs4952809,0,46305781
2,rs11687784,0,46308432
2,rs12712971,0,46318463
2,rs7599645,0,46326075
2,rs11681778,0,46329301
2,rs17801488,0,46335009
2,rs11894252,0,46386880
2,rs7594243,0,46424683
2,rs1868087,0,46433223
2,rs12612916,0,46561390
2,rs11676473,0,46616100
2,rs1901263,0,46672090
2,rs17035361,0,46676536
2,rs10495934,0,46728250
2,rs11896769,0,46733616
2,rs17035495,0,46751856
2,rs17035715,0,46910735
2,rs6719049,0,46926806
2,rs9225,0,46939616
2,rs7609348,0,47444434
2,rs17039235,0,47582569
2,rs11676321,0,47687584
2,rs6714441,0,47957548
2,rs4583515,0,48030991
2,rs1878078,0,48171662
2,rs4146603,0,48253519
2,rs7596800,0,48295112
2,rs7606104,0,48433282
2,rs11690845,0,48438330
2,rs17037289,0,48440702
2,rs6545038,0,48448939
2,rs11689622,0,48513182
2,rs6748370,0,48522071
2,rs11674469,0,48593512
2,rs1996969,0,48702570
2,rs10495955,0,48703734
2,rs12468825,0,48777535
2,rs6755901,0,48779250
2,rs12470741,0,48842140
2,rs9309155,0,48888627
2,rs17037747,0,48975515
2,rs7570675,0,48975837
2,rs17500266,0,49028744
2,rs12713034,0,49104475
2,rs974895,0,49184334
2,rs12993053,0,49259067
2,rs17831941,0,49337960
2,rs1946433,0,49361396
2,rs2217167,0,49368235
2,rs1365860,0,49370122
2,rs10173288,0,49370151
2,rs1559948,0,49465223
2,rs17038916,0,49597564
2,rs4971621,0,49606093
2,rs6728261,0,49612179
2,rs1498797,0,49677322
2,rs13401858,0,49679272
2,rs1553129,0,49679328
2,rs4493305,0,49689937
2,rs4527244,0,49708835
2,rs17039375,0,49941935
2,rs1836546,0,49979984
2,rs1402166,0,50291308
2,rs694309,0,50322416
2,rs13407780,0,50486694
2,rs1520439,0,50503606
2,rs17533753,0,50511733
2,rs6706713,0,50575015
2,rs10177104,0,50663502
2,rs858937,0,50822577
2,rs13014442,0,50847740
2,rs9751737,0,50872736
2,rs7558540,0,50993732
2,rs17039344,0,51157414
2,rs11896803,0,51164471
2,rs17041464,0,51304226
2,rs1115763,0,51346477
2,rs12713138,0,51407551
2,rs2110988,0,51438718
2,rs17864565,0,51712958
2,rs3850342,0,51918921
2,rs10208223,0,51927265
2,rs11563259,0,51947498
2,rs12469398,0,52039547
2,rs11694835,0,52061184
2,rs2103389,0,52260564
2,rs2552337,0,52426133
2,rs10169581,0,52456236
2,rs4588226,0,52534830
2,rs11896983,0,52588571
2,rs6720390,0,52654578
2,rs1982746,0,52672907
2,rs1454398,0,52753920
2,rs1454381,0,52772178
2,rs7604332,0,52787343
2,rs897093,0,52791720
2,rs2603375,0,52827714
2,rs1971201,0,52857244
2,rs785290,0,52871160
2,rs785311,0,52883509
2,rs1376570,0,52940603
2,rs7577197,0,53028460
2,rs17043868,0,53033670
2,rs11886831,0,53064441
2,rs7594693,0,53176962
2,rs1424968,0,53180596
2,rs2113820,0,53209131
2,rs7594954,0,53209267
2,rs2034254,0,53212457
2,rs12995213,0,53228724
2,rs1364676,0,53232993
2,rs12995294,0,53235944
2,rs4672236,0,53238733
2,rs13021753,0,53239518
2,rs17044204,0,53269822
2,rs10211077,0,53280462
2,rs993161,0,53392142
2,rs28817054,0,53425312
2,rs7559951,0,53585410
2,rs997644,0,53720691
2,rs2287512,0,53751536
2,rs12621635,0,53816232
2,rs7569370,0,54069853
2,rs6545377,0,54073553
2,rs10865279,0,54178205
2,rs12620359,0,54194610
2,rs7572559,0,54225622
2,rs13408182,0,54463278
2,rs11674998,0,54478356
2,rs7593062,0,54544468
2,rs4671939,0,54550214
2,rs6545409,0,54563187
2,rs6545421,0,54597615
2,rs6545423,0,54600213
2,rs12713264,0,54658722
2,rs6735962,0,54676563
2,rs10182310,0,54700740
2,rs966003,0,54738374
2,rs17416284,0,54738874
2,rs12612665,0,54761714
2,rs17046292,0,54844946
2,rs2915636,0,54890467
2,rs2631839,0,54893328
2,rs7565802,0,54914060
2,rs13430119,0,55006334
2,rs733916,0,55009055
2,rs17046514,0,55039366
2,rs13033042,0,55048724
2,rs2588519,0,55058628
2,rs6734314,0,55064828
2,rs17046586,0,55085432
2,rs11677099,0,55107669
2,rs2920882,0,55165774
2,rs7349405,0,55244798
2,rs6727118,0,55260166
2,rs10183953,0,55261439
2,rs6727131,0,55269124
2,rs10439479,0,55288099
2,rs11694920,0,55303988
2,rs2576710,0,55341433
2,rs17046801,0,55362837
2,rs706551,0,55757124
2,rs10496052,0,55863977
2,rs13409792,0,55887667
2,rs1946545,0,55889939
2,rs11125603,0,55893434
2,rs1897114,0,55919613
2,rs2043258,0,56090070
2,rs17370541,0,56108103
2,rs2195910,0,56185987
2,rs929689,0,56211086
2,rs12613794,0,56279206
2,rs7568979,0,56317890
2,rs13408442,0,56326495
2,rs214042,0,56356407
2,rs10168390,0,56442719
2,rs2058993,0,56795172
2,rs17048424,0,56893572
2,rs2216413,0,56921722
2,rs17652683,0,56929034
2,rs12615487,0,56983394
2,rs13415258,0,56993530
2,rs12713329,0,57142786
2,rs11891010,0,57172192
2,rs4099900,0,57192022
2,rs17048679,0,57218038
2,rs6734341,0,57243960
2,rs13419423,0,57244270
2,rs6545627,0,57250927
2,rs1424635,0,57259389
2,rs1364524,0,57260275
2,rs12615474,0,57359948
2,rs17048908,0,57630661
2,rs17048911,0,57633511
2,rs10204095,0,57652544
2,rs11125718,0,57654109
2,rs13384136,0,57654947
2,rs1918455,0,57662314
2,rs820769,0,57737894
2,rs1350691,0,57784475
2,rs10166481,0,57869916
2,rs1474215,0,57885533
2,rs13405071,0,57946258
2,rs7583473,0,57955425
2,rs6732310,0,58063743
2,rs7558007,0,58204008
2,rs11894186,0,58341530
2,rs13389042,0,58452223
2,rs17049491,0,58459774
2,rs2098340,0,58469840
2,rs12713384,0,58476805
2,rs7340335,0,58492582
2,rs6734591,0,58510296
2,rs1019283,0,58519124
2,rs17049502,0,58523388
2,rs10490087,0,58627558
2,rs13010324,0,58680658
2,rs17269154,0,58725739
2,rs42844,0,58962659
2,rs4672270,0,59010152
2,rs7605369,0,59027791
2,rs7590342,0,59113908
2,rs10490103,0,59144263
2,rs973967,0,59198918
2,rs1541546,0,59247443
2,rs741204,0,59269690
2,rs11693994,0,59273044
2,rs965683,0,59275662
2,rs10175975,0,59283311
2,rs17050044,0,59351466
2,rs10490113,0,59352851
2,rs4325734,0,59356096
2,rs17050091,0,59370121
2,rs6743375,0,59373195
2,rs6545733,0,59382917
2,rs2900638,0,59456823
2,rs10490059,0,59584350
2,rs13019632,0,59711868
2,rs2539672,0,59731055
2,rs6710390,0,59733007
2,rs183848,0,59735387
2,rs17050345,0,59745764
2,rs268062,0,59747065
2,rs13421661,0,59748200
2,rs1372878,0,59758069
2,rs17650159,0,59764630
2,rs1019265,0,59866073
2,rs6735549,0,59877776
2,rs4672319,0,59884084
2,rs17050446,0,59893323
2,rs6760129,0,59914292
2,rs11888922,0,59936376
2,rs7566185,0,59945105
2,rs11888341,0,59985257
2,rs11125820,0,60014595
2,rs11691553,0,60157058
2,rs7578291,0,60376166
2,rs4672384,0,60380898
2,rs876207,0,60384206
2,rs243091,0,60419072
2,rs243090,0,60419483
2,rs10168270,0,60426810
2,rs17027542,0,60434441
2,rs10490072,0,60523435
2,rs11886868,0,60573750
2,rs6738440,0,60575745
2,rs356991,0,60598376
2,rs357004,0,60658901
2,rs2099613,0,60837473
2,rs12713430,0,61020538
2,rs1053862,0,61021265
2,rs12479056,0,61028816
2,rs17008097,0,61376574
2,rs778752,0,61630406
2,rs6740218,0,61712593
2,rs7571143,0,61957847
2,rs4319920,0,62307388
2,rs4672500,0,62391464
2,rs4671421,0,62453063
2,rs13027346,0,62462359
2,rs4328619,0,62462402
2,rs6545929,0,62463683
2,rs12477145,0,62517894
2,rs12464504,0,62520896
2,rs2049674,0,62637346
2,rs11680273,0,62700471
2,rs7573756,0,62844141
2,rs7591708,0,62875554
2,rs17432497,0,62880841
2,rs2430388,0,62960288
2,rs13386257,0,62967955
2,rs7567006,0,62968627
2,rs12612046,0,63062818
2,rs13013948,0,63197816
2,rs2028886,0,63572241
2,rs10153822,0,63622400
2,rs262493,0,63698570
2,rs6706661,0,63861256
2,rs6749188,0,63977549
2,rs12999721,0,64261214
2,rs10496108,0,64273160
2,rs2251764,0,64338969
2,rs1426699,0,64418856
2,rs4671567,0,64451525
2,rs10189513,0,64460510
2,rs13424838,0,64540443
2,rs12713521,0,64670760
2,rs13410328,0,64685726
2,rs3770716,0,64718142
2,rs4671606,0,64759233
2,rs10185254,0,64854585
2,rs6721629,0,64861404
2,rs929698,0,64862260
2,rs11683197,0,64881128
2,rs4671615,0,64908443
2,rs17029561,0,64960923
2,rs35506305,0,64972324
2,rs11690341,0,65053365
2,rs3732062,0,65081740
2,rs7559813,0,65131527
2,rs10187798,0,65186804
2,rs1420186,0,65214563
2,rs6546132,0,65245546
2,rs6712836,0,65278518
2,rs1362468,0,65749907
2,rs882940,0,65761176
2,rs17030670,0,65788661
2,rs1972676,0,65893506
2,rs10200962,0,65909117
2,rs11895543,0,65912990
2,rs17030985,0,65932848
2,rs17605604,0,66061991
2,rs13018048,0,66163516
2,rs7593031,0,66181711
2,rs17031703,0,66256039
2,rs2954963,0,66273188
2,rs11681577,0,66382036
2,rs12991413,0,66390213
2,rs2971826,0,66410740
2,rs2860235,0,66421400
2,rs12470927,0,66425933
2,rs10175069,0,66437897
2,rs6546224,0,66454782
2,rs999091,0,66457438
2,rs1519103,0,66531385
2,rs2216120,0,66630010
2,rs7605171,0,66787084
2,rs10490191,0,66790833
2,rs17680993,0,66810324
2,rs2081397,0,66813423
2,rs7566062,0,66826347
2,rs17630500,0,66857427
2,rs11682718,0,66901665
2,rs1106577,0,66902099
2,rs1863143,0,66907577
2,rs6732212,0,66928670
2,rs1345353,0,67065207
2,rs10178299,0,67125947
2,rs17032991,0,67157469
2,rs1882238,0,67204987
2,rs7572590,0,67335067
2,rs13033289,0,67528042
2,rs686880,0,67538596
2,rs624414,0,67546309
2,rs7584345,0,67571794
2,rs10496151,0,67572164
2,rs11890974,0,67585731
2,rs1568471,0,67598042
2,rs7591831,0,67603754
2,rs1581366,0,67611618
2,rs6546313,0,67625132
2,rs7602356,0,67647191
2,rs2861641,0,67648299
2,rs6546315,0,67654024
2,rs13398669,0,67676602
2,rs13398112,0,67682118
2,rs4362542,0,67696416
2,rs17033960,0,67707125
2,rs980226,0,67717817
2,rs12162351,0,67763575
2,rs4671828,0,67764324
2,rs7586232,0,67773210
2,rs2060042,0,67784582
2,rs724566,0,67795706
2,rs1864572,0,67797716
2,rs6758705,0,67810234
2,rs7580140,0,67819546
2,rs9941580,0,67827736
2,rs6730348,0,67838002
2,rs1346870,0,67842579
2,rs13429160,0,67880659
2,rs1430795,0,67913250
2,rs11677810,0,67919705
2,rs1503242,0,67951264
2,rs1566745,0,67975406
2,rs7558015,0,67981586
2,rs7565030,0,68081018
2,rs1921586,0,68094849
2,rs959538,0,68197524
2,rs12713628,0,68230578
2,rs12468533,0,68311077
2,rs2120335,0,68348506
2,rs7592177,0,68352387
2,rs7608248,0,68704907
2,rs3969864,0,68755112
2,rs7561173,0,68806861
2,rs10208650,0,68863293
2,rs12713665,0,68881970
2,rs17543981,0,68887546
2,rs11903107,0,68892652
2,rs11888057,0,68927150
2,rs13388699,0,68938278
2,rs17036178,0,68965499
2,rs12611735,0,68979109
2,rs2871926,0,68997964
2,rs6546449,0,69007987
2,rs4484063,0,69024345
2,rs1128272,0,69027074
2,rs7586577,0,69053202
2,rs4610084,0,69055765
2,rs4567970,0,69116413
2,rs4255990,0,69127168
2,rs10188804,0,69249891
2,rs10205451,0,69555983
2,rs2002879,0,69591452
2,rs2002878,0,69591597
2,rs2276689,0,69595113
2,rs2276687,0,69612919
2,rs12328891,0,69926517
2,rs10187831,0,69981850
2,rs897119,0,70014162
2,rs17037259,0,70018963
2,rs41374247,0,70134270
2,rs2861357,0,70156722
2,rs11126263,0,70245883
2,rs13387470,0,70376101
2,rs13394815,0,70417506
2,rs2127036,0,70417640
2,rs17005506,0,70423544
2,rs1871245,0,70458504
2,rs1551952,0,70461405
2,rs1478640,0,70474683
2,rs1382454,0,70478701
2,rs4852178,0,70501406
2,rs2461861,0,70517893
2,rs11466308,0,70527192
2,rs11466307,0,70527498
2,rs11466294,0,70529519
2,rs11466292,0,70529837
2,rs6708768,0,70605703
2,rs17005910,0,70662754
2,rs2108483,0,70678988
2,rs10190454,0,70693610
2,rs10178068,0,70693754
2,rs11883642,0,70754780
2,rs6546618,0,70777804
2,rs3755362,0,70798691
2,rs11126294,0,70824608
2,rs716418,0,70831454
2,rs3771408,0,70834654
2,rs6546646,0,70954911
2,rs2234491,0,70980663
2,rs3948606,0,71184183
2,rs6725892,0,71369699
2,rs1990773,0,71421494
2,rs17006902,0,71437780
2,rs9309455,0,71587272
2,rs13428076,0,71596400
2,rs2004421,0,71799643
2,rs4638819,0,71848710
2,rs11678520,0,71956173
2,rs11684040,0,72024924
2,rs6707806,0,72044947
2,rs4405788,0,72089196
2,rs13416099,0,72107061
2,rs1400681,0,72124459
2,rs41407,0,72269311
2,rs41401,0,72272811
2,rs7597679,0,72284396
2,rs6760895,0,72309826
2,rs7571517,0,72520299
2,rs17560823,0,72596328
2,rs10195678,0,73024271
2,rs12233055,0,73079598
2,rs6711843,0,73391045
2,rs1246096,0,73558596
2,rs4514898,0,73819779
2,rs10519327,0,73963529
2,rs10176602,0,73974293
2,rs1653256,0,73983172
2,rs1653254,0,73983748
2,rs940298,0,74027904
2,rs6745576,0,74157886
2,rs4429500,0,74198844
2,rs828847,0,74206948
2,rs7599319,0,74301992
2,rs17009774,0,74334167
2,rs2075007,0,74345406
2,rs9309482,0,74378135
2,rs3732293,0,74503442
2,rs11126435,0,74643208
2,rs11691947,0,74774331
2,rs6730141,0,74939075
2,rs17010460,0,74946069
2,rs2171385,0,74968347
2,rs11904112,0,75015717
2,rs17040394,0,75041339
2,rs4366930,0,75096371
2,rs34242711,0,75174688
2,rs7599593,0,75226490
2,rs10203484,0,75255246
2,rs7566914,0,75316513
2,rs10515919,0,75394104
2,rs7578998,0,75394861
2,rs7603618,0,75429638
2,rs1160613,0,75486060
2,rs1468428,0,75671997
2,rs12624122,0,75811608
2,rs11126485,0,75845302
2,rs11683139,0,75846010
2,rs17011783,0,75856187
2,rs3885981,0,75889777
2,rs10194197,0,75942388
2,rs7600292,0,75983378
2,rs2422388,0,75998457
2,rs1372303,0,76046734
2,rs6723703,0,76089253
2,rs3843862,0,76096624
2,rs421370,0,76097570
2,rs427171,0,76098456
2,rs17749719,0,76099282
2,rs451747,0,76103453
2,rs411150,0,76167097
2,rs1589951,0,76324551
2,rs1526645,0,76341430
2,rs1921231,0,76599780
2,rs12612550,0,76695181
2,rs1154641,0,76697974
2,rs7577895,0,76713062
2,rs985812,0,76768615
2,rs1520000,0,76801101
2,rs7597663,0,76802823
2,rs1969314,0,76809810
2,rs2222179,0,76850996
2,rs10520165,0,76907424
2,rs13394242,0,76940151
2,rs13398751,0,76949632
2,rs10200557,0,76965317
2,rs17013370,0,77011336
2,rs10201530,0,77109799
2,rs13401497,0,77142734
2,rs11900195,0,77183674
2,rs11901327,0,77197264
2,rs1470076,0,77333095
2,rs985714,0,77346880
2,rs1505231,0,77445251
2,rs393564,0,77490417
2,rs1922817,0,77566115
2,rs10198058,0,77584462
2,rs11126616,0,77611960
2,rs1872787,0,77844332
2,rs1532005,0,77877240
2,rs7557384,0,77932993
2,rs13413512,0,77954133
2,rs13413439,0,77954182
2,rs10202254,0,77962037
2,rs6730011,0,78069175
2,rs7584504,0,78095063
2,rs2861261,0,78133749
2,rs1370637,0,78194753
2,rs17015041,0,78270080
2,rs768428,0,78302064
2,rs1347725,0,78305447
2,rs1464993,0,78333453
2,rs7560597,0,78468651
2,rs1239081,0,78683501
2,rs1519622,0,78773669
2,rs17015732,0,78929266
2,rs1402907,0,78951854
2,rs1915752,0,78978515
2,rs4852459,0,78991427
2,rs7585834,0,78994696
2,rs17015868,0,78997707
2,rs1915761,0,79079645
2,rs10520223,0,79081765
2,rs17016209,0,79105799
2,rs12471322,0,79256872
2,rs17754855,0,79271916
2,rs7594788,0,79330339
2,rs12467815,0,79497172
2,rs1430635,0,79540430
2,rs1864548,0,79543080
2,rs2250249,0,79552504
2,rs1430641,0,79639086
2,rs10190617,0,79747283
2,rs10175800,0,79747827
2,rs6754317,0,79795368
2,rs7605056,0,79888880
2,rs4852531,0,79903226
2,rs986211,0,79966149
2,rs13413038,0,79966252
2,rs983217,0,79968796
2,rs13034462,0,79973002
2,rs13394754,0,79982111
2,rs2916530,0,80009757
2,rs17018140,0,80010266
2,rs1368913,0,80024882
2,rs6754906,0,80037722
2,rs1368910,0,80083549
2,rs6742622,0,80198913
2,rs1867805,0,80224823
2,rs7604121,0,80277645
2,rs1816909,0,80300773
2,rs1444539,0,80498999
2,rs7562808,0,80551716
2,rs11902138,0,80565100
2,rs11126769,0,80566653
2,rs7600563,0,80568660
2,rs2117276,0,80589586
2,rs1434075,0,80596705
2,rs17340143,0,80609812
2,rs7558519,0,80610641
2,rs11685198,0,80611018
2,rs17019301,0,80615586
2,rs13423141,0,80624319
2,rs7605261,0,80624701
2,rs12478526,0,80697582
2,rs17019531,0,80712237
2,rs1946781,0,80836239
2,rs2862312,0,80885471
2,rs2131255,0,80955775
2,rs12714025,0,81054800
2,rs12467480,0,81162964
2,rs1870114,0,81184822
2,rs6717876,0,81216889
2,rs1052397,0,81543176
2,rs12476513,0,81618187
2,rs11681570,0,81704963
2,rs12464395,0,81771526
2,rs17619610,0,81821438
2,rs1221195,0,81832118
2,rs1237758,0,81841893
2,rs1221155,0,81842225
2,rs1733575,0,81844423
2,rs1108797,0,81846089
2,rs1221175,0,81847427
2,rs12714041,0,81865589
2,rs17555593,0,81865855
2,rs6717902,0,81873147
2,rs9309581,0,81873425
2,rs10174961,0,81878891
2,rs11674245,0,81930984
2,rs934310,0,82249722
2,rs6733403,0,82363176
2,rs6753979,0,82421192
2,rs13009422,0,82438609
2,rs6547424,0,82456901
2,rs17021781,0,82545643
2,rs4411720,0,82707436
2,rs11682873,0,82899312
2,rs1861700,0,82927244
2,rs12998947,0,82935595
2,rs10190036,0,83034914
2,rs1822134,0,83074174
2,rs17023291,0,83258852
2,rs6547466,0,83309475
2,rs12470491,0,83345260
2,rs1429381,0,83472068
2,rs1896848,0,83487241
2,rs6748409,0,83535674
2,rs17023660,0,83590714
2,rs12151569,0,83814856
2,rs1159135,0,83825573
2,rs7589446,0,83928186
2,rs4832355,0,84015273
2,rs41336748,0,84055121
2,rs1348954,0,84073485
2,rs11690708,0,84406115
2,rs897315,0,84408917
2,rs9309614,0,84428604
2,rs1902156,0,84431095
2,rs12997105,0,84687139
2,rs1918695,0,84755719
2,rs7606803,0,84869028
2,rs2276610,0,84893074
2,rs11674022,0,84903999
2,rs2162567,0,84927324
2,rs11886651,0,84946512
2,rs999401,0,84949765
2,rs1050866,0,84987236
2,rs1382506,0,85001079
2,rs35041498,0,85129571
2,rs17025837,0,85136390
2,rs2583544,0,85144134
2,rs17026015,0,85285915
2,rs17712901,0,85333936
2,rs7574999,0,85364476
2,rs872470,0,85382154
2,rs2166529,0,85595686
2,rs17026396,0,85612638
2,rs2232739,0,85676193
2,rs11126998,0,85832297
2,rs2139198,0,85861185
2,rs1878902,0,85876936
2,rs7593080,0,85999298
2,rs6547647,0,86008782
2,rs6547655,0,86075760
2,rs17026975,0,86205335
2,rs1424516,0,86248784
2,rs10188530,0,86372534
2,rs1863065,0,86376951
2,rs12478653,0,86388905
2,rs7589635,0,86433196
2,rs2113607,0,86450687
2,rs908791,0,86466162
2,rs4832289,0,86526605
2,rs17027260,0,86530142
2,rs1370452,0,86726103
2,rs938487,0,86862999
2,rs1051386,0,86865584
2,rs6743139,0,86871963
2,rs2919876,0,88162468
2,rs13421829,0,88198384
2,rs4386315,0,88216946
2,rs4618056,0,88221128
2,rs4325755,0,88225595
2,rs12621922,0,88276109
2,rs6730279,0,88337248
2,rs1258391,0,88396339
2,rs4972219,0,88628518
2,rs13409966,0,88691341
2,rs13393066,0,88735655
2,rs7565298,0,88779804
2,rs2222029,0,88785262
2,rs1165703,0,88834638
2,rs13012166,0,89666286
2,rs6705875,0,91391664
2,rs7563350,0,95294945
2,rs889852,0,95341517
2,rs6577013,0,95348657
2,rs11682182,0,95741937
2,rs6718340,0,96570136
2,rs4907242,0,96636840
2,rs11684488,0,96732235
2,rs1257019,0,96980867
2,rs1796045,0,96986737
2,rs1257015,0,96995312
2,rs1375436,0,97637316
2,rs3192177,0,97720943
2,rs10432626,0,97927585
2,rs10865055,0,97954321
2,rs1394432,0,98262470
2,rs17428056,0,98265036
2,rs13395005,0,98380988
2,rs3769740,0,98435640
2,rs3769693,0,98625778
2,rs1949424,0,98834773
2,rs4851165,0,98851853
2,rs12616060,0,98854404
2,rs7423519,0,98884751
2,rs6731293,0,98889826
2,rs12622653,0,98912787
2,rs13397765,0,98915586
2,rs8179548,0,99020282
2,rs11692699,0,99097089
2,rs12613624,0,99099173
2,rs2969394,0,99177867
2,rs7579999,0,99224102
2,rs2290255,0,99365529
2,rs10187843,0,99373052
2,rs17763718,0,99403024
2,rs17022809,0,99624811
2,rs6736239,0,99987697
2,rs10196663,0,99995067
2,rs961788,0,100007891
2,rs2028137,0,100032105
2,rs4851251,0,100119922
2,rs13415595,0,100123385
2,rs11682173,0,100126242
2,rs4640404,0,100346955
2,rs10206374,0,100357287
2,rs17024129,0,100361577
2,rs3748934,0,100376340
2,rs1124009,0,100403275
2,rs2176733,0,100511862
2,rs12474526,0,100516051
2,rs11123835,0,100524691
2,rs4851329,0,100526193
2,rs6730933,0,100528536
2,rs6735550,0,100677468
2,rs17024737,0,100762025
2,rs7577100,0,100776033
2,rs11694387,0,100779813
2,rs13404629,0,100782213
2,rs1435510,0,100786319
2,rs2164319,0,100862456
2,rs13424894,0,100875559
2,rs12614443,0,100964478
2,rs6735216,0,101337417
2,rs958790,0,101402192
2,rs17025577,0,101412039
2,rs11682765,0,101431933
2,rs2310128,0,101601744
2,rs3218841,0,101989707
2,rs4851531,0,102015041
2,rs7569218,0,102057010
2,rs12328681,0,102103299
2,rs4141631,0,102123648
2,rs3213736,0,102151574
2,rs3732134,0,102160649
2,rs3213734,0,102175115
2,rs1922302,0,102185481
2,rs11123913,0,102191911
2,rs1922294,0,102202341
2,rs11674302,0,102253560
2,rs12712141,0,102319499
2,rs3771175,0,102326642
2,rs1921622,0,102332499
2,rs2287037,0,102345460
2,rs6710528,0,102382574
2,rs4851574,0,102391142
2,rs2293225,0,102402321
2,rs6756407,0,102402533
2,rs7593982,0,102592837
2,rs2110637,0,102601152
2,rs6729839,0,102654639
2,rs17027807,0,102699819
2,rs4467294,0,102724201
2,rs2540320,0,102817562
2,rs6543194,0,102965007
2,rs7587833,0,102984411
2,rs11895783,0,103006757
2,rs7426175,0,103407156
2,rs17028902,0,103442331
2,rs10186090,0,103524435
2,rs17028978,0,103570200
2,rs1451988,0,103589021
2,rs2167543,0,103649413
2,rs17029159,0,103798865
2,rs3860446,0,103855783
2,rs1441105,0,103887583
2,rs2610699,0,103936389
2,rs12622900,0,103963636
2,rs2376057,0,104080394
2,rs12613761,0,104122546
2,rs6743006,0,104644590
2,rs1400893,0,104669089
2,rs4851042,0,104731287
2,rs6760606,0,105102269
2,rs13034052,0,105105871
2,rs4527227,0,105131393
2,rs7597760,0,105132820
2,rs12621507,0,105150750
2,rs2576791,0,105175094
2,rs10496390,0,105205223
2,rs4851743,0,105219636
2,rs2679889,0,105280875
2,rs6753046,0,105365059
2,rs13003472,0,105371278
2,rs4851765,0,105379064
2,rs11891016,0,105379648
2,rs6725019,0,105453376
2,rs17030964,0,105460819
2,rs6730074,0,105527468
2,rs10170383,0,105548300
2,rs10496400,0,105594822
2,rs6543324,0,105611105
2,rs11689968,0,105642421
2,rs11124055,0,105725453
2,rs10496402,0,105737745
2,rs4851854,0,105750170
2,rs6543337,0,105769092
2,rs746437,0,105773105
2,rs17031793,0,105779463
2,rs17210439,0,105850022
2,rs17031921,0,105865264
2,rs12232973,0,105902001
2,rs41386450,0,106003843
2,rs1647692,0,106010239
2,rs7573766,0,106072149
2,rs11681404,0,106102745
2,rs2167531,0,106105057
2,rs6747271,0,106113512
2,rs1031070,0,106158719
2,rs4581895,0,106306886
2,rs13422286,0,106473172
2,rs6744483,0,106512087
2,rs1512095,0,106682219
2,rs1551718,0,106710296
2,rs1868255,0,106766191
2,rs3796114,0,106789560
2,rs1470590,0,106789827
2,rs10194380,0,106792669
2,rs13384571,0,106808991
2,rs6543445,0,106810608
2,rs10496408,0,106816219
2,rs11124140,0,106851803
2,rs2108208,0,106860071
2,rs10439417,0,107169356
2,rs6753182,0,107321490
2,rs17632355,0,107330899
2,rs266236,0,107445068
2,rs17021684,0,107697249
2,rs931326,0,108103107
2,rs1000173,0,108129310
2,rs7576937,0,108281860
2,rs4149425,0,108284028
2,rs2577615,0,108465430
2,rs11123706,0,108516596
2,rs826683,0,108603721
2,rs826692,0,108616782
2,rs826677,0,108644831
2,rs171856,0,108992589
2,rs7425828,0,109072860
2,rs4676240,0,109081339
2,rs11674275,0,109082983
2,rs12478508,0,109155518
2,rs1864478,0,109172246
2,rs7609336,0,109226586
2,rs1465630,0,109247668
2,rs6755578,0,109250285
2,rs13397395,0,109351005
2,rs6542822,0,109372321
2,rs6747772,0,109378555
2,rs4309609,0,109381022
2,rs10192643,0,109388651
2,rs35223862,0,109653740
2,rs6735752,0,109660601
2,rs4953760,0,109670778
2,rs4953839,0,109715915
2,rs4953843,0,109723792
2,rs919942,0,109739506
2,rs7579384,0,111252494
2,rs13388313,0,111268234
2,rs12615235,0,111360930
2,rs3789108,0,111435357
2,rs17041670,0,111453746
2,rs11894674,0,111454158
2,rs17481486,0,111457142
2,rs7598867,0,111464584
2,rs1483533,0,111474389
2,rs2118906,0,111540133
2,rs10048841,0,111579497
2,rs10201369,0,111588340
2,rs1561475,0,111590169
2,rs1821968,0,111597094
2,rs6733986,0,111599766
2,rs17041868,0,111611191
2,rs6730446,0,111631694
2,rs12623041,0,111979613
2,rs13006364,0,112090173
2,rs7593992,0,112112005
2,rs2311552,0,112126313
2,rs12612210,0,112132197
2,rs4627569,0,112489624
2,rs4848993,0,112546636
2,rs10175143,0,112561866
2,rs4241121,0,112570525
2,rs1045300,0,112591510
2,rs6737707,0,112616492
2,rs10200201,0,112645286
2,rs7601200,0,112805738
2,rs11890681,0,112948904
2,rs3748024,0,113062884
2,rs884659,0,113202171
2,rs6542095,0,113245654
2,rs1143641,0,113305137
2,rs3136558,0,113307746
2,rs12053091,0,113327251
2,rs3811047,0,113387881
2,rs2723183,0,113391192
2,rs12987491,0,113407970
2,rs13426576,0,113437445
2,rs7580446,0,113440385
2,rs10496448,0,113545161
2,rs4849148,0,113545993
2,rs28928291,0,113546389
2,rs10169599,0,113555123
2,rs11899198,0,113557010
2,rs13410964,0,113559754
2,rs12328368,0,113563615
2,rs11896207,0,113567353
2,rs1446510,0,113567988
2,rs13404928,0,113582996
2,rs4251970,0,113592244
2,rs4251985,0,113593884
2,rs12470990,0,113641209
2,rs35836064,0,113703352
2,rs1110839,0,113710887
2,rs13015478,0,113716206
2,rs11689813,0,113750655
2,rs12711768,0,113870839
2,rs1739526,0,113992770
2,rs2044686,0,114170499
2,rs17633527,0,114246995
2,rs10496452,0,114270270
2,rs4848353,0,114296893
2,rs11676646,0,114301775
2,rs7580260,0,114351513
2,rs12618683,0,114388774
2,rs156729,0,114498258
2,rs12611846,0,114605491
2,rs4849312,0,114618179
2,rs3097609,0,114668287
2,rs3097612,0,114673444
2,rs13403395,0,114877180
2,rs982213,0,114915936
2,rs1367178,0,114921492
2,rs7558334,0,114964693
2,rs11123246,0,115003762
2,rs1430108,0,115009296
2,rs1430112,0,115022181
2,rs1835329,0,115051021
2,rs7608845,0,115152188
2,rs17043357,0,115161865
2,rs13032740,0,115169655
2,rs17043440,0,115204533
2,rs10211528,0,115231020
2,rs1435868,0,115236675
2,rs7604124,0,115329784
2,rs17043712,0,115355916
2,rs998429,0,115364053
2,rs4144326,0,115366270
2,rs7559740,0,115395781
2,rs13402425,0,115399406
2,rs11123259,0,115399574
2,rs1914973,0,115405000
2,rs980317,0,115427406
2,rs17043916,0,115508890
2,rs12328314,0,115615372
2,rs12991665,0,115730547
2,rs4849390,0,115746236
2,rs6706690,0,115763634
2,rs11885726,0,115803408
2,rs12999921,0,115813957
2,rs1037201,0,116035494
2,rs6738130,0,116043845
2,rs17718031,0,116297537
2,rs2009838,0,116624720
2,rs1585899,0,116678711
2,rs7604982,0,116917258
2,rs6742479,0,116941200
2,rs1948364,0,116976207
2,rs12471941,0,116993917
2,rs12475949,0,117073429
2,rs13431902,0,117081682
2,rs1442777,0,117105376
2,rs13432093,0,117105946
2,rs10165591,0,117167693
2,rs12996245,0,117201358
2,rs13432412,0,117212933
2,rs17732765,0,117223853
2,rs17732795,0,117233088
2,rs1515141,0,117247307
2,rs1983308,0,117271401
2,rs2138166,0,117320193
2,rs10496534,0,117461061
2,rs1437426,0,117566462
2,rs2126605,0,117567778
2,rs7585507,0,117662036
2,rs11903594,0,117665713
2,rs12994758,0,117696973
2,rs1453235,0,117742846
2,rs334856,0,117817740
2,rs41496944,0,117882185
2,rs2245113,0,118108945
2,rs12185682,0,118122546
2,rs13030497,0,118305499
2,rs6718141,0,118313519
2,rs1433531,0,118362671
2,rs7578191,0,118430577
2,rs17512472,0,118468777
2,rs1559504,0,118474680
2,rs10192689,0,118483842
2,rs17586756,0,118546928
2,rs2161830,0,118554751
2,rs11123469,0,118560653
2,rs2113485,0,118590616
2,rs11673900,0,118592586
2,rs11675138,0,118592854
2,rs6705504,0,118619993
2,rs3849338,0,118693674
2,rs10170880,0,118782089
2,rs4560125,0,118822527
2,rs6542456,0,118854495
2,rs7578779,0,118916782
2,rs1437683,0,119015357
2,rs6737341,0,119040468
2,rs576023,0,119064701
2,rs1428129,0,119220703
2,rs10191764,0,119268218
2,rs1025736,0,119408425
2,rs6712180,0,119489869
2,rs4849749,0,119548776
2,rs13392059,0,119591601
2,rs10202747,0,119623732
2,rs1867750,0,119636925
2,rs2084154,0,119662176
2,rs10188745,0,119678383
2,rs10196144,0,119716637
2,rs12711924,0,119728641
2,rs12104639,0,119730810
2,rs752185,0,119786225
2,rs6712455,0,119794713
2,rs12611554,0,119796283
2,rs7578714,0,119812829
2,rs2100076,0,119867248
2,rs6711847,0,119891525
2,rs2579656,0,119966572
2,rs2920692,0,119982320
2,rs17659633,0,120048446
2,rs1568539,0,120151863
2,rs1568538,0,120152027
2,rs13011058,0,120461491
2,rs13417549,0,120822823
2,rs2140778,0,120942028
2,rs4849884,0,120961417
2,rs11123556,0,120962466
2,rs7574164,0,120963641
2,rs6707882,0,120990401
2,rs7585627,0,120997073
2,rs17050258,0,121009482
2,rs11679833,0,121023152
2,rs36038621,0,121112400
2,rs4848110,0,121188006
2,rs6541739,0,121207756
2,rs735557,0,121272418
2,rs746345,0,121278688
2,rs277554,0,121347854
2,rs6757250,0,121348975
2,rs1992901,0,121387139
2,rs2677528,0,121441888
2,rs280200,0,121448505
2,rs280198,0,121458232
2,rs775806,0,121504634
2,rs1992790,0,121522203
2,rs12478773,0,121662877
2,rs10205860,0,121665387
2,rs4076519,0,121684502
2,rs17794420,0,121693112
2,rs17006183,0,121693908
2,rs11899125,0,121702248
2,rs11689538,0,121712108
2,rs2713203,0,121712858
2,rs2580346,0,121719127
2,rs2953083,0,121753341
2,rs6541784,0,122032422
2,rs4482489,0,122040495
2,rs10496573,0,122070682
2,rs17007220,0,122584225
2,rs1344759,0,122755725
2,rs17007497,0,122769988
2,rs12993429,0,122819302
2,rs1031466,0,122831612
2,rs4848780,0,122940870
2,rs1949955,0,122978763
2,rs17008069,0,123043964
2,rs17008163,0,123072568
2,rs1439840,0,123125413
2,rs17008328,0,123133891
2,rs1400968,0,123270576
2,rs10178940,0,123311751
2,rs17009003,0,123437892
2,rs188456,0,123461635
2,rs17009469,0,123635118
2,rs12711617,0,123639885
2,rs2419558,0,123690771
2,rs1519294,0,123709866
2,rs1568354,0,123733534
2,rs10496612,0,123864527
2,rs6541897,0,123870919
2,rs10451602,0,123918468
2,rs6725855,0,123941052
2,rs4429478,0,123967957
2,rs13035210,0,124040009
2,rs6744587,0,124042763
2,rs17249314,0,124061182
2,rs17010303,0,124078046
2,rs13014137,0,124335819
2,rs17010542,0,124347477
2,rs1400064,0,124445481
2,rs17278676,0,124565859
2,rs2420559,0,124626471
2,rs17011040,0,124660578
2,rs780031,0,124743745
2,rs17011394,0,124782101
2,rs17011420,0,124797336
2,rs17667754,0,124798889
2,rs7574198,0,124807505
2,rs780057,0,124847880
2,rs2420852,0,124895473
2,rs13386420,0,125020010
2,rs2047874,0,125077588
2,rs11893997,0,125126059
2,rs10202684,0,125259581
2,rs4327244,0,125609874
2,rs2193915,0,125907501
2,rs1872374,0,126208259
2,rs2421684,0,126239647
2,rs10186469,0,126318831
2,rs10496650,0,126344135
2,rs11692282,0,126475893
2,rs13387549,0,126485322
2,rs7581039,0,126510873
2,rs4268933,0,126568037
2,rs34795537,0,126647197
2,rs900883,0,126668970
2,rs13418918,0,126744667
2,rs7596310,0,127056545
2,rs10197759,0,127208924
2,rs7601320,0,127266748
2,rs4390721,0,127269150
2,rs4572541,0,127335070
2,rs934827,0,127493570
2,rs17014852,0,127537677
2,rs2118507,0,127620162
2,rs10208217,0,127620958
2,rs4150436,0,127758304
2,rs6753288,0,127886369
2,rs1878843,0,127999964
2,rs2163348,0,128015549
2,rs14506,0,128320823
2,rs4302174,0,128526484
2,rs28372709,0,128564756
2,rs4476299,0,128565584
2,rs4395208,0,128610008
2,rs1699,0,128656287
2,rs734193,0,128743705
2,rs17016070,0,128751553
2,rs7564226,0,129017050
2,rs10204926,0,129111585
2,rs9917345,0,129137074
2,rs6734940,0,129168992
2,rs6431023,0,129192817
2,rs11696078,0,129259216
2,rs11678966,0,129259629
2,rs3845671,0,129273160
2,rs2465821,0,129434154
2,rs11682667,0,129535939
2,rs17049106,0,129578100
2,rs1519459,0,129609081
2,rs10496676,0,129631621
2,rs2919747,0,129681746
2,rs4662904,0,129684497
2,rs11694592,0,129686801
2,rs1372116,0,129687755
2,rs17049264,0,129699852
2,rs837832,0,129728672
2,rs837865,0,129795965
2,rs837857,0,129802681
2,rs4662961,0,130034269
2,rs2521930,0,130103644
2,rs7573170,0,130146365
2,rs4662982,0,130176678
2,rs6431119,0,130410391
2,rs10928967,0,130752470
2,rs4324352,0,130766712
2,rs12991921,0,130782163
2,rs3739122,0,130847995
2,rs6721517,0,130874329
2,rs6705546,0,131291410
2,rs272103,0,131309379
2,rs7572254,0,131471537
2,rs6717962,0,131801016
2,rs9750984,0,132356901
2,rs10200811,0,132943171
2,rs4352271,0,132945114
2,rs6750271,0,132988127
2,rs11690033,0,132990060
2,rs6430365,0,132993727
2,rs7562954,0,133045078
2,rs3109155,0,133060922
2,rs4546056,0,133071263
2,rs16837937,0,133078720
2,rs6708476,0,133188472
2,rs17397177,0,133209158
2,rs11884795,0,133235974
2,rs11903798,0,133266950
2,rs10197569,0,133303354
2,rs10198046,0,133339560
2,rs13411777,0,133362067
2,rs1020430,0,133409885
2,rs10207480,0,133413024
2,rs2320320,0,133422319
2,rs6713080,0,133430529
2,rs13390958,0,133430783
2,rs4954018,0,133465767
2,rs6713823,0,133485320
2,rs13431190,0,133522978
2,rs16857026,0,133599862
2,rs1821426,0,133621299
2,rs10803536,0,133645695
2,rs1821624,0,133946896
2,rs1368091,0,134029430
2,rs11695364,0,134029768
2,rs11693982,0,134044568
2,rs10206271,0,134049366
2,rs13027438,0,134054460
2,rs17817190,0,134068118
2,rs2436193,0,134072579
2,rs7584077,0,134285767
2,rs10211217,0,134343528
2,rs10928469,0,134397888
2,rs1485854,0,134473309
2,rs11683312,0,134482339
2,rs10179986,0,134580814
2,rs6430501,0,134660614
2,rs6735741,0,134739376
2,rs2290049,0,134831359
2,rs16830478,0,134834525
2,rs6749907,0,134851642
2,rs1371132,0,134869871
2,rs2118844,0,134884070
2,rs2289466,0,134896996
2,rs1866867,0,134911652
2,rs745775,0,134912406
2,rs7604436,0,134920478
2,rs2289469,0,134930512
2,rs524913,0,134988602
2,rs637993,0,134995356
2,rs842358,0,135061579
2,rs4953925,0,135187760
2,rs16831044,0,135271029
2,rs16831054,0,135287974
2,rs4954184,0,135310024
2,rs6729702,0,135318626
2,rs2218558,0,135392357
2,rs6743206,0,135410007
2,rs4953938,0,135411318
2,rs13427841,0,135433710
2,rs16831243,0,135478814
2,rs12612955,0,135498029
2,rs10928529,0,135498926
2,rs10186594,0,135513693
2,rs7603310,0,135618690
2,rs752812,0,135658945
2,rs4954228,0,135692968
2,rs935615,0,135704886
2,rs12105934,0,135962605
2,rs16831785,0,135998580
2,rs3739027,0,136198650
2,rs2304371,0,136278027
2,rs4988229,0,136326216
2,rs2289049,0,136340593
2,rs16832138,0,136353820
2,rs13404551,0,136438465
2,rs834734,0,136452468
2,rs4954566,0,136617983
2,rs6715785,0,136626743
2,rs13397694,0,136754575
2,rs5011377,0,136804046
2,rs16833906,0,136836847
2,rs6430636,0,136869235
2,rs9646696,0,136880906
2,rs10204606,0,136881967
2,rs4954610,0,136891866
2,rs11687599,0,136895241
2,rs17382843,0,136895274
2,rs10180839,0,136898508
2,rs6430637,0,136901305
2,rs7557089,0,136909163
2,rs7561441,0,136913621
2,rs603666,0,136915796
2,rs4954614,0,136916684
2,rs578935,0,136927461
2,rs636925,0,136944123
2,rs643821,0,136957924
2,rs483230,0,136968905
2,rs667607,0,137012179
2,rs574516,0,137080672
2,rs2010567,0,137146498
2,rs13392503,0,137147604
2,rs4618106,0,137180191
2,rs1427609,0,137190920
2,rs2361173,0,137196518
2,rs16836270,0,137217492
2,rs1427620,0,137218868
2,rs4076127,0,137238472
2,rs1896473,0,137250172
2,rs2465095,0,137253374
2,rs16836625,0,137254560
2,rs4633970,0,137256134
2,rs13412066,0,137256465
2,rs2114750,0,137259788
2,rs1593760,0,137267805
2,rs1429991,0,137309970
2,rs778197,0,137312890
2,rs1367122,0,137326890
2,rs10194354,0,137359660
2,rs524398,0,137431729
2,rs11884290,0,137435681
2,rs1344712,0,137445484
2,rs2217415,0,137447765
2,rs13414008,0,137490375
2,rs13411987,0,137684740
2,rs2015616,0,137690989
2,rs10195563,0,137709884
2,rs10200345,0,137715245
2,rs12618070,0,137761966
2,rs13427747,0,137818855
2,rs6752733,0,138179905
2,rs7560212,0,138329393
2,rs10754926,0,138349739
2,rs11691636,0,138355467
2,rs10200450,0,138358286
2,rs4954940,0,138486421
2,rs3113234,0,138495298
2,rs6752594,0,138521504
2,rs6758531,0,138652870
2,rs4643591,0,138737332
2,rs13429210,0,138749256
2,rs6714227,0,138782359
2,rs13024237,0,138906861
2,rs4560178,0,138922323
2,rs6739049,0,139092134
2,rs13400417,0,139109815
2,rs13407238,0,139111474
2,rs4129485,0,139180096
2,rs10172094,0,139366833
2,rs4954974,0,139387237
2,rs4954642,0,139425722
2,rs6711636,0,139497248
2,rs4954733,0,139502407
2,rs1395010,0,139513686
2,rs4144773,0,139530267
2,rs1121728,0,139536853
2,rs1437314,0,139542868
2,rs10196730,0,139631288
2,rs10181724,0,139676278
2,rs1437305,0,139678295
2,rs2376203,0,139701235
2,rs6742944,0,139753322
2,rs7574230,0,139881701
2,rs2376344,0,140003822
2,rs16842556,0,140034485
2,rs17783971,0,140105215
2,rs11685360,0,140130805
2,rs1837161,0,140140341
2,rs10496828,0,140193903
2,rs9646702,0,140205658
2,rs7562605,0,140207727
2,rs2376763,0,140279464
2,rs4395203,0,140281918
2,rs10197954,0,140293588
2,rs4308079,0,140305526
2,rs6722928,0,140367799
2,rs1920530,0,140452313
2,rs17468493,0,140494910
2,rs4954818,0,140525504
2,rs7598521,0,140537951
2,rs1405933,0,140546178
2,rs923739,0,140673306
2,rs12478168,0,140675686
2,rs13382406,0,140677339
2,rs10200370,0,140678805
2,rs13028094,0,140857530
2,rs11891957,0,140919097
2,rs12612781,0,140947007
2,rs16844072,0,140948458
2,rs1385775,0,140995571
2,rs4589693,0,141001530
2,rs1485848,0,141004343
2,rs6430920,0,141024144
2,rs13420111,0,141297802
2,rs12691581,0,141373425
2,rs12474609,0,141437612
2,rs1025338,0,141455758
2,rs11888823,0,141598594
2,rs11894663,0,141598999
2,rs300366,0,141715259
2,rs2714201,0,141744122
2,rs300351,0,141766605
2,rs11900269,0,141777267
2,rs10496876,0,141792186
2,rs4245853,0,141859501
2,rs7604713,0,141898052
2,rs11902970,0,141930356
2,rs6729073,0,141950635
2,rs6761315,0,141955382
2,rs4384715,0,141964378
2,rs4296372,0,141964560
2,rs6755592,0,142093343
2,rs13009867,0,142200728
2,rs10803486,0,142212275
2,rs4954923,0,142243570
2,rs16847151,0,142251858
2,rs1437339,0,142256182
2,rs7584645,0,142256710
2,rs10188711,0,142258884
2,rs34527764,0,142264067
2,rs7594617,0,142273600
2,rs1866026,0,142284935
2,rs10206213,0,142290901
2,rs13385804,0,142333634
2,rs10167034,0,142346044
2,rs2053173,0,142350590
2,rs16847516,0,142360263
2,rs9287327,0,142392588
2,rs1191970,0,142475473
2,rs1191972,0,142479835
2,rs10185217,0,142487218
2,rs7597320,0,142492911
2,rs7558786,0,142956002
2,rs7562783,0,143015054
2,rs16857472,0,143015195
2,rs13423438,0,143163052
2,rs12987477,0,143250064
2,rs12470820,0,143311146
2,rs16858115,0,143325593
2,rs1388974,0,143422269
2,rs407867,0,143499652
2,rs3816193,0,143516377
2,rs193285,0,143613467
2,rs7568188,0,143620452
2,rs354694,0,143641987
2,rs6743877,0,143671160
2,rs16822403,0,143844931
2,rs2381466,0,143849979
2,rs16822430,0,143863945
2,rs10180461,0,143979503
2,rs6741687,0,143983608
2,rs4233568,0,144045650
2,rs13392176,0,144235198
2,rs11675256,0,144376115
2,rs1469474,0,144481137
2,rs6733058,0,144529148
2,rs6709167,0,144547896
2,rs6751500,0,144559874
2,rs1344627,0,144621588
2,rs16823564,0,144649351
2,rs16823571,0,144668630
2,rs13432930,0,144698759
2,rs16823598,0,144707293
2,rs7564469,0,144974915
2,rs16823835,0,145004811
2,rs13034331,0,145009567
2,rs6746122,0,145033754
2,rs7579453,0,145185551
2,rs1918876,0,145360067
2,rs1438899,0,145457997
2,rs2250546,0,145487091
2,rs17408223,0,145489352
2,rs2252641,0,145517931
2,rs17408803,0,145584647
2,rs1085638,0,145626301
2,rs274845,0,145633506
2,rs2197361,0,145695272
2,rs17409500,0,145733042
2,rs1445304,0,145762814
2,rs13423475,0,145777328
2,rs10188215,0,145798910
2,rs1822882,0,145805737
2,rs6430080,0,145836117
2,rs2086901,0,146042121
2,rs1982165,0,146189411
2,rs1370521,0,146221152
2,rs6724640,0,146283881
2,rs1228094,0,146332334
2,rs13002038,0,146726738
2,rs4334443,0,146864863
2,rs16826774,0,147513219
2,rs16826995,0,147596130
2,rs422792,0,147604021
2,rs2122699,0,147608293
2,rs2381979,0,147616194
2,rs16827083,0,147650405
2,rs41420149,0,147854886
2,rs6733608,0,147908977
2,rs750425,0,147951634
2,rs1561516,0,147952408
2,rs11891578,0,147979861
2,rs7563149,0,147983307
2,rs1837291,0,148002359
2,rs1347823,0,148021394
2,rs7590392,0,148096072
2,rs11903965,0,148131177
2,rs1950048,0,148185000
2,rs1234402,0,148546122
2,rs41477845,0,148592036
2,rs4972340,0,148721184
2,rs16828491,0,148725975
2,rs4972343,0,148745478
2,rs12470026,0,148993016
2,rs7591685,0,149007826
2,rs16829194,0,149201745
2,rs4972294,0,149203814
2,rs9711815,0,149512294
2,rs11682788,0,149628134
2,rs16826478,0,149642607
2,rs11900448,0,149650765
2,rs1862887,0,149758320
2,rs12618689,0,149914315
2,rs888103,0,149935682
2,rs17737841,0,150199916
2,rs6747199,0,150240899
2,rs848234,0,150244685
2,rs10201238,0,150377028
2,rs12477894,0,150409320
2,rs7588167,0,150450713
2,rs12479345,0,150490250
2,rs4335965,0,150809953
2,rs4362583,0,150857961
2,rs11903357,0,150959444
2,rs2139425,0,151292578
2,rs10176716,0,151304842
2,rs7576640,0,151389320
2,rs2079454,0,151397292
2,rs1905751,0,151610329
2,rs1485123,0,151635706
2,rs11675356,0,151639251
2,rs11684212,0,151662726
2,rs10930471,0,151738844
2,rs289883,0,151814899
2,rs10181099,0,151891468
2,rs16830061,0,152038394
2,rs3732307,0,152059974
2,rs10432479,0,152074021
2,rs12996964,0,152101668
2,rs4503987,0,152249082
2,rs4664502,0,152306061
2,rs11893938,0,152544701
2,rs12474703,0,152818819
2,rs2881238,0,152828419
2,rs2345814,0,152858443
2,rs12987825,0,152937457
2,rs7587794,0,153033048
2,rs2881339,0,153048967
2,rs6714213,0,153065629
2,rs6434081,0,153081513
2,rs7591606,0,153082121
2,rs893331,0,153102642
2,rs934750,0,153112637
2,rs16831399,0,153143680
2,rs10497108,0,153146684
2,rs2304556,0,153182040
2,rs4664599,0,153201011
2,rs2463,0,153213622
2,rs12999331,0,153222856
2,rs16831548,0,153231977
2,rs16831728,0,153301917
2,rs3856387,0,153364317
2,rs12468839,0,153388840
2,rs11896650,0,153424208
2,rs6760678,0,153427667
2,rs1427396,0,153443439
2,rs1582842,0,153469277
2,rs1365841,0,153485109
2,rs16831958,0,153509020
2,rs2347039,0,153511480
2,rs6747121,0,153512141
2,rs6734310,0,153512179
2,rs1357643,0,153512701
2,rs6739569,0,153517105
2,rs6753119,0,153521842
2,rs7558749,0,153530305
2,rs4664635,0,153539181
2,rs1430616,0,153543356
2,rs1435021,0,153551437
2,rs6728620,0,153615193
2,rs6743128,0,153623910
2,rs6746077,0,153630046
2,rs10497124,0,153633243
2,rs7572009,0,153638206
2,rs1367374,0,153639423
2,rs13001527,0,153643739
2,rs4664645,0,153665310
2,rs1836526,0,153696115
2,rs7580049,0,153724821
2,rs12616616,0,153726798
2,rs9636316,0,153727783
2,rs7608681,0,153922166
2,rs16834075,0,154269871
2,rs11898268,0,154330371
2,rs16834756,0,154453255
2,rs1822770,0,154467590
2,rs1982311,0,154487423
2,rs10175190,0,154652937
2,rs10490531,0,154865971
2,rs16836453,0,154873487
2,rs13032106,0,154879476
2,rs1527867,0,154933281
2,rs1991081,0,154978377
2,rs1405934,0,155002904
2,rs707094,0,155022102
2,rs17815112,0,155022540
2,rs6435200,0,155022650
2,rs707104,0,155030329
2,rs707109,0,155032734
2,rs1589832,0,155088784
2,rs12471193,0,155304383
2,rs2961957,0,155326572
2,rs1316293,0,156368165
2,rs6436115,0,156565126
2,rs9646858,0,156567842
2,rs11695569,0,156586136
2,rs1918173,0,156601851
2,rs1589977,0,156605593
2,rs17244660,0,156630133
2,rs10497172,0,156678543
2,rs12803,0,156890171
2,rs834834,0,156891881
2,rs298236,0,157015274
2,rs1469651,0,157136083
2,rs6732175,0,157138678
2,rs9288604,0,157140001
2,rs17201069,0,157154076
2,rs17208225,0,157187327
2,rs7577045,0,157198892
2,rs7601643,0,157219937
2,rs1432572,0,157240061
2,rs6735419,0,157336068
2,rs2131801,0,157362417
2,rs1156560,0,157845249
2,rs2289942,0,157848963
2,rs13422538,0,157849933
2,rs267992,0,157979758
2,rs16841885,0,158157218
2,rs13023441,0,158223355
2,rs6437110,0,158227191
2,rs10195713,0,158229151
2,rs6752253,0,158251028
2,rs1220110,0,158296706
2,rs10497193,0,158417924
2,rs16842263,0,158480479
2,rs10197165,0,158513089
2,rs6757689,0,158666707
2,rs16842609,0,158667143
2,rs10186677,0,158686174
2,rs1357184,0,158716759
2,rs16842746,0,158761552
2,rs7567129,0,158767925
2,rs6718403,0,158777044
2,rs11686383,0,158806992
2,rs7559063,0,158808065
2,rs10188238,0,158889748
2,rs6752146,0,159111588
2,rs4664978,0,159148083
2,rs3771673,0,159218637
2,rs725806,0,159280516
2,rs6738689,0,159303594
2,rs1996273,0,159307910
2,rs12694971,0,159408321
2,rs264590,0,159683399
2,rs4665026,0,159692948
2,rs1421385,0,159702294
2,rs12463769,0,159713505
2,rs13389867,0,159750676
2,rs13409490,0,159760929
2,rs6742788,0,159939354
2,rs357023,0,160198174
2,rs9287793,0,160463959
2,rs2715933,0,160585748
2,rs4665145,0,160616115
2,rs16844720,0,160624178
2,rs1379342,0,160831740
2,rs11897932,0,160845690
2,rs3772073,0,160849116
2,rs11889328,0,160867938
2,rs4077463,0,160874480
2,rs1110209,0,160907744
2,rs10929981,0,160942041
2,rs6432616,0,160992073
2,rs10929986,0,161001076
2,rs4293574,0,161194576
2,rs270975,0,161401416
2,rs166597,0,161414062
2,rs12052592,0,161433112
2,rs922648,0,161433621
2,rs13403103,0,161447825
2,rs10208407,0,161465375
2,rs1524628,0,161465519
2,rs1516093,0,161465810
2,rs2048827,0,161550836
2,rs4664395,0,161609547
2,rs10203519,0,161613490
2,rs10184811,0,161666187
2,rs1267068,0,161720381
2,rs3769973,0,161772720
2,rs17728078,0,162275914
2,rs12619850,0,162523069
2,rs10930040,0,162603012
2,rs6741949,0,162618469
2,rs2160711,0,162686211
2,rs5647,0,162713404
2,rs4664452,0,162762970
2,rs13394899,0,162825579
2,rs12468951,0,162902507
2,rs6718959,0,163144299
2,rs10930060,0,163158310
2,rs12471674,0,163186607
2,rs2389739,0,163187280
2,rs10202400,0,163250364
2,rs16847175,0,163272088
2,rs11888925,0,163323034
2,rs6729147,0,163347847
2,rs4287779,0,163485112
2,rs13000439,0,163556593
2,rs985486,0,163562135
2,rs12468570,0,163651858
2,rs7595649,0,163716328
2,rs6752189,0,163857936
2,rs16848323,0,163920608
2,rs1676037,0,163958328
2,rs1676038,0,163958557
2,rs13428507,0,163984669
2,rs16848377,0,164020285
2,rs6732555,0,164038628
2,rs2704367,0,164040603
2,rs13031666,0,164055404
2,rs995711,0,164123635
2,rs2083482,0,164146021
2,rs7572130,0,164169193
2,rs6731290,0,164196489
2,rs1239137,0,164242680
2,rs41486246,0,164260927
2,rs13001293,0,164276547
2,rs12373663,0,164300133
2,rs1516296,0,164587382
2,rs4667458,0,164887099
2,rs6716925,0,165043316
2,rs1717623,0,165057145
2,rs4667463,0,165066918
2,rs17437781,0,165133083
2,rs6723985,0,165233393
2,rs16849787,0,165372420
2,rs1902054,0,165500585
2,rs11901178,0,165546530
2,rs16850186,0,165732166
2,rs7590799,0,165797857
2,rs10497258,0,165818118
2,rs17187636,0,166017861
2,rs2943460,0,166023176
2,rs16850755,0,166048830
2,rs7566691,0,166104559
2,rs1968294,0,166326508
2,rs17209563,0,166400897
2,rs1560594,0,166408044
2,rs16851158,0,166411402
2,rs6432855,0,166519599
2,rs6731900,0,166520011
2,rs10182473,0,166581969
2,rs1020853,0,166588028
2,rs538921,0,166611434
2,rs7607543,0,166629033
2,rs7587026,0,166686996
2,rs16851778,0,166769555
2,rs12469141,0,166779098
2,rs4131160,0,166876878
2,rs4455169,0,166886401
2,rs7558866,0,166887786
2,rs16851935,0,166904787
2,rs16851958,0,166910090
2,rs10497284,0,166915599
2,rs6746615,0,166916601
2,rs952462,0,166918250
2,rs983444,0,167106709
2,rs7594117,0,167178489
2,rs1588352,0,167192976
2,rs10183007,0,167281268
2,rs16852941,0,167635483
2,rs11902653,0,167705724
2,rs10497311,0,167717958
2,rs10497323,0,167807984
2,rs1568747,0,167931399
2,rs16853644,0,168061089
2,rs1730701,0,168165039
2,rs6433006,0,168271898
2,rs17581506,0,168272600
2,rs836692,0,168353652
2,rs836678,0,168364598
2,rs13009410,0,168368589
2,rs13399218,0,168445800
2,rs10930295,0,168457913
2,rs11901806,0,168496927
2,rs16854396,0,168514584
2,rs6718279,0,168541327
2,rs9789702,0,168600664
2,rs715878,0,168614887
2,rs16854615,0,168615817
2,rs1992929,0,168638096
2,rs16854671,0,168643658
2,rs11689980,0,168658946
2,rs17177700,0,168660068
2,rs1816977,0,168684033
2,rs10175836,0,168696663
2,rs13382596,0,168703594
2,rs1517326,0,168709930
2,rs6714707,0,168718543
2,rs10209630,0,168720504
2,rs1517342,0,168723919
2,rs3754777,0,168724160
2,rs1517343,0,168724221
2,rs3754776,0,168724417
2,rs3769382,0,168729988
2,rs41500244,0,168742958
2,rs6737602,0,168770977
2,rs4629128,0,168881877
2,rs4667574,0,168897485
2,rs1452283,0,168906905
2,rs6748292,0,168913164
2,rs10174987,0,169060506
2,rs7596085,0,169101394
2,rs12623623,0,169239430
2,rs918957,0,169245157
2,rs7601307,0,169245657
2,rs918955,0,169283177
2,rs4668100,0,169295607
2,rs3931,0,169429627
2,rs7588452,0,169430190
2,rs830193,0,169450518
2,rs549410,0,169457089
2,rs573225,0,169465787
2,rs11568379,0,169501214
2,rs3897807,0,169513294
2,rs11899077,0,169557919
2,rs7605199,0,169564700
2,rs3815675,0,169579101
2,rs3770601,0,169580890
2,rs16856594,0,169762458
2,rs2239594,0,169798577
2,rs830957,0,169820344
2,rs830960,0,169821642
2,rs831011,0,169847885
2,rs2544374,0,169863568
2,rs12616998,0,169938948
2,rs6736056,0,170045057
2,rs2353191,0,170087415
2,rs13013167,0,170110875
2,rs7575494,0,170225840
2,rs6433133,0,170236037
2,rs10803840,0,170326486
2,rs922297,0,170563842
2,rs2883449,0,170724288
2,rs1438627,0,170952250
2,rs7564575,0,170965439
2,rs6742131,0,170986410
2,rs934858,0,171073380
2,rs17271273,0,171082699
2,rs16858671,0,171086230
2,rs16858769,0,171138947
2,rs7425766,0,171231196
2,rs10184230,0,171310380
2,rs11554570,0,171316776
2,rs953680,0,171351423
2,rs16859050,0,171493142
2,rs2193454,0,171887186
2,rs888521,0,171926870
2,rs11680268,0,172083703
2,rs4668394,0,172162565
2,rs7606481,0,172187637
2,rs1399958,0,172233390
2,rs12997093,0,172272684
2,rs4668412,0,172328016
2,rs17499544,0,172348980
2,rs10803865,0,172562825
2,rs13409279,0,172813800
2,rs4972753,0,172831833
2,rs7587844,0,172832286
2,rs4246617,0,172849826
2,rs7574709,0,172860754
2,rs7556723,0,172910526
2,rs6737891,0,172976698
2,rs3108779,0,173003543
2,rs2701268,0,173059445
2,rs7565216,0,173083250
2,rs2606065,0,173204155
2,rs12988039,0,173218195
2,rs1349498,0,173300852
2,rs2884283,0,173359540
2,rs4972861,0,173380463
2,rs16860895,0,173385819
2,rs3769309,0,173388028
2,rs2553001,0,173411764
2,rs16860984,0,173420728
2,rs2676510,0,173427766
2,rs2553011,0,173488021
2,rs2113807,0,173492904
2,rs16861058,0,173518881
2,rs2592940,0,173526070
2,rs12105647,0,173616487
2,rs6735275,0,173722065
2,rs17742715,0,173827553
2,rs1020013,0,173978497
2,rs1435772,0,174011972
2,rs2163960,0,174024297
2,rs12466967,0,174052326
2,rs16861826,0,174066680
2,rs546613,0,174144391
2,rs577687,0,174159937
2,rs6722856,0,174194836
2,rs10194513,0,174269345
2,rs7572805,0,174282312
2,rs13430481,0,174291627
2,rs6433434,0,174301195
2,rs12105088,0,174313570
2,rs3845743,0,174330771
2,rs16862088,0,174370740
2,rs17305401,0,174373363
2,rs16862164,0,174443812
2,rs16862245,0,174558100
2,rs16862337,0,174652915
2,rs10930635,0,174655231
2,rs16862357,0,174671326
2,rs17317701,0,174682071
2,rs12622510,0,174705074
2,rs10930640,0,174705263
2,rs16862434,0,174729522
2,rs16862439,0,174730294
2,rs12992681,0,174773790
2,rs6723131,0,174775277
2,rs3739150,0,174997390
2,rs7590001,0,175091061
2,rs1864453,0,175205081
2,rs10184302,0,175234492
2,rs4356633,0,175258924
2,rs2646176,0,175307920
2,rs2646157,0,175432348
2,rs16862890,0,175443765
2,rs2054139,0,175460370
2,rs1193625,0,175508468
2,rs6736834,0,175607945
2,rs1153711,0,175620803
2,rs1866925,0,175868543
2,rs7603466,0,176099925
2,rs4072527,0,176149697
2,rs4972778,0,176192127
2,rs4072816,0,176203641
2,rs12999390,0,176228437
2,rs6738625,0,176252428
2,rs6755005,0,176383762
2,rs4619574,0,176384410
2,rs2166523,0,176438190
2,rs2301301,0,176740513
2,rs1403994,0,176786168
2,rs16863736,0,176941348
2,rs7355631,0,176942948
2,rs9967710,0,176990225
2,rs4893874,0,177089031
2,rs1349109,0,177097939
2,rs6713101,0,177100241
2,rs11687952,0,177142323
2,rs17345806,0,177239988
2,rs2362866,0,177246512
2,rs938278,0,177256759
2,rs16864227,0,177266213
2,rs16864342,0,177297094
2,rs6733234,0,177402729
2,rs1398967,0,177428696
2,rs1398969,0,177428921
2,rs17198564,0,177454363
2,rs1561278,0,177480439
2,rs16864702,0,177484930
2,rs1370540,0,177513283
2,rs4894228,0,177557700
2,rs13394038,0,177888577
2,rs12987686,0,177903855
2,rs10179975,0,177905131
2,rs12988366,0,178126191
2,rs6717572,0,178178640
2,rs10201883,0,178179653
2,rs13012431,0,178279165
2,rs10166758,0,178292673
2,rs1344925,0,178326024
2,rs6433698,0,178389780
2,rs6752913,0,178571034
2,rs7570423,0,178582677
2,rs1435573,0,178644619
2,rs13422367,0,178658171
2,rs12989423,0,178681254
2,rs6716840,0,179083375
2,rs13387664,0,179098893
2,rs12464787,0,179148275
2,rs2562850,0,179239938
2,rs2742340,0,179280187
2,rs12693164,0,179287338
2,rs16866488,0,179318722
2,rs7585334,0,179329196
2,rs2291312,0,179339459
2,rs4894044,0,179340378
2,rs4471922,0,179341543
2,rs6715901,0,179359199
2,rs10198153,0,179855495
2,rs7607041,0,179901220
2,rs9808219,0,179997984
2,rs2271760,0,180019452
2,rs990369,0,180029067
2,rs11686958,0,180063553
2,rs1515310,0,180155031
2,rs16866822,0,180162311
2,rs872162,0,180187368
2,rs6743733,0,180219874
2,rs259833,0,180414573
2,rs17175114,0,180562865
2,rs16867178,0,180664413
2,rs1607384,0,180675732
2,rs1473622,0,180685354
2,rs13393435,0,180690365
2,rs7566676,0,180700746
2,rs1401106,0,180706996
2,rs11884030,0,180717079
2,rs2056789,0,180755406
2,rs1534692,0,180771042
2,rs10497563,0,180793489
2,rs7567127,0,180971805
2,rs13011385,0,180986484
2,rs1817147,0,180998344
2,rs12464199,0,181041552
2,rs721301,0,181095510
2,rs1358520,0,181148326
2,rs1528438,0,181170263
2,rs16823635,0,181282320
2,rs11688866,0,181314152
2,rs4130586,0,181501860
2,rs13024011,0,181553121
2,rs4343437,0,181567909
2,rs13418807,0,181628583
2,rs908733,0,181678176
2,rs7558428,0,181726799
2,rs6735551,0,181747722
2,rs12052256,0,181755884
2,rs6722148,0,181888796
2,rs2218160,0,181908162
2,rs155101,0,182058390
2,rs2583015,0,182263797
2,rs2696328,0,182280859
2,rs12614687,0,182292718
2,rs13419200,0,182466502
2,rs12623537,0,182574914
2,rs1196150,0,182661611
2,rs16822550,0,182668534
2,rs16822596,0,182684972
2,rs1515894,0,182689509
2,rs16822622,0,182689602
2,rs1921152,0,182701885
2,rs1196057,0,182707881
2,rs7591292,0,182724820
2,rs16822915,0,182810931
2,rs2568664,0,182813669
2,rs7578466,0,182821483
2,rs4666829,0,182828288
2,rs16823122,0,182932173
2,rs10198076,0,182972870
2,rs1430155,0,183111751
2,rs12693314,0,183173396
2,rs13419447,0,183173850
2,rs11681366,0,183316619
2,rs288283,0,183350873
2,rs288248,0,183420593
2,rs7592832,0,183432483
2,rs16823717,0,183656455
2,rs16824100,0,183754216
2,rs17758560,0,183803358
2,rs2018674,0,183921664
2,rs17760539,0,184033421
2,rs13409797,0,184062041
2,rs2368443,0,184066647
2,rs6434039,0,184203652
2,rs16824901,0,184236628
2,rs10187583,0,184323518
2,rs2580780,0,184333807
2,rs1484931,0,184360397
2,rs7566864,0,184388351
2,rs1988748,0,184458969
2,rs4638756,0,184557354
2,rs13416635,0,184872151
2,rs2369337,0,184973210
2,rs12467320,0,184998041
2,rs6757001,0,185016784
2,rs17583446,0,185079031
2,rs7608249,0,185105431
2,rs1469337,0,185146077
2,rs7574128,0,185374010
2,rs7608891,0,185871019
2,rs6709795,0,185897656
2,rs10195783,0,186042349
2,rs7591127,0,186130907
2,rs2111710,0,186183835
2,rs17228483,0,186336448
2,rs4380184,0,186463588
2,rs16827613,0,186787822
2,rs1448860,0,186919092
2,rs2370688,0,187006941
2,rs7562659,0,187052436
2,rs2044919,0,187060828
2,rs11685758,0,187241613
2,rs2594705,0,187279702
2,rs2595395,0,187302080
2,rs2682861,0,187309424
2,rs3100021,0,187421641
2,rs6705578,0,187424535
2,rs13415172,0,187467978
2,rs10165029,0,187754935
2,rs1528231,0,187789419
2,rs13404250,0,187824441
2,rs1950020,0,187846096
2,rs17705966,0,187873411
2,rs6434217,0,187897397
2,rs16828912,0,187918651
2,rs3771095,0,187919357
2,rs6759535,0,187946346
2,rs13430432,0,187967001
2,rs3771078,0,187978582
2,rs8176546,0,188048641
2,rs10187622,0,188122406
2,rs7597815,0,188144781
2,rs4667175,0,188149094
2,rs11902917,0,188158381
2,rs1356868,0,188200108
2,rs12990195,0,188232563
2,rs10166232,0,188232629
2,rs7580316,0,188238823
2,rs10497685,0,188258275
2,rs10931308,0,188354323
2,rs10194199,0,188369174
2,rs16829324,0,188432883
2,rs17264111,0,188625426
2,rs1439912,0,188665885
2,rs16823915,0,188780543
2,rs11884423,0,188794344
2,rs980065,0,188798710
2,rs10180222,0,188826565
2,rs7582137,0,188830474
2,rs11687248,0,188852866
2,rs6721812,0,188866634
2,rs7589600,0,188867337
2,rs10170220,0,189006363
2,rs7423329,0,189102841
2,rs7599158,0,189181691
2,rs10173369,0,189272938
2,rs7607418,0,189393092
2,rs3106796,0,189558018
2,rs7421040,0,189613846
2,rs10181597,0,189662472
2,rs7420331,0,189668574
2,rs2037170,0,189701537
2,rs17271057,0,190032930
2,rs10497703,0,190063600
2,rs6434355,0,190209768
2,rs2352709,0,190356164
2,rs5742981,0,190368928
2,rs5743054,0,190398698
2,rs5743072,0,190405169
2,rs5743169,0,190440212
2,rs7560327,0,190480767
2,rs7603201,0,190502898
2,rs10931440,0,190591605
2,rs10931441,0,190663096
2,rs6720084,0,190754214
2,rs16832396,0,190756523
2,rs6726008,0,190912734
2,rs972690,0,190935979
2,rs12693576,0,191050960
2,rs10737936,0,191177976
2,rs10931469,0,191296672
2,rs10205597,0,191352782
2,rs7581077,0,191415344
2,rs11691127,0,191467013
2,rs2280233,0,191558811
2,rs13005843,0,191562971
2,rs7560255,0,191767554
2,rs1823913,0,191826292
2,rs17511333,0,191841905
2,rs12989203,0,191849588
2,rs17346475,0,191861459
2,rs10200971,0,191923038
2,rs12619838,0,191939122
2,rs7560131,0,192024283
2,rs12019147,0,192172380
2,rs10201292,0,192196521
2,rs4072962,0,192411091
2,rs4280394,0,192412944
2,rs6434517,0,192513271
2,rs7604868,0,192527693
2,rs7558135,0,192534367
2,rs10195056,0,192541158
2,rs10184037,0,192541198
2,rs7558259,0,192587245
2,rs4853656,0,192610650
2,rs2884023,0,192623483
2,rs10931519,0,192641036
2,rs2884025,0,192652089
2,rs16834696,0,193074678
2,rs1515348,0,193231593
2,rs13394988,0,193250072
2,rs11685659,0,193254243
2,rs10169066,0,193258813
2,rs10497734,0,193301926
2,rs16835034,0,193519857
2,rs10497737,0,193532430
2,rs7573470,0,193693370
2,rs1598795,0,193714522
2,rs13425837,0,193748121
2,rs6752843,0,193806172
2,rs10189659,0,193944304
2,rs6712518,0,193956339
2,rs2256295,0,193976818
2,rs12476237,0,194078623
2,rs16835247,0,194084007
2,rs16835318,0,194367767
2,rs10205663,0,194373560
2,rs12991562,0,194415851
2,rs6434632,0,194438994
2,rs1401057,0,194620712
2,rs6744022,0,194761726
2,rs7566908,0,195038497
2,rs13387278,0,195142261
2,rs1439937,0,195291681
2,rs11891594,0,195565628
2,rs1599755,0,195682608
2,rs2566717,0,195694855
2,rs2063452,0,195720297
2,rs1403971,0,195968717
2,rs1524035,0,195983130
2,rs6731123,0,196008496
2,rs12614118,0,196012902
2,rs6759802,0,196154462
2,rs6745360,0,196159659
2,rs10194124,0,196269377
2,rs6743998,0,196384734
2,rs6434811,0,196574665
2,rs1519608,0,196586863
2,rs13420811,0,196922174
2,rs6728249,0,197030423
2,rs10167169,0,197158863
2,rs16857304,0,197325351
2,rs1574424,0,197336460
2,rs3795920,0,197411321
2,rs10182356,0,197422110
2,rs6754223,0,197547574
2,rs16860132,0,197561877
2,rs7556679,0,197568789
2,rs1599887,0,197618211
2,rs16863002,0,197758721
2,rs1881405,0,197777595
2,rs2697309,0,197782028
2,rs16864643,0,197921122
2,rs13387417,0,197957196
2,rs2305560,0,198074033
2,rs4850820,0,198690456
2,rs1350208,0,198794510
2,rs12693837,0,198807821
2,rs6434968,0,198920850
2,rs17826492,0,199270005
2,rs12475832,0,199340972
2,rs7582813,0,199348740
2,rs1568241,0,199382965
2,rs41457744,0,199403757
2,rs1533537,0,199405313
2,rs16830580,0,199411863
2,rs7582043,0,199418808
2,rs2124699,0,199513412
2,rs2881157,0,199645660
2,rs2218878,0,199652905
2,rs1451476,0,199654902
2,rs4510158,0,199660313
2,rs896346,0,199707934
2,rs1376584,0,199717139
2,rs1868913,0,199735550
2,rs1901323,0,199735735
2,rs6727865,0,199737741
2,rs13029216,0,199776013
2,rs895526,0,199870670
2,rs13426349,0,199907209
2,rs11897489,0,199963926
2,rs6714133,0,200040327
2,rs7565547,0,200075642
2,rs12474468,0,200105502
2,rs11890804,0,200130819
2,rs6754400,0,200131000
2,rs4234081,0,200165807
2,rs7594660,0,200176839
2,rs983676,0,200195136
2,rs7597643,0,200199971
2,rs13026034,0,200217243
2,rs2346110,0,200226347
2,rs4673422,0,200267273
2,rs4673480,0,200336363
2,rs769956,0,200401965
2,rs812179,0,200419594
2,rs2136584,0,200479178
2,rs11895190,0,200546858
2,rs16832142,0,200564801
2,rs4673648,0,200599167
2,rs7604950,0,200612256
2,rs3094761,0,200642735
2,rs3094759,0,200656839
2,rs1106400,0,200712334
2,rs7565005,0,200721522
2,rs11675980,0,200759395
2,rs1534599,0,200781378
2,rs10931897,0,200870765
2,rs1966710,0,200916053
2,rs1470010,0,200916121
2,rs3769459,0,200942817
2,rs10497862,0,201023352
2,rs733055,0,201052405
2,rs16833776,0,201146742
2,rs1527944,0,201164490
2,rs17533245,0,201210317
2,rs2540052,0,201277244
2,rs2348129,0,201352477
2,rs1045494,0,201860026
2,rs13014235,0,201923737
2,rs12468504,0,201966714
2,rs13416087,0,202081954
2,rs6722095,0,202170238
2,rs7590107,0,202180156
2,rs13011356,0,202199272
2,rs1914261,0,202201749
2,rs888011,0,202229671
2,rs6757790,0,202235822
2,rs1208083,0,202240692
2,rs2540427,0,202258511
2,rs7603563,0,202274986
2,rs6707021,0,202286570
2,rs7561225,0,202322464
2,rs1558693,0,202542494
2,rs1009609,0,202545192
2,rs13009438,0,202625290
2,rs16838805,0,202662032
2,rs11690765,0,202664715
2,rs10197514,0,202672762
2,rs6747814,0,202688963
2,rs4675261,0,202698432
2,rs10931992,0,202774664
2,rs7572505,0,202860600
2,rs13415189,0,202960672
2,rs17271393,0,202971587
2,rs17199249,0,203134913
2,rs4675287,0,203262081
2,rs6748088,0,203264771
2,rs4675292,0,203357877
2,rs12693978,0,203667582
2,rs6725469,0,203699733
2,rs2469966,0,203980685
2,rs17410408,0,203981603
2,rs2882829,0,203985894
2,rs723115,0,203988847
2,rs13017614,0,203992675
2,rs2469954,0,204000762
2,rs2252163,0,204024878
2,rs2256733,0,204029888
2,rs1376876,0,204039324
2,rs13034397,0,204049730
2,rs12693990,0,204158521
2,rs7370907,0,204188670
2,rs3181097,0,204278384
2,rs2140148,0,204280385
2,rs3769683,0,204287042
2,rs6435203,0,204319440
2,rs231793,0,204410588
2,rs231797,0,204414352
2,rs6741283,0,204423055
2,rs6748358,0,204465150
2,rs16840307,0,204465244
2,rs4312468,0,204510350
2,rs10168571,0,204517753
2,rs10932034,0,204521238
2,rs3116536,0,204542858
2,rs11682793,0,204675058
2,rs10932047,0,204712367
2,rs6710075,0,204799546
2,rs7581837,0,204822838
2,rs3940409,0,204823904
2,rs12465069,0,204866378
2,rs10201163,0,204877584
2,rs6748817,0,204967097
2,rs1447489,0,205028815
2,rs16824671,0,205052938
2,rs12373835,0,205055624
2,rs1374717,0,205080741
2,rs16836300,0,205095400
2,rs12622755,0,205146730
2,rs10198136,0,205179600
2,rs7568847,0,205190160
2,rs10208062,0,205270195
2,rs10490271,0,205271958
2,rs2216321,0,205288112
2,rs2098462,0,205326956
2,rs6715511,0,205332374
2,rs7579849,0,205348169
2,rs975894,0,205354060
2,rs13423367,0,205446708
2,rs10208185,0,205483538
2,rs6435264,0,205517725
2,rs13000345,0,205680065
2,rs11901441,0,205783484
2,rs6730457,0,205795722
2,rs849221,0,205907031
2,rs13011886,0,205910441
2,rs849263,0,205987145
2,rs849260,0,205990739
2,rs11884476,0,206026838
2,rs2216111,0,206090275
2,rs849558,0,206270495
2,rs3771051,0,206273745
2,rs955395,0,206426955
2,rs6759124,0,206598059
2,rs10166836,0,206747561
2,rs10204061,0,207015240
2,rs3821170,0,207161555
2,rs11694535,0,207181991
2,rs7607406,0,207288240
2,rs12471939,0,207296514
2,rs2359722,0,207316840
2,rs7593959,0,207397406
2,rs1031435,0,207459522
2,rs1530941,0,207460139
2,rs1377389,0,207582617
2,rs11902284,0,207748749
2,rs7600286,0,207754802
2,rs16839378,0,207762281
2,rs1990778,0,207782169
2,rs1012264,0,207823248
2,rs16839547,0,207858209
2,rs918193,0,207858744
2,rs16839586,0,207881790
2,rs7607292,0,207913520
2,rs2709376,0,208098633
2,rs1050641,0,208103041
2,rs2709417,0,208185724
2,rs2663890,0,208274740
2,rs6755821,0,208331399
2,rs4675713,0,208350153
2,rs10188753,0,208357668
2,rs2136448,0,208359857
2,rs16840054,0,208396130
2,rs2306433,0,208398526
2,rs17537190,0,208440947
2,rs6741366,0,208588708
2,rs17459758,0,208591625
2,rs6740362,0,208593899
2,rs11893075,0,208606337
2,rs1020581,0,208686714
2,rs2854719,0,208703354
2,rs12463771,0,208704459
2,rs4449112,0,208708818
2,rs6750890,0,208719259
2,rs796276,0,208730932
2,rs7580715,0,208830504
2,rs4675745,0,208855704
2,rs7587816,0,209182901
2,rs10497917,0,209522342
2,rs1107012,0,209522823
2,rs4672543,0,209583491
2,rs1900323,0,209844455
2,rs41526653,0,210004940
2,rs6435530,0,210055744
2,rs13025539,0,210068021
2,rs1858140,0,210159293
2,rs16843326,0,210217862
2,rs16843354,0,210225009
2,rs16843618,0,210304065
2,rs2215624,0,210309386
2,rs13011543,0,210608287
2,rs11893116,0,210704329
2,rs7586674,0,210706528
2,rs12104563,0,210789295
2,rs2058509,0,210803997
2,rs11888495,0,210877408
2,rs12471867,0,210918799
2,rs2287431,0,211028533
2,rs3732055,0,211042953
2,rs10932334,0,211049594
2,rs1858193,0,211071100
2,rs6750325,0,211209578
2,rs6435580,0,211231702
2,rs2270476,0,211234009
2,rs2371023,0,211267771
2,rs10180880,0,211282067
2,rs13000755,0,211314142
2,rs12613090,0,211319618
2,rs1558934,0,211342675
2,rs10932362,0,211356942
2,rs16844940,0,211374377
2,rs12987542,0,211661337
2,rs182657,0,211680921
2,rs10208692,0,211690371
2,rs11897492,0,211816127
2,rs1437916,0,211824344
2,rs4462737,0,211865445
2,rs12619699,0,211876435
2,rs16846161,0,212006083
2,rs12105807,0,212072886
2,rs1851200,0,212132484
2,rs9288435,0,212171469
2,rs7602185,0,212171551
2,rs7590438,0,212293051
2,rs6435666,0,212326191
2,rs16847102,0,212431233
2,rs1402708,0,212540679
2,rs2139938,0,212599382
2,rs6715314,0,212725852
2,rs12622947,0,212784533
2,rs2049180,0,212789985
2,rs12476049,0,212917904
2,rs1505357,0,212918474
2,rs1505367,0,213004963
2,rs7594160,0,213373310
2,rs3923957,0,213393259
2,rs12995939,0,213491761
2,rs10497990,0,213634753
2,rs10186029,0,213637531
2,rs4672672,0,213654876
2,rs16849743,0,213680911
2,rs13406406,0,213743071
2,rs1488971,0,213882241
2,rs6435770,0,213922542
2,rs2371889,0,213934830
2,rs4146049,0,213938041
2,rs1488978,0,213956931
2,rs17694142,0,213978187
2,rs1813393,0,214028511
2,rs1503380,0,214032446
2,rs10932483,0,214076656
2,rs13384724,0,214281200
2,rs10498012,0,214569478
2,rs4672703,0,214606379
2,rs7600945,0,214697708
2,rs10190431,0,214756457
2,rs11899471,0,214797857
2,rs16851649,0,214818669
2,rs11894175,0,214935269
2,rs10197985,0,214937984
2,rs6749380,0,214948188
2,rs6731626,0,214959471
2,rs4286276,0,214973071
2,rs6435828,0,215039535
2,rs4511718,0,215045648
2,rs9288497,0,215078297
2,rs13392179,0,215091527
2,rs4673851,0,215092496
2,rs11678130,0,215117522
2,rs6435835,0,215144108
2,rs7425848,0,215166878
2,rs13021608,0,215203996
2,rs1400868,0,215223902
2,rs4287768,0,215230212
2,rs280626,0,215272346
2,rs10498020,0,215328166
2,rs6706777,0,215337788
2,rs1900243,0,215355631
2,rs2766515,0,215433005
2,rs956132,0,215531579
2,rs13020712,0,215623150
2,rs2372479,0,215650735
2,rs7419736,0,215731927
2,rs11686240,0,215774597
2,rs4637110,0,215787639
2,rs1464864,0,215852184
2,rs16853834,0,215918481
2,rs10179068,0,216036605
2,rs17460757,0,216068869
2,rs4674009,0,216098122
2,rs16854398,0,216149719
2,rs1898716,0,216174032
2,rs10932621,0,216184283
2,rs2579013,0,216225328
2,rs1250085,0,216246901
2,rs13027794,0,216286062
2,rs6758995,0,216327205
2,rs16855357,0,216637115
2,rs1078103,0,216655596
2,rs10182201,0,216662817
2,rs124826,0,216858266
2,rs2243956,0,216960363
2,rs16856012,0,216961841
2,rs11886806,0,216997520
2,rs11886888,0,216997658
2,rs2738280,0,216998305
2,rs2738289,0,217052267
2,rs6723971,0,217098634
2,rs2255928,0,217329250
2,rs715049,0,217365347
2,rs10200178,0,217463315
2,rs12694400,0,217518000
2,rs1882421,0,217558662
2,rs2141817,0,217563333
2,rs13029188,0,217566504
2,rs6733648,0,217583141
2,rs7588345,0,217632061
2,rs2372960,0,217650960
2,rs7579306,0,217652872
2,rs16856932,0,217671790
2,rs13016130,0,217682522
2,rs12470237,0,217842753
2,rs13018445,0,217844396
2,rs4141835,0,217883717
2,rs1478581,0,218000897
2,rs13388294,0,218003651
2,rs7560625,0,218334032
2,rs1863132,0,218440160
2,rs1424916,0,218447545
2,rs4674220,0,218450247
2,rs1808466,0,218467349
2,rs3791936,0,218476667
2,rs1863793,0,218556855
2,rs3092970,0,218736033
2,rs1877713,0,218843257
2,rs1457459,0,218844928
2,rs2014615,0,218879435
2,rs7608307,0,218950762
2,rs16858987,0,218991341
2,rs632554,0,219117552
2,rs6730089,0,219147559
2,rs16859228,0,219292102
2,rs7573999,0,219309636
2,rs586194,0,219318677
2,rs13427998,0,219408629
2,rs6436102,0,219529903
2,rs13398523,0,219618696
2,rs6436122,0,219744634
2,rs6436123,0,219749335
2,rs908196,0,219796492
2,rs6436131,0,219860102
2,rs6711142,0,219934637
2,rs6708740,0,219949518
2,rs12617990,0,219987731
2,rs3755054,0,219989218
2,rs753974,0,220149311
2,rs520102,0,220237880
2,rs11694744,0,220271078
2,rs11681469,0,220356363
2,rs10498070,0,220406369
2,rs10199944,0,220538093
2,rs13414052,0,220559418
2,rs6736185,0,220611035
2,rs2971624,0,220622887
2,rs2216843,0,220627123
2,rs13014981,0,220644301
2,rs1001732,0,220647977
2,rs7600178,0,220655647
2,rs4315513,0,220677572
2,rs10932840,0,220772338
2,rs1037518,0,220802116
2,rs10932846,0,220819539
2,rs6748917,0,220820518
2,rs1454558,0,220865351
2,rs17611288,0,220914212
2,rs4674541,0,221120633
2,rs7599725,0,221292815
2,rs11681231,0,221377209
2,rs10191714,0,221382004
2,rs1869565,0,221439534
2,rs634813,0,221458760
2,rs6436229,0,221520935
2,rs6737148,0,221567197
2,rs8179719,0,221593259
2,rs12465212,0,221598862
2,rs1159328,0,221779581
2,rs1368064,0,221797760
2,rs16862412,0,221840821
2,rs2195614,0,221958757
2,rs16862677,0,222021676
2,rs16862827,0,222134260
2,rs2710525,0,222179257
2,rs7609471,0,222228236
2,rs10209807,0,222250622
2,rs2432658,0,222252083
2,rs12053343,0,222255527
2,rs16863004,0,222281161
2,rs16863024,0,222304167
2,rs4085399,0,222446128
2,rs732534,0,222519829
2,rs889835,0,222553306
2,rs6748217,0,222566598
2,rs11678203,0,222590106
2,rs348970,0,222652189
2,rs1436788,0,223119737
2,rs2044538,0,223262519
2,rs6436334,0,223297134
2,rs10168780,0,223544711
2,rs1961637,0,223613352
2,rs3795884,0,223626607
2,rs6436382,0,223699847
2,rs16864505,0,223727014
2,rs12992825,0,223762712
2,rs4234046,0,223775131
2,rs12619771,0,223788604
2,rs16864612,0,223839434
2,rs16864674,0,223926000
2,rs12465373,0,223945925
2,rs2395983,0,223976228
2,rs1921638,0,223998384
2,rs7595351,0,224185096
2,rs7561307,0,224192245
2,rs1014492,0,224206626
2,rs16865057,0,224238093
2,rs656797,0,224308531
2,rs16865181,0,224342529
2,rs12623921,0,224345323
2,rs17243807,0,224383112
2,rs604990,0,224474138
2,rs10933025,0,224503282
2,rs12465843,0,224527714
2,rs2118409,0,224577887
2,rs13008520,0,224597627
2,rs4674857,0,224624465
2,rs4674860,0,224630058
2,rs6758957,0,224674732
2,rs1453674,0,224694375
2,rs2602681,0,224779011
2,rs10174215,0,224834526
2,rs13024765,0,224888463
2,rs16865798,0,224902633
2,rs3738953,0,224953167
2,rs6743369,0,225009923
2,rs16866048,0,225136240
2,rs16866106,0,225223811
2,rs11884368,0,225242436
2,rs16866157,0,225322143
2,rs6436508,0,225347464
2,rs11693393,0,225405607
2,rs7577271,0,225418170
2,rs2304334,0,225459537
2,rs10190539,0,225744401
2,rs10804326,0,226103133
2,rs7597996,0,226212802
2,rs1522817,0,226644212
2,rs1522818,0,226646355
2,rs1403356,0,226697572
2,rs16866930,0,226861513
2,rs2713552,0,226889927
2,rs4129068,0,227002726
2,rs16867081,0,227120282
2,rs16822536,0,227266510
2,rs2251692,0,227298024
2,rs10933155,0,227395151
2,rs10197757,0,227471488
2,rs7558996,0,227684575
2,rs2396463,0,227753236
2,rs6756117,0,227777254
2,rs4321358,0,227820430
2,rs6729294,0,227825710
2,rs4470338,0,227887282
2,rs11687981,0,227893788
2,rs6740870,0,227916020
2,rs7589170,0,228037302
2,rs4257394,0,228056553
2,rs7600530,0,228069951
2,rs3924775,0,228142161
2,rs2396492,0,228294761
2,rs11884743,0,228437687
2,rs16824126,0,228462593
2,rs1721356,0,228463111
2,rs16824223,0,228492849
2,rs1715832,0,228533345
2,rs4973593,0,228603036
2,rs12479323,0,228734365
2,rs13431126,0,228739037
2,rs11685283,0,228743671
2,rs10166134,0,228791305
2,rs11694816,0,228800005
2,rs12467514,0,228801606
2,rs7591756,0,228807564
2,rs13013897,0,228856440
2,rs1997273,0,228881253
2,rs4522590,0,228926149
2,rs13424461,0,228950675
2,rs1863071,0,228977477
2,rs7566610,0,229001499
2,rs7590961,0,229113709
2,rs7575986,0,229165693
2,rs1369698,0,229173980
2,rs11896845,0,229190617
2,rs4973108,0,229228802
2,rs7581873,0,229336486
2,rs16825382,0,229375165
2,rs800733,0,229437067
2,rs800742,0,229471910
2,rs2396595,0,229489214
2,rs16825629,0,229627234
2,rs1860761,0,229645080
2,rs7589888,0,229670668
2,rs2536215,0,229682838
2,rs1419951,0,229707846
2,rs11678557,0,229710424
2,rs17476328,0,229724395
2,rs4972898,0,229952537
2,rs6436867,0,230010786
2,rs41440944,0,230050647
2,rs13387921,0,230117226
2,rs6756038,0,230320695
2,rs4972913,0,230349856
2,rs16826441,0,230462393
2,rs7588417,0,230476192
2,rs13412717,0,230483359
2,rs543214,0,230554694
2,rs720042,0,230581588
2,rs4973263,0,230652673
2,rs4972948,0,230929336
2,rs13012615,0,230950443
2,rs7559665,0,230965056
2,rs12694866,0,230992800
2,rs7582700,0,231024349
2,rs7595408,0,231029204
2,rs1649863,0,231035535
2,rs1649890,0,231045790
2,rs9678598,0,231054846
2,rs1649893,0,231074619
2,rs16827500,0,231249252
2,rs10201627,0,231482621
2,rs1509583,0,231550431
2,rs7580005,0,231553317
2,rs3115376,0,231554006
2,rs1543061,0,231586740
2,rs6731226,0,231608439
2,rs16827855,0,231779473
2,rs16827912,0,231868535
2,rs1669084,0,231904841
2,rs4973409,0,232020115
2,rs4973442,0,232097545
2,rs4973009,0,232169359
2,rs10933379,0,232173765
2,rs2060413,0,232175975
2,rs1464974,0,232339455
2,rs3116228,0,232596920
2,rs3116179,0,232729388
2,rs2633260,0,232841054
2,rs12617170,0,232870009
2,rs10193825,0,233218866
2,rs6704763,0,233300731
2,rs1078323,0,233389756
2,rs2292725,0,233458318
2,rs2675954,0,233458871
2,rs2166441,0,233465687
2,rs6751590,0,233523122
2,rs11678490,0,233539194
2,rs3811589,0,233583960
2,rs7558755,0,233632253
2,rs11674347,0,233649632
2,rs4503982,0,233756768
2,rs10203185,0,233766809
2,rs2241879,0,233848207
2,rs7585217,0,233854145
2,rs13005285,0,233859696
2,rs11681604,0,234002966
2,rs3732221,0,234291749
2,rs12466997,0,234321256
2,rs11568318,0,234330237
2,rs4148327,0,234340565
2,rs17862884,0,234350472
2,rs6431635,0,234386183
2,rs11563240,0,234386753
2,rs556691,0,234420314
2,rs10929320,0,234533124
2,rs6708995,0,234555130
2,rs17864768,0,234562457
2,rs11695247,0,234564012
2,rs6734618,0,234581570
2,rs17864777,0,234583857
2,rs3732214,0,234587863
2,rs12105689,0,234591310
2,rs763379,0,234592520
2,rs6431653,0,234605369
2,rs7596214,0,234665890
2,rs2271153,0,234671631
2,rs6731887,0,234685719
2,rs7568382,0,234731493
2,rs6716674,0,234859522
2,rs1703557,0,234900214
2,rs12612740,0,234951680
2,rs6749173,0,235043404
2,rs3935670,0,235076947
2,rs1880747,0,235122864
2,rs6749297,0,235157910
2,rs13035090,0,235160468
2,rs10179485,0,235261818
2,rs4233612,0,235274352
2,rs2380262,0,235297738
2,rs6723835,0,235377111
2,rs7596046,0,235384795
2,rs968976,0,235414720
2,rs10177808,0,235626949
2,rs6716118,0,235715130
2,rs11900805,0,235762719
2,rs6735106,0,235768892
2,rs9973819,0,235838778
2,rs1541888,0,235840151
2,rs12620850,0,235889431
2,rs6728599,0,235913679
2,rs11689176,0,235991942
2,rs6754331,0,236106329
2,rs7569541,0,236139468
2,rs6709782,0,236434814
2,rs1962215,0,236487063
2,rs11690665,0,236492108
2,rs3754659,0,236615373
2,rs2077712,0,236617555
2,rs3754654,0,236626438
2,rs6730035,0,236684360
2,rs13399791,0,236802827
2,rs900439,0,237036515
2,rs3761713,0,237067304
2,rs1922798,0,237079895
2,rs7582574,0,237125104
2,rs7355628,0,237125483
2,rs13429144,0,237127820
2,rs2720100,0,237255078
2,rs12616517,0,237507918
2,rs10179350,0,237547255
2,rs6732507,0,237880122
2,rs6729500,0,237880218
2,rs4433949,0,237914369
2,rs2270656,0,237919859
2,rs11896521,0,237948211
2,rs12622093,0,237948344
2,rs1874573,0,237965923
2,rs13431876,0,237980748
2,rs2645782,0,237982561
2,rs4663747,0,237983054
2,rs7599658,0,238017637
2,rs3751109,0,238091933
2,rs13011946,0,238107764
2,rs9646713,0,238108281
2,rs1198823,0,238424857
2,rs4302179,0,238516181
2,rs921095,0,238558101
2,rs4663829,0,238582800
2,rs3948117,0,238688919
2,rs7588480,0,238724641
2,rs1079435,0,238904351
2,rs864757,0,238981046
2,rs7605254,0,239027677
2,rs6728391,0,239147198
2,rs13430969,0,239150471
2,rs4663927,0,239166764
2,rs4663319,0,239172870
2,rs2055863,0,239178761
2,rs12692235,0,239210445
2,rs13012398,0,239211826
2,rs1397328,0,239233691
2,rs11690021,0,239301967
2,rs13411266,0,239376114
2,rs10199914,0,239561798
2,rs3791382,0,239683749
2,rs631292,0,239781778
2,rs9636379,0,239806377
2,rs4852051,0,239935244
2,rs7577326,0,239993139
2,rs13415709,0,240088228
2,rs7592100,0,240118489
2,rs12620527,0,240254625
2,rs1465820,0,240270700
2,rs11891511,0,240309844
2,rs4851993,0,240347064
2,rs7602963,0,240354034
2,rs12613844,0,240386535
2,rs11891353,0,240506889
2,rs11901225,0,240518544
2,rs13411444,0,240537216
2,rs4567966,0,240550966
2,rs10193610,0,240589291
2,rs13409568,0,240617373
2,rs874060,0,240620123
2,rs11677092,0,240637991
2,rs10166127,0,240710414
2,rs1978886,0,240713305
2,rs747741,0,240721843
2,rs12478463,0,240766087
2,rs10933572,0,240770226
2,rs7595693,0,240841752
2,rs11685173,0,240872867
2,rs7597153,0,240875489
2,rs13034435,0,240877589
2,rs12695014,0,240881427
2,rs952753,0,240881726
2,rs10933588,0,240888452
2,rs2228331,0,241054201
2,rs7606877,0,241058697
2,rs28443480,0,241086493
2,rs7587179,0,241258252
2,rs4676380,0,241291946
2,rs4456706,0,241297496
2,rs3755534,0,241330437
2,rs7576602,0,241333365
2,rs11686679,0,241451773
2,rs4258787,0,241723075
2,rs2159005,0,241758522
2,rs3868,0,241771064
2,rs12476614,0,241772962
2,rs12998792,0,241783530
2,rs13389075,0,241784052
2,rs6437249,0,241824004
2,rs4675807,0,242108291
2,rs6716290,0,242163769
2,rs3749157,0,242400980
2,rs34041588,0,242407714
3,rs6442427,0,186745
3,rs191362,0,304445
3,rs9310982,0,353639
3,rs11129762,0,408955
3,rs6442823,0,410647
3,rs7612327,0,413656
3,rs7649099,0,691885
3,rs1385195,0,719134
3,rs6809345,0,959037
3,rs13083404,0,977028
3,rs10510204,0,981912
3,rs4401351,0,1008790
3,rs7644439,0,1011877
3,rs17032419,0,1043236
3,rs7631088,0,1054024
3,rs1504057,0,1065551
3,rs9881241,0,1114641
3,rs17034421,0,1172281
3,rs7624608,0,1185705
3,rs3772313,0,1306135
3,rs17271469,0,1310476
3,rs17037572,0,1333534
3,rs3772277,0,1394093
3,rs155387,0,1395519
3,rs17038463,0,1400168
3,rs155834,0,1449128
3,rs6806808,0,1468426
3,rs6442451,0,1479132
3,rs422625,0,1573651
3,rs2648458,0,1579035
3,rs2128250,0,1595212
3,rs417975,0,1630984
3,rs12498043,0,1697281
3,rs17786289,0,1746198
3,rs17029209,0,1756625
3,rs4566520,0,1822356
3,rs9824123,0,1834218
3,rs9860211,0,1844728
3,rs2729319,0,2039647
3,rs4685479,0,2051026
3,rs9826632,0,2095011
3,rs4461405,0,2121913
3,rs17007773,0,2127370
3,rs17009194,0,2202373
3,rs1183600,0,2353331
3,rs13059126,0,2375024
3,rs6785626,0,2375967
3,rs1847169,0,2379329
3,rs6792956,0,2387847
3,rs13068208,0,2410741
3,rs7650206,0,2463099
3,rs6793017,0,2554127
3,rs6774320,0,2564560
3,rs11716070,0,2607758
3,rs2616589,0,2616046
3,rs2619560,0,2622171
3,rs17564805,0,2627204
3,rs2063896,0,2733163
3,rs7611703,0,2749996
3,rs9810902,0,2856134
3,rs7640270,0,2864352
3,rs17022006,0,2913734
3,rs1861164,0,2992678
3,rs163352,0,3073041
3,rs17883922,0,3124685
3,rs3792421,0,3124791
3,rs334759,0,3157864
3,rs1714327,0,3163914
3,rs9990190,0,3211755
3,rs12497625,0,3251428
3,rs13073417,0,3307441
3,rs2221113,0,3331586
3,rs904476,0,3358021
3,rs2133414,0,3360916
3,rs9826242,0,3416776
3,rs1355075,0,3436434
3,rs9879636,0,3447297
3,rs17031382,0,3448631
3,rs12631784,0,3504100
3,rs12715256,0,3508727
3,rs7634908,0,3530312
3,rs1026966,0,3549281
3,rs4685661,0,3584589
3,rs1375916,0,3599316
3,rs1532072,0,3604099
3,rs2322319,0,3612200
3,rs2322323,0,3616449
3,rs9881476,0,3630251
3,rs1921015,0,3679409
3,rs9883609,0,3733874
3,rs4638948,0,3736042
3,rs711558,0,3758029
3,rs1386971,0,3814711
3,rs13321784,0,3828912
3,rs2596890,0,3890789
3,rs4455307,0,3935071
3,rs317555,0,3976831
3,rs17039550,0,3999446
3,rs13088039,0,4258763
3,rs7612868,0,4416735
3,rs17040633,0,4421837
3,rs304037,0,4527078
3,rs304023,0,4541033
3,rs9815192,0,4610880
3,rs11130084,0,4635168
3,rs6810292,0,4641879
3,rs4073664,0,4657456
3,rs3804984,0,4691214
3,rs711631,0,4831180
3,rs3805034,0,4855266
3,rs6764243,0,4953493
3,rs7638383,0,4969341
3,rs2117038,0,5060555
3,rs35489229,0,5088187
3,rs17524276,0,5138840
3,rs6765898,0,5202663
3,rs7373728,0,5260286
3,rs9818405,0,5262099
3,rs343427,0,5340682
3,rs9871505,0,5352364
3,rs4143244,0,5385364
3,rs9842582,0,5402679
3,rs4684483,0,5426177
3,rs4684484,0,5437541
3,rs17042584,0,5468089
3,rs12108032,0,5468753
3,rs9880886,0,5487154
3,rs17042800,0,5534479
3,rs17749328,0,5538371
3,rs1820920,0,5567749
3,rs7640390,0,5568193
3,rs9311569,0,5591348
3,rs7628449,0,5605590
3,rs12494467,0,5652307
3,rs9863364,0,5661704
3,rs7628335,0,5668481
3,rs1545506,0,5694861
3,rs11721059,0,5700560
3,rs4143284,0,5735140
3,rs2470644,0,5751857
3,rs12629173,0,5762176
3,rs17043429,0,5763862
3,rs1435361,0,5764768
3,rs1823765,0,5772319
3,rs721213,0,5774685
3,rs6779060,0,5783682
3,rs10510316,0,5807625
3,rs2730309,0,5876494
3,rs2572683,0,5882475
3,rs1865533,0,5882990
3,rs987172,0,5901083
3,rs2323505,0,5902739
3,rs1568082,0,5942249
3,rs17044017,0,5987847
3,rs4686008,0,5993903
3,rs908606,0,6095251
3,rs6787992,0,6109655
3,rs17234374,0,6173982
3,rs6789140,0,6175935
3,rs7617985,0,6194326
3,rs7625781,0,6194430
3,rs13059452,0,6211442
3,rs6769168,0,6224925
3,rs17044412,0,6250864
3,rs17044928,0,6465627
3,rs9852667,0,6500016
3,rs17045232,0,6529226
3,rs1499065,0,6624660
3,rs978659,0,6741266
3,rs41472249,0,6778784
3,rs17288414,0,6780145
3,rs11929454,0,6834633
3,rs3749380,0,6878297
3,rs342026,0,6883535
3,rs9856655,0,6917072
3,rs7644436,0,6925189
3,rs9859343,0,6930371
3,rs10490858,0,6934514
3,rs17693618,0,6946349
3,rs1499161,0,7020455
3,rs10490860,0,7021016
3,rs1472476,0,7027542
3,rs9837834,0,7117227
3,rs17046810,0,7134120
3,rs6765482,0,7143677
3,rs6770446,0,7160627
3,rs870738,0,7230401
3,rs1396402,0,7305517
3,rs7621633,0,7347619
3,rs1156329,0,7405406
3,rs17047282,0,7430149
3,rs712778,0,7443858
3,rs6778646,0,7533907
3,rs1569284,0,7582044
3,rs9838647,0,7665439
3,rs17048334,0,7929425
3,rs955639,0,7957394
3,rs17048464,0,7997506
3,rs500607,0,8156844
3,rs466203,0,8161495
3,rs1817709,0,8222186
3,rs984474,0,8247203
3,rs6763314,0,8341118
3,rs359039,0,8414630
3,rs17049121,0,8431221
3,rs41378247,0,8550845
3,rs237868,0,8753162
3,rs13061909,0,8753628
3,rs1714303,0,8828177
3,rs7653030,0,8848953
3,rs7610024,0,8952758
3,rs341794,0,9022133
3,rs1533000,0,9026580
3,rs9874679,0,9029865
3,rs17050002,0,9084277
3,rs530814,0,9110981
3,rs9815212,0,9226108
3,rs17744934,0,9284199
3,rs2600163,0,9287283
3,rs13063276,0,9287536
3,rs11918319,0,9290820
3,rs3852050,0,9333616
3,rs10510397,0,9334315
3,rs17050255,0,9356455
3,rs2648545,0,9364223
3,rs2258767,0,9379887
3,rs1054975,0,9381836
3,rs9832810,0,9440779
3,rs17050486,0,9678844
3,rs4684652,0,9709855
3,rs6795630,0,9714235
3,rs708574,0,9748314
3,rs159150,0,9771126
3,rs2072668,0,9773140
3,rs28581420,0,9793060
3,rs3868897,0,9797275
3,rs6443264,0,9798302
3,rs17050567,0,9800658
3,rs9813445,0,9801769
3,rs17050572,0,9807327
3,rs12490900,0,9843577
3,rs9879307,0,9845065
3,rs3856908,0,9863958
3,rs9874146,0,10234711
3,rs242722,0,10262360
3,rs4684688,0,10416416
3,rs11927716,0,10419620
3,rs515504,0,10442397
3,rs34867,0,10467025
3,rs681997,0,10470387
3,rs655553,0,10471681
3,rs759691,0,10502762
3,rs17032984,0,10504069
3,rs1318099,0,10507032
3,rs17033245,0,10636289
3,rs171239,0,10755817
3,rs6442204,0,10776911
3,rs12632152,0,10807600
3,rs11709729,0,10889685
3,rs1610180,0,10892457
3,rs9863701,0,11019365
3,rs11719645,0,11044731
3,rs349714,0,11104858
3,rs2343861,0,11192969
3,rs433303,0,11219906
3,rs12638742,0,11293039
3,rs7625184,0,11308734
3,rs6785396,0,11380927
3,rs11924286,0,11438947
3,rs2442781,0,11458769
3,rs17536147,0,11534102
3,rs6772112,0,11616535
3,rs6800931,0,11670211
3,rs7644580,0,11696793
3,rs6810096,0,11749148
3,rs4684091,0,11974083
3,rs1663070,0,12214852
3,rs13089415,0,12276360
3,rs6798713,0,12280587
3,rs17036321,0,12359599
3,rs17036326,0,12364313
3,rs17036753,0,12454552
3,rs2648309,0,12592333
3,rs6810335,0,12757712
3,rs9809307,0,12815338
3,rs9825233,0,12818368
3,rs9851761,0,12823336
3,rs3821607,0,12826920
3,rs2305398,0,12831856
3,rs360836,0,13011932
3,rs892274,0,13043872
3,rs444944,0,13092999
3,rs358378,0,13155920
3,rs11128638,0,13265146
3,rs6783393,0,13346497
3,rs6442382,0,13407581
3,rs9817742,0,13431803
3,rs4684135,0,13433322
3,rs4234514,0,13711634
3,rs11714418,0,13719060
3,rs12629061,0,13806615
3,rs7651599,0,13985975
3,rs17038915,0,14127201
3,rs2733577,0,14140930
3,rs1043943,0,14158411
3,rs3731187,0,14161364
3,rs3731081,0,14186869
3,rs1982546,0,14192293
3,rs6442428,0,14211471
3,rs4428160,0,14228591
3,rs9869943,0,14233111
3,rs7610573,0,14240529
3,rs4684192,0,14270202
3,rs1077050,0,14296452
3,rs7610197,0,14305300
3,rs6779365,0,14452250
3,rs13084053,0,14576078
3,rs7640236,0,14647315
3,rs4684237,0,14685592
3,rs7633011,0,14685683
3,rs7621752,0,14686100
3,rs11128716,0,14720575
3,rs7610462,0,14757798
3,rs10510432,0,14840371
3,rs11128731,0,15034334
3,rs1464390,0,15088127
3,rs17040729,0,15104541
3,rs735659,0,15198998
3,rs9813606,0,15275659
3,rs3773469,0,15283244
3,rs7630155,0,15283413
3,rs2290535,0,15448519
3,rs2045301,0,15513244
3,rs1021849,0,15647608
3,rs2255248,0,15729853
3,rs7610596,0,15824460
3,rs9842566,0,16041190
3,rs2603771,0,16051965
3,rs12497859,0,16089465
3,rs17200087,0,16139124
3,rs842248,0,16263766
3,rs574141,0,16380744
3,rs4643693,0,16398763
3,rs9860109,0,16398819
3,rs12629276,0,16403485
3,rs2163021,0,16471094
3,rs2881514,0,16528684
3,rs6763943,0,16569222
3,rs6802880,0,16587890
3,rs10510452,0,16600052
3,rs7623201,0,16638687
3,rs4685368,0,16657003
3,rs7426680,0,16717173
3,rs10510467,0,16878135
3,rs17042938,0,16976671
3,rs17043281,0,17298706
3,rs283943,0,17321359
3,rs7623979,0,17381861
3,rs7644389,0,17477922
3,rs7432241,0,17481028
3,rs10433559,0,17740963
3,rs10510482,0,17913733
3,rs9814647,0,17942207
3,rs11925467,0,17958102
3,rs4908996,0,17958122
3,rs17044152,0,17959445
3,rs9838477,0,18070345
3,rs17044259,0,18096434
3,rs2137561,0,18120482
3,rs6577621,0,18167992
3,rs17273299,0,18172539
3,rs2102623,0,18181169
3,rs13078687,0,18198446
3,rs4688915,0,18207087
3,rs7644386,0,18214047
3,rs7647968,0,18215614
3,rs958542,0,18222970
3,rs12636835,0,18228705
3,rs11921478,0,18328006
3,rs9872636,0,18358026
3,rs17029286,0,18513591
3,rs4973727,0,18524720
3,rs336605,0,18631354
3,rs10865755,0,18661210
3,rs13084910,0,18676328
3,rs12106877,0,18684526
3,rs7611052,0,18696508
3,rs9826966,0,18712800
3,rs6550597,0,18713944
3,rs4613476,0,18752218
3,rs4401379,0,18905129
3,rs11914331,0,18953208
3,rs1551062,0,19177437
3,rs11711975,0,19234279
3,rs6800537,0,19487078
3,rs7625293,0,19744572
3,rs17006216,0,19757054
3,rs4858743,0,19813405
3,rs4858734,0,19834266
3,rs269384,0,19894348
3,rs13065319,0,20007628
3,rs2929401,0,20071739
3,rs1610186,0,20083648
3,rs6799196,0,20158940
3,rs10510499,0,20170054
3,rs1052930,0,20187193
3,rs9820730,0,20323727
3,rs6550498,0,20347803
3,rs1520058,0,20393425
3,rs1523354,0,20543327
3,rs6550549,0,20672039
3,rs9880253,0,20730324
3,rs1499003,0,20855035
3,rs9811079,0,21064073
3,rs17008182,0,21110166
3,rs13327208,0,21216940
3,rs13063191,0,21240875
3,rs11128995,0,21243335
3,rs6785004,0,21265059
3,rs9815041,0,21276174
3,rs9860391,0,21295392
3,rs680612,0,21320643
3,rs9816785,0,21331376
3,rs2731943,0,21355681
3,rs1396004,0,21371158
3,rs423879,0,21417472
3,rs9811744,0,21497201
3,rs163474,0,21499039
3,rs7648849,0,21571408
3,rs1382167,0,21611547
3,rs17009167,0,21638275
3,rs3860583,0,21645524
3,rs6787257,0,21720640
3,rs11718397,0,21756741
3,rs12630043,0,21760826
3,rs11719345,0,21764197
3,rs13081154,0,21780803
3,rs9864800,0,21783852
3,rs6797528,0,21791020
3,rs6786115,0,21796667
3,rs2630803,0,21865332
3,rs2630807,0,21867553
3,rs11129028,0,21870037
3,rs9820193,0,21875691
3,rs6550648,0,22008368
3,rs1817989,0,22027846
3,rs9310679,0,22034288
3,rs7623423,0,22056165
3,rs2620557,0,22086147
3,rs2170093,0,22086227
3,rs17010728,0,22091975
3,rs2170091,0,22104843
3,rs17010896,0,22165906
3,rs9864211,0,22173019
3,rs7624502,0,22219798
3,rs1494220,0,22323148
3,rs1494223,0,22334170
3,rs12492984,0,22410080
3,rs7611487,0,22478902
3,rs1947241,0,22520124
3,rs6769561,0,22550596
3,rs711712,0,22974334
3,rs6550720,0,23103548
3,rs4130874,0,23112409
3,rs6800955,0,23114183
3,rs4390954,0,23137244
3,rs4485741,0,23150871
3,rs3884563,0,23153852
3,rs6550728,0,23154256
3,rs11710420,0,23196935
3,rs3732395,0,23209622
3,rs1032501,0,23215675
3,rs9847733,0,23217054
3,rs17012966,0,23319217
3,rs7627380,0,23321799
3,rs9853489,0,23327094
3,rs4858497,0,23327111
3,rs9847958,0,23336732
3,rs9844558,0,23339887
3,rs2173057,0,23377147
3,rs7631334,0,23383431
3,rs6796840,0,23392888
3,rs17405137,0,23392995
3,rs7627525,0,23440163
3,rs13093140,0,23517018
3,rs2055307,0,23517258
3,rs6763535,0,23555904
3,rs7609845,0,23590766
3,rs6775891,0,23603466
3,rs7648443,0,23613631
3,rs4858524,0,23670947
3,rs6768481,0,23671846
3,rs9830571,0,23680242
3,rs7646855,0,23688824
3,rs6550783,0,23719090
3,rs12485431,0,23771717
3,rs6791130,0,23809038
3,rs9863123,0,23862253
3,rs2360610,0,23932933
3,rs34200392,0,23933652
3,rs9855481,0,23964920
3,rs17013984,0,24007972
3,rs1397881,0,24038294
3,rs1112195,0,24060170
3,rs4858576,0,24063245
3,rs1464010,0,24102227
3,rs2063481,0,24118305
3,rs6550848,0,24120088
3,rs6769403,0,24123626
3,rs4858106,0,24234205
3,rs958892,0,24239779
3,rs4858593,0,24245974
3,rs2167115,0,24314738
3,rs17014487,0,24319631
3,rs4858604,0,24324919
3,rs6787255,0,24354645
3,rs1505293,0,24383711
3,rs4858608,0,24403825
3,rs3856621,0,24541232
3,rs9310755,0,24765839
3,rs9860870,0,24766992
3,rs4241536,0,24773191
3,rs4561771,0,24787183
3,rs9826689,0,24841056
3,rs7645442,0,24853353
3,rs12495571,0,24877659
3,rs4858132,0,24923994
3,rs13091209,0,24933463
3,rs13096040,0,24937310
3,rs9883836,0,24950894
3,rs12629369,0,24956366
3,rs13325698,0,24969239
3,rs4858136,0,25003293
3,rs11129182,0,25146301
3,rs11129187,0,25147790
3,rs11710620,0,25167016
3,rs904592,0,25168106
3,rs9861590,0,25207194
3,rs184429,0,25310072
3,rs11922476,0,25317967
3,rs322668,0,25318619
3,rs9860987,0,25386447
3,rs4681025,0,25450928
3,rs1435704,0,25537520
3,rs17016718,0,25561110
3,rs1286767,0,25567887
3,rs1561032,0,25571617
3,rs2037860,0,25656436
3,rs17017168,0,25905266
3,rs1029403,0,26120190
3,rs6796625,0,26200319
3,rs2188635,0,26232545
3,rs10510575,0,26424148
3,rs7645460,0,26517686
3,rs9846456,0,26575351
3,rs10510581,0,26591104
3,rs10510582,0,26591126
3,rs12491628,0,26591415
3,rs11710809,0,26689442
3,rs7616110,0,26710087
3,rs17018559,0,26714654
3,rs1488237,0,26751771
3,rs931825,0,26752949
3,rs1601846,0,26758240
3,rs1605114,0,26765283
3,rs6771067,0,26777749
3,rs1488205,0,26794161
3,rs4973821,0,26826361
3,rs966763,0,26887572
3,rs7646434,0,26929098
3,rs9881362,0,27080506
3,rs1522167,0,27162504
3,rs12715123,0,27626548
3,rs41387645,0,27656078
3,rs9830335,0,27850763
3,rs1506687,0,28007395
3,rs9857133,0,28024741
3,rs17020879,0,28052594
3,rs17021375,0,28363843
3,rs1463535,0,28649285
3,rs13075697,0,28687243
3,rs922288,0,28733533
3,rs13325087,0,28741358
3,rs12631195,0,28745442
3,rs4680785,0,28810914
3,rs1381395,0,28820182
3,rs1993761,0,28824042
3,rs6799656,0,28902983
3,rs7644989,0,28965347
3,rs6768946,0,28968511
3,rs6766004,0,28988908
3,rs9850192,0,29081737
3,rs9859945,0,29144958
3,rs17022735,0,29150340
3,rs1004644,0,29266052
3,rs12639326,0,29286276
3,rs13079598,0,29295837
3,rs4488795,0,29355715
3,rs4680829,0,29421986
3,rs5028435,0,29465424
3,rs7625682,0,29466227
3,rs7647577,0,29621276
3,rs1866773,0,29753247
3,rs1992352,0,29759514
3,rs2083488,0,29784962
3,rs13059657,0,29874571
3,rs4680733,0,29882483
3,rs1816996,0,29982109
3,rs3773127,0,30008047
3,rs6549963,0,30019782
3,rs3811723,0,30024421
3,rs13077725,0,30034765
3,rs2888188,0,30036737
3,rs6549972,0,30061323
3,rs17024764,0,30090033
3,rs9840784,0,30107202
3,rs1434019,0,30163751
3,rs2371996,0,30175662
3,rs1433986,0,30182671
3,rs2196131,0,30200327
3,rs11129399,0,30370955
3,rs17025355,0,30377499
3,rs13073411,0,30457314
3,rs12631561,0,30458371
3,rs9834424,0,30593423
3,rs9814861,0,30593617
3,rs2116137,0,30601102
3,rs11129421,0,30654616
3,rs1036097,0,30668647
3,rs1864615,0,30674786
3,rs3773639,0,30676178
3,rs934328,0,30682748
3,rs3773663,0,30705876
3,rs17026328,0,30708837
3,rs304819,0,30790261
3,rs1393755,0,30809771
3,rs17432258,0,30926070
3,rs9878794,0,30962818
3,rs7637194,0,31193174
3,rs9873353,0,31250346
3,rs17027581,0,31408160
3,rs12493391,0,31468979
3,rs6776296,0,31511062
3,rs3792546,0,31733489
3,rs11717432,0,31753800
3,rs11710822,0,31768875
3,rs2219250,0,31792548
3,rs11924721,0,31812521
3,rs7628972,0,31814101
3,rs11129464,0,31814288
3,rs7649767,0,31825667
3,rs4282098,0,31903644
3,rs4334676,0,31920446
3,rs13317583,0,31926424
3,rs11929134,0,31934994
3,rs6810295,0,31942971
3,rs11713199,0,31950325
3,rs6800757,0,31955610
3,rs9816495,0,31964378
3,rs9853939,0,31964491
3,rs7635119,0,31991611
3,rs4502621,0,31994904
3,rs6770955,0,32002050
3,rs13089767,0,32003653
3,rs4639011,0,32006002
3,rs6419811,0,32006139
3,rs17028716,0,32016584
3,rs13327469,0,32023183
3,rs10510653,0,32033563
3,rs9871746,0,32043830
3,rs4955224,0,32044673
3,rs4955130,0,32060167
3,rs9866833,0,32073171
3,rs1073209,0,32076559
3,rs7620658,0,32076990
3,rs7636660,0,32287918
3,rs12497324,0,32323345
3,rs9840161,0,32360050
3,rs11926020,0,32579366
3,rs17029725,0,32608495
3,rs9836623,0,32629192
3,rs6800286,0,32654468
3,rs6550147,0,32687323
3,rs9855586,0,32827739
3,rs11706575,0,32914781
3,rs9310996,0,32974264
3,rs9826253,0,32993101
3,rs7611260,0,33000114
3,rs6550204,0,33082649
3,rs4678497,0,33188123
3,rs17029976,0,33348207
3,rs3817476,0,33412548
3,rs3844270,0,33507058
3,rs6550222,0,33509889
3,rs12487660,0,33567576
3,rs7628472,0,33883903
3,rs7613581,0,33961169
3,rs13080583,0,33996610
3,rs9880702,0,34004843
3,rs11714011,0,34028984
3,rs11718552,0,34079031
3,rs9863160,0,34145399
3,rs11712920,0,34205937
3,rs12054332,0,34206664
3,rs4493378,0,34231531
3,rs7631143,0,34239827
3,rs9859996,0,34250469
3,rs1518881,0,34298475
3,rs1402246,0,34564125
3,rs17677655,0,34758145
3,rs17288582,0,34808577
3,rs13095300,0,34808831
3,rs17032370,0,34888606
3,rs9854555,0,34978318
3,rs4678730,0,34990026
3,rs1871290,0,35024824
3,rs7628755,0,35051124
3,rs2035260,0,35064309
3,rs12638795,0,35089225
3,rs1478838,0,35103050
3,rs9831542,0,35136573
3,rs2167176,0,35372491
3,rs12490605,0,35398906
3,rs12493625,0,35456676
3,rs9868421,0,35458668
3,rs4380362,0,35517261
3,rs7613472,0,36095028
3,rs1120092,0,36151843
3,rs9826986,0,36156814
3,rs7647206,0,36190013
3,rs6774457,0,36210088
3,rs1165962,0,36253549
3,rs285293,0,36258534
3,rs9870043,0,36511704
3,rs6786359,0,36512820
3,rs1456068,0,36536145
3,rs9874289,0,36656907
3,rs4678893,0,36658616
3,rs11721169,0,36663925
3,rs17197692,0,36750950
3,rs9882438,0,36751417
3,rs9876871,0,36787574
3,rs9877525,0,36787940
3,rs9882217,0,36788572
3,rs6550434,0,36807277
3,rs11129733,0,36822952
3,rs2063158,0,36823664
3,rs4624519,0,36837984
3,rs9917659,0,36839164
3,rs4678917,0,36940162
3,rs4647278,0,37033779
3,rs3774339,0,37037858
3,rs2241031,0,37065278
3,rs11707406,0,37135681
3,rs6787539,0,37139651
3,rs10154916,0,37160964
3,rs17811658,0,37189208
3,rs9809041,0,37283986
3,rs7615421,0,37334945
3,rs10490810,0,37348121
3,rs13084370,0,37458391
3,rs9871277,0,37506860
3,rs928799,0,37525386
3,rs11918778,0,37558709
3,rs13098572,0,37626626
3,rs4390871,0,37702098
3,rs11717973,0,37737018
3,rs7611638,0,37743792
3,rs17036895,0,37768541
3,rs3845948,0,37798704
3,rs1984311,0,37801849
3,rs4679005,0,37807433
3,rs11129771,0,37808391
3,rs688603,0,37877399
3,rs631809,0,37908782
3,rs9868023,0,37942665
3,rs17037286,0,38001391
3,rs2073399,0,38036544
3,rs12629897,0,38101644
3,rs199398,0,38162349
3,rs9854977,0,38193844
3,rs4679029,0,38317718
3,rs697331,0,38321783
3,rs196381,0,38387307
3,rs704951,0,38388531
3,rs17733255,0,38391368
3,rs17037638,0,38400455
3,rs4679048,0,38443557
3,rs7633988,0,38698221
3,rs12631535,0,38706121
3,rs7617919,0,38768993
3,rs4676593,0,38817916
3,rs9858516,0,38866552
3,rs4637231,0,38884119
3,rs11924818,0,38897327
3,rs9311200,0,38928900
3,rs6599008,0,39122206
3,rs6795278,0,39123735
3,rs1298712,0,39144697
3,rs11712101,0,39206728
3,rs7622284,0,39215563
3,rs11720021,0,39229759
3,rs4311160,0,39252296
3,rs562545,0,39511528
3,rs9863484,0,39522671
3,rs581691,0,39525739
3,rs816491,0,39530501
3,rs6776748,0,39662764
3,rs1609161,0,39713196
3,rs6764132,0,39763895
3,rs883035,0,39798521
3,rs17079534,0,39822076
3,rs1918029,0,39823345
3,rs1585286,0,39950123
3,rs1580213,0,39983030
3,rs9823099,0,39994107
3,rs1598999,0,39996283
3,rs11924220,0,40008993
3,rs13318252,0,40055370
3,rs6776146,0,40088013
3,rs2693487,0,40158862
3,rs11917823,0,40192522
3,rs9857935,0,40198619
3,rs17076607,0,40201530
3,rs17076767,0,40223830
3,rs6599095,0,40385940
3,rs1454494,0,40388636
3,rs6809046,0,40704431
3,rs596823,0,40762224
3,rs668136,0,40768669
3,rs9835641,0,40771653
3,rs9837197,0,40893855
3,rs13081630,0,40940086
3,rs9868876,0,40984260
3,rs11719145,0,41023866
3,rs416183,0,41088205
3,rs10490823,0,41098739
3,rs6802052,0,41195437
3,rs7630377,0,41205658
3,rs4016435,0,41225133
3,rs2140090,0,41229650
3,rs4135385,0,41254444
3,rs9850653,0,41267740
3,rs12493870,0,41280179
3,rs7623853,0,41283330
3,rs17055984,0,41357794
3,rs9843415,0,41389532
3,rs1691964,0,41563607
3,rs13086798,0,41601143
3,rs900569,0,41834977
3,rs2128834,0,41837649
3,rs2272007,0,41971140
3,rs12488726,0,42079145
3,rs1532495,0,42084328
3,rs17286848,0,42161577
3,rs4973900,0,42167330
3,rs9682473,0,42170221
3,rs11544368,0,42201249
3,rs3755809,0,42241364
3,rs33456,0,42378363
3,rs28350,0,42393450
3,rs247421,0,42410123
3,rs13054,0,42413758
3,rs168208,0,42442923
3,rs1876506,0,42522131
3,rs9853946,0,42565536
3,rs2271184,0,42574095
3,rs6797491,0,42583765
3,rs2271187,0,42585519
3,rs640689,0,42620147
3,rs3774402,0,42627678
3,rs17074662,0,42638254
3,rs2302352,0,42659137
3,rs8351,0,42664781
3,rs339727,0,42668130
3,rs3846059,0,42670317
3,rs339726,0,42672290
3,rs11129967,0,42682285
3,rs9647353,0,42688018
3,rs2372070,0,42693133
3,rs12495805,0,42747042
3,rs6777653,0,42751360
3,rs9837432,0,42788389
3,rs11717346,0,42803550
3,rs12639142,0,42806536
3,rs6790095,0,42863208
3,rs12495968,0,42950722
3,rs6442138,0,43137297
3,rs4683357,0,43150211
3,rs6442140,0,43173803
3,rs9681394,0,43231235
3,rs967285,0,44250280
3,rs4682968,0,44336814
3,rs13093862,0,44410284
3,rs7644467,0,44411517
3,rs13080889,0,44415007
3,rs12637714,0,44456157
3,rs9861546,0,44472294
3,rs13100919,0,44618861
3,rs2257995,0,44745947
3,rs2372828,0,44759953
3,rs870950,0,44888717
3,rs937837,0,44907274
3,rs7633765,0,44970311
3,rs17077267,0,45113519
3,rs6775113,0,45114105
3,rs4683049,0,45135339
3,rs9873367,0,45203140
3,rs33797,0,45277414
3,rs6765891,0,45299479
3,rs6764923,0,45429693
3,rs9849019,0,45548640
3,rs267210,0,45627279
3,rs3774675,0,45642391
3,rs1994490,0,45982706
3,rs13434336,0,46094795
3,rs1546076,0,46125521
3,rs10510748,0,46153542
3,rs4683184,0,46162711
3,rs11707471,0,46473869
3,rs17078868,0,46474052
3,rs11718945,0,46599077
3,rs12637699,0,46603447
3,rs10514714,0,46610828
3,rs1520494,0,46614052
3,rs6442008,0,46620757
3,rs6442009,0,46627433
3,rs9810013,0,46641797
3,rs9846659,0,46648570
3,rs1520489,0,46652523
3,rs6442013,0,46675717
3,rs11711100,0,46686811
3,rs6795714,0,46698393
3,rs6763438,0,46753992
3,rs4075012,0,46760359
3,rs6774350,0,46838221
3,rs1531136,0,46876658
3,rs2227294,0,46877133
3,rs936175,0,46879712
3,rs7651753,0,46904453
3,rs4682844,0,46957741
3,rs4683284,0,46976500
3,rs17783959,0,46986314
3,rs12493723,0,47142213
3,rs11130115,0,47156665
3,rs7613282,0,47364413
3,rs900693,0,47412453
3,rs3772402,0,47591155
3,rs883663,0,47635800
3,rs11130148,0,47746291
3,rs12639200,0,47832539
3,rs3772399,0,47842731
3,rs319686,0,47905424
3,rs777016,0,47911675
3,rs9846669,0,47916349
3,rs9831180,0,48039595
3,rs4296617,0,48043312
3,rs12486033,0,48093197
3,rs6800730,0,48149214
3,rs3731507,0,48197357
3,rs7645493,0,48248635
3,rs13059037,0,48262883
3,rs11710861,0,48272564
3,rs3937,0,48287406
3,rs9819094,0,48294562
3,rs11706277,0,48335437
3,rs2290822,0,48448208
3,rs6776700,0,48471762
3,rs3135938,0,48481308
3,rs3135943,0,48483256
3,rs4075082,0,48530086
3,rs3969942,0,48530656
3,rs34746110,0,48567016
3,rs2854394,0,48596597
3,rs2228563,0,48599044
3,rs2229818,0,48599537
3,rs17080289,0,48618895
3,rs3895736,0,48633471
3,rs11714489,0,48909846
3,rs1049818,0,49036823
3,rs28673107,0,49103082
3,rs9877045,0,49104629
3,rs9861805,0,49258107
3,rs9847839,0,49264007
3,rs34880962,0,49276160
3,rs6778080,0,49292342
3,rs2029591,0,49621985
3,rs9855505,0,49767162
3,rs6809879,0,49809575
3,rs1996663,0,49853268
3,rs12634102,0,49899816
3,rs6771546,0,49943576
3,rs7613875,0,49946518
3,rs4688759,0,49983122
3,rs4688689,0,50010546
3,rs9311446,0,50067230
3,rs2013208,0,50104403
3,rs3774744,0,50179522
3,rs2518796,0,50182079
3,rs2006199,0,50216625
3,rs34364099,0,50302014
3,rs2073498,0,50344550
3,rs2236985,0,50476369
3,rs7642779,0,50483502
3,rs13091933,0,50552419
3,rs2285090,0,50595047
3,rs7373700,0,50961324
3,rs9871539,0,51150816
3,rs4619816,0,51223238
3,rs12495297,0,51225183
3,rs2355941,0,51238517
3,rs4974096,0,51368086
3,rs2127655,0,51373998
3,rs28678093,0,51630128
3,rs11130294,0,51635830
3,rs4616633,0,51652030
3,rs6806124,0,51668616
3,rs35712917,0,51672177
3,rs13090011,0,51703613
3,rs4687773,0,51743949
3,rs1476290,0,51790727
3,rs1394813,0,51810417
3,rs4280629,0,51878954
3,rs4687810,0,52144135
3,rs353548,0,52244531
3,rs10460962,0,52318719
3,rs6763882,0,52329812
3,rs11714419,0,52603856
3,rs7611731,0,52667761
3,rs9836894,0,52691165
3,rs6976,0,52703844
3,rs9844736,0,52907011
3,rs2581806,0,53038400
3,rs750474,0,53060320
3,rs11915851,0,53071087
3,rs41332244,0,53257073
3,rs17053120,0,53524902
3,rs17053146,0,53536836
3,rs3774428,0,53540869
3,rs898422,0,53692322
3,rs2612017,0,53705813
3,rs1380605,0,53713814
3,rs2070617,0,53733089
3,rs2359133,0,53811782
3,rs4687766,0,53992929
3,rs9841864,0,54003509
3,rs7613083,0,54024451
3,rs4927992,0,54029021
3,rs4077974,0,54201040
3,rs12374178,0,54290074
3,rs4025912,0,54379328
3,rs9862718,0,54399741
3,rs6445680,0,54527414
3,rs17054152,0,54577220
3,rs1851044,0,54620043
3,rs535526,0,54663838
3,rs6772576,0,54922575
3,rs17054582,0,54949270
3,rs4955910,0,54960491
3,rs11715786,0,54976494
3,rs17707469,0,55013292
3,rs9878241,0,55203724
3,rs1563976,0,55209465
3,rs6785046,0,55210665
3,rs535157,0,55238482
3,rs6764543,0,55256662
3,rs91653,0,55308326
3,rs358783,0,55310135
3,rs7624718,0,55510314
3,rs4498004,0,55523007
3,rs11720559,0,55561597
3,rs871176,0,55597416
3,rs17055607,0,55653989
3,rs1495360,0,55735205
3,rs1495363,0,55766408
3,rs9810436,0,55902605
3,rs11709888,0,55911162
3,rs13097725,0,55918793
3,rs1401404,0,56074131
3,rs9845373,0,56083450
3,rs9311594,0,56107690
3,rs9835630,0,56127341
3,rs9844377,0,56143005
3,rs1352009,0,56161109
3,rs1376983,0,56189120
3,rs991335,0,56209972
3,rs17288777,0,56509947
3,rs9864701,0,56664065
3,rs958755,0,56691962
3,rs6445815,0,56715141
3,rs17057230,0,56733748
3,rs2133884,0,56821109
3,rs11929318,0,56832827
3,rs1354035,0,56928664
3,rs7617001,0,57024834
3,rs11130561,0,57032227
3,rs752466,0,57046069
3,rs17057653,0,57056977
3,rs2171504,0,57077555
3,rs11717604,0,57078671
3,rs2035654,0,57115148
3,rs1817691,0,57133288
3,rs4325895,0,57201631
3,rs3087684,0,57281359
3,rs17735309,0,57283243
3,rs6802711,0,57359180
3,rs9311650,0,57453842
3,rs10866009,0,57498871
3,rs7618684,0,57521033
3,rs12152351,0,57605058
3,rs7634335,0,57665513
3,rs1540580,0,57801147
3,rs4681770,0,57938612
3,rs4681784,0,58046684
3,rs17058970,0,58166282
3,rs4681823,0,58174670
3,rs17059051,0,58185815
3,rs4681829,0,58207525
3,rs6445961,0,58207699
3,rs2037124,0,58216099
3,rs2056121,0,58253941
3,rs9864325,0,58311886
3,rs11130632,0,58344364
3,rs9810186,0,58344474
3,rs6809011,0,58352079
3,rs1126722,0,58388558
3,rs13097249,0,58487325
3,rs13315591,0,58531881
3,rs4681692,0,58544630
3,rs11130663,0,58594213
3,rs3860563,0,58594574
3,rs3749289,0,58627256
3,rs12637980,0,58774642
3,rs17360960,0,58829306
3,rs7637093,0,59121980
3,rs17060235,0,59243524
3,rs10510805,0,59244082
3,rs722574,0,59248467
3,rs17060267,0,59252231
3,rs7652341,0,59263255
3,rs6446028,0,59279787
3,rs4679613,0,59291050
3,rs2053613,0,59291465
3,rs12497701,0,59329494
3,rs10510803,0,59329572
3,rs10510806,0,59348838
3,rs4679485,0,59380165
3,rs7628355,0,59384444
3,rs6762062,0,59423734
3,rs10510812,0,59456646
3,rs12629410,0,59476391
3,rs3821473,0,59600917
3,rs11915659,0,59607460
3,rs2121794,0,59619273
3,rs6803403,0,59714959
3,rs1385710,0,59732281
3,rs780369,0,59737850
3,rs11707726,0,59738225
3,rs17361653,0,59746555
3,rs9809345,0,59752027
3,rs562516,0,59754716
3,rs9846213,0,59764216
3,rs2629899,0,59775579
3,rs1079196,0,59781818
3,rs10428174,0,59789088
3,rs1021227,0,59793394
3,rs639244,0,59814275
3,rs684584,0,59817684
3,rs2253211,0,59824587
3,rs9822080,0,59830078
3,rs1813201,0,59840425
3,rs17061321,0,59841874
3,rs11915344,0,59852950
3,rs294451,0,59862828
3,rs11715245,0,59866267
3,rs294457,0,59874255
3,rs294455,0,59875067
3,rs12630613,0,59878852
3,rs11707783,0,59921424
3,rs9863289,0,59932854
3,rs10510822,0,59933874
3,rs17253376,0,59936554
3,rs212032,0,59938171
3,rs17061683,0,59953952
3,rs212016,0,59956565
3,rs12487545,0,59961969
3,rs212047,0,60011167
3,rs9820238,0,60027047
3,rs2630194,0,60031564
3,rs17062101,0,60037694
3,rs6807325,0,60037979
3,rs2142301,0,60070110
3,rs7648380,0,60076893
3,rs11715209,0,60098630
3,rs17062405,0,60125859
3,rs213420,0,60137496
3,rs9856574,0,60146377
3,rs213292,0,60153873
3,rs11130760,0,60171577
3,rs213388,0,60200449
3,rs213389,0,60200514
3,rs213366,0,60242064
3,rs4426638,0,60255295
3,rs10866033,0,60255783
3,rs13317933,0,60258742
3,rs213385,0,60282994
3,rs1882898,0,60285416
3,rs7647196,0,60286722
3,rs410072,0,60447750
3,rs6775598,0,60462134
3,rs13098699,0,60462221
3,rs12493686,0,60462728
3,rs12498050,0,60463867
3,rs13316872,0,60467340
3,rs2121867,0,60470337
3,rs3911035,0,60474128
3,rs241704,0,60487929
3,rs241700,0,60491296
3,rs6446132,0,60501857
3,rs2006807,0,60511460
3,rs2682967,0,60561492
3,rs7632868,0,60578661
3,rs7633325,0,60596124
3,rs2156968,0,60623109
3,rs1735443,0,60637322
3,rs17063868,0,60682294
3,rs9860076,0,60684785
3,rs17063870,0,60686800
3,rs17063890,0,60694791
3,rs1735478,0,60696818
3,rs9311777,0,60697675
3,rs17031631,0,60702122
3,rs2205359,0,60702539
3,rs9851572,0,60717377
3,rs4974255,0,60718098
3,rs9845774,0,60832093
3,rs6803394,0,60851688
3,rs11130804,0,60932927
3,rs6773775,0,60970390
3,rs4688146,0,60990044
3,rs10510857,0,60992699
3,rs7651352,0,61249601
3,rs9877709,0,61257180
3,rs12638276,0,61281461
3,rs1563135,0,61370276
3,rs11130841,0,61378028
3,rs9828525,0,61527850
3,rs9863064,0,61552381
3,rs667510,0,61715084
3,rs11708000,0,61717782
3,rs682789,0,61725352
3,rs658432,0,61745347
3,rs1188228,0,61806570
3,rs1107043,0,61813449
3,rs34449143,0,61895577
3,rs9817604,0,61927419
3,rs2189693,0,61943483
3,rs4688277,0,61968932
3,rs990112,0,61986696
3,rs7636003,0,62001764
3,rs9311834,0,62005889
3,rs17768204,0,62023669
3,rs886556,0,62057456
3,rs1352883,0,62206359
3,rs4688128,0,62369308
3,rs12639116,0,62409167
3,rs7653390,0,62577525
3,rs4688304,0,62630470
3,rs1848109,0,62682106
3,rs2367221,0,62730798
3,rs12639117,0,62739912
3,rs1866257,0,62775283
3,rs17067492,0,62945630
3,rs17067819,0,63132572
3,rs1996918,0,63355815
3,rs13316595,0,63375121
3,rs11923419,0,63542921
3,rs6774598,0,63547968
3,rs13083067,0,63586100
3,rs2172950,0,63615268
3,rs4583650,0,63641857
3,rs1390443,0,63642702
3,rs6785901,0,63647546
3,rs4688424,0,63763134
3,rs704366,0,63846688
3,rs2037119,0,63969919
3,rs753562,0,64112411
3,rs11706882,0,64114799
3,rs72040,0,64147853
3,rs4688441,0,64260055
3,rs853241,0,64280803
3,rs866466,0,64308560
3,rs2888068,0,64393164
3,rs6776242,0,64429131
3,rs9871177,0,64455825
3,rs9311890,0,64478833
3,rs4688475,0,64488564
3,rs9851598,0,64611168
3,rs4505693,0,64637423
3,rs10470707,0,64652777
3,rs2194093,0,64719092
3,rs17678140,0,64787160
3,rs793292,0,64875199
3,rs793290,0,64881474
3,rs11706294,0,65100460
3,rs17072464,0,65126852
3,rs6770043,0,65224182
3,rs6800292,0,65301842
3,rs6764388,0,65301922
3,rs7634490,0,65328488
3,rs3755610,0,65349259
3,rs4402868,0,65404366
3,rs6445482,0,65457702
3,rs41360346,0,65467636
3,rs1524972,0,65485436
3,rs11711657,0,65490653
3,rs1404533,0,65493997
3,rs10510940,0,65494561
3,rs1534087,0,65498963
3,rs9840574,0,65505289
3,rs1524966,0,65505873
3,rs10446430,0,65517428
3,rs4688577,0,65522495
3,rs1880520,0,65543865
3,rs11918964,0,65586069
3,rs1021696,0,65621548
3,rs12490463,0,65788413
3,rs17379780,0,65806849
3,rs2372152,0,65820965
3,rs4621357,0,65828746
3,rs264713,0,65849648
3,rs264666,0,65853672
3,rs4688255,0,65940386
3,rs10510949,0,65940406
3,rs7636143,0,65967451
3,rs2060022,0,65974795
3,rs17074325,0,65981741
3,rs6777571,0,66393141
3,rs17044348,0,66485974
3,rs17044375,0,66502450
3,rs2242285,0,66514292
3,rs2306272,0,66517333
3,rs6768200,0,66528852
3,rs7651129,0,66557644
3,rs6549175,0,66654143
3,rs6802463,0,66720335
3,rs7612441,0,66730852
3,rs9852555,0,66748394
3,rs6789501,0,66796931
3,rs6549368,0,66846874
3,rs1117359,0,66908238
3,rs7650976,0,67008536
3,rs2219265,0,67025358
3,rs17045491,0,67037161
3,rs9755240,0,67299204
3,rs4241453,0,67362251
3,rs6548418,0,67382932
3,rs13084679,0,67383114
3,rs11718238,0,67405861
3,rs7618449,0,67665944
3,rs4380422,0,67716304
3,rs6794625,0,67748520
3,rs935734,0,67782061
3,rs6779419,0,67823092
3,rs11922408,0,67840613
3,rs4856798,0,67864716
3,rs9867751,0,67870672
3,rs2362440,0,67872311
3,rs13088723,0,67885856
3,rs9812892,0,67923787
3,rs7642515,0,67991586
3,rs6548863,0,68060674
3,rs17140779,0,68075588
3,rs2361373,0,68105807
3,rs9857691,0,68148585
3,rs7373042,0,68173501
3,rs13100924,0,68174569
3,rs7374608,0,68232781
3,rs11127865,0,68238456
3,rs7624036,0,68262526
3,rs9868432,0,68263347
3,rs6768632,0,68267702
3,rs7617661,0,68273597
3,rs1007583,0,68290449
3,rs12053924,0,68344336
3,rs1491722,0,68368713
3,rs9863981,0,68371316
3,rs1352850,0,68390827
3,rs1032376,0,68400665
3,rs2313273,0,68405140
3,rs9841363,0,68418834
3,rs17047606,0,68499316
3,rs11917653,0,68516727
3,rs4277695,0,68545324
3,rs1397253,0,68555292
3,rs9867056,0,68655706
3,rs6549130,0,68659885
3,rs2137180,0,68660540
3,rs6804831,0,68672701
3,rs9827919,0,68712334
3,rs9872072,0,68767194
3,rs7614844,0,68831357
3,rs11128087,0,68835403
3,rs9853012,0,68862506
3,rs17047965,0,68876870
3,rs11128090,0,68886711
3,rs1994592,0,68907175
3,rs876535,0,68923672
3,rs1032304,0,68956547
3,rs17048068,0,68985771
3,rs17048084,0,68988375
3,rs13096541,0,69004372
3,rs13094584,0,69083060
3,rs2033773,0,69117075
3,rs10865643,0,69182436
3,rs6549180,0,69187442
3,rs13090606,0,69195843
3,rs6787569,0,69215244
3,rs12714750,0,69221990
3,rs17005397,0,69266459
3,rs6779171,0,69271086
3,rs4282064,0,69300447
3,rs9310141,0,69328144
3,rs9847983,0,69329387
3,rs11128120,0,69349511
3,rs4447768,0,69363593
3,rs4270510,0,69368604
3,rs11715461,0,69418241
3,rs900668,0,69508309
3,rs2314981,0,69528390
3,rs4855312,0,69545901
3,rs9818394,0,69577268
3,rs13073523,0,69667288
3,rs288503,0,69711793
3,rs17006378,0,69845621
3,rs12489786,0,69870758
3,rs9869047,0,69874428
3,rs9864251,0,69876497
3,rs13318796,0,69877873
3,rs7613400,0,69952209
3,rs17006549,0,70011367
3,rs17006722,0,70220998
3,rs9848447,0,70359752
3,rs6549329,0,70423741
3,rs9835020,0,70436014
3,rs12490035,0,70480675
3,rs4974287,0,70527973
3,rs9825323,0,70529586
3,rs2193550,0,70538343
3,rs17007238,0,70546271
3,rs1073810,0,70565920
3,rs9869621,0,70592043
3,rs10510998,0,70599111
3,rs3732730,0,70642948
3,rs11715957,0,70671204
3,rs9817104,0,70707667
3,rs6801516,0,70886828
3,rs2597302,0,70999879
3,rs9828650,0,71077501
3,rs17008114,0,71127690
3,rs17043897,0,71168136
3,rs17008213,0,71238070
3,rs4677532,0,71274040
3,rs4677594,0,71307320
3,rs4677029,0,71312833
3,rs17717238,0,71426590
3,rs17008474,0,71432065
3,rs11712688,0,71462236
3,rs1288701,0,71472188
3,rs1288692,0,71487960
3,rs17717911,0,71499890
3,rs11714777,0,71504902
3,rs831072,0,71510397
3,rs6549387,0,71514829
3,rs831081,0,71515298
3,rs12494677,0,71537030
3,rs7633837,0,71538465
3,rs937839,0,71553486
3,rs13063645,0,71595429
3,rs9819066,0,71605800
3,rs9853081,0,71613860
3,rs9837383,0,71635056
3,rs6780776,0,71636875
3,rs830604,0,71673037
3,rs950443,0,71677160
3,rs9878279,0,71684153
3,rs6549400,0,71689156
3,rs878172,0,71705139
3,rs830601,0,71717833
3,rs830603,0,71717876
3,rs3898083,0,71727417
3,rs17662945,0,71755515
3,rs830628,0,71757366
3,rs830622,0,71760507
3,rs830609,0,71767594
3,rs11710870,0,71786809
3,rs704275,0,71791102
3,rs9884057,0,71809706
3,rs12635700,0,71824247
3,rs17008934,0,71827702
3,rs7648953,0,71850103
3,rs7634474,0,71912157
3,rs17721983,0,71938626
3,rs17665544,0,71941680
3,rs11712359,0,71941729
3,rs9881946,0,71954704
3,rs17009073,0,72022575
3,rs7613635,0,72034134
3,rs12495849,0,72083709
3,rs6766983,0,72117224
3,rs11925577,0,72189117
3,rs4676861,0,72276112
3,rs4642086,0,72306886
3,rs4345039,0,72365386
3,rs12634231,0,72374328
3,rs4392361,0,72501592
3,rs12497521,0,72571230
3,rs9849164,0,72637218
3,rs12493976,0,72662653
3,rs7638112,0,72666539
3,rs7628531,0,72684645
3,rs8179948,0,72746109
3,rs4676888,0,72768780
3,rs7613299,0,73009538
3,rs13081110,0,73088184
3,rs4677232,0,73156813
3,rs1565176,0,73606019
3,rs3890620,0,73634239
3,rs10222569,0,73696871
3,rs4444654,0,73699155
3,rs9990422,0,73703824
3,rs13083667,0,73725940
3,rs6762147,0,73743543
3,rs9828164,0,73750607
3,rs6799943,0,73791275
3,rs9823789,0,73794030
3,rs2137064,0,73833683
3,rs17011525,0,73891447
3,rs17706958,0,73919831
3,rs3856587,0,73935508
3,rs13070589,0,73936444
3,rs7650560,0,73950040
3,rs1441447,0,73979737
3,rs13434030,0,74283639
3,rs6789489,0,74376539
3,rs17012416,0,74486420
3,rs11713787,0,74515167
3,rs4073942,0,74548381
3,rs13088286,0,74564594
3,rs13084611,0,74581752
3,rs7635421,0,74605825
3,rs4677400,0,74611501
3,rs9831609,0,74667295
3,rs13063058,0,74695188
3,rs1374879,0,74717787
3,rs13314386,0,74725367
3,rs11918452,0,74964975
3,rs17012976,0,74974169
3,rs6782551,0,75004745
3,rs10865689,0,75095042
3,rs4234194,0,75143828
3,rs9863946,0,75152253
3,rs11925905,0,75210200
3,rs6803834,0,75304301
3,rs6765044,0,75470851
3,rs4856029,0,76059429
3,rs35742811,0,76089802
3,rs673642,0,76153500
3,rs4855971,0,76314655
3,rs1503129,0,76626861
3,rs196530,0,76680219
3,rs2608137,0,76834702
3,rs267149,0,76847150
3,rs251552,0,76852596
3,rs1166995,0,77037878
3,rs1146022,0,77041959
3,rs12633395,0,77112101
3,rs9856171,0,77215994
3,rs6769992,0,77250858
3,rs1110226,0,77332387
3,rs17015103,0,77366562
3,rs4539916,0,77479334
3,rs9857005,0,77495990
3,rs11127590,0,77532558
3,rs2166801,0,77608721
3,rs9815031,0,78153225
3,rs11917007,0,78346019
3,rs9810484,0,78358466
3,rs9836421,0,78363348
3,rs6789918,0,78672821
3,rs11127627,0,78702929
3,rs1992628,0,78709497
3,rs167944,0,78973456
3,rs329810,0,78984976
3,rs331149,0,78997895
3,rs9832632,0,79098154
3,rs17016656,0,79103329
3,rs4680919,0,79108259
3,rs902164,0,79420760
3,rs7637338,0,79643294
3,rs9838736,0,79740081
3,rs6548667,0,80127525
3,rs9825395,0,80137687
3,rs4635670,0,80167370
3,rs10511116,0,80253849
3,rs6774541,0,80282772
3,rs6797416,0,80294470
3,rs12493467,0,80324837
3,rs6765509,0,80651085
3,rs11127702,0,80673960
3,rs4856624,0,80704848
3,rs12631511,0,80963739
3,rs12630087,0,81017861
3,rs7613151,0,81348223
3,rs17018692,0,81350224
3,rs1871126,0,81468037
3,rs6794304,0,81476407
3,rs276105,0,81515924
3,rs3772902,0,81806055
3,rs11711331,0,81901730
3,rs9816690,0,82128897
3,rs4856216,0,82563403
3,rs4856399,0,82658939
3,rs1072655,0,82737704
3,rs13075335,0,83006051
3,rs6782805,0,83071260
3,rs1356628,0,83256309
3,rs17020670,0,83460940
3,rs4856462,0,83692031
3,rs10511094,0,83742680
3,rs17020973,0,83743199
3,rs7653586,0,83984364
3,rs6548921,0,84021104
3,rs4128523,0,84023138
3,rs7638444,0,84419635
3,rs12633731,0,84485807
3,rs9875542,0,84581839
3,rs921688,0,84840187
3,rs9821953,0,84886996
3,rs980331,0,84921387
3,rs385115,0,84975525
3,rs1248859,0,85099788
3,rs11127879,0,85269775
3,rs6774581,0,85276744
3,rs9824301,0,85765578
3,rs7612090,0,85812192
3,rs10514735,0,85881640
3,rs7430551,0,86081162
3,rs2324974,0,86110405
3,rs1512935,0,86373414
3,rs17027803,0,86651611
3,rs17023661,0,87051199
3,rs6781697,0,87057672
3,rs1812519,0,87306653
3,rs1488366,0,87339226
3,rs7653646,0,87370265
3,rs13100218,0,87377739
3,rs17024118,0,87404447
3,rs300978,0,87406024
3,rs7434145,0,87434591
3,rs2642342,0,87448417
3,rs4859067,0,87544701
3,rs4569679,0,87773719
3,rs6769369,0,87778671
3,rs9879263,0,87790860
3,rs6797501,0,87834501
3,rs6551275,0,88275113
3,rs12054086,0,88447641
3,rs13059057,0,88624061
3,rs13066353,0,88926513
3,rs41493554,0,88954773
3,rs6789075,0,88954941
3,rs13072513,0,89008209
3,rs6764404,0,89012508
3,rs7614534,0,89064567
3,rs7650924,0,89101556
3,rs17026569,0,89130713
3,rs13101118,0,89326632
3,rs4857497,0,89376839
3,rs6797260,0,89385176
3,rs1512912,0,89390621
3,rs11916939,0,89392096
3,rs993186,0,89397552
3,rs1567732,0,89398583
3,rs1464463,0,90139070
3,rs9868785,0,90149113
3,rs6782270,0,90165557
3,rs41377155,0,95480564
3,rs6777274,0,95590826
3,rs9827807,0,95636369
3,rs2360830,0,95661425
3,rs6778004,0,95673530
3,rs9290290,0,95713413
3,rs4857451,0,95727194
3,rs4857461,0,95828223
3,rs2121828,0,95882095
3,rs16849540,0,95945502
3,rs7647173,0,95962122
3,rs11916449,0,95969722
3,rs1447856,0,95985310
3,rs1374901,0,96004960
3,rs7626615,0,96156257
3,rs4857139,0,96302078
3,rs4408873,0,96412687
3,rs490783,0,96612964
3,rs7643437,0,96646248
3,rs7618145,0,96762534
3,rs13325836,0,96797818
3,rs10934244,0,96982526
3,rs7620789,0,97285612
3,rs2001024,0,98253923
3,rs11915083,0,98462037
3,rs9839145,0,98612604
3,rs11914308,0,98661827
3,rs3856569,0,98985295
3,rs4857293,0,98997221
3,rs11929025,0,99000162
3,rs11919900,0,99360038
3,rs4429670,0,99360918
3,rs12486923,0,99424727
3,rs16839655,0,99519972
3,rs4061832,0,99535723
3,rs9855579,0,99673396
3,rs10804679,0,99798246
3,rs278390,0,99992277
3,rs6774875,0,100181821
3,rs2470798,0,100236122
3,rs2449073,0,100252879
3,rs17314,0,100253812
3,rs2623458,0,100256697
3,rs1404093,0,100316906
3,rs9861463,0,100534837
3,rs2623384,0,100546910
3,rs2670320,0,100688006
3,rs16841275,0,100711203
3,rs16841279,0,100716162
3,rs1513297,0,100736135
3,rs2880365,0,100736601
3,rs17775314,0,100737814
3,rs4928137,0,100758149
3,rs6772110,0,100790151
3,rs1849496,0,100810835
3,rs792841,0,100953998
3,rs793466,0,101092527
3,rs9819861,0,101190583
3,rs6802817,0,101261954
3,rs9871820,0,101265888
3,rs9849092,0,101293099
3,rs9829705,0,101310695
3,rs2315840,0,101312010
3,rs12629505,0,101387473
3,rs6772774,0,101453685
3,rs388478,0,101501933
3,rs1214372,0,101525539
3,rs4928170,0,101527145
3,rs9872227,0,101668935
3,rs9290097,0,101791515
3,rs1143774,0,101958258
3,rs12633543,0,102041094
3,rs9869337,0,102326624
3,rs2627550,0,102395352
3,rs4270483,0,102395391
3,rs512553,0,102421684
3,rs3846085,0,102542506
3,rs10936621,0,102643029
3,rs6809436,0,102660538
3,rs7629753,0,102854612
3,rs13065944,0,102955778
3,rs16844264,0,103035082
3,rs592779,0,103067634
3,rs11713188,0,103163333
3,rs771799,0,103202274
3,rs1707581,0,103207411
3,rs771772,0,103236505
3,rs6791614,0,103240138
3,rs9813544,0,103350158
3,rs1108689,0,103523732
3,rs6809935,0,103723388
3,rs1874755,0,103990019
3,rs6771793,0,104581528
3,rs9290997,0,104774508
3,rs4856162,0,104774916
3,rs9824372,0,104782878
3,rs1511650,0,104830900
3,rs2398878,0,104855337
3,rs1457832,0,105020246
3,rs6437480,0,105169144
3,rs1920338,0,105256782
3,rs4596176,0,105480643
3,rs4895081,0,105715353
3,rs2685033,0,105825547
3,rs16850300,0,105929829
3,rs17440550,0,105966427
3,rs6764109,0,105990949
3,rs9854998,0,105998697
3,rs12635480,0,106058554
3,rs1344861,0,106087503
3,rs9860129,0,106145695
3,rs7618382,0,106238102
3,rs12637494,0,106256655
3,rs10451858,0,106344665
3,rs884477,0,106367794
3,rs1795306,0,106487543
3,rs1920198,0,106507846
3,rs11710166,0,106650788
3,rs2399047,0,106700338
3,rs3772556,0,106731901
3,rs503321,0,106744577
3,rs16851279,0,106748964
3,rs587467,0,106750231
3,rs2083948,0,106828663
3,rs9657910,0,106859685
3,rs2301043,0,106911842
3,rs726443,0,106921010
3,rs9657924,0,106935759
3,rs9859953,0,106938056
3,rs1550711,0,106947879
3,rs2655033,0,107178265
3,rs966147,0,107212075
3,rs6763166,0,107248142
3,rs7650984,0,107259470
3,rs729067,0,107270190
3,rs4429664,0,107499363
3,rs2712447,0,107777118
3,rs7651154,0,107831132
3,rs7611614,0,107864495
3,rs16852873,0,107891561
3,rs1520710,0,107976035
3,rs1709949,0,108154661
3,rs9816953,0,108275116
3,rs6773438,0,108299889
3,rs9867707,0,108390035
3,rs4855694,0,108428963
3,rs9879076,0,108469575
3,rs11921238,0,108505089
3,rs9826658,0,108562150
3,rs11706666,0,108572022
3,rs2163728,0,109066430
3,rs709515,0,109103349
3,rs2399218,0,109159023
3,rs11915792,0,109190398
3,rs709442,0,109210335
3,rs7619476,0,109283570
3,rs428321,0,109362676
3,rs2602044,0,109427883
3,rs9820932,0,109522244
3,rs936261,0,109546548
3,rs3900940,0,109630418
3,rs2603127,0,109726241
3,rs13353500,0,109887909
3,rs16854775,0,109925461
3,rs3902849,0,109926025
3,rs6804995,0,109948147
3,rs12695186,0,109950509
3,rs2715718,0,110051106
3,rs6796621,0,110052990
3,rs41454852,0,110075305
3,rs16855331,0,110263000
3,rs2673363,0,110360889
3,rs34037947,0,110378845
3,rs1163400,0,110397340
3,rs17305051,0,110444245
3,rs7611017,0,110482176
3,rs1164195,0,111078612
3,rs1519003,0,111305963
3,rs13059626,0,111715109
3,rs1350929,0,111951197
3,rs7647593,0,112021440
3,rs2634539,0,112466310
3,rs2634535,0,112516839
3,rs16857947,0,112533048
3,rs7633973,0,112570254
3,rs1601963,0,112597492
3,rs13434125,0,112725559
3,rs1391363,0,112736596
3,rs16858218,0,112739828
3,rs1553970,0,112805801
3,rs6771309,0,112826609
3,rs13078891,0,112867696
3,rs1513331,0,112883336
3,rs4481128,0,112888097
3,rs2036995,0,112888778
3,rs13083322,0,112916116
3,rs6794180,0,113013363
3,rs1282978,0,113053709
3,rs1709249,0,113067860
3,rs7640773,0,113094881
3,rs904636,0,113134763
3,rs774764,0,113202183
3,rs6787297,0,113264882
3,rs1388855,0,113341569
3,rs4682389,0,113461350
3,rs6807033,0,113568061
3,rs766968,0,113774568
3,rs6780504,0,113804712
3,rs1877362,0,113814280
3,rs1249910,0,113873864
3,rs7621216,0,113946000
3,rs1154274,0,113964564
3,rs6781211,0,113988340
3,rs9862107,0,113994288
3,rs7642984,0,114040644
3,rs16860245,0,114126433
3,rs7615572,0,114136023
3,rs1488193,0,114164275
3,rs6804726,0,114192279
3,rs16860319,0,114204953
3,rs3732814,0,114207026
3,rs3732813,0,114207351
3,rs6764110,0,114214095
3,rs2276769,0,114214535
3,rs7643398,0,114271837
3,rs2700221,0,114274182
3,rs17237146,0,114274663
3,rs2613922,0,114323575
3,rs3852011,0,114326776
3,rs4528911,0,114333771
3,rs1903431,0,114335347
3,rs7619876,0,114347041
3,rs11923603,0,114358639
3,rs1499900,0,114388105
3,rs12629012,0,114404547
3,rs11706932,0,114405705
3,rs9825012,0,114434522
3,rs9288980,0,114447682
3,rs12491930,0,114449106
3,rs3814398,0,114474002
3,rs9810754,0,114759502
3,rs7642369,0,114766513
3,rs6775521,0,115184698
3,rs3796246,0,115226700
3,rs9869187,0,115250036
3,rs9881685,0,115286198
3,rs2654760,0,115355692
3,rs1800827,0,115373875
3,rs999661,0,115415298
3,rs9843972,0,115614819
3,rs1521263,0,115750527
3,rs9834547,0,116027142
3,rs609380,0,116085007
3,rs6792569,0,116240761
3,rs2219522,0,116448664
3,rs6438246,0,116562073
3,rs4608693,0,116734716
3,rs1553207,0,116745391
3,rs9872051,0,116746614
3,rs6291,0,116877694
3,rs10934307,0,117050523
3,rs3772969,0,117051004
3,rs9830559,0,117079007
3,rs17762999,0,117088998
3,rs13070724,0,117090747
3,rs4254653,0,117137163
3,rs4476498,0,117142999
3,rs3884593,0,117146897
3,rs9856549,0,117163489
3,rs13075363,0,117164424
3,rs1461131,0,117483362
3,rs2902853,0,117651359
3,rs9820381,0,117722894
3,rs9847048,0,117838700
3,rs13324635,0,117847604
3,rs12634708,0,117864199
3,rs16825296,0,117872305
3,rs13087427,0,117878806
3,rs4831106,0,117904273
3,rs11926355,0,117943294
3,rs6438332,0,117954984
3,rs12495294,0,117964104
3,rs6785331,0,117990316
3,rs6772580,0,118064226
3,rs13097745,0,118104046
3,rs11916867,0,118107126
3,rs12695343,0,118112328
3,rs10511363,0,118217797
3,rs6438378,0,118269091
3,rs7652831,0,118273785
3,rs1462843,0,118428943
3,rs1513172,0,118494578
3,rs9856865,0,118601535
3,rs16826997,0,118670015
3,rs4855952,0,118717715
3,rs6764568,0,118876601
3,rs13084497,0,119027764
3,rs7427162,0,119069371
3,rs13061956,0,119086269
3,rs1378831,0,119224714
3,rs6438442,0,119405546
3,rs9848366,0,119419902
3,rs3924083,0,119776925
3,rs6798298,0,119792807
3,rs16828860,0,119962173
3,rs2903249,0,120060719
3,rs35860,0,120235085
3,rs3796355,0,120388274
3,rs7637171,0,120499271
3,rs7625392,0,120503760
3,rs17281570,0,120519889
3,rs1448434,0,120525701
3,rs16829853,0,120648340
3,rs3755579,0,120697239
