PC_1,PC_2,PC_3,PC_4,PC_5,PC_6,PC_7,PC_8,PC_9,PC_10,PC_11,PC_12,PC_13,PC_14,PC_15,PC_16,PC_17,PC_18,PC_19,PC_20,PC_21,PC_22,PC_23,PC_24,PC_25,PC_26,PC_27,PC_28,PC_29,PC_30,PC_31,PC_32,PC_33,PC_34,PC_35,PC_36,PC_37,PC_38,PC_39,PC_40,PC_41,PC_42,PC_43,PC_44,PC_45,PC_46,PC_47,PC_48,PC_49,PC_50,IID,SEX,Population,Population_encoded,Predicted_SEX,Predicted_SEX_Ensemble,Predicted_SEX_Best
27.853363,0.8525343,-7.987815,-8.80808,-3.8875997,-1.2344435,-8.012861,5.226258,-7.9091206,-3.8967834,0.34233657,-0.2299851,0.34493947,-0.07884405,-0.86485994,0.0032638547,-0.30261075,-0.16815895,0.23761123,-0.25255582,-0.2977682,0.6014094,-0.45384362,-0.25419506,1.3168086,-1.924788,0.48021325,-0.1727555,-0.07234853,-1.7468089,-0.41439235,-0.05135791,0.7576816,0.4063863,0.20896672,-2.8149533,0.8255719,-0.18761525,-0.031485733,1.9456103,-0.60130847,-0.028814977,0.079936996,0.09189194,-0.7445548,0.3513593,-1.489071,-0.97158027,0.9389383,1.9316705,NA18597,2,CHB,2,2,2,2
29.447607,0.6195891,-7.6851587,-6.9375134,-4.7618814,-0.79830164,-5.5720215,4.8470836,-7.182887,-4.321545,-0.089253835,-0.7811352,0.09306337,-0.16495503,0.8490122,1.2021089,-0.22631347,0.37615967,-0.2430321,-2.4035702,-1.1421938,1.7086374,-0.38138366,-1.4057286,-0.528472,0.44846466,-0.55585814,0.9186829,-0.22051197,-0.55351675,2.3917813,-0.29822066,2.4750469,2.3273296,1.4200609,0.70893186,0.070945576,1.5029681,-1.7517631,-0.4356221,-0.41853046,-3.3504934,-1.6353453,3.040138,1.6881361,0.29529557,-0.5061378,-0.44354254,-0.41182333,-0.2543965,NA18615,2,CHB,2,2,2,2
24.120306,0.21665473,-7.8628263,-7.947492,-4.1194935,-0.66714215,-6.9130583,5.7408743,-6.708419,-3.5509603,-0.29932052,1.1254978,-1.0764782,-0.7105736,0.13767236,1.0454934,0.33547193,0.3138652,0.20079623,0.5566471,1.4669763,-0.44753942,-0.9107652,-1.3881227,-0.4581315,1.1223786,-0.19283144,0.16858904,-0.08992815,-2.9820704,0.37953168,0.20606588,-2.114729,-0.97542274,-0.68271303,0.54969406,1.6683956,-1.7807,-1.0540954,-0.5171528,-0.3028382,1.9470189,2.4880192,0.12141888,-2.9156196,0.4702519,-1.6544265,-0.5499643,-0.22529995,-1.5741091,NA18557,1,CHB,2,1,1,1
28.034298,-0.6886378,-8.132732,-9.198041,-4.7450724,-0.99905235,-8.140707,5.7976446,-8.390075,-3.5327632,-0.63011646,1.4165508,0.010125373,-1.6172475,0.07660261,0.094796844,-1.545174,-1.1346307,-1.9402397,2.023831,0.6768364,1.2096827,2.7416964,1.4935468,1.0685922,0.23298505,0.092202365,0.07365414,1.9950811,2.9053953,0.5081221,0.3415906,-0.10633287,-0.68556386,0.12257105,-0.27595246,-1.1622163,1.1565602,-0.5048861,0.899762,-0.24277401,1.3298209,-0.014217346,-0.8365244,-1.3250691,-0.5557719,-1.1462586,0.8737699,0.63342124,0.060378615,NA18628,2,CHB,2,2,2,2
25.155918,-0.045029625,-7.4443903,-7.064843,-5.088985,-0.67695725,-7.4058833,5.6302905,-8.533201,-4.1191983,1.479649,1.7162503,-0.9800161,-1.3524897,0.38878953,0.8225099,-0.6039417,0.008592241,0.8436214,0.109054394,3.6724303,-2.3511581,2.5334444,-0.34720302,2.9457252,-1.9146668,0.026359698,1.7776777,-0.40303975,-0.3849814,0.46976304,0.08955054,-1.9056182,-0.6742449,0.49603757,1.7028964,-0.06692891,-2.4459634,-1.4675256,-0.7253271,0.12139104,-0.95161265,-1.9411072,-1.3292236,0.1579181,1.9421289,0.0965426,1.1700283,-0.98039764,-0.34091234,NA18745,1,CHB,2,1,1,1
28.510612,1.5392008,-8.553777,-7.718238,-5.1957846,-0.9864184,-8.190624,5.526977,-7.7304106,-4.4254932,0.896732,0.7542159,0.6969774,0.059138395,0.15895621,-1.8295041,-0.47729203,0.23614658,0.5484483,-0.06378619,1.1338848,1.0049256,0.5122551,0.11329937,1.9428421,0.41366163,-1.1548325,-0.7616613,-1.4839782,0.96194315,0.34889942,3.1836052,-0.2217414,-2.8440492,0.84495574,0.43358025,0.39307398,0.5484491,-0.2450226,-0.9238113,-0.9843008,-0.5893702,-0.9507237,-0.118889764,-0.71221656,-0.21491377,0.57139456,1.3343369,0.4898822,1.8501165,NA18640,2,CHB,2,2,2,2
23.782797,-0.81191224,-7.8368797,-8.241224,-3.7218976,-0.7794195,-7.6428857,5.9452386,-8.72043,-3.0677683,0.6189733,2.2169042,1.7117952,-4.018801,-0.13707785,0.90372086,0.47693256,-0.3904532,-2.0970974,0.57730395,-1.123241,-0.17090616,2.0787416,-0.40948594,-1.7788292,1.3752402,-1.0141442,0.6203133,-0.85738605,-0.6122902,0.95281214,1.0014814,0.9674442,0.117275186,-0.45569623,0.5465267,0.20387231,0.9070327,0.41600993,-0.98761517,0.22079642,1.2371552,-0.022926228,1.0855409,-0.43439665,-0.80928,0.66572386,1.138958,-0.026999569,1.0927194,NA18747,1,CHB,2,1,1,1
29.246033,0.2933252,-7.777883,-7.0113273,-5.0452247,-0.6790724,-7.4992876,5.290277,-7.301578,-3.87568,-0.042866297,-1.178407,0.1766379,-1.2816573,0.867956,-0.2760305,0.38551027,1.0129256,0.87841594,0.4200286,-0.31552163,0.84852016,0.6400987,0.7422216,-1.3287,-0.8581051,1.0484552,0.9477004,1.8854291,1.2909119,0.038325794,0.6264392,-1.4382478,-0.1232464,1.5026282,-1.160113,0.86029214,0.6092513,0.80342686,1.7905113,-0.50059193,-1.5394844,1.4947283,1.422341,0.9689182,1.0267715,1.1252021,-0.6873645,-0.98927724,0.3375661,NA18596,2,CHB,2,2,2,2
24.154554,1.0298953,-7.8676596,-7.035445,-6.4875484,-0.21351954,-7.6075606,4.7377663,-8.188085,-3.0295012,1.4701915,1.6722882,0.3081309,-0.74335575,1.2472609,-0.75691134,-0.12987135,0.94008553,1.4786872,-1.0130572,0.3877226,-0.4673329,-1.7818146,0.020043103,0.57355034,-0.8649337,-0.09334146,-1.0849254,-1.9330132,-0.9292176,-0.8970785,0.5312812,-0.8013377,0.20256715,0.81759024,-1.1178285,-2.1284852,-3.0122576,-0.50752217,1.9346814,-1.311282,1.9568279,-1.7450843,-0.79041946,2.9481883,1.8180933,-1.2741446,0.4673263,0.055057917,0.9739425,NA18536,1,CHB,2,1,1,1
27.46131,0.46484116,-8.22212,-7.7464876,-5.1407704,-1.2776102,-7.8309736,4.6301527,-8.0068865,-3.778118,0.36974177,-0.011500604,-0.53100234,-0.38635895,0.10155155,-0.21908617,0.021056546,0.2755544,0.32791403,-0.01827964,0.51915586,0.3285445,-0.15514573,-1.4188411,0.10029283,-0.6894607,-0.26636782,0.33222222,2.049692,-3.8534782,-0.4237718,-0.7755983,-0.2800379,-1.2842549,2.4178963,-1.0073652,1.0820694,-2.1742013,1.9892969,2.029742,1.1759567,-1.0273591,1.1901435,-0.67232376,-0.014379257,-1.5114541,-0.48229152,-0.42223382,-0.44488555,-0.6208626,NA18599,2,CHB,2,2,2,2
23.856945,0.49766707,-7.666739,-8.042263,-5.1257286,-0.5467992,-8.072946,5.532443,-8.504703,-2.8752906,-0.30789185,1.7487084,0.17591842,-2.8519552,-0.19228455,-1.0371466,1.1451557,1.3996491,0.1643733,-0.0793395,0.03004484,-1.7219125,2.1813362,1.0221969,-0.80796194,-1.288098,-0.80533624,0.8491296,-1.2345603,-0.9634935,-0.85246676,-0.7224543,0.7025416,1.4610425,0.24807042,0.13561878,-0.16809815,-2.4076383,1.1775788,-0.83207166,0.32085404,2.320921,-0.07917625,-0.8877009,0.18564788,0.27097225,0.5607261,-1.3946201,-1.1097558,-0.7043059,NA18544,1,CHB,2,1,1,1
28.43439,-0.23149449,-7.981075,-7.677601,-4.722183,-0.6464452,-7.424738,5.3530927,-7.7745576,-3.661088,1.1387846,0.9822459,0.9321037,0.18074419,0.20434904,-0.13587777,-0.6557973,-1.0653446,0.70784986,0.49175426,-0.22605067,0.25756627,0.06235304,1.3874601,0.078059435,1.1251506,1.6465112,0.8132105,0.801211,0.82772815,-0.96182317,1.7973118,0.59591323,1.5604142,-0.4467556,0.0999185,1.8470775,-0.0056404374,-0.080644295,0.9165035,-0.037682034,-0.145839,-0.0062069795,1.1321265,0.13122416,-0.689604,-2.5018065,1.7154894,-0.36969376,0.044424254,NA18602,2,CHB,2,2,2,2
30.143251,0.58395046,-7.5240383,-9.177657,-5.2734027,-0.562622,-8.074205,5.58471,-8.51094,-3.877444,0.77670085,-1.5005373,1.5322236,1.1285601,0.43524745,-0.84801495,-0.40157577,-0.6335604,-0.1360607,0.09926737,-1.4375851,1.5003716,0.17713554,0.16204053,0.68834674,0.81444895,0.053427473,-0.8729064,2.1309307,1.0214008,1.0299022,0.5575903,-0.01703208,-0.1268287,-0.675286,-0.38400775,1.504461,1.5289333,0.3979438,-0.36652058,1.2683501,0.15949102,-0.35360563,0.6773385,0.8984516,-1.6865833,2.9774437,1.6106464,-1.600106,-0.956484,NA18614,2,CHB,2,2,2,2
24.556767,0.0467384,-8.129328,-6.5287905,-5.0260677,-0.09882883,-6.677375,4.7701163,-7.7029386,-4.538116,2.250654,2.6687589,-1.952455,-2.5177743,-0.29916805,0.6408278,-0.20827651,-0.82125443,1.6966176,-0.5177982,1.3174742,-2.5307453,0.39378622,-0.0036138177,-2.3766544,1.7515541,-0.5682692,-1.0865272,-0.25646102,-1.120568,-0.14765681,-0.24864098,0.68903446,0.13359496,1.7496024,0.47094274,0.34654573,0.91004515,-0.94979167,1.1014854,0.07644088,-0.8208219,0.9317047,0.6981834,1.4703915,-0.57525843,-0.15610677,-0.5692531,3.2691286,-1.4652945,NA18548,1,CHB,2,1,1,1
28.166513,0.6631993,-9.037475,-8.78827,-6.191861,-0.7884479,-7.8900986,4.4176,-8.646768,-4.2280006,-0.11989073,0.64209235,1.027947,-0.67326576,-1.1679546,-0.65035313,0.36455607,-1.3917872,0.7722318,-0.42594394,-0.1753784,1.0452392,-0.5860603,-0.5064525,5.4644227,-0.066334814,-0.006472747,-0.9327932,1.1655669,2.7814937,-0.20882735,0.19748174,-1.2801816,-0.28667662,-1.1998996,1.0343508,0.72227454,-0.023942659,1.0653596,-0.7374542,-0.5147959,-3.082191,0.37193224,-1.9379256,-0.4657468,0.9915585,-0.63047814,0.5763198,-0.25193295,-0.9058542,NA18616,2,CHB,2,2,2,2
24.031248,0.33840105,-7.257797,-8.0552225,-4.958205,-1.2929943,-5.8693476,4.819348,-9.166039,-2.2941663,1.5598947,1.8259088,-1.8029058,-2.587583,-1.2434419,-0.07866169,-1.7221987,0.6047772,1.2028557,0.17754978,1.101362,-0.9541236,-0.8751639,0.47998616,0.6817921,1.702677,1.414831,-0.9032584,1.653752,-2.8923235,1.0662222,0.48156324,-2.0009153,1.175413,-0.55087036,-0.005618797,1.2024158,0.3304165,0.14251006,-0.44615468,-0.70080876,-1.000062,0.5718925,-0.50522906,0.90958893,0.12791401,-1.2401055,-0.09137055,0.93406975,-0.090763114,NA18559,1,CHB,2,1,1,1
28.939312,0.47534168,-7.9561615,-9.270121,-3.8061192,-1.5990797,-7.5254984,3.9225698,-7.984413,-3.6815531,0.56783396,0.13881089,-1.5995024,0.46301562,0.9213945,-1.4366738,-0.39163995,0.96908456,0.1548626,1.0580959,1.6356145,0.19979079,2.4357688,0.8791871,-1.3444949,0.5300082,0.947412,0.28419772,-0.032083277,-1.2528433,0.42563656,-0.8518794,0.39579207,1.401909,0.6536108,0.0038292226,0.64981693,-1.6637553,-0.06724242,0.64843136,-0.106529266,-1.1763391,-0.5995461,-1.3279517,-1.4978131,1.3777705,-1.3235958,0.0011012496,-0.4634303,-0.905153,NA18619,2,CHB,2,2,2,2
23.257023,0.9699519,-7.9388366,-7.705938,-4.897943,-0.054480854,-8.362205,5.1507716,-8.682629,-4.381633,1.4967048,1.0861832,-0.27595916,-2.495619,-0.9212515,-1.8205853,-1.1911019,0.7815676,1.2418462,-0.585316,1.3209919,-0.27620116,-1.4934552,1.580111,-0.10035563,0.075973816,-1.8113931,-1.7736778,-0.1259575,-1.8579366,-0.8122674,-0.52573836,0.1321002,-0.7875697,-0.31178045,0.43781453,0.39170277,-0.5367269,0.8196728,0.32711858,-2.7703314,1.0347401,0.3840645,-1.5753728,-0.18819119,-0.57033706,0.53324026,0.9066886,-0.98457795,-2.7099984,NA18638,1,CHB,2,1,1,1
23.882738,1.3087125,-8.984558,-7.044828,-6.0651426,-0.06031055,-7.95604,4.842986,-7.6411695,-3.0766082,0.23631781,2.767161,-1.6796771,-1.281016,1.1721925,0.2061503,-0.674367,-0.31474483,-1.4585396,1.4940434,-0.12269725,-0.24508509,-2.0517395,-0.21283802,-0.5463116,-0.32997566,1.2740417,-0.6994956,-1.5387747,-2.3318026,0.12452106,-1.38437,-0.81242627,-1.2865812,-2.119659,0.35712793,-2.383691,0.6525625,-0.33252367,-2.8834772,0.40217328,0.07038642,0.265241,-1.2727537,0.7344096,-0.7999857,-0.7894484,-0.22204693,0.3442401,0.7832444,NA18639,1,CHB,2,1,1,1
29.098387,0.74562436,-7.8910184,-7.9587092,-5.261187,-1.6860964,-7.070186,4.397638,-8.708713,-3.5147808,-0.5410696,0.34548685,0.16303614,-0.54753935,-0.27206418,-0.47981358,-0.22498997,1.1589743,-0.7391793,-1.248265,-0.24850728,2.4342358,1.2491003,-0.73474985,-0.50980306,1.389928,2.5704422,0.063275605,-1.8009913,3.218101,-1.5664353,-0.6621015,1.7109891,0.0715546,-2.0036483,2.164802,-0.8771315,-0.49649432,-0.95217234,-1.0445598,-4.440863,1.10189,-0.15417555,-0.13063714,-1.7930282,0.78599346,3.554284,0.5121414,0.033870563,0.80349153,NA18627,2,CHB,2,2,2,2
28.779625,-0.023255909,-6.9709387,-7.730315,-4.710385,-0.90877426,-8.609848,5.8058243,-7.484898,-4.665258,1.3009781,0.30596173,0.37150732,0.44537726,0.6223537,-0.37273723,2.2598774,0.5578343,0.91882753,1.313404,-0.12421279,-0.9606473,-1.1309605,-0.11683637,-0.59822434,1.3833951,-2.9589875,0.6453197,0.15689099,0.5654106,0.12966363,0.063268445,-1.482041,0.41153708,-0.7095176,-1.1923716,0.95934445,-0.66980135,0.5066549,-0.7911841,1.2294471,-0.3164696,-0.8284351,1.7184502,-0.1992832,0.1980009,-0.38141686,-1.1949553,0.12794407,-0.8097564,NA18631,2,CHB,2,2,2,2
29.440401,-0.72480184,-7.9523525,-8.285865,-4.8908105,-0.5848394,-7.5494146,5.6869416,-7.1614857,-5.348558,-0.60101944,-0.32188824,-0.18500553,1.1086986,-1.5351888,1.9093531,-0.76836324,0.1976132,-0.04389542,0.80953014,-1.2612838,1.0401789,-0.22503938,0.027424265,0.01102053,-0.32562125,-0.43530616,-0.3628678,1.5005761,2.096468,1.6470646,-0.51764697,-1.3471929,-2.7365453,-1.1042145,0.8671117,-0.76520115,-2.21182,1.5632697,-1.955434,3.4343424,1.002733,-0.25890172,-0.099117376,1.3019584,-1.439192,0.6723183,-0.08399466,2.4812026,-0.059652384,NA18634,2,CHB,2,2,2,2
29.24061,0.7640861,-9.342277,-7.3907695,-5.1785455,-1.3372899,-7.3963666,6.050997,-7.3144383,-4.15799,0.5475832,-0.114019744,0.27921453,0.6324016,0.2935462,-0.09482507,1.1803774,-0.6335007,-1.6087886,0.16386282,-0.15256146,-1.5031227,-0.30802062,1.1853908,1.3087372,1.3231618,2.3528442,1.2781433,0.18779431,1.895843,0.09566134,0.4808374,-0.5074926,-0.22622907,-1.0463552,-1.166278,-0.023141662,2.4176471,1.4007893,0.3323903,-0.28347033,-1.962847,-0.25158265,-0.9990138,-0.36635283,-1.1556704,-1.1572944,0.4588876,0.49987683,0.09578755,NA18642,2,CHB,2,2,2,2
29.719366,0.2130277,-8.489063,-7.8868465,-4.1835704,-1.7594453,-7.9632144,4.953076,-7.3080487,-3.4545267,0.5010515,-1.2534279,-0.79167026,0.094765045,0.867045,-0.4648967,-2.0143476,1.4021071,-2.801229,0.1811906,0.44978508,0.5456814,0.76242685,-1.0264183,-0.121384904,-0.3112371,-1.1265116,-1.02789,0.112355836,0.14928481,1.9468907,0.7852937,0.027587203,-2.0547574,2.4196117,-1.573376,1.5751922,0.7648624,0.20508604,0.9741241,-0.38957372,-1.8446978,0.8658442,1.2581958,0.6357104,0.93451273,1.6009465,-0.065693565,-1.1333994,2.6060514,NA18626,2,CHB,2,2,2,2
25.317513,-0.52882266,-7.70467,-7.570137,-5.3380914,0.40632424,-8.740017,5.906741,-7.4744782,-4.612165,1.8008821,2.0550401,0.79331326,-0.3577426,2.4574308,0.98668736,0.5924323,-0.36523318,0.7360758,1.5796673,1.7235454,0.64188516,-1.8478848,0.45378804,-0.93920386,0.26630408,0.5794847,-0.27127993,-1.0243753,-0.6165303,-1.108869,0.95641494,-2.700791,-0.88603926,-1.6426914,0.65820396,-3.76677,-0.0064301146,-0.102134965,-0.24286671,-0.7293576,1.4202567,-0.3799251,-0.78087676,-0.7923678,0.72790164,-1.3447566,-0.42119154,1.4744949,-1.1037334,NA18543,1,CHB,2,1,1,1
28.427942,-0.055502526,-7.273328,-6.887592,-4.2826605,-0.8921227,-8.063335,5.327217,-7.7244616,-4.1735053,1.3717153,0.2270206,-0.9430878,-0.07738914,-0.29640585,0.5863176,0.49755964,-1.199286,0.9135426,-1.0237076,2.1818867,0.48615876,-1.3394612,-0.47092995,0.79284483,0.3815575,2.5097134,0.3604388,-1.6684532,3.4424677,0.10252988,-0.23965083,1.8280393,-0.39879236,-0.32719788,-0.97736776,0.99987537,-1.7088903,1.7498565,0.059177317,-0.8898491,-0.5491728,0.80707157,-0.81188077,-0.5823058,0.19989021,-2.650364,0.7473836,-0.49229586,0.72961926,NA18610,2,CHB,2,2,2,2
27.869411,0.26281202,-8.163593,-7.7333903,-6.140635,-0.2455794,-8.2570305,5.477344,-8.009507,-3.557815,-1.4695339,0.6709223,-0.35598576,0.039022308,0.981522,0.2764867,0.2753214,0.5621508,0.64522994,-2.02607,-0.27899718,0.33166283,-0.9443749,2.3961072,0.62883747,0.7918704,0.19571562,-0.2553721,-1.2488626,-2.7464151,-1.2026476,0.0071901907,-0.08069609,0.1378355,0.33973575,0.95211565,-2.2210734,0.6588934,-0.9651873,0.48812732,-0.5574414,0.236765,-0.8545627,-2.2372925,-1.6455339,1.1623951,-0.28359666,0.25259352,0.48868155,0.27031675,NA18617,2,CHB,2,2,2,2
24.731968,0.71941984,-7.451519,-7.783489,-4.849699,-0.3564329,-7.603907,5.6838903,-7.6128325,-4.703005,1.0141913,2.9370894,-1.0404029,-0.4365881,-1.9496053,0.6426492,-0.00048359053,-0.52299577,1.2819451,-2.0627856,-0.061112292,0.3295516,0.484953,-0.9926828,0.2593618,-0.09991526,0.7212676,-2.082947,0.40062532,1.2403592,-0.4777348,2.4643161,-1.3983401,0.098860495,0.22279829,1.4915525,-1.938621,0.43617186,0.78548956,-1.1997708,-0.21623343,-0.7255577,0.29116675,0.007573558,-0.38775218,0.6300021,3.2957008,-0.7817893,-0.6384962,-2.1543918,NA18613,1,CHB,2,1,1,1
23.729856,-0.636682,-6.853266,-5.1773767,-5.2594767,-1.1421311,-8.0714655,4.1411247,-7.7488747,-4.057343,1.3800522,2.7867582,-0.15486196,-3.7988925,0.27574384,0.68012416,-0.5520911,-0.71771955,0.07978614,0.28710553,0.035348807,-2.5208755,1.2426451,-0.8043877,-0.43002167,-0.7916318,-1.0922501,-0.32288182,-1.0146239,-1.1718483,0.09578526,-0.41511112,-1.0450312,0.3671001,-1.1161481,1.9813131,-1.1000127,-0.33209935,-0.9185678,-0.30761528,-0.449316,3.8054056,0.2787444,-0.59390765,-1.5884148,0.77836585,-2.4211798,-2.516857,-1.3520558,0.83836484,NA18647,1,CHB,2,1,1,1
29.191492,0.92482305,-6.8667903,-8.271878,-4.7755423,-0.93314236,-8.235078,5.477416,-7.75548,-3.6718771,-0.087790154,-0.5751915,1.3143787,0.6573025,-1.5767565,0.92964154,0.6702744,-0.5201763,1.1288941,0.17209207,0.13939093,-0.12737747,-2.1494417,-0.14817108,-0.69336236,-0.48913145,-0.30007926,-0.27587295,-0.90102583,-1.886136,1.0978888,0.76447064,-1.1143987,-0.7676634,1.1515478,-1.4597349,0.50603026,-2.3564234,-1.7396544,-0.09649473,0.28610313,1.5365213,0.031437054,1.2293602,0.5698232,-0.21745874,-2.410001,-0.175127,-0.57442635,1.0355761,NA18630,2,CHB,2,2,2,2
29.145092,1.1516883,-7.8946595,-7.7279763,-4.8857317,-0.26050618,-8.558474,5.213663,-8.713479,-3.7543092,-0.3234575,0.5563512,1.3348559,-0.6206908,-0.86867225,0.02729334,-1.2046651,1.1368682,1.3987614,0.81132674,-1.430184,0.6056377,-2.0270128,-0.27442884,-1.6648418,0.31449896,-1.0800893,-0.15138891,0.20251502,1.2517761,-1.1676699,-1.5053145,0.6704537,-0.14050423,0.38216126,0.8499254,0.5367646,0.10930092,0.44436145,-0.14035624,-0.82850665,-1.1400534,-0.77212155,2.0957384,-0.023193864,0.44777802,0.16420841,-3.0158322,0.7986036,1.0350945,NA18641,2,CHB,2,2,2,2
24.307514,-0.3644142,-7.612456,-6.2033715,-4.2986403,-0.600344,-7.9563904,5.9382453,-7.371957,-3.4645352,-0.30182546,3.0147362,-0.841178,-1.3615602,0.021686075,0.09074192,-2.3261957,1.8100054,0.15295237,-0.92027,0.24295148,-0.09881434,-0.24327679,1.024886,-1.74896,2.1747346,-0.30468372,1.6729051,0.8772036,1.9424188,-0.05262554,-1.1593664,0.059550256,-0.53367096,1.0601512,1.0978934,1.2652985,0.9724115,-0.4552962,-0.81100243,-2.5163877,-0.004999025,-0.22035357,0.15266421,-1.9497124,0.7831054,-0.0018112457,-2.4863002,-0.45402184,1.0351104,NA18748,1,CHB,2,1,1,1
24.972647,0.94209504,-8.645854,-6.931122,-4.772502,-0.24741437,-8.534091,5.736586,-7.8835816,-4.1408873,0.42964613,3.1042037,-1.3148297,-0.9204291,-0.006614553,0.8446107,-0.41241193,1.2747557,-1.3639627,-2.015887,0.9954509,-1.1281778,0.025384227,1.7388557,0.53199625,0.2600124,0.7780108,1.517119,0.25891575,1.1092727,-0.46505225,-0.62607193,1.0283078,-1.0087948,0.26220512,-0.20907949,-2.366193,0.6554515,-0.27934763,-0.8947329,-0.017989097,-1.8248866,-0.5351997,0.14029898,-0.9145498,-0.12591617,-1.0884818,-0.107474886,1.4104388,1.2626776,NA18749,1,CHB,2,1,1,1
24.14655,0.13077667,-7.2031903,-6.4864097,-3.7092814,-0.9533753,-7.388535,5.5533905,-8.066231,-3.5667536,0.07967701,3.5356407,-0.124259,-2.203052,1.825698,-0.4829165,-0.82020587,0.04032872,1.5161042,-0.00014880413,1.3321958,-0.41884097,2.1784775,-1.1444286,-0.37362698,1.3388455,-0.34896594,-0.75796187,0.5198259,0.9179231,0.44807577,0.29504955,-1.5197685,-0.7370304,-1.3314624,0.38516915,-0.3760302,0.42663598,0.8084393,1.0144238,-1.2068089,2.016525,-0.46061438,0.1874849,-0.5935496,-0.47255296,-0.72182995,-1.591254,-0.6224156,-0.6477081,NA18757,1,CHB,2,1,1,1
23.97507,0.2679871,-8.022307,-7.169726,-5.2892976,-1.4447397,-6.5060644,4.3215947,-7.8001366,-4.1308966,1.1181055,1.9913197,-0.4885727,-2.2964106,0.17607664,1.2140661,-0.56876564,-0.5787581,0.3035391,0.30846563,1.6781394,-0.4360338,1.5848837,-0.35510403,-0.8407655,-1.6441702,-0.8447078,0.007986887,-0.7196717,-2.0961394,0.65688837,1.8024136,-1.6266986,-0.76375836,-0.74676675,2.315455,-2.0557792,1.4226817,0.3107875,-0.9400757,-1.2324675,0.41815677,1.304996,-0.39492685,2.0389175,0.8030698,1.2370723,-0.08366935,-0.18891022,1.7759607,NA18546,1,CHB,2,1,1,1
25.757805,0.36146224,-7.7945147,-6.362458,-4.1395373,-0.28886124,-8.237341,6.298156,-8.3015375,-4.1457744,2.1832428,2.5306737,-0.9611478,-2.219732,1.7136801,0.9983993,-2.832161,-0.187697,-0.70020175,1.1358745,1.642099,-1.506238,1.58717,-0.4908629,-0.12289022,1.2995512,0.4224569,-0.31593555,1.433965,2.6647685,-0.01437299,-0.32361817,0.54232675,0.37820128,-1.5507557,0.4914718,2.0652146,1.7181114,-2.383519,0.68766874,0.8779406,1.0289458,0.42198515,-0.4087484,0.452928,-0.6313926,-0.30121452,-1.3005606,1.1756003,1.2123402,NA18643,1,CHB,2,1,1,1
24.815454,0.27149788,-7.52662,-8.150252,-4.809542,0.045308944,-8.695262,5.8260674,-8.45944,-4.8207498,-0.7069304,1.3386877,-0.8179378,-3.0127912,-0.37648565,-0.85911,0.061927103,2.3951735,-0.28345957,0.6255231,0.3285818,0.4502709,0.5239231,2.4889288,-0.07481026,0.04129775,-0.12671591,1.4011495,1.1998467,-0.3573298,-0.6661479,-1.5336795,-0.35515636,-1.5209925,0.58314586,-1.3034084,0.34177145,0.6435132,-0.77907795,0.20725659,-0.48649317,-1.7708671,-1.6641574,0.7631607,-0.23637924,0.09656985,-1.4714587,0.82318175,0.21848378,-0.5432212,NA18645,1,CHB,2,1,1,1
24.452875,-0.036261432,-8.320226,-7.2102017,-5.33399,-0.80102813,-7.739177,4.785594,-7.5271707,-5.7048597,0.43361074,2.6362023,0.077048734,-1.228799,1.0561644,-0.043706093,-1.5430154,-0.085264355,0.20978573,0.8584811,0.11188904,-1.6553991,1.202474,-0.29400516,1.704807,1.1701609,-1.1744038,-0.6924434,-1.0948025,2.0332508,-0.14968048,-2.063939,-3.2979538,-1.2733965,0.23753013,-0.18260777,1.315403,0.38354203,0.3047835,1.19765,-1.0118102,0.7002692,-0.75278944,0.39811823,1.4688562,1.1970438,0.25717676,-2.0776339,-0.42487237,0.011726772,NA18534,1,CHB,2,1,1,1
28.985497,1.7907243,-8.638128,-7.821075,-5.684342,-1.0357181,-7.291324,4.464445,-8.484007,-2.9096363,0.7899926,0.60142183,-0.18620025,1.0311518,0.16686353,0.6622202,1.3734832,-1.2056636,0.9088327,-0.013098756,-0.024872335,-0.71335524,-1.0622599,1.7944282,0.46713412,-0.23909253,-0.07512247,-0.04024716,0.03109472,0.41355786,2.865412,-0.6319588,1.8223008,0.6880165,1.303168,0.3426037,0.41043285,-0.5308714,-0.27141804,-0.24036787,-0.7833058,-0.5413763,-0.48780286,0.008242885,0.07452534,-2.0366244,0.1666916,-0.31352398,-1.165523,0.24066982,NA18595,2,CHB,2,2,2,2
29.047106,0.53563815,-7.270786,-7.819754,-3.8635888,-2.4356184,-7.223314,5.1198316,-9.039359,-4.018772,-1.498351,0.59630495,-0.44514075,0.39487675,0.46694475,-0.96553195,0.7012059,-0.92053264,1.0612094,-0.46199486,0.32272074,1.2052536,-0.16737609,0.3702116,-0.6865598,-1.5578648,1.0993818,1.4248823,0.35811624,0.75057846,0.30081663,-0.10868657,0.24245068,-0.23876944,1.0694242,-0.14075506,-1.327775,0.95658505,1.1367023,0.8877438,-3.189569,0.28037155,0.96545017,-1.1599084,0.75129026,-1.0871594,0.65454865,-1.6485276,-0.082309715,0.5649029,NA18618,2,CHB,2,2,2,2
24.18449,0.7698862,-7.8456388,-7.074285,-5.5386696,-1.2306589,-7.5652094,5.0092034,-8.079346,-4.1454716,1.4833235,2.307249,-2.2291236,-2.3110476,-0.775641,-0.012676709,-0.19131337,1.0003338,0.19124505,0.4435908,0.5733289,0.9825623,0.29690003,0.38288617,-0.1931583,-0.15829445,-1.5733926,1.0508777,-0.05566302,-2.2959177,-1.6615595,-0.47699067,-2.468435,-1.3203129,0.57885283,1.2347391,-0.5349009,-1.1031429,-0.5719901,0.3265642,-0.7449485,1.0263226,-1.0296534,0.31746283,-1.4470654,1.0554024,0.595534,-0.735768,-0.291512,-0.9668875,NA18740,1,CHB,2,1,1,1
24.927338,0.6074816,-8.669838,-7.9352107,-4.292185,-0.48730344,-7.5950155,5.607817,-7.7328153,-4.1505723,0.87027013,1.3719722,-0.88955605,-2.6348681,0.5631336,-0.6870874,1.9397299,0.7543602,1.5289148,2.672682,1.1063348,-1.612765,-1.7379153,-0.13775025,1.2509534,0.9547202,-0.21146005,-1.4049767,-0.7611637,0.1941863,-1.2655225,1.1313401,0.59179145,0.067527026,1.9257628,0.9915899,1.3575004,-0.6071804,0.8321459,-1.5177602,0.028682442,-0.7277185,0.35901695,0.49562573,0.18014258,-1.027228,-0.09113539,0.26628548,-0.6945294,1.407678,NA18524,1,CHB,2,1,1,1
24.751495,0.24401636,-7.659478,-6.643129,-4.3453107,-0.98182946,-7.338647,5.189094,-8.247813,-4.0598416,-0.17345308,2.8287675,0.97880983,-1.1738961,1.2722951,0.8096235,-0.8776113,1.1937913,2.2917805,1.4918244,0.5446113,-0.47542238,-0.44304502,0.8183047,-0.27001557,-0.8185884,0.80903125,-0.027833387,-0.6212479,-0.9418455,1.1850069,-1.0674084,0.7547808,0.5835386,0.5449452,0.92555743,0.64022493,-0.29254243,1.2448288,0.92965186,0.03527787,-1.0157132,1.047497,2.1266675,1.4219972,1.0239006,-2.0420232,-1.1762227,-2.0343487,0.0011429306,NA18635,1,CHB,2,1,1,1
28.611092,-0.19865936,-8.15962,-7.5558906,-5.5518026,-0.20203725,-7.9972243,4.669788,-8.306876,-4.4203978,-0.9468867,1.2242771,0.820664,0.16062647,-1.6000803,-0.44240355,0.11878928,-0.22154532,0.43717247,2.203075,-2.1445332,1.1406751,0.40630352,-0.7580478,0.11260616,-0.61440265,0.65499204,-0.12054845,0.03323108,0.073761776,1.5099549,-0.6600309,-1.5941366,-1.8772395,0.5518347,1.52381,0.5345055,1.6790414,0.7645761,-2.6501367,0.94107723,-2.4462283,1.3666705,0.49819416,-0.14422025,1.6967037,0.7077655,-1.3536175,0.7505068,0.9792923,NA18537,2,CHB,2,2,2,2
24.630789,0.34718397,-8.297997,-6.266864,-5.0584235,-1.0849075,-6.3601756,5.562683,-7.1332674,-3.4287179,1.1874446,2.045643,0.86207587,-2.2756793,0.68463695,1.7427194,-0.12892874,-0.062265042,0.28935197,1.7354258,1.9905936,0.8238205,1.272703,0.05080868,-0.83715713,-1.3468618,-2.3737419,0.9969367,0.6238675,-0.9945657,-1.0994276,1.255661,0.6320682,3.0142503,-1.3557899,-0.15735123,-0.41820872,2.524442,0.75886375,0.018351827,1.2273395,-0.9523094,0.9706526,-0.14086327,0.5476944,-2.037761,-0.6056469,-0.7053975,1.2246825,-0.48086545,NA18572,1,CHB,2,1,1,1
30.558212,0.8205663,-8.770383,-8.718219,-4.8356667,-1.216862,-8.510675,5.259829,-6.9997687,-3.8871646,1.4231701,0.24617489,-1.2542901,0.67111576,0.7078974,-0.58151674,0.12927602,1.021821,-1.4347703,-0.54983234,-1.1496733,-0.040216822,0.18162441,-1.2018749,0.24844208,-1.1272548,0.5839302,0.66131145,1.0545671,0.9533524,-2.2428184,0.7351854,0.9836548,-0.055957057,-0.29222316,-0.49453816,-0.025754115,1.5691905,-0.6963145,-1.2176263,-2.551739,0.38063636,-0.6646589,-1.6524552,-0.9563025,-1.5659431,4.3818994,1.1389229,0.31362578,2.7393816,NA18592,2,CHB,2,2,2,2
28.652306,1.6172769,-7.980445,-8.051206,-4.572351,-1.0133946,-8.927599,5.7301583,-7.56568,-3.4820862,1.1158631,0.46056876,0.5384225,0.6717268,0.02574266,0.6850818,0.22872771,2.3017085,1.6912512,-0.47630545,-0.68756664,0.5492364,0.8071479,-1.5933982,-1.1344237,1.1968112,0.19521222,-1.0400754,1.7836165,1.0079532,-1.2377028,-0.5821463,-2.6363213,0.7885621,-0.7971043,0.012727057,-1.0866467,0.48741153,0.28738105,-2.2284012,-1.1256169,0.11627164,-0.52455777,-0.11320099,-1.5499262,-0.006597206,-0.48242053,-0.54822284,-0.8844012,3.0326893,NA18526,2,CHB,2,2,2,2
29.96343,1.1243,-8.276725,-7.3777065,-5.455775,-0.17065766,-7.256999,5.6618996,-6.829553,-5.126141,1.2898998,-0.87301075,0.14421754,1.5190411,0.54080695,0.6360465,1.3001789,-0.5359098,-0.9444698,-0.66759187,-0.37431115,-1.8231729,-0.5642555,-0.96588516,0.65070033,0.41806325,-0.29923,-0.8413423,-0.4235297,-1.3659279,1.9293807,-0.60129344,0.983718,-0.46997404,-0.91372895,1.0768118,0.2619527,0.24702355,0.69309086,-2.1263115,1.2550817,-1.3363805,0.8932427,-1.8554866,0.33972457,0.8359169,1.338262,0.37341174,-0.49782336,-1.0293132,NA18529,2,CHB,2,2,2,2
24.174202,0.82515794,-7.872538,-7.036411,-4.865452,-0.67505777,-6.3700304,4.633544,-7.474374,-4.1587095,1.3330894,4.4002147,-0.4057987,-3.2893646,0.5583737,-0.555821,-0.36104077,-0.92662245,-0.5048505,0.33553922,0.15896943,0.5433137,1.3230075,-0.52539337,0.121128604,0.7982689,-2.2799442,-0.4887874,0.35976982,-0.17891811,-0.12516135,1.0273606,1.9236104,0.6275913,1.0932527,-0.12353472,-0.041052856,2.331135,0.68108416,0.4092591,-1.3575606,0.78068554,0.99158996,3.5868347,1.3640788,0.75728315,1.1744324,-1.5671916,-0.19849409,-0.82577294,NA18558,1,CHB,2,1,1,1
23.709703,0.77605206,-8.537723,-6.832838,-4.754562,-1.2181586,-7.157324,6.7732377,-7.881129,-4.2555213,0.027953397,3.1705675,-1.1089039,-2.6852872,-0.36171138,0.44167724,-0.6944796,2.1820993,0.6298924,0.16033043,0.82709783,-1.274628,0.7616388,0.37501523,-1.1065575,0.4151456,0.029098837,0.44516575,-0.94206953,-1.2814186,0.6770776,-0.061536785,0.16727419,-1.9566125,-1.0151699,-0.12509115,-0.306434,0.658003,-0.85200846,2.0240636,-0.41657674,0.63314426,0.037209403,0.5354313,-1.1980326,-0.3082108,-0.11034526,-0.6223368,-2.7107334,0.42844823,NA18562,1,CHB,2,1,1,1
29.793732,0.7169087,-7.860016,-6.0787926,-5.3919687,-1.3300037,-6.430105,5.2144156,-8.488942,-4.8523135,-0.6831517,0.89025337,0.26072174,0.58706474,-0.27733594,0.8492911,1.7793815,-0.5655843,0.87465274,2.1562696,1.2071481,0.27307668,-0.38825554,2.1008124,-0.4571432,0.53253454,-0.09710137,1.739175,0.68711096,-0.122910805,-0.7369455,-0.18335629,-0.9045708,-0.22325529,2.1689687,-0.049960505,0.89026576,0.24901149,-1.6616852,-0.6706976,0.21912047,-0.98103225,0.8859252,3.4414077,-0.43276054,-1.4364952,-0.11236032,-0.81213826,2.2251444,-1.3215507,NA18545,2,CHB,2,2,2,2
23.736755,0.19884287,-7.32244,-6.607661,-4.49652,-1.1090747,-8.072942,5.563834,-8.036626,-4.140233,1.819725,2.0292766,-0.8673796,-2.399801,0.038530678,-0.15601978,-0.5615779,0.062324934,-1.3101033,-0.27635872,0.016721481,-0.9587167,0.976788,-0.21194626,0.7649144,-0.31772938,0.17321038,-0.9977742,1.0363673,-0.69239503,-0.06426791,2.1617558,0.53189325,1.2242604,-1.1446676,2.454952,0.7546921,-0.16563869,-0.7776295,1.4649919,3.3038716,2.6665547,-0.022877818,0.2006669,1.0070062,-1.1515322,-1.1289997,-0.57805544,-1.5226352,-0.6918128,NA18609,1,CHB,2,1,1,1
29.874853,0.15421985,-8.64242,-8.18223,-4.027416,-1.7515374,-8.602033,5.272927,-8.070156,-4.222651,-0.6795685,-0.5456286,-0.4378681,-0.39767027,-0.3936578,-1.5075533,0.13193649,-1.2254356,-1.211469,-0.11753215,-2.0651865,-0.071896195,-1.6310428,-0.03640444,0.21500236,1.0715835,1.2087679,-0.2536006,-1.233967,0.95570153,-0.6992953,1.0938177,0.40935463,1.6746937,-0.7399837,1.9688472,-1.4650892,0.5430877,3.075322,-2.0814066,-0.21112446,-0.35243288,1.9890593,1.3962297,0.079374686,0.111713864,2.0181308,-1.6044426,0.73774827,-2.7069283,NA18552,2,CHB,2,2,2,2
25.06642,1.5761639,-8.878611,-7.854954,-4.1368947,-0.8540336,-7.6345973,5.2160516,-7.8864827,-3.5953796,1.4508424,1.7930325,-1.2326764,-4.2683086,1.1347893,1.2507423,-0.7002103,1.356654,1.0045209,1.7481381,-0.1331379,-2.6608865,0.32029918,-0.51485544,0.20537038,0.42638624,0.28265366,0.80381954,-1.3362103,-1.4251349,-1.3744841,-0.26123825,0.013197103,0.4116438,-1.2653328,-0.3379132,0.26160783,-1.4760264,1.584706,-2.5226045,0.61436236,1.1973381,0.95748854,0.4319699,-1.7290858,0.43348482,2.3363857,0.85721093,-0.5901844,-0.31236082,NA18611,1,CHB,2,1,1,1
28.044928,-0.14457522,-8.549593,-8.3477545,-5.5525584,-0.7688514,-8.482491,6.6635284,-8.287124,-4.4527006,1.5281812,2.4001372,-1.6200849,-0.7887515,0.98875934,0.3817257,1.4323677,-0.19287027,-0.29780054,-1.4276212,1.358758,-0.329939,-1.7238458,1.5967858,0.4001205,0.122653544,-1.5118327,1.2489059,-1.2007538,-0.9039748,1.0503561,-1.4494253,2.1702611,1.0391388,-0.9622725,-0.11211352,-0.21949235,-1.205801,0.63339764,-0.52702796,0.44399324,-0.25835252,1.4499748,-1.4506179,1.6926848,0.6278689,-1.4860975,-1.5418005,-0.30214694,-2.2884037,NA18555,2,CHB,2,1,1,1
28.947388,0.04891727,-7.981322,-7.6601987,-5.1306934,-0.10512979,-7.859793,5.0432982,-8.138719,-3.8487482,-0.8532859,-0.47422218,0.68064415,0.3091286,-1.6151716,0.3280838,-0.58953303,0.027912138,0.20649254,-0.7435605,-1.547308,0.32675055,-1.5776007,-0.015232166,1.3397692,-1.3512007,0.9562419,-0.5348217,1.6961769,-1.1153053,0.22754332,0.30746952,-0.6988374,1.4793129,1.2350929,2.646645,2.9646971,-0.10823739,1.0207075,0.48444414,1.2872556,-0.52350616,-1.7037836,1.4889823,1.04168,-0.76762646,0.74474573,0.5376955,0.1661519,0.084729604,NA18566,2,CHB,2,2,2,2
24.657541,0.2917565,-7.638625,-6.132125,-5.959677,-1.0239733,-8.166842,4.616373,-8.159856,-4.1209292,1.4024209,1.3991109,-0.42834786,-1.6056268,0.36943465,2.453955,-1.5991198,0.21188664,-0.043921325,1.4236368,0.69815016,-1.6130785,-0.5856075,-0.8447978,0.3103455,0.24289118,0.315495,0.5965078,-2.5918078,-1.9020182,1.4234732,0.62518626,1.4210167,2.372944,0.87661874,1.0099336,-3.1050694,-0.37956196,1.272867,3.047,1.0807354,0.047037438,-0.08906522,1.0020725,-2.0942266,-2.9996734,-2.499736,-0.6330938,0.89723843,-0.41618946,NA18563,1,CHB,2,1,1,1
29.729366,0.15813455,-8.40002,-9.2903805,-5.0320253,-0.36828357,-8.939469,5.219546,-8.600152,-4.153468,-1.0167687,1.69398,-0.01881176,2.5200202,1.1782091,-0.64759886,0.07636156,0.24464089,0.523522,0.88854545,-2.3806622,-0.4944877,0.324006,-1.5290525,-0.5501893,-2.308685,-0.21696937,0.46278515,0.85512644,-1.3734788,-0.030418467,0.44357178,1.3066379,1.6635574,-1.8525981,0.12954967,0.24429564,-0.11316866,-0.88715047,-2.0366845,-0.14756005,-0.06866049,1.6263113,-1.2778497,0.535652,-0.1810958,-1.3669862,1.294536,-1.7071562,0.8219317,NA18570,2,CHB,2,2,2,2
24.381126,0.87055796,-7.876919,-6.7819004,-4.4902644,-0.58540803,-8.316864,4.469421,-8.041035,-4.0300055,0.98489743,2.3822403,0.23596184,-0.6887449,0.084327824,0.5319262,-1.1859716,1.4421234,-0.6190256,-1.1801494,-1.2842256,-0.65397507,0.9448117,0.7523146,1.2170233,-0.22549942,1.6359909,0.8515511,-1.3507783,0.55648476,2.9598598,0.11383704,0.5071319,-0.8570195,-1.0167384,0.28280243,-0.27281693,-1.2217978,1.3462244,-0.8172321,-0.11683549,-1.1967866,0.13577878,-0.6124386,0.30619633,-0.8817207,-1.2252983,0.1993863,-0.717949,-2.0035448,NA18612,1,CHB,2,1,1,1
22.446346,-0.07287338,-7.455528,-6.7915893,-4.840855,-1.7402126,-7.181452,5.1733274,-8.125894,-3.2376654,1.5444123,1.7758726,-1.6448159,-2.5490336,1.0978144,0.74468046,0.24943879,0.08314154,-0.924831,1.6179283,0.7194556,-1.8189088,-0.742651,-1.5395207,0.2754063,0.33721793,0.77204925,-0.031573467,-1.643464,-1.596533,0.8017265,1.0104536,0.4969644,-0.46462986,-1.7278037,3.0619988,0.7748158,0.26394355,0.83992267,1.3188287,0.47061738,0.8996621,-0.7449929,0.39749095,1.5634297,-1.6004955,0.4727119,-0.6647798,0.4817812,-0.60743034,NA18621,1,CHB,2,1,1,1
23.859148,0.7316168,-7.5021462,-8.272941,-4.04667,-0.74202406,-7.7491937,4.2771287,-7.257966,-4.23563,0.25686008,2.0326998,-0.26123038,-1.2757218,0.9132708,1.0326011,-1.0979507,0.71490926,-0.62048143,-0.42196432,-0.36683726,0.2923159,-0.6324354,1.5132836,-2.733571,-1.0802692,0.4654342,0.5783561,0.62400955,-0.09647928,-1.905144,-0.71837395,-1.3686954,0.09966296,-2.8783507,0.86653775,0.40628266,-0.76391286,-0.2992335,0.45050836,-0.47228813,1.8681686,1.755552,0.72911984,-1.7137471,0.743727,-1.0810065,-0.88269436,-1.0891105,-0.084747136,NA18622,1,CHB,2,1,1,1
30.74572,1.3422785,-7.4388084,-8.425443,-3.9658873,-0.47285497,-7.498171,4.037041,-7.4385114,-3.8148987,-1.9517934,1.2342919,-0.70421934,-0.71451354,1.2024561,-0.28411454,-0.2519598,-1.3521311,0.12854001,0.059748687,-0.11735766,1.2673196,0.48859167,0.8559286,0.96852744,-1.4039596,0.84331924,-0.12794735,-2.264323,-0.79660445,-0.9882229,-1.1402297,1.4362257,-2.2192469,0.72179866,-0.6649132,-2.12207,-0.35641626,0.8032254,1.3054014,0.6832042,-0.45164526,-0.029507514,-0.409807,-0.7084217,-1.6188736,-3.0994825,2.3281627,-0.9223759,1.5810231,NA18573,2,CHB,2,2,2,2
29.038418,0.32934824,-7.984886,-7.3777103,-4.8459167,-1.5303121,-8.088874,5.050682,-7.660689,-3.365692,0.5616432,0.49226445,1.109258,0.10152565,0.1153746,0.2958381,-0.7733675,1.5793768,-0.47320294,-0.3635313,1.1993936,-0.4303445,1.7604012,2.0546277,-0.24952778,1.0960178,-0.2982189,1.0778927,1.2410501,-0.42060408,0.7929828,1.1101247,-0.5668474,1.9046496,-0.22017102,-1.9097346,1.6541858,-1.7278833,-0.07968904,2.7915132,-0.29146758,0.06830176,-2.238634,0.1266507,0.5921676,-0.087385595,-2.394306,1.3605101,0.16513498,-0.027299851,NA18577,2,CHB,2,2,2,2
28.911081,0.75641555,-8.960457,-7.3251877,-4.6143346,-0.8875293,-7.3371196,5.868798,-7.996241,-3.3493192,-0.7780334,-0.6378575,0.5910663,0.37862888,0.5210121,-1.3537709,0.9293047,0.6800439,-1.2376395,0.30081138,0.05690116,-0.4201004,0.9361662,-0.893594,1.6736052,0.5159953,0.41867775,-1.6883851,0.013453021,2.0343924,-1.7433223,-1.5565224,-0.05003591,0.52451736,0.77028877,-1.3571144,-0.17852497,2.3184326,-1.6986051,-0.12947637,-1.7700642,1.0180979,-1.423332,-2.3932931,0.20231949,-0.70621634,0.91598755,1.8417861,1.4806551,1.9608632,NA18579,2,CHB,2,2,2,2
23.32817,0.44595367,-7.3185782,-6.9487367,-3.625226,-1.2519727,-7.1540413,4.7547717,-7.29138,-4.454542,0.23283577,2.194801,-0.80627656,-2.930287,-0.22719961,-0.036191106,-0.6940614,-0.8519541,0.48637617,-1.0077668,1.6842318,0.23659222,0.7521401,-1.1455154,-0.51198286,2.661301,-2.0608315,1.966176,0.5222946,-2.5287194,0.34466186,0.82059103,-0.10523455,0.8541323,-0.33384055,-1.3535266,0.6212214,-2.7468863,0.31489155,1.417497,-0.55758804,0.0045442455,1.2020632,1.858014,-0.087715626,2.115967,-0.7130969,-2.330691,-2.715128,-1.0257081,NA18632,1,CHB,2,1,1,1
24.119572,-0.1840206,-7.1667347,-7.9385495,-5.117972,-1.5959185,-7.7621384,4.6286373,-6.8661757,-4.2882233,0.60465235,1.684749,-0.7682497,-1.476546,-1.5861593,-0.9856794,0.32012212,0.21708877,2.090635,-0.3107699,-0.53681266,-0.23566598,0.95609283,-0.55823624,-0.8755799,-0.027451774,-0.49850208,-0.4830023,-0.41563362,-0.6047791,0.37937245,1.3607373,-1.165116,-0.2987986,1.2889473,-0.1530424,0.3346843,-2.226478,-1.8342986,0.71929055,-1.4713275,2.315987,0.6891805,0.83952177,0.94510627,-1.3128741,-1.1267663,0.23154718,1.0546299,-1.5674897,NA18636,1,CHB,2,1,1,1
28.205326,0.6892099,-7.385597,-7.658873,-4.4086637,-1.2581505,-7.7423143,6.1930585,-7.4870195,-3.6829114,-0.43820697,0.3086295,0.10439509,0.04143264,0.16024806,0.66507286,-0.49706227,-0.7552645,-1.1174145,0.026091602,-0.9754077,-0.66861093,-0.02312282,-0.73713285,0.4363518,-1.1738348,1.2595278,-0.074776836,-1.6701405,-0.7093019,1.0853168,-1.3315233,-2.0127733,-0.50690967,0.4254879,-0.4447608,1.395826,-0.1184558,0.6464413,-1.040198,-2.3735673,0.95195246,1.8838881,2.1897511,0.48635533,2.1327708,-0.000121710545,-0.04559155,-2.9207208,-1.7772841,NA18593,2,CHB,2,2,2,2
24.964241,0.49129277,-7.0679655,-6.7632113,-3.8911803,-1.6510096,-6.308586,4.16095,-7.39899,-3.994936,1.0625049,2.1815493,0.53078717,-3.4856753,-1.4515017,1.4921591,0.096513756,0.3678789,-0.656986,-1.3084008,-0.30178142,-2.0678809,-0.5370415,0.03283737,-0.15475124,0.7155731,-0.95759207,1.939716,-0.88404834,-2.0843894,0.9773312,-0.06578558,0.9808321,-0.36037228,-0.42688972,-0.2569415,-0.044653732,-0.95575356,-0.7916384,0.85043865,1.7086388,-0.6708955,1.4895563,0.06785955,0.33868402,0.85164684,0.8794428,0.34546015,-0.58226377,-0.41064212,NA18603,1,CHB,2,1,1,1
23.561369,0.9565124,-7.1515136,-7.53153,-3.476618,-0.8935757,-7.198672,5.2462416,-7.2671533,-4.5443177,-0.59313685,2.7850013,0.8803991,-1.9080364,0.82675743,-0.79245764,1.410614,0.04429918,0.3606603,-1.1364812,-0.123831645,0.16626568,-0.23678364,0.78059626,-0.34338996,0.9852021,-1.7601058,-2.08169,0.23051456,0.86260575,-0.8489994,2.2431433,0.025678102,-1.8067838,-0.93599814,1.5499445,1.4821948,-0.74737793,1.6639678,0.11688953,-0.5687041,-1.5277232,0.5355177,-2.405116,0.05184976,-2.1881824,0.97054976,-1.4071326,-0.7446772,2.0167036,NA18624,1,CHB,2,1,1,1
29.93412,0.38007298,-8.13205,-9.2273035,-6.1448917,-0.54249525,-8.280838,5.613471,-8.6183195,-5.1574736,0.52380073,-0.7593486,1.0157294,-0.5626272,-1.0632521,0.036055613,-1.575617,-1.3301126,0.1098595,-0.8400501,-2.8293085,-2.0501196,0.8286992,-0.1512905,-0.5416417,0.82166654,-1.025105,-0.4823204,0.88686466,-0.2057547,1.4253526,0.57987547,0.43370035,2.2019708,-0.820231,0.94921255,-2.4607117,-1.0010958,1.2344009,-2.9145398,0.97010154,-0.23197426,0.71492195,0.75254256,0.7334962,1.1081351,1.2576375,0.4169166,0.16603546,-0.273959,NA18550,2,CHB,2,2,2,2
24.445421,0.5517139,-8.005157,-8.14108,-4.935317,-0.8114632,-7.0013304,6.645792,-7.999012,-4.004122,-0.33961314,1.5281795,-0.27381676,-1.1270599,0.9336616,-1.0530525,0.14624727,0.7413419,-0.5703703,-0.57748336,0.7205051,-0.6917496,-1.2295609,0.18241556,-2.2837121,-1.4027514,1.3003056,0.88102967,-0.73235136,-2.3962364,-0.6236492,-0.54214036,0.5152901,-2.2771146,0.35321054,-0.23413987,-0.7848731,0.4619541,2.006857,-0.88010204,1.1431406,1.4910794,0.73828715,0.027292654,0.38003728,-1.4201396,-0.79462224,-0.7343031,-1.5956464,-0.8355102,NA18605,1,CHB,2,1,1,1
30.46823,-0.14791211,-7.7889714,-7.849195,-5.6943283,-1.162081,-8.139698,4.3912416,-8.034011,-4.4307423,-0.37286797,-0.8484011,0.004445149,0.98201644,1.3854042,0.16463657,-0.04367017,0.010914569,-1.2115601,0.8463293,-0.17340645,0.7193574,0.24140626,-0.56719476,0.23724243,-0.7453114,-1.4786646,1.6601824,1.3258421,0.5100489,2.0318625,0.4470813,-1.27902,-0.72098166,0.70502156,1.9887611,2.7030795,-0.7289356,1.0874429,-1.3595576,-0.81484044,-2.8543062,-0.03854163,0.9138348,-0.10559245,-0.5927519,4.231808,-2.7226765,0.4723852,-0.37038246,NA18542,2,CHB,2,2,2,2
28.831366,0.31084004,-8.219717,-7.7436385,-5.495972,-1.7416035,-7.7478495,6.4164643,-7.2631583,-4.459147,-1.7627413,0.6545054,-0.46608183,-1.2048111,-0.47388482,0.8797082,-0.60991937,-1.4918811,-0.95530176,-0.45972535,2.1450202,0.27457705,-1.1274838,-0.18223935,0.7021822,0.58987445,1.6016889,1.1259013,-1.2490127,-0.6504843,-1.014829,0.048369087,0.8076182,-0.28663665,1.4850851,-0.112049915,0.28384164,-2.9526403,0.10751373,1.31486,0.46366805,-0.25270128,-1.3916653,-0.27203667,-0.06606748,1.9493431,-0.5569861,0.42389885,0.49359363,1.4377341,NA18532,2,CHB,2,2,2,2
24.749456,0.83422637,-6.822004,-7.3308525,-5.1679997,-1.3399345,-7.110489,5.1044564,-8.3952875,-4.148295,0.17157432,2.7288597,0.19900167,-1.5014346,-0.7136313,0.44656834,0.35590798,-0.5761349,0.4232608,-1.0079916,-0.34804478,-0.8178832,-1.7306728,-0.90269196,-1.5343236,0.13864705,0.253274,0.3750551,0.022294916,-2.150342,0.9973999,0.4052466,-1.7466567,-0.013702566,-0.37540868,-0.49154672,1.5716053,3.2084186,0.89847714,-0.17263854,1.1140378,-0.012315285,-0.83942765,1.236278,0.9491106,-1.6810987,2.3546114,0.59689033,-1.4385293,0.20792103,NA18561,1,CHB,2,1,1,1
24.050926,0.9291004,-7.3144894,-6.7950597,-5.074556,-0.3705477,-7.139034,4.506501,-8.403174,-3.6411047,2.1766584,1.592605,0.048205625,-2.5520117,-0.8965506,-0.20076846,0.4444183,-0.681783,0.0018989964,0.2490346,0.0025611818,-0.22739437,1.3707519,0.5952416,-0.25189403,-1.0859498,-1.4301947,-0.43732372,2.0845532,1.0876111,2.2329931,0.6875857,0.5393567,-1.6808391,-0.5304976,-2.121908,0.7005379,0.68835163,1.0048003,-0.7427394,-0.6070433,0.60370624,0.03484334,3.302968,0.024086002,-0.6911167,2.625901,0.6374157,0.38568172,1.0856078,NA18608,1,CHB,2,1,1,1
29.822483,0.9930639,-8.109281,-8.326839,-4.6844406,-0.992777,-7.4307923,5.544592,-8.293346,-4.3307333,-0.67559564,0.4983061,0.22437769,0.8386688,0.4801616,0.2378571,0.36799335,-1.8267438,-0.17294285,1.568254,0.07867956,1.6013706,1.6202108,0.4485985,0.54562163,-1.1873124,-0.28586447,1.1071203,0.12127232,-0.47268122,-0.04457764,-0.043183558,0.25648975,-1.3021611,1.0485905,1.7903826,0.10518337,1.4505724,0.22939815,-1.1840441,0.12663561,0.17852794,-1.2706206,-0.50270545,-1.5351338,-2.1793993,0.42273176,-0.51553726,-0.33013445,-0.38658896,NA18564,2,CHB,2,2,2,2
29.091215,-0.02517624,-8.026502,-8.462981,-5.321941,-1.6237432,-7.521389,5.3049297,-7.2020807,-4.1887836,-0.032087054,-0.38401568,-0.3494575,0.29371768,0.9822509,0.05987835,-0.91885066,-0.79695517,1.2643741,-0.7979861,0.58480895,1.0203333,0.23096804,0.621356,0.15561612,0.69118154,-0.6376645,0.2854757,-1.2302624,0.3100014,0.3798028,-1.7427641,1.541936,-1.1258419,0.3845038,-0.65346825,-0.69682294,-0.575976,-2.210072,0.7152717,1.2648386,-0.55902916,0.9442723,0.12333126,0.59253776,-0.89479935,1.1904931,-1.0731062,-2.7081296,-1.8192644,NA18571,2,CHB,2,2,2,2
24.422213,0.10459181,-7.5585213,-7.463923,-4.825289,-0.7080117,-6.8841066,5.208504,-8.467443,-3.4222534,0.52129304,1.2732579,-1.0347964,-1.7895674,-0.45937702,1.5240543,-0.33343065,0.9363408,0.094856806,-0.7737698,0.49824536,0.24138553,0.75315785,-0.46741924,-0.39737174,-0.22387153,-1.6219206,0.852303,1.2459936,-0.78438735,2.8248045,-1.2212977,-0.39315024,-0.67251605,1.8284847,0.6919282,2.291189,0.97230875,-1.0718417,1.728162,-0.583647,-2.8418956,-0.22737563,2.9272063,-0.5384756,-0.7782969,-1.4471439,0.13947007,-2.0208733,1.0502931,NA18620,1,CHB,2,1,1,1
24.543095,0.21498731,-7.7136474,-7.517024,-4.307579,-0.90420264,-6.6664453,4.6139126,-6.872416,-3.7557745,0.63488984,1.5500553,-0.32608923,-0.61146224,0.9223526,-1.2780728,1.5775656,0.5020795,0.85370976,-1.4426626,-0.9498307,0.54809934,-0.17167453,0.05611003,1.4161891,2.2854686,-0.4970532,-0.8784398,0.61339754,0.43983766,-1.6498399,0.73502326,-0.70495605,2.1727412,-0.1653901,0.5657287,0.9109974,0.70369583,-0.26672104,-2.1901703,-0.4876901,-0.29811624,0.28793904,-0.5371751,-0.086244226,0.10954777,0.74538845,-1.3295012,0.6745438,0.35585186,NA18623,1,CHB,2,1,1,1
29.260145,0.40897936,-7.5281596,-8.192094,-4.833814,-2.3046508,-7.865645,5.284572,-7.5880055,-4.277665,0.9750365,-0.6143789,0.7328229,0.42008045,1.2172927,-1.2586957,2.2340264,-0.49682158,-2.380391,0.0046210797,0.11140529,-0.10840297,-0.43767565,-1.3838116,-1.3696353,0.52231765,1.3781165,0.33828574,-0.44827905,1.759375,-2.2315152,-0.42801863,3.636407,-1.1005532,1.5470662,-2.4881992,0.27539927,1.8067805,-0.5942305,0.5455864,-1.2937602,-0.49740326,0.122718275,-2.728409,0.38238394,-0.67777026,2.1711645,0.36965042,0.7574035,2.4648418,NA18576,2,CHB,2,2,2,2
27.702253,0.2245075,-9.311914,-7.6046243,-4.632284,0.25662038,-8.883135,5.0161557,-7.976058,-3.6774569,1.0226719,1.3323923,-0.86211514,0.90993047,0.7308851,1.5087224,0.10928591,-0.63102835,0.4326027,1.1351724,0.97001904,-1.1788677,-0.8021924,-0.757791,0.13124305,0.74697256,0.6117526,-2.256726,1.5227301,0.2460458,-0.6961001,-0.056984298,-0.35622022,0.7301058,-2.3280308,-0.5405363,-0.24479094,2.673975,0.6042302,-1.1797042,1.0257787,-1.3421127,-0.41576743,-0.10260236,-1.1298015,-0.57742554,2.31104,-0.17554924,1.6408439,-1.1432377,NA18582,2,CHB,2,2,2,2
24.184452,1.8116511,-7.0246916,-7.6222653,-5.467654,0.0055509903,-7.082227,4.9437904,-8.541548,-3.1836102,0.57266605,0.6188166,-0.61806947,-3.1775427,-0.4765798,1.5782785,-2.0127428,-1.1142544,1.0281439,1.6524476,2.121038,-0.6255902,-0.7725781,0.48967454,2.210844,-0.27437317,-0.041178122,0.1376966,0.23625733,1.099913,-1.1992738,1.0655345,-1.2993677,-0.7471612,-0.84987587,1.0986159,0.52370834,0.44037423,-0.1972334,0.6474387,0.6971458,-1.0718368,-0.3642316,-1.0019475,-0.33871377,1.8788829,-1.8990923,1.5183539,-0.22940318,-0.5481471,NA18633,1,CHB,2,1,1,1
24.284002,0.30732244,-6.8472066,-7.270542,-4.3729773,-1.3059464,-7.3527894,6.2457705,-7.5507083,-5.2869425,0.28496647,2.6930625,-1.1159331,-2.4232755,1.0046022,0.37840343,-0.025715182,0.14995863,0.9952424,0.9409081,-0.1429659,-3.204538,0.62444866,-0.9390331,0.44146457,0.48299855,0.9550301,0.6735616,-0.89422834,-2.0621245,-0.31058782,-0.43543363,0.27797246,1.9727397,-2.4331996,-0.044784024,-1.5507812,-1.4428465,-0.8575108,-2.083352,1.6810436,0.09759391,-0.8500095,-0.9478959,-0.56702703,1.6646755,-1.9378957,1.5013181,-0.77611464,2.3737857,NA18637,1,CHB,2,1,1,1
28.942244,0.8991674,-8.48306,-8.1534815,-4.95112,-1.0001326,-7.5535603,5.3727784,-7.512214,-3.923652,0.27069324,0.2729398,-1.0344046,0.21272628,-0.051490474,-0.9995205,-0.70230687,-0.0731033,0.3012448,-0.753479,0.8089541,1.2094144,1.6558074,-2.1102953,-0.85417086,0.10214831,1.0690819,1.2257488,0.73330784,-0.06288208,-0.819563,-1.2326186,1.4712541,0.15514328,-1.0414174,1.6839986,0.007583468,1.1877458,0.8031662,-1.2796903,1.9565525,1.8988581,0.053509276,0.8689091,0.17374018,-3.085287,0.15250896,-0.6469008,1.0693988,2.288597,NA18594,2,CHB,2,2,2,2
28.999378,0.6817705,-9.020111,-7.2909894,-4.60578,0.51397926,-8.425732,5.389908,-6.9460087,-5.2172794,0.81378955,0.4109718,0.17816281,-0.12339615,-0.46217462,0.009457168,0.44621325,0.26135525,1.1750705,0.3687558,0.82186455,-0.29113266,0.084000155,2.237412,1.0579826,0.32293114,0.0324981,0.27058792,1.1167744,-0.31196374,1.4661274,1.2115841,1.740171,-0.7623397,2.2924886,0.8504122,-0.5885198,-1.815518,-1.5088689,2.6098282,3.046658,-0.22765405,0.5469855,-0.5483235,-0.21649283,1.1568679,0.2879016,-0.5014245,-0.056422047,0.0030571388,NA18792,2,CHB,2,2,2,2
28.235592,0.37038496,-7.789306,-7.3970323,-4.423535,-0.19069202,-7.6841483,5.131567,-6.3614564,-4.31717,0.18777181,0.9959224,0.64299357,-0.9312263,-0.46544436,-0.09356448,-0.7298175,-1.8681738,-0.28173423,-0.03879837,-0.3350389,1.032314,-1.3229157,0.027645452,0.6651321,-0.92115,-0.52080035,-0.04491942,-0.36874768,-1.151699,-2.4421353,0.78759074,-1.5291542,-1.524459,-1.1900642,0.09538634,-0.5398969,-0.33601764,0.47828403,0.36107972,1.061702,0.5365091,-1.706528,-0.5325756,1.1760104,1.3500289,-2.1920352,1.3037257,1.7077217,2.2575817,NA18795,2,CHB,2,2,2,2
23.168291,-0.91185796,-7.9471436,-7.4174557,-4.958695,-1.0219753,-7.3711686,4.6616693,-8.119614,-4.08831,1.5553765,2.4687498,-1.4538816,-2.002914,-0.31618288,-0.5041364,0.0947661,-1.0954545,-0.78887755,-0.5539478,0.16416235,-1.9628582,-0.6886265,-1.4427649,-1.2201374,-0.68701917,-1.9313945,0.8868221,-2.3154995,-3.4960296,-0.6708884,0.018469363,-2.2989686,0.757196,-2.2696354,1.294807,-0.45698592,-2.0518932,-1.2522944,-1.1462308,0.7957754,1.3419368,0.121928506,0.49260953,0.456235,1.5837644,-1.1376243,-1.1298395,-0.630808,-1.1127323,NA18794,1,CHB,2,1,1,1
29.091219,0.5023626,-7.436944,-7.932471,-3.8686864,-0.28466398,-7.699191,4.1824117,-8.569165,-4.3267856,1.1440401,1.0248586,1.19778,-0.10492873,0.62803227,-0.24559902,0.77820075,-1.4021521,-0.70299584,-3.3031666,-0.7111008,0.7936901,-0.53729206,-2.0444655,-0.7319424,-0.22087197,-0.3189302,0.06464882,0.45742044,-0.54179275,-0.1602822,0.4523931,-0.9982968,1.1860979,-0.37754375,-0.9742112,0.30398092,-0.3462944,-1.3442843,-0.24937274,-1.0393224,1.3872372,2.3701415,2.8452287,1.7055624,-0.07786532,-1.5721871,2.260205,-0.92932194,-0.22753544,NA18538,2,CHB,2,2,2,2
27.074629,-0.22960185,-7.5330386,-8.262806,-5.066487,-0.46799538,-7.5965767,4.8548503,-7.1393743,-4.2764034,-0.06267697,-0.17008397,0.9486351,-0.3740027,0.0018751726,-0.81127733,-0.79627013,0.26147348,0.6627481,-0.3367474,0.3087213,1.012783,-0.33893916,1.0204809,1.2908422,-0.61958426,1.0519118,0.1616009,0.06385099,1.1505771,1.2806921,1.6892141,-0.08410777,0.5866465,0.24540637,-1.3584543,1.2570838,0.8890746,0.19836284,-0.22104819,-0.680704,0.6550482,0.2787351,3.1998909,0.4372403,0.3172889,-1.6829479,-0.3978075,0.56867546,-1.0181772,NA18541,2,CHB,2,2,2,2
28.78997,0.2069161,-7.3105283,-8.0611105,-4.978682,-0.42574957,-8.375209,4.4798026,-7.3952446,-4.711743,0.18230195,-0.5335681,-0.8600247,-0.6593568,0.18433858,0.7658979,-0.7727204,-2.2023203,-0.9100256,2.0616748,-0.22983481,1.137105,-0.2107367,-1.9667919,-0.13717452,-1.65349,-0.36738724,-0.7255229,-0.87421715,0.6849639,1.3365027,0.80292803,-1.6369455,-0.30899465,-0.54700184,1.794092,-1.1269671,1.9237869,0.23854743,-0.35508776,1.2423408,0.5186462,1.8952483,1.3764877,0.22632894,1.6695261,-2.0502,-1.3541203,-1.1503812,-2.9460504,NA18580,2,CHB,2,2,2,2
29.369682,2.0077877,-7.691393,-7.536739,-4.200955,-0.10632426,-7.298729,4.872995,-7.6671066,-3.7446198,0.56236804,-2.7511833,-0.8801011,-0.024906874,0.7645566,0.45472598,-0.07405601,-0.033812787,0.55036443,0.1427766,-1.545075,-0.36803252,-0.46564406,-0.23683925,0.7484451,0.38147965,0.2355788,-0.48338082,0.6483129,0.36212537,-0.58756673,-0.39191574,-1.4888482,0.78549427,-2.3492193,-0.15156654,-1.7566258,0.07892202,0.26193488,-0.40701452,-1.5075448,-1.2226797,-0.8149884,0.7101255,-0.033126324,-0.3573728,1.5972389,1.8200603,1.5757456,1.6989397,NA18591,2,CHB,2,2,2,2
29.116282,1.0248197,-7.4670553,-7.9943438,-4.879374,-0.66111046,-7.7164655,4.7002606,-8.257188,-3.5757136,0.23629926,-0.6313461,0.2653125,-1.1229676,-1.3224552,0.70504117,-0.84170395,1.9493237,0.10538659,-1.0778947,0.08234809,1.2947896,-0.24546322,-0.3906392,-0.6797275,0.30045408,0.4608567,-0.17844303,1.4561863,-0.7300742,-0.07376354,-1.2044615,-0.1244344,0.37900466,2.06168,1.2634594,-0.7183818,0.58226025,1.1187161,-0.077063404,-0.6558535,1.1637262,-0.3899496,2.0216115,-1.2036691,2.3142195,-0.23918408,-0.1635268,2.703831,-2.3697715,NA18644,2,CHB,2,2,2,2
28.512274,0.5876144,-7.69929,-7.110242,-5.4860563,-1.7311506,-7.748497,4.6835666,-8.149877,-4.323055,0.9236329,0.9531686,0.14649478,-1.5581741,0.64386886,1.3160896,0.8940684,0.8480886,1.6402377,1.1942323,0.2997737,-1.2156485,1.5063984,-1.1831535,1.1260282,0.5734646,0.09984916,0.63069177,-1.1143014,-0.5026846,-0.62208307,0.024884831,-1.3251116,2.1259835,1.0415231,-1.8547558,0.7987074,0.07177831,-0.23553114,-1.9125298,-0.22627524,-0.16606945,-0.32186976,0.32850334,0.4346637,-0.9369577,0.72267395,-0.1876955,-0.7003988,0.81423193,NA18649,2,CHB,2,2,2,2
28.465286,0.032725852,-8.359755,-7.4426813,-4.704951,-0.21085252,-8.050023,5.233943,-7.9676847,-3.1998448,0.45127028,-0.4023681,0.38171953,0.2963572,1.052506,0.23848355,0.043537486,0.6718805,1.2139153,0.19142658,-0.25505993,0.36504826,0.69159144,0.5203344,-0.8308268,-0.9276779,-0.9337202,0.6535142,1.3729999,-2.5140007,0.8780814,-0.3530869,0.03323279,-0.010634445,2.3361888,-1.2698753,0.70684344,0.509331,-0.34413645,2.4144216,1.8244243,0.15747344,-0.4262174,1.9784658,-0.2212176,0.5266781,-2.142975,0.8428959,0.3850857,-0.8936428,NA18739,2,CHB,2,2,2,2
28.53647,0.41190007,-8.272276,-8.864572,-4.875577,0.21727397,-6.911354,5.8255124,-7.299747,-4.2791576,0.4621419,-1.2290205,-0.58762324,1.5772074,-0.1384246,0.046835896,1.4924344,0.7779928,-1.3112636,0.4627736,-0.5175605,0.026497692,1.8409753,0.80052876,-0.0037126162,0.32768974,0.19090123,-0.38230112,2.103414,-0.31309676,0.27345476,0.41927385,-1.4126735,0.29866678,0.7972742,1.280598,-0.17835775,-0.24361593,2.3225384,-0.35246027,2.078209,1.2907562,1.2051451,-0.1266888,1.2374561,-0.8357266,-1.7737559,-1.301005,-1.1116365,-0.19144137,NA18751,2,CHB,2,2,2,2
29.800177,0.16395976,-8.274011,-7.181951,-5.420384,-1.4525754,-7.5873165,5.6481614,-8.180118,-3.9355912,0.032723065,-0.0069630635,-1.4100353,0.6821786,0.18362701,-0.7384644,-0.24831302,0.8067422,0.48603,0.24316944,-0.2628155,-0.19574054,0.41685972,0.41397554,-0.036143623,-1.8443477,0.42287278,1.24308,0.5639362,0.8611287,0.41310284,0.20921136,-0.7181886,0.7961467,-0.20907854,-0.4655009,0.29899088,-1.4655867,-1.7668544,-1.3692048,1.474924,0.90123683,-1.0734186,-1.4966553,2.5815425,-2.016183,-0.8500099,0.34445083,0.58776134,1.867064,NA18752,2,CHB,2,2,2,2
27.896486,0.8480989,-7.678684,-7.6847806,-4.4334207,-0.3205764,-7.60709,4.9226084,-8.050087,-3.3881466,-2.1941948,0.62978876,0.90996486,1.4736265,0.48090172,-1.5378478,-0.45595965,0.22983779,-0.55580515,1.384113,-0.08911332,1.2169569,0.6449475,-0.66896343,0.7976987,-0.1859023,-1.0195887,1.3000807,-0.62817985,0.327529,1.0427573,1.6131437,0.57021755,-0.85859245,-0.501577,-1.4701334,-1.9114113,1.5211375,0.9714734,1.0059814,-3.1331751,-0.89072347,1.4288911,1.9916734,0.35611963,0.25358313,-0.20639433,-0.9081965,-0.052499324,-2.4737206,NA18763,2,CHB,2,2,2,2
24.936134,0.8535566,-8.071254,-6.3032484,-4.2131147,-0.86418563,-7.7306647,5.0749207,-7.638929,-3.8884969,1.0389601,2.0869057,0.33410728,-3.1669245,1.6017685,-0.4857432,0.39383414,-0.4726998,0.45096055,0.88626254,1.4724677,-1.6568283,0.622904,-1.2234545,-0.24363425,-0.5178703,0.22469388,0.4663049,-1.2501179,0.8152497,0.19691259,1.729072,0.83275455,0.10777591,1.3759407,1.4538965,-0.98573226,0.46908608,1.205435,0.9064258,0.03782016,0.59027314,0.021819295,0.20333032,0.686425,-2.160484,1.9662488,1.2851192,-1.6366303,0.14179778,NA18769,1,CHB,2,1,1,1
28.715973,0.9462198,-7.7270365,-8.849244,-4.855239,-0.87762874,-7.550884,5.9046984,-7.3994527,-4.457536,-1.0649043,-0.8790539,-0.025078,0.25982276,-0.3852043,-2.1670592,1.0407826,-0.8893858,0.1963683,-0.91075367,0.0442387,0.28647193,0.033208575,0.64889085,1.9464976,-1.4342617,-1.0658399,-0.12396912,-1.7034836,0.7917406,-0.554223,-0.21265091,-0.21996945,-1.9986306,1.810654,-0.087833695,-0.7698369,-0.021236794,0.78707564,1.3488673,-0.64136535,0.09338603,-2.8342938,-2.914729,-0.40218917,-0.32617182,0.77949506,-2.0424385,-0.69493395,-3.5487103,NA18771,2,CHB,2,2,2,2
24.69181,-0.2023885,-7.154069,-8.303511,-5.148742,-0.24492525,-7.8773756,5.0640664,-7.962492,-3.9226956,0.3490501,3.237761,-0.24593519,-2.7599638,-1.2976228,-0.3724756,-2.845432,0.17642711,0.4074329,-0.03314684,0.14586848,0.8851359,0.73219734,0.15262094,-0.50979495,1.179161,0.32544163,0.17773598,-0.8296689,2.130218,1.2697896,2.0727005,0.5063877,-1.0439069,-0.5882043,-1.0400215,0.27096453,0.56059796,-2.227535,0.2836611,1.5134162,1.2458074,-0.88883185,0.34666383,-1.5505376,0.75911325,1.43178,0.0057433136,1.3684254,-0.05528902,NA18773,1,CHB,2,1,1,1
29.536789,0.8067701,-8.315444,-7.928884,-4.7557187,-0.895548,-7.3064766,6.4376507,-7.2447515,-3.9216201,0.53341544,-0.44450983,-0.28145406,-0.9868939,0.614105,0.82668424,-0.31103176,0.05790943,-0.6046044,0.48197582,-0.9159155,-0.4569299,-0.1807635,0.8521625,-0.5138275,0.7453981,-0.63445336,-0.96417075,0.08146933,0.028886033,-0.07487598,-0.87760454,-0.22097366,2.096756,-0.80249476,-0.8199373,0.31657374,0.62997764,1.3972311,-0.6136284,-0.4848468,0.026564622,-0.9618119,-0.81129766,-1.003082,-0.26328906,-0.49850714,-0.7830093,1.3101724,1.0995071,NA18774,2,CHB,2,2,2,2
29.316822,0.15277909,-7.270761,-8.270911,-4.2501655,-1.114165,-7.704543,5.4350743,-7.132056,-4.066031,-0.45710206,-0.2936582,-0.4857799,-1.0045875,0.16984242,0.69986075,0.82335174,-0.27862376,0.7550128,-0.32237217,-0.23952977,-0.8768621,1.7670188,-0.14692439,0.47317812,0.79160386,-0.5207291,-2.3250551,0.2628917,-1.4679855,-1.0454892,1.0881984,-0.31839314,1.3512238,-1.3696017,1.0635145,-2.1239262,0.10678788,0.6398821,-0.10037022,2.138282,-0.52108663,-1.2558999,-2.0561078,0.74937254,-0.32669118,-0.7585378,-0.39103362,1.314963,-0.22131535,NA18779,2,CHB,2,2,2,2
29.571463,1.0933897,-8.579114,-7.872331,-5.331961,-0.32931894,-8.376234,5.2236958,-7.329593,-3.977377,0.56152606,-1.219211,-0.67446095,0.4291879,-0.5384602,0.10936217,1.0608264,-0.6230142,-1.3383328,-1.6628346,-0.5877644,0.580057,-0.23719463,2.0416806,0.4819342,-0.03742398,0.8247297,-1.3560328,-2.4541714,0.04905813,-0.43301967,0.42621374,0.6511298,-0.46626365,1.1057326,-2.856503,1.163635,-0.5025691,-1.4613777,0.8422982,-0.2809298,-2.6686602,1.8507881,0.9227495,0.36424232,-3.4238863,0.70274264,1.2086272,0.19313417,0.21187933,NA18780,2,CHB,2,2,2,2
30.140211,0.6914321,-7.117965,-8.382048,-4.2851763,-1.2504095,-7.859233,5.392767,-7.223365,-4.1462464,0.624009,-0.7040406,1.283592,1.3854892,-0.12146088,-0.85310304,0.55208504,-0.24585167,-0.46751717,1.4203508,0.95904684,-0.6225272,-0.6207376,0.3310801,-1.3684875,-1.8308284,0.591426,-2.3501499,-0.55928224,3.6127336,-1.1060938,-1.5587325,2.2596066,-0.16290817,-1.0050852,-1.456137,-1.1187644,0.6008836,0.016392864,-0.019391075,-0.46081474,-0.9872593,-0.034026064,1.6426895,2.5034962,-3.3766065,1.8538498,0.00058321597,0.62599576,-0.1535243,NA18525,2,CHB,2,2,2,2
29.281729,0.14072782,-8.2668295,-8.853403,-4.86277,-0.31613195,-7.7934575,5.2088,-8.431438,-3.8691714,0.625062,-1.2399364,-0.1894161,0.76504153,0.18849157,1.9033446,-0.45916837,1.0122023,-1.2866952,-0.17652309,-2.2027564,-1.3921514,-1.5647006,0.09757505,-0.20196436,-0.85328895,1.0166447,-0.3369873,0.6537764,1.0074987,-0.5390442,0.8521005,1.0710082,-0.7271442,1.7776426,-1.214993,0.26823708,0.2208422,0.9084083,-0.66246855,-1.1157291,0.30532494,-0.36862564,-0.23083168,-0.6516031,0.66602325,1.524651,-0.22576645,0.58567345,1.2459329,NA18553,2,CHB,2,2,2,2
28.984877,0.57673514,-8.320418,-7.42553,-4.535876,-0.84574103,-8.151655,5.136833,-7.59595,-3.8190486,0.86886764,-1.758373,1.2748599,-0.15844426,0.115967326,0.29780936,0.7352921,-0.067839175,-0.08935407,-0.60656124,-0.51153207,0.1878503,-0.3006626,1.6255872,-0.7696332,-0.83322805,0.743359,0.11284362,-0.46284872,0.40667883,0.5478961,-0.7052007,2.8806703,-0.3508546,1.9802346,-1.0410419,1.8330817,-2.00571,-1.3791908,-0.14338101,1.2964894,-0.107930556,0.3914509,-0.7946037,0.5781863,-1.1485106,-0.7562877,1.9534049,-1.7605823,0.15762798,NA18567,2,CHB,2,2,2,2
29.08341,0.7591256,-6.705131,-9.179677,-5.1952734,0.047665715,-7.3173747,5.2490554,-7.817309,-4.93243,-0.39735612,0.6991993,-0.70490724,-1.226958,-0.32575297,-0.22310217,0.6574579,0.39277595,0.49588546,-1.652287,-0.5832863,0.8051174,0.020083737,0.67997557,0.08562631,0.55702186,0.7755232,-0.4318881,0.2296865,1.3956869,-2.0932505,0.8763198,2.3022625,-0.44443902,-0.9510924,-0.57099164,0.2704872,0.54072064,-0.38145918,0.81385446,0.39088377,-0.44152454,0.21657416,-1.1287856,-1.1033183,-0.3536312,1.3040365,2.2911766,1.9247341,2.290295,NA18569,2,CHB,2,2,2,2
30.942158,0.83418816,-8.021518,-7.9983687,-5.6242228,-0.32514256,-8.14345,4.260249,-8.976336,-3.532666,-0.33338836,-0.19911742,-1.1381148,-1.3758798,1.0199807,2.3409638,-0.7834955,0.05945869,-0.37312904,0.64868283,-0.39663154,-0.7718994,2.805864,0.670095,-0.2485053,-0.14146712,-0.31914398,-0.3487068,1.9520607,1.0036958,-0.52098465,1.2497703,3.0465586,1.4952346,0.40590206,-1.0908127,0.27058774,-2.032611,0.3734456,1.9212124,1.3943198,-0.6003366,0.34845793,-0.5126022,-0.38981137,0.06605099,-0.15145673,-0.23640932,0.3718366,0.6924895,NA18583,2,CHB,2,2,2,2
25.767443,0.95358485,-7.120652,-8.6835575,-3.9726224,-1.0576849,-7.3735056,5.475824,-7.6323166,-4.303569,0.17730492,2.477302,1.764943,-1.3816932,0.46562186,-0.16974032,0.8180474,0.101443395,-2.149801,-1.7957586,-0.32507077,-0.49318528,-1.6702062,-0.7696,-1.8248372,-0.7744007,0.2646455,-1.0513867,-2.1728795,1.1449356,-0.7967304,0.3611482,-1.8203421,-1.0392088,-1.5062985,1.1330613,-0.4938769,0.19789238,1.599875,-0.68912184,-1.2179452,-0.23447037,-2.3975227,-0.44150957,0.6692448,-1.051791,1.9337898,1.9793375,0.22158,3.1825924,NA18629,1,CHB,2,1,1,1
25.273474,0.6947722,-7.1917686,-7.09398,-4.758787,-1.2489445,-7.3884287,5.3792768,-7.44647,-3.9527686,0.39596412,2.107239,-0.6637348,-3.01643,-0.20445916,0.43585616,0.624603,-1.0748045,-1.7871376,-0.4613947,-1.3525472,-0.9028942,1.5508631,0.38778502,0.17510964,0.39640445,1.2988653,1.082439,-0.8001662,0.13442314,-1.4621052,0.95051503,-0.47475788,2.5446012,-2.621069,0.51395005,-0.49611193,0.68298805,-1.6157387,2.2455287,-1.8154494,0.42080057,-0.34148186,-1.2115285,0.54877156,1.7043655,1.7402172,0.15188095,1.0092452,1.5289932,NA18648,1,CHB,2,1,1,1
28.853474,0.7999119,-8.591923,-7.530889,-4.636647,-0.118639305,-6.511663,5.714198,-7.73701,-4.979555,1.786471,-1.4554441,0.8721634,1.1800271,1.3463844,1.2097083,-0.2430374,-2.289827,-0.8941769,-0.25005263,0.78707975,0.61007124,-0.21772332,-0.7972369,0.21912166,-1.3074825,0.1344527,0.31992593,-0.28821704,-0.26841062,0.4708122,-0.68816733,2.1325986,0.48984426,-2.0582478,0.20507737,-0.32314003,0.7664626,2.1585045,1.4214144,1.6233692,0.2538153,-1.3525594,-0.2966497,-0.65020794,-0.41938367,1.9817392,-1.788463,1.213679,-0.5781471,NA18741,2,CHB,2,2,2,2
28.575838,1.52878,-8.346653,-8.349268,-5.3878493,-0.6331566,-6.970323,4.3025837,-7.3747087,-4.228138,-0.5658775,-0.37278837,0.57920265,0.9143373,1.1973071,-1.0125875,1.1107925,-1.2115649,-1.2430109,-1.7502466,-0.9602897,0.7035754,1.1669179,-0.8683893,1.7239616,-1.4765701,0.37418637,0.7433987,0.057449188,-0.09905476,-0.2771775,0.45462462,-0.15735856,-0.8305258,-0.3559454,-1.32997,0.60448676,0.52746207,-0.046375148,-0.93855524,0.010416253,-0.04659496,1.1882999,-0.13077825,3.1907802,-0.033163268,-0.73935384,2.2815857,0.50731975,-0.8933634,NA18742,2,CHB,2,2,2,2
29.005651,0.1315822,-9.181922,-9.159581,-4.3357873,-0.20439866,-8.400681,5.405216,-7.4840446,-3.4364464,0.4293531,-0.5102113,-0.32312137,1.1778399,0.21440552,0.89267004,1.3780836,1.6082563,1.2061929,0.6901204,0.28205636,0.5309125,-1.9514905,0.2054155,2.0728276,-0.52083695,0.544184,-1.5839329,-1.0823025,-0.516753,-1.3483545,-2.420895,-0.09506566,-0.45809627,-1.267368,1.0431403,-0.84188324,-0.94801116,-2.3239086,-1.4556845,-1.9855205,-1.4367384,-0.14669764,-2.2406943,-0.35423282,2.5425715,-0.36283332,1.1362091,1.9529257,2.735817,NA18743,2,CHB,2,2,2,2
29.386913,-0.17260876,-7.093632,-7.9073,-5.3138204,-1.2530619,-7.880947,4.812853,-6.92833,-3.9096994,-0.17450087,0.75151575,0.013360472,1.1551175,1.476869,-0.8075366,-0.10432859,-0.17688347,0.780846,2.4445136,0.59740436,-0.71107674,0.52825737,-1.5782878,0.97120535,0.66587514,1.9583453,1.8365564,0.7771621,3.0991652,-0.7881735,0.5868292,-1.1198456,2.81393,0.16016985,-0.87584686,0.55652076,-0.95956653,1.6473758,0.8948047,-1.5498539,-0.4121297,1.4840496,1.8111113,-2.6808803,0.32009506,-0.93908846,0.07259721,1.2541827,-0.7897392,NA18755,2,CHB,2,2,2,2
28.33594,0.8170084,-7.9905314,-7.733957,-6.0010796,-1.4451045,-8.023018,5.211227,-7.1209865,-3.5557778,0.23567945,-0.85276175,-0.08462601,-0.19932964,0.27073577,0.7568295,0.6399368,0.4178024,-0.36352345,0.39491093,0.55473226,0.3960599,-0.9756201,0.17527694,1.3172373,0.1260726,-0.5075623,0.5215823,-0.30395526,-0.39655596,-0.4157146,-0.24427047,-2.2588243,-1.0643713,-0.54813135,-0.61074376,-0.35517493,0.50028634,0.9000715,2.3505924,-1.8911746,-1.1866075,-1.4852136,-1.0788882,0.6257828,-0.25111493,-0.1367181,0.89432,0.1704055,0.14426038,NA18758,2,CHB,2,2,2,2
30.521473,0.67154557,-8.992656,-7.8348045,-4.806484,-1.4364065,-7.317039,5.398256,-8.276108,-5.0645723,-0.3738484,-0.78985655,1.2299083,0.6398456,-0.013183648,1.3087518,-0.8232689,0.7991059,-0.623069,2.2348979,0.48159903,-3.4818377,0.44880402,-0.0706204,0.48065588,1.5472833,2.6425662,-0.15829833,1.3339483,1.3805157,0.16753578,-1.2202153,1.8009112,-0.14050834,-0.71924645,-1.0389221,-0.4220035,-0.19779256,0.10933898,-0.09175773,0.37592986,-1.7022253,-2.1086824,1.0229306,0.67486,0.67129105,-0.20697768,1.7760038,1.2268951,-1.1589292,NA18759,2,CHB,2,2,2,2
28.054647,-0.44629306,-7.5662203,-8.726838,-4.461949,-0.5748145,-7.8646054,5.080422,-7.514557,-3.9729724,0.78420687,-1.9803398,-0.038195297,-0.029155927,-1.0991337,1.0372283,-0.30764362,-0.3977988,0.37640968,-1.6036161,-0.41332814,-0.3168824,-0.4010903,-2.0436814,0.45355448,1.8284222,0.21390912,-2.1287134,-2.6581156,0.37860706,-0.8123836,-0.20459116,-0.5911958,-0.6282353,-0.4799188,0.10300307,-0.11177147,-0.54860693,0.23615676,0.047917504,-0.79533935,0.594599,-1.1751345,-0.7397994,-0.55022424,-1.2405367,0.95197505,0.5272086,-0.15116036,0.18558118,NA18760,2,CHB,2,2,2,2
25.28731,0.14165767,-8.02647,-8.248119,-4.888898,-0.5649103,-8.077198,5.4207163,-6.4201612,-4.2601237,0.037268814,0.95301604,0.7595842,-2.6104164,-1.1720892,0.6660521,-1.1111794,1.5576425,-0.24573332,0.20464456,0.34358424,0.21512581,-0.71813285,1.1483747,0.45600724,1.3425134,-2.4645026,-1.116254,-0.90411824,0.17807038,2.3822935,-0.2603345,-0.11130434,0.041753042,-0.16130555,0.40958267,0.846158,-0.19959323,-0.23091456,-0.47624022,2.697012,-0.7344815,0.09938096,0.22936907,-0.3600749,1.6266605,0.5356223,1.5768119,1.0836138,1.3722359,NA18761,1,CHB,2,1,1,1
28.573,0.37298912,-7.335178,-7.7366576,-6.2520967,-0.62545645,-8.755881,5.600505,-7.853478,-4.04795,0.28404406,-1.0615929,0.05110052,-0.1174915,-0.13333924,0.08717375,0.15919022,0.21796851,1.9431034,-0.79844236,-0.7013114,-0.6494244,-0.8452979,0.11782275,-0.6437146,-0.12724252,-0.72397506,-2.2771316,0.4490993,-0.6007806,1.1116363,0.11760283,0.17946744,-0.18531474,1.1983466,-1.2181798,0.8543744,0.9463532,0.049935326,2.207456,2.2408624,0.3814224,0.36101934,0.83713084,-0.43956196,2.230827,-0.7771535,2.8569741,0.8313788,-2.2623808,NA18762,2,CHB,2,2,2,2
24.347778,0.3964137,-7.2802963,-7.098972,-5.4606237,-0.8685561,-7.9127584,5.811124,-8.247005,-3.470033,2.0923066,1.1684965,-0.7868269,-2.6397994,0.08567969,0.93681943,-0.17050268,-1.5681206,-0.004395624,-1.1792958,0.7172598,-1.2120544,0.07052647,1.1202754,-0.41252315,-2.015803,-1.735994,0.6653212,0.49770805,-0.33465537,-0.3686572,0.44874355,-0.5939929,-1.7831975,0.23629288,-0.2678569,-0.13639867,1.9310055,-0.7817527,1.1531636,-1.7485924,0.0064229607,-0.5467659,0.081034556,-0.52816266,-0.31758228,0.19115219,2.3723388,-0.75863737,-1.1514614,NA18765,1,CHB,2,1,1,1
27.37055,1.570592,-7.645948,-8.246991,-5.100372,-0.2240782,-7.2305326,5.8518057,-7.4903073,-4.1151834,-0.12045563,0.92397094,1.2628148,1.4403231,1.6825457,0.118444405,-0.26666218,1.1919627,-0.08404087,-0.4537085,0.6783908,0.19790998,1.7089472,-1.1127672,0.5900337,-0.32161877,0.07525448,0.3030421,0.61983377,-1.5711018,-0.6471689,0.7705597,-0.9962599,0.40604708,-2.524408,-1.8477634,0.7312534,-0.5961112,-1.7170548,-0.5990069,-0.88450116,-0.9639615,-2.226877,-0.29365784,-0.24205342,-1.1505041,2.01556,0.37902862,0.22272474,1.0833917,NA18777,2,CHB,2,2,2,2
25.871613,-0.73471415,-7.3572288,-6.4157934,-4.3449154,-0.3065065,-8.359376,5.185353,-7.207533,-4.966962,0.7557142,0.8505329,-1.8211343,-1.8894573,-1.6126045,0.63512534,-1.5979855,-0.35872346,0.7063038,0.69437325,0.6620116,1.5686853,-0.93905556,-1.0786048,-0.1616643,2.0063262,-1.6953478,0.2745536,-2.1718092,-1.8615295,-0.3439473,1.2907563,-1.7491217,-2.57095,-0.40632257,0.7298985,0.0046306704,0.9743068,1.1624223,0.86495256,3.9696174,0.12836003,-0.15468876,0.21814446,0.30592158,1.1596848,-2.1619167,-0.8375329,0.65136915,-3.1716375,NA18783,1,CHB,2,1,1,1
24.456678,-0.8612825,-7.4652176,-7.7024083,-4.817242,0.31125492,-6.5429993,6.1987433,-8.042725,-3.5106285,0.9960062,3.615592,-0.04216255,-0.6095335,1.08648,0.46386078,-0.95722216,-0.09843337,-0.2868046,-0.568191,-1.2529131,1.2998037,-0.38264352,-0.31831017,-1.148071,0.40992966,0.043392148,1.1205106,0.76034284,0.77134275,-1.4064945,-0.77494,3.1379478,-0.41604075,-0.13061704,-0.25708708,0.36570898,0.74250567,-0.5070066,2.6917748,0.9488104,1.6094774,-0.46614227,0.45541975,-1.7616764,-0.3225838,1.6153202,-0.117204495,0.68474615,1.5967436,NA18787,1,CHB,2,1,1,1
28.910244,-0.3267422,-7.8611975,-7.5458517,-4.8598332,-0.39813304,-7.567523,4.7677813,-9.325533,-4.243012,-1.1563709,0.6343139,0.70604557,1.5959597,0.30773786,1.0744926,-0.9822979,0.4232829,-1.2368944,-0.8013317,-0.38649407,0.51138026,0.80241114,1.8377355,-1.2876654,-0.6676678,-1.5298249,-0.049243506,1.8529766,0.88158077,2.4056544,-1.4604762,0.63326627,1.9017342,-1.0869169,0.3473453,-0.15858285,-1.6361848,-0.6494739,1.0187901,0.16558266,3.0034597,0.33670405,-0.9833562,-0.980427,2.5871978,-1.416034,-0.53022516,0.5452849,-1.3162324,NA18790,2,CHB,2,2,2,2
28.66615,-0.10081407,-8.423861,-7.0884876,-4.663315,-0.77542996,-7.749589,5.396785,-7.915008,-3.10401,-1.0374992,1.9772162,1.4209988,-0.12869805,0.7078544,-3.3919487,1.4408476,-0.8210855,-1.0054516,0.7790419,0.7292306,0.9269026,0.13034473,-1.3344917,0.6932863,-0.67452466,-1.9265355,1.0845141,-2.4034605,-2.143944,-0.9569028,0.43264407,-0.7242902,0.7407719,0.47210672,-0.78481734,-0.63425577,0.20081936,0.92991567,1.4784874,-1.2248735,-0.54666245,-1.8612272,-0.35852203,0.3549822,1.2428848,1.9275919,-0.8209277,1.1550211,-2.4727755,NA18527,2,CHB,2,2,2,2
28.487043,0.8489832,-7.88099,-6.7767076,-5.0352545,-1.1443505,-7.3499947,4.460693,-7.5234046,-3.5371234,0.35920212,0.49335045,0.26417774,0.61262006,-0.67645216,-1.4414285,-0.58574253,0.46053934,-0.27478418,0.16310687,-1.4388057,0.79307467,-0.3213082,0.85370994,1.0958949,0.15812768,1.178389,0.41147897,0.7496477,0.8221538,0.47615337,-0.20969138,-1.1907898,-0.9214578,-2.0861936,3.2546515,-1.3035651,-0.09529305,1.6184618,-2.4374728,1.6913168,0.06874792,-0.34633553,-2.1149628,-0.002268757,2.1252754,1.9657981,-1.7827489,-0.5266694,0.9843515,NA18528,2,CHB,2,2,2,2
28.116901,0.7248786,-7.96322,-7.489455,-3.9555488,-0.8754007,-7.9566336,5.1057634,-8.252619,-4.020703,0.43508315,0.116318956,0.7675757,0.49622187,1.0163059,0.4081373,-0.354704,1.5142351,1.1619813,0.24613419,0.032196537,-1.0187562,1.2422174,-0.27079314,-1.4864421,0.7576699,-0.38747132,-1.8915255,1.6936136,-0.56276715,0.8941937,-0.6034551,2.1975372,-0.1326264,-0.44292814,0.47725797,0.8636787,-0.34769595,-0.30111203,0.31672874,-0.6916922,-0.13888542,-0.73514193,1.2079152,-0.2128049,-1.3458556,-1.3922523,-1.6726547,-1.8165613,-2.0323658,NA18531,2,CHB,2,2,2,2
30.283863,0.22734822,-7.2737885,-9.069126,-4.687814,-0.03202225,-7.709295,5.685777,-7.047382,-3.2369516,1.0309306,0.3852581,-0.9693915,0.9979303,-1.6404823,0.08377305,0.23683278,0.17706044,0.8282131,-0.23550826,0.4358622,0.13075706,-1.457618,1.7852341,-0.36640993,-0.67351377,0.5852443,0.01752864,-1.6288445,0.98385805,-0.29151887,-1.2558511,-0.132615,-1.2263342,0.34644982,-1.3198267,0.6053566,-0.5365505,-0.1687323,-2.8415666,0.964576,0.0985959,-0.8722135,-2.7889855,1.7870724,-0.38628528,1.5376034,-1.065223,1.3158907,1.268716,NA18533,2,CHB,2,2,2,2
28.448938,-0.24437355,-7.369083,-8.230777,-4.87061,-0.36149904,-8.286335,5.367195,-7.9036565,-3.5193822,-0.52898926,0.87189853,0.9818214,-0.6980081,0.9654784,-0.34404927,-0.41427243,0.23113355,-0.5544697,0.9837014,-0.46846372,0.49860954,-1.1752622,2.576314,-0.9359154,-0.5446732,0.97868335,-0.8666587,1.5523751,-1.6932099,0.3690627,0.19007212,0.19328822,0.023231313,2.3448334,0.31807458,-1.7465911,-0.2862225,0.45137247,1.1214163,0.60244626,-0.7714936,0.09342024,-1.1982936,1.1539847,0.52458024,0.15343243,-0.7947417,2.343233,-2.6004477,NA18560,2,CHB,2,2,2,2
28.874966,0.14622054,-8.500971,-8.186385,-4.6482997,-1.3729581,-7.897784,4.496515,-8.344311,-3.6331515,2.438205,-0.83659947,0.34447026,-0.34461233,0.17305413,-0.044134233,0.12102086,1.9150287,-0.81557286,-0.22861603,-0.69247293,0.16005766,0.9407041,0.9117258,-1.1347514,-1.8182368,0.18405598,-0.3230458,2.1424882,-1.1459142,-2.3289673,-2.135201,0.28455466,0.2628437,-1.433333,-0.20582256,-2.3564813,-0.29604137,0.12413485,1.3687497,2.5962744,-1.4550456,-0.8655172,0.6207729,1.8610332,-1.3758698,0.7368582,-1.3698373,-0.043513108,0.33090326,NA18750,2,CHB,2,2,2,2
24.21602,0.07871545,-6.7179675,-7.9124355,-3.9535127,0.26501974,-7.510248,5.6703253,-7.8661532,-3.2107842,2.419322,2.5727298,-0.7126345,-3.760498,0.046574067,0.14526945,-1.0422515,-1.0011504,-0.64132094,1.307683,-0.4741823,-1.1143087,1.0462687,-0.22455132,0.26684934,-0.038846083,0.80574536,-0.47613335,1.9038818,0.928261,-0.71264917,0.529844,-0.065546125,0.5833967,0.48735005,-0.9539503,-3.0963287,1.5006348,1.4399704,2.6684635,-1.6287938,-1.486329,-0.75424105,0.16149276,-4.093922,0.7109627,4.091005,-0.7490964,3.2473025,-2.0560753,NA18772,1,CHB,2,1,1,1
29.685543,0.8575819,-7.852569,-7.3581276,-3.3315876,0.11551116,-7.8139963,6.007154,-8.024244,-4.2239037,-0.19068031,-0.21388191,-0.07352612,-0.6855574,-1.4669814,0.37181696,-0.63960534,-3.0366294,2.0042262,-1.4287877,-1.0642618,-0.3346482,-0.5528874,-1.0205032,0.31857416,-0.65533125,-1.0381806,0.049030088,-1.0413392,0.7117338,2.4860284,-0.5125766,-1.4286768,-0.5804951,-0.18919747,-1.1102331,0.1095,-0.08579695,0.28119034,-2.0099068,-0.080278985,-0.5045306,0.88270694,-0.79831713,-1.3192257,0.33360612,-0.48583156,-0.023377592,1.8400284,0.25100774,NA18778,2,CHB,2,2,2,2
29.232956,-0.14060046,-8.262468,-8.015668,-5.20042,-0.74082315,-8.134417,4.5978603,-8.122767,-4.195617,0.3699392,0.9912318,-0.5757858,-0.33866408,-1.3456671,0.75346935,0.26977715,0.4938276,-0.25609115,-1.440753,-0.5883165,1.2359738,-0.84485036,1.2572981,0.7609988,-0.46711987,-0.6546294,-1.0399051,-0.8311271,0.25232688,-0.34584484,0.6713893,-0.036522657,0.556306,1.4821886,0.6253925,0.91400236,-1.1495101,-1.075607,-1.9336288,0.21861993,0.6490952,-0.17788869,-3.30428,-0.7481806,-0.25155243,-0.82066464,1.624719,-1.8745885,-0.26432765,NA18784,2,CHB,2,2,2,2
29.719875,-0.5971788,-7.502265,-7.029802,-4.8722835,-1.3667386,-6.999865,5.3203154,-5.926002,-4.495779,-0.0876057,-2.326251,-0.98349917,1.2153554,0.6414465,1.2993854,-0.2207356,-0.6464335,-0.88469124,0.023215491,2.0378199,0.18809631,-0.09126085,-0.982948,-2.2117288,0.48927724,-0.42287546,-0.4169243,-1.4993426,0.42953876,-0.13973117,-1.0365078,-0.26060376,1.0894476,-0.313659,-0.4121041,1.4945252,-0.7052775,-2.345845,-0.99855614,1.9463915,-0.041903745,0.48642653,-2.5931025,-0.68181026,-0.5514214,-2.751263,-1.3075155,0.26020283,-0.6998985,NA18785,2,CHB,2,2,2,2
23.801502,1.1948065,-7.55412,-7.4285817,-5.1963205,-1.6609327,-7.7836337,5.2766485,-7.829781,-2.994362,1.9325843,0.8284123,0.87847817,-2.056172,0.4872912,-0.63764703,0.6429331,-0.13423501,-1.2041316,-1.1225277,-1.2887493,-0.0765007,-0.98585,0.07020798,-0.23283097,-0.2505718,-1.5472425,-1.1590731,-0.72904265,0.45419362,-2.786334,0.37725872,2.0361226,0.8879949,1.1969324,-2.155762,0.03690951,-0.4475905,-2.0442924,-1.9802511,-1.1814753,1.0695595,-1.327098,0.86317563,0.41279346,-0.29302648,1.9924604,-0.8685871,0.77396244,0.9593457,NA18798,1,CHB,2,1,1,1
28.86701,1.3496926,-8.502024,-7.998611,-4.530716,-0.7583506,-8.154918,5.1438394,-7.848484,-3.8582137,-0.12827319,1.4859014,-0.7650912,0.21728337,0.2952703,-0.03683013,0.7025874,0.03072544,1.016118,0.30597982,2.0672832,-1.0649832,1.9933397,0.5127302,-2.2616696,-2.1444507,0.87393045,0.2782642,-0.0654073,-1.136904,-0.16686493,-2.3718853,2.0509663,-0.028022153,1.6856247,-0.7012721,1.5370411,-0.63588727,-2.0434446,0.24941978,-0.8969779,-2.2893372,-0.31689477,0.7289237,2.1037784,-0.024097074,-0.4530442,1.1561542,-1.6869406,1.762292,NA18539,2,CHB,2,2,2,2
28.941721,0.5473878,-7.5478363,-8.207228,-4.767043,-0.7205579,-7.0650415,5.2145452,-8.281989,-3.4495459,0.9628216,-0.14405644,-0.5544024,0.7107453,0.9583689,-1.4738379,-1.1831427,0.414208,-0.260399,0.40023434,0.41960776,-1.2185369,-2.2025392,0.996318,-1.1461238,-1.4594396,0.03506066,-0.5486948,1.8132652,0.74290097,-1.2052609,-0.1966711,1.880477,1.0140674,-0.43972453,-1.7148753,1.8055396,0.33410168,-2.0260394,-0.1793267,-2.787726,0.8284651,0.57047075,-0.9345328,-0.09542761,1.2180456,-2.22241,-0.03814078,1.2146809,-0.2816081,NA18568,2,CHB,2,2,2,2
-15.576332,-10.178719,-10.113638,-10.242504,-1.9444715,-4.0073085,-0.53250617,-2.0455148,-1.0164998,-0.100633994,-2.4600747,-3.1249473,-1.0255375,2.1403131,-1.5984558,-0.8332688,-1.7511128,1.4616629,0.56799805,-0.7458474,2.7098126,-3.3071194,-0.18863277,0.94317544,0.21389392,2.1342,4.612067,-0.5522985,0.2818297,2.4677575,0.9135713,-4.144159,1.1457456,-2.1745028,0.23711558,5.155329,-2.674683,0.045118622,-1.6232761,0.7117497,1.0807264,2.797304,0.9392263,-1.4001902,1.9641944,-0.16009052,1.2603477,4.0571203,-1.6443998,2.347158,NA18488,2,YRI,10,2,2,2
-21.86261,-11.510502,-9.577051,-10.159062,-0.8428323,-2.0326207,0.35491288,-1.5154161,0.4599383,-0.4509551,0.96357375,0.9236757,1.689123,0.72188747,-0.009153885,1.3294224,-0.28489235,1.1290437,-1.3183697,1.5514791,3.1771767,0.45432493,2.8764794,0.23094593,2.7366514,-2.3812566,-1.0476271,2.2227137,0.028311184,1.7840207,0.10549103,1.4573749,0.148587,-1.6243393,-0.041923232,0.20430885,0.9388721,1.5833583,1.391207,-1.225132,-1.5910139,-1.2149285,1.3720729,2.7282023,1.4954228,-3.8687308,-3.4205039,-2.52158,4.4053564,-1.1826487,NA18519,1,YRI,10,1,1,1
-17.031017,-10.949797,-10.491565,-9.972882,-2.0310955,-2.069728,1.8056152,-0.17434835,-0.06558403,-0.5239337,-1.556584,-0.4983634,2.611954,0.8791058,-1.1244698,-0.23844995,0.48261353,2.72363,-2.8436856,0.7647488,1.0093628,5.1402426,2.4810898,1.7740067,7.0620484,-0.85688084,-2.9149125,-4.9225435,5.0496135,-0.7770892,1.1240422,3.8402448,-1.3073732,-0.6810836,2.8830492,1.6836915,5.8206773,4.4999094,-3.8434012,-2.3012702,0.8537621,-0.71740556,-1.0354571,0.6552314,2.1487248,1.0583879,-1.8581523,5.1439586,0.7319538,-1.1958904,NA19185,2,YRI,10,2,2,2
-19.973747,-11.622807,-10.436047,-8.772038,-0.11757408,-2.6501992,0.97466993,-1.3083192,0.13293903,-0.9358597,-0.8231649,-0.53797823,0.9472636,-0.49796802,1.0935571,1.1860012,-0.13216957,0.22964087,-0.45786822,1.3254354,0.91549754,0.6064231,-1.2341918,-0.25388527,1.6210597,-2.0694797,0.13988106,0.68837684,3.7403555,1.228619,1.8430648,-1.5406915,-0.69241774,1.8683017,1.365573,2.993741,-2.2434478,1.7155098,-0.8798321,-1.5230676,0.52536005,-2.4940789,3.6023824,-1.6968904,0.9008786,2.0532718,4.6006393,4.0485497,-3.9011953,-0.8388841,NA19146,1,YRI,10,1,1,1
-16.809269,-11.122639,-10.615773,-9.235059,-0.7370949,-3.0118284,0.41564587,-1.4851006,-0.5777859,-0.8111873,-0.14802167,-2.6453247,-0.40529373,-0.6914352,1.2901133,-3.1130805,-0.15607966,-3.5293581,-1.3563231,-0.07615183,-1.8321928,-0.13554515,1.128612,2.5251884,-2.5476518,0.6103497,0.2978142,-1.1374946,-0.47686934,-1.3790514,1.3857965,-0.1848238,-7.824522,6.8298864,4.0054917,-1.2827764,-4.637786,4.0377913,2.0908046,-3.18168,-3.2310064,-1.387915,7.5185623,0.67166466,0.7830624,-0.54222316,-1.2587972,-5.280817,0.9756977,0.3167338,NA19097,2,YRI,10,2,2,2
-22.30136,-11.306123,-10.585269,-10.220213,-2.2496424,-3.1204817,-0.76666796,-1.1170988,-0.43954283,-0.4933182,0.81889313,1.437737,-1.7754524,-2.5252633,0.036347266,1.0587308,-1.0116197,0.043920327,-1.2469302,-0.12113032,-1.8085157,-0.7848918,2.3029218,-2.1929939,-5.497246,0.12723267,1.0386611,3.6764646,-1.1387666,-0.77707005,-1.4817498,0.73858696,6.2118053,1.923365,-3.1993659,-6.4812555,5.121254,1.9286846,-2.5829244,-0.22075269,-2.9065282,-3.9129057,-2.6779852,-7.878947,-1.9468558,5.62362,2.3644583,6.2973413,1.5265993,4.329117,NA18869,1,YRI,10,1,1,1
-14.838007,-12.0012665,-10.507594,-9.696834,-0.9442373,-2.5121598,0.3495572,-1.5939438,0.011729501,-0.10838624,-1.4194634,-1.7548612,-0.9786564,0.82245094,-1.2739303,-1.49527,0.57476526,1.1880081,0.6260442,0.8416411,-2.7475824,0.12299343,-0.52004844,0.17531076,2.1071577,-2.0889907,-0.021728689,0.3799399,-3.529315,-1.0576752,-5.563241,0.9860342,1.1992527,4.5283875,0.51150113,-1.4745817,-1.9303179,3.5046635,2.6241539,-2.3095655,2.5628235,1.4733464,3.1363509,-2.9682302,1.6322356,-0.14717664,-1.5931139,0.22628099,-3.716403,2.956099,NA19149,2,YRI,10,2,2,2
-18.750088,-12.221677,-10.627359,-9.575317,-1.1690617,-3.2220104,-0.9423791,-1.3959672,-0.7851389,-1.6152159,0.86060834,-1.1686349,-0.031295396,-0.63794374,-0.011621599,0.5411466,0.010752154,-0.0816524,-1.0407364,-0.8024946,-1.5992875,2.8999853,-0.03191197,-1.6717627,3.7500868,0.051026113,3.3318918,-0.2135342,-1.669651,1.0909717,-3.3290515,-5.9625454,-0.58590865,-2.9987884,-5.8172154,0.2733479,1.4538966,-2.6274793,-1.318243,-0.45387733,1.3614382,0.67567974,1.704555,-1.059153,1.1807706,1.3281509,-1.5992503,-3.7337136,3.6142633,-0.24192382,NA18509,1,YRI,10,1,1,1
-22.021523,-12.244249,-10.060777,-8.9051485,-0.4379495,-2.9443252,0.07805816,-1.2013497,-0.039356142,-0.85707825,0.6452272,1.0265279,0.11804008,-0.48227447,-0.38378558,1.6295285,0.45208216,-2.0910532,1.8555729,-0.27368948,3.740427,-0.50449765,1.358258,-0.25208312,-1.3044206,0.9670915,-1.7272766,-1.7669013,6.0482864,0.9811834,1.7454867,4.692955,0.17668168,-0.6925404,-1.371559,0.1611189,0.8828843,-0.39305952,-1.8602315,-1.5315906,-1.6237313,-0.2526251,-1.7543834,-2.0198607,3.2635868,-0.5372789,0.0826743,0.6975836,-0.0455703,4.6054173,NA19256,1,YRI,10,1,1,1
-13.864048,-11.425538,-10.641286,-9.968024,-1.0597438,-1.8221475,-0.63270354,-1.8133869,-0.9147367,-1.545147,-0.1256272,-1.6021714,-0.05312844,3.096608,-0.68477654,0.91982096,-1.3506415,-0.9836527,0.3547681,-0.27660522,0.3873198,-0.3428878,2.6478791,5.831941,2.044993,4.3761415,1.3607409,-0.97534937,-0.26687196,2.4218016,0.40324295,-3.0893202,-0.8570799,0.46880215,-1.2842344,-1.1645973,3.2874181,0.9226333,3.176617,-4.0014577,-1.6648364,1.8226442,3.6016774,-6.0953393,0.3037842,0.60845375,-3.3240788,-2.0142908,-4.089,0.40344548,NA19108,2,YRI,10,2,2,2
-19.936718,-11.023953,-10.229696,-9.245676,-1.7164071,-3.923975,0.552233,-1.2588669,0.24031864,-1.0386349,0.644417,-0.83491194,-1.1391488,-2.6377518,3.1167414,-0.15203214,1.6004616,0.7673723,0.3146251,-0.4993062,0.89482,0.52905023,-4.924091,-2.5852866,1.5037429,0.07960173,0.5073457,1.7246811,-3.28086,-1.1406873,-1.9905945,-1.469046,4.7933826,-2.3965018,-3.7076948,-2.146164,2.9990854,2.642613,5.2366805,3.8996089,-2.2606032,-1.0587186,3.009737,-5.7364087,-1.2847011,-3.698535,2.2956486,1.1994493,4.694393,-3.0472739,NA18925,1,YRI,10,1,1,1
-19.445284,-12.064304,-10.448034,-8.694383,-1.1604766,-2.1351054,0.79937565,-1.9222468,-0.19131309,-0.5477586,-1.1373274,1.8396058,2.1477516,2.2185285,1.5816058,-2.2757454,0.5000346,-2.537876,-1.0955361,-1.1011935,-2.876369,-3.1207523,5.3832016,0.8474127,1.9181658,-2.5782034,0.52784806,-0.18300553,0.90053976,-0.06125332,-1.286528,-2.9001365,-1.0944893,-3.3996115,-5.6891265,1.2252378,-1.0090196,-1.6966068,-0.28430286,-2.6568577,-1.4116538,6.119152,-0.04014434,1.9847949,-2.344865,0.13505812,3.296933,-3.9408977,0.58222485,-0.6250054,NA19178,1,YRI,10,1,1,1
-16.151936,-10.76275,-9.715973,-10.193814,0.057567183,-3.3255215,-0.64403725,-1.289744,0.2238782,-1.0699644,-2.580555,-2.177675,-0.9546003,2.9231296,-1.499728,0.46970236,-2.779282,1.8227708,0.6653124,-0.62359446,2.8124156,-3.5514584,-0.8192142,0.38480762,0.31738397,1.6537441,4.7615876,-1.2974043,-0.30516177,2.1661925,0.87290984,-3.0062182,-0.089364134,-0.8239426,-0.6622067,5.2108264,-3.778464,-1.6248345,-3.0596745,0.15616758,0.93293834,4.285558,0.9709235,-3.721241,1.1545298,0.5463593,1.066343,4.773857,0.08380386,0.884144,NA18484,2,YRI,10,2,2,2
-14.415783,-11.530838,-10.351235,-10.851946,-0.7647667,-2.4255753,1.0698918,-1.729818,0.7592082,-0.16566207,-1.995459,-2.853037,1.2192909,2.0019293,-0.04848688,-1.3499901,0.8249829,0.120110214,1.5894002,1.166868,-1.6810185,1.0989125,-4.266714,2.4203358,1.8950429,-0.010349567,2.058271,-3.484196,-5.0947313,-0.6422683,2.141361,0.6641976,1.0905155,1.4425087,1.5118947,-3.807622,3.3221502,2.291698,0.6361258,1.7151042,-1.0271937,2.1596487,-0.019875228,-1.2252034,-0.84240353,-3.4266286,-0.48362032,-3.8837206,2.0776064,-0.33079764,NA18916,2,YRI,10,2,2,2
-19.88105,-11.562782,-10.0132675,-8.860701,-0.46272916,-3.1642585,-0.6075516,-1.6059223,-0.19762664,0.12647973,1.0209217,-1.153754,-0.8130278,1.3290107,-1.0751688,1.6927358,0.5890015,1.5644381,-1.7861356,-1.8662113,-2.278212,-5.5052476,-1.3095298,-0.92455596,-0.6688468,1.2561638,-4.247664,-1.1549418,0.90963805,-5.1498938,0.20461875,-3.1689756,1.7594993,2.4376388,4.2169414,-0.7317644,3.8738387,3.5071826,-7.2317095,-0.40900338,0.65528214,-1.3723276,1.0209869,0.13811201,0.54044276,0.5835481,-0.76901644,-2.8714554,5.758717,-2.5524936,NA19123,1,YRI,10,1,1,1
-18.938507,-11.627962,-10.254776,-9.958672,-0.56487584,-2.7840621,0.43481505,-1.4222591,-0.5176511,-0.83754575,-0.76304764,-0.8535069,0.45537996,0.8177085,-0.6624175,0.19818136,-2.637278,1.0676799,-1.3291694,-1.991423,0.09553459,0.50673056,0.07049684,0.8690225,-4.2421417,-0.115291,-0.39658728,-1.4818829,3.245767,1.9067003,4.152617,1.4592801,-4.4900837,3.653374,2.7080984,6.7288847,-1.7491411,1.4053109,-1.2057824,2.900503,-0.77428883,-0.5928255,-1.5879377,4.7248983,4.900229,-0.27636427,2.2039545,-1.7275857,1.2043966,5.155237,NA19190,2,YRI,10,2,2,2
-21.584904,-10.6785755,-10.354793,-9.273525,-0.52867085,-3.7427318,1.0920625,-0.67806715,-1.4165854,-1.9084799,1.8339701,1.0385852,1.2221671,-0.052739426,1.8942147,-0.3022362,0.8858912,3.1725385,0.13685225,2.5071507,-0.549666,3.8315327,-1.0400625,-0.8446614,-3.0051599,-1.5097104,2.053162,4.0355287,8.320618,-1.3392767,5.894733,-0.70304406,-2.480148,-0.8082228,-4.568692,-4.218399,-2.2068913,-9.513344,-2.065077,-0.06560774,-4.819641,0.25590798,1.3734003,1.4161804,-3.6559758,-8.271879,-1.9501497,-2.442932,1.9404161,1.839954,NA19249,1,YRI,10,1,1,1
-22.383833,-11.784507,-10.234171,-8.63781,-0.55318034,-2.7053986,-0.4917873,-1.719543,-0.24101628,-0.6386108,1.3718467,1.3543012,-1.066644,-0.3195906,-1.3382747,3.3498309,0.2449724,0.94435984,-0.99367094,-1.9202211,0.8924343,-4.140028,-0.6570876,-0.6190882,-0.9845356,1.553604,-3.6184766,-1.192865,-0.40738904,-3.2479596,1.8077903,-0.5148802,0.790427,0.4851342,3.3714662,-2.5109093,5.025669,0.6170547,-2.6058376,-0.55595523,-0.16643135,-1.2377163,0.55810827,-0.6123603,0.3286948,-0.04075723,-2.097156,-3.1332185,2.9812236,-2.8071074,NA19121,1,YRI,10,1,1,1
-20.455425,-12.533655,-10.116449,-8.870935,-1.2512941,-2.795647,-0.39657533,-2.7310228,-0.5832466,-1.3331448,1.0256163,-0.0070299525,-0.84155554,-1.020473,3.159957,1.142385,1.832233,1.8594953,4.595254,1.7738572,2.9377139,-0.79244334,2.7599995,1.5334746,-1.1192161,1.9805729,-0.10639017,-2.5619767,4.532551,-4.45605,2.444826,-1.071933,5.9257975,1.074009,-0.6086672,-5.5994635,-0.32622546,-3.2581165,3.368823,-1.2724631,7.543013,-2.5513184,-8.440884,-2.0500152,1.7053396,-9.135526,3.4319487,-2.969298,-1.8598701,0.15777469,NA18935,1,YRI,10,1,1,1
-19.81088,-10.8626375,-10.369848,-9.663766,-1.5063406,-2.8748932,1.2707376,-1.7708716,0.108563446,-1.0928804,0.9637756,0.3978046,-1.6573532,-4.0223365,-1.3808073,-0.8059228,-3.2469213,-3.2050834,0.9039475,0.96064734,-0.10781029,-1.2879525,-2.3663614,0.003991071,0.3698382,-1.8786895,1.9426632,-1.0919054,0.025468793,2.7788806,0.32576174,0.7485142,0.61482656,0.49629378,2.1148539,-6.870272,-4.5551586,-3.184036,5.0204425,1.0432267,-3.5902765,3.982949,-4.7142305,6.981954,-7.9468217,1.7861829,-0.16391727,-1.9836555,-0.57584935,3.5177298,NA18497,1,YRI,10,1,1,1
-19.61453,-10.767918,-10.684968,-8.675476,-0.19513363,-2.7153976,0.29976505,-0.74871254,-0.19845133,0.003405496,-0.17989486,-0.43279952,-0.14514682,-1.6300997,-1.2228482,-0.7959131,-0.7709419,0.6878371,0.52511704,-0.48537245,-0.022950089,-0.55282724,-5.087567,-2.1575978,-3.010086,3.5325038,-1.9953033,-0.7217816,-5.117861,-0.16752957,2.133524,-4.442702,1.5033014,0.9529902,-3.4165542,3.1682317,2.7867043,3.0397503,-2.4912405,-0.6533171,2.8736732,0.85049075,1.7889137,-3.813482,1.4452369,3.1354961,-3.252499,-4.2751904,1.0584048,-1.0683064,NA19113,1,YRI,10,1,1,1
-13.973612,-11.849291,-9.682055,-10.488364,-1.193558,-3.349315,0.15719217,-1.899892,-1.1059991,-1.1277851,-0.7761818,-2.4726853,0.09362713,3.2306817,-0.9339542,-0.611301,-0.03807823,-0.64000815,-1.274998,-0.17435421,-1.9766971,0.8077963,2.8756437,-0.43917683,-1.4836985,-1.4869764,-0.055759955,-1.7821349,-4.0879455,-0.542651,0.39616263,-0.99440527,-1.4741112,1.5979079,0.110896416,-1.8294227,-2.991973,4.106461,-6.013679,0.7745459,0.59085506,4.0541396,3.1461194,-1.6017569,4.352256,5.858462,6.555853,0.51141834,1.7302006,1.9144965,NA19235,2,YRI,10,2,2,2
-21.703382,-12.531268,-10.618318,-9.451561,-0.92504394,-2.6983426,0.49032587,-1.4744961,-1.1376637,0.3076902,0.47431618,0.39849588,2.0132346,1.5052879,-3.7373946,-0.08326189,0.65397996,1.2798516,-0.23277819,0.45946267,2.5589647,3.0526347,-0.07927143,-2.6546082,-0.037687827,-2.841641,-0.6113111,-5.036367,3.7413867,-0.4309605,-2.9371796,-4.6730375,-0.20364365,-3.5157454,-1.5277566,6.3192,-3.9853258,-7.246654,4.005933,0.5188561,-0.4712353,-4.5420775,1.2869394,-1.1894978,7.1012683,-5.2329574,-2.946714,-0.5484024,-1.317281,2.4606764,NA19174,1,YRI,10,1,1,1
-15.988682,-10.615043,-10.758367,-10.102613,-0.36471838,-3.1314118,-0.5944673,-0.6424595,-1.2025934,-0.41123274,-0.89525044,-1.8428091,-0.11011347,0.03996505,-0.46235633,-2.882097,0.29178333,-1.6573403,-1.0958067,-0.50938416,-2.330898,-0.14308712,0.593251,1.6143472,-1.6179029,1.4347337,0.000550086,-0.19337636,-0.4692721,0.3716464,0.24303965,0.68662953,-4.9625907,3.3258283,3.0556579,-1.4959438,-4.600668,1.6936985,1.0571232,-2.1869507,-5.7590985,1.6887145,4.638356,1.4415069,0.9919955,-1.0126151,1.0507797,-3.9261656,-0.122726314,1.6448537,NA19095,2,YRI,10,2,2,2
-19.357187,-11.336502,-10.421806,-8.867115,-1.4062771,-2.823894,0.31710243,-2.1281955,0.16578169,-1.6221616,1.2457812,-1.1741387,0.21816325,-0.015469798,1.7604637,-1.1599758,-0.755649,-2.5186656,-0.59648734,0.3937768,-0.8690597,0.685558,0.44661146,1.07686,-0.64575565,0.7034832,0.53765315,-0.5293337,-0.6249077,-2.4344552,1.260155,-1.9332567,-5.083098,5.0983253,2.3187878,-0.70736927,-2.3848577,2.5083082,1.1035676,-1.0790609,-0.0036593098,-1.9114349,3.1889398,-0.63964844,0.7249224,-1.6899142,-0.49599847,-2.9270926,1.630688,-0.06133631,NA19096,1,YRI,10,1,1,1
-22.900305,-10.8061905,-10.651148,-9.471893,-2.0399048,-3.5257757,-0.4054521,-1.3007872,-0.9289907,-0.084311664,1.0489726,1.5656718,-1.0456662,-3.246566,-0.38956434,-0.01933649,-1.2009267,-0.81136686,-2.1391234,1.361689,-1.666199,-1.2814418,1.918093,-1.5678631,-2.7444959,-0.8772673,0.817074,1.7644663,-0.5621655,-0.29197183,-3.2897663,0.69990724,6.104217,1.0975498,-1.1981167,-6.0012565,4.255899,2.0333505,0.7822577,-0.7278323,-2.111951,-4.0309467,-1.3313448,-4.850534,-0.38189572,5.0729923,0.22765128,5.6686697,0.7050871,2.4496007,NA18868,1,YRI,10,1,1,1
-17.964182,-11.396562,-10.673623,-10.455577,-1.2251936,-2.7125897,0.95819515,-1.003556,1.2934287,0.5546524,-1.1961918,-0.4333378,1.9308002,0.3198428,0.23418492,-1.1992183,0.05983601,-0.22527476,0.42091796,-1.7613004,1.0641901,-0.6316682,-0.9686731,-2.4427695,0.95061064,0.06881993,-3.6659665,0.26390135,-1.3069999,-1.3126781,-1.7039814,1.1382127,2.794877,1.0736848,-1.1953897,-2.341053,2.5817106,3.843817,0.782496,1.1677774,-2.375803,-0.77642643,-0.5128905,-3.0652354,-2.2860608,1.5061151,-1.7119666,-0.7773655,-0.043908745,-3.2878282,NA18909,2,YRI,10,2,2,2
-16.859419,-11.143659,-9.641467,-9.429094,-1.2515475,-1.8295654,1.1526288,-2.6236782,0.7455778,-0.88554806,-0.403797,-0.9821567,-0.7609628,-1.0417863,1.368706,0.6842648,2.4890974,1.2592005,3.0415483,1.0496372,2.0574486,-0.89555746,-0.0907088,1.0781235,-1.6525073,1.5974448,-0.2015757,-1.0036242,3.2944005,-3.0798295,2.491185,-0.02041171,4.806178,1.8384874,1.1292014,-3.0606883,-0.7038031,-1.8027943,1.4192219,0.0025512394,7.715179,-1.2395853,-6.630561,1.0207956,0.28472495,-6.4657965,4.003261,-1.2069802,-3.0067003,0.8264271,NA18933,2,YRI,10,2,2,2
-20.62538,-12.12639,-9.992185,-9.076231,-0.5274258,-2.3314338,-0.15646605,-1.544793,-0.29016328,-0.5012901,0.36476475,1.4256543,-0.026662935,-2.8750665,0.17124815,0.596143,1.2999744,1.619009,-1.2174299,-0.8123206,0.30106696,-1.7726724,-2.4553852,-1.8580755,-0.812211,-0.1507573,-0.09072183,-1.1607811,0.9261161,0.040034793,-2.1855931,1.8553458,-1.4297428,-0.12409337,-1.1070987,2.4077694,0.63116884,-0.41170904,-2.8724325,-1.7944317,0.6085533,0.42333534,0.32351968,1.2178912,-0.5772232,-0.55671257,0.35011423,-0.6456107,-0.12779638,-0.8594859,NA19175,1,YRI,10,1,1,1
-17.509562,-11.224772,-10.076215,-9.673455,-1.4319135,-2.5817559,-0.72625726,-1.4210854,-0.74226373,-2.4298542,1.2229302,-1.0191928,0.6545353,2.0906682,1.0730484,-0.15366456,1.6011304,2.1402988,-0.5565442,1.901022,-0.29001644,3.3692982,-1.9071041,-2.305209,-3.0930479,-1.0792675,1.432894,2.4635024,4.6541157,-1.1540864,4.4118156,-1.4081355,-2.9061275,1.9923905,-4.0151978,-3.9485986,-0.29958093,-7.6013827,-1.2866695,0.36374602,-3.5901465,1.3422614,1.4192322,-0.93919474,-3.6759064,-6.033289,-2.3580227,-0.48066935,1.7189014,1.2781787,NA19247,2,YRI,10,2,2,2
-16.144672,-12.053534,-9.313936,-9.238625,-0.92111814,-2.7274318,0.24565478,-1.5683953,-0.51270014,-1.1341245,-1.3988092,-0.8749568,-1.6174035,-0.14256278,-2.164698,-2.2857509,0.3994662,0.8533226,0.480537,1.7950673,-2.8183973,0.34898946,0.96037453,3.7311969,2.519999,-3.2036226,-0.3715802,-0.27760556,-4.109721,0.38653612,-7.9034286,1.2677515,1.1143225,6.3374853,-1.0983307,-2.414093,-1.8039753,3.7348857,3.5155919,-4.67869,4.164226,-0.25390354,5.0969205,1.127296,1.7539228,-0.14089148,-2.7399025,-1.481127,-5.83397,4.836438,NA19151,2,YRI,10,2,2,2
-16.30569,-12.021887,-10.400814,-9.809649,-1.5839764,-1.7979928,-0.8914939,-1.63469,-0.3797183,0.41621086,-1.8453262,-0.32303825,3.4226577,2.1811028,-0.03592502,1.8956879,1.4569445,-1.2586805,2.7260516,1.6203583,-0.3034466,1.1374625,0.39305225,3.034308,1.1859099,0.16944131,0.67205876,1.7744772,-0.3562914,0.015750406,1.356466,4.4963546,0.13275823,-0.26320988,-1.3469708,3.8939207,-3.760128,3.9081748,-1.9284555,-0.16540818,-1.9648423,2.3556504,-1.8327781,-4.3010454,0.8782861,-0.13064861,2.0015702,5.9175115,-2.8560765,-1.7114588,NA18489,2,YRI,10,2,2,2
-19.037996,-11.328815,-10.854844,-9.876377,-1.9095408,-3.1071699,-0.109666355,-1.7872573,-0.46944928,-1.0082135,-1.3701231,-1.5009805,-0.72120726,-1.2300727,1.974144,0.55470145,2.7769437,0.86813617,0.12243797,-0.33321577,1.0676953,2.0735126,0.6357875,0.19863307,-1.404069,1.7832836,-2.0087376,1.247323,3.025706,-1.3960701,4.513638,6.064707,-0.6082425,1.9157773,1.1717035,0.40959853,1.5952849,2.411334,-0.66842955,4.0315585,3.3949301,-3.2683058,-4.197081,-0.028199418,-4.72972,-3.4660127,-0.5136955,-5.4640026,-2.726287,-0.521413,NA19181,1,YRI,10,1,1,1
-17.585516,-11.2961035,-9.875297,-9.845643,-1.2194816,-2.461521,0.15378787,-2.1356351,-0.43174016,-1.2692949,-0.23088937,-0.74565303,1.1601374,0.913522,0.085793324,0.26905388,0.09617781,0.4041319,1.5461705,-1.2465265,-1.2814436,1.8473479,-0.069575496,-0.47016522,-2.2374651,1.812848,-1.6022117,0.1908324,1.9539251,1.7978823,0.23861519,3.1201522,-2.0091698,-1.6233034,0.02482268,1.2145089,4.0910673,-2.1214929,-1.060063,-1.1827278,1.8527912,2.1579745,-0.43941268,-3.8817134,2.9496346,0.89918494,1.2570647,3.578223,1.9857781,4.2878327,NA19257,2,YRI,10,2,2,2
-22.38099,-12.335335,-9.137468,-10.299723,-0.95587784,-2.8920074,0.06550982,-2.003094,-1.4197909,-0.3931557,-0.0059890845,0.86677134,1.5576603,0.55176514,-2.919318,-0.060483236,0.3923504,1.0950769,-0.50513643,-0.5111831,2.9439945,1.1554857,-0.50146115,-1.5251555,1.65909,-1.4522634,-0.3039781,-3.3118427,4.2258315,-0.13579172,-1.5449437,-3.7441435,-1.2556379,-3.2529936,-1.4290034,6.079589,-3.616452,-4.51555,4.3346553,-0.07392837,-1.9351646,-2.9299455,1.9101219,-1.5661249,3.7664664,-4.9871135,-1.2276629,-2.5822234,-0.33997753,0.73763853,NA19117,1,YRI,10,1,1,1
-14.154059,-11.348182,-10.468586,-10.13881,-1.4606779,-1.9814831,-0.16236217,-0.8612888,0.3654144,-0.8356339,-4.5006576,-3.108849,0.1371668,1.9920458,-0.5642772,1.4972034,0.9310514,-1.7934453,1.1137202,1.7516832,1.4418398,1.3321083,-2.0534236,3.2199934,-4.92528,3.0196857,0.48781535,2.5925543,2.3184817,2.3620377,6.9791102,0.1254224,1.5091012,0.3583054,-2.3538632,-3.1313004,-0.58645666,-2.762157,1.3937508,-2.2477841,3.8870647,-3.8321018,1.4194154,-0.63498855,6.012737,2.1514971,-0.01989287,1.1720412,3.6282046,0.23868528,NA19214,2,YRI,10,2,2,2
-21.154358,-12.13476,-10.684397,-9.487358,-1.8919839,-1.8157167,-0.31624904,-1.6862388,-0.47322866,-0.49438998,-0.90569186,1.8266611,2.0965645,0.049086686,1.6951547,3.241586,0.49462888,-0.7623036,3.840063,3.154837,0.25521016,0.18810438,1.3640801,3.616483,1.275145,0.5145401,-0.8504645,2.7489228,-0.41300377,0.21277462,-0.39644015,7.106425,-0.30866563,0.24478935,0.68796754,2.0280604,-5.3197603,4.0636773,-2.482087,-1.536773,-2.5880606,4.1394863,-3.7933953,-4.470364,1.3725511,-0.9067143,-0.009674537,4.653635,-0.90255666,-3.3861017,NA18485,1,YRI,10,1,1,1
-16.432512,-11.905981,-10.745563,-10.410815,-2.2823958,-3.9444826,-0.13317561,-0.95295,-0.3547559,-0.9953127,-1.4217367,-2.673689,-0.3672662,0.75931764,-1.8855138,0.14430067,-0.29219052,-1.2267584,-1.2517171,0.09791541,-2.255637,0.107170686,4.888977,0.04942566,-1.8006277,-3.2945766,-1.5418861,-3.970051,-7.9096713,0.20583329,-1.7099192,-0.11805798,0.13601789,1.6390148,3.009767,-2.92724,-2.9511392,6.0781193,-8.321475,0.6353867,0.723034,5.2859216,1.9683236,-1.1606202,5.503972,6.9476767,5.41534,1.4961236,1.3252243,5.025478,NA19237,2,YRI,10,2,2,2
-14.195876,-11.440841,-10.745472,-10.716609,-1.3414142,-2.676442,0.41812643,-2.0973616,-0.07464991,-1.287401,-2.4585583,-1.4898989,-0.061251394,2.2806973,0.8332665,-0.12316861,0.7953569,0.6177972,-1.7590272,1.6374936,1.4243275,0.7040578,2.0032725,-0.086518876,0.7149218,-1.993005,-0.69775367,0.3152035,2.0297072,1.6997323,3.2178977,0.94823056,1.7773349,0.3382793,2.6030848,-2.2462924,0.7008321,-1.1989868,-0.8780693,-1.1739776,3.3572648,1.361649,6.0893626,3.738724,2.7552605,0.34631798,-0.7536562,-0.7179442,4.016923,-1.4314334,NA18520,2,YRI,10,2,2,2
-18.030964,-11.441247,-9.460935,-9.431694,-1.2564814,-3.1734254,0.5910292,-1.0036775,-0.38833243,-0.19694479,-1.72221,0.1917639,-1.533782,-1.0066359,-0.9147173,-1.4833914,0.042697422,-0.4764387,5.3497806,2.2977166,-2.119603,0.9800587,-5.435187,3.6652725,-6.4648566,8.300518,4.5375533,5.7863,2.2497602,6.5244803,9.900147,-1.7863836,1.1560562,1.3298306,-4.5406275,-4.1212935,-3.4501753,-9.786585,5.4107685,-6.9819994,2.253354,-8.214285,2.4484246,-5.936201,9.333254,3.3959808,-2.1406698,5.3990364,3.5642786,-3.6431425,NA19213,1,YRI,10,1,1,1
-19.006287,-10.867209,-11.084667,-8.575816,-0.62832296,-2.0024867,-0.42137513,-1.5342577,0.8705053,-0.36596856,0.8386424,0.31572822,-1.778778,0.16788673,2.5114331,-0.1873609,-0.40151817,0.6774757,0.09433446,1.9018983,-0.17943016,-1.9720194,-0.88954514,-0.02319645,1.5056292,2.5500996,1.960053,-0.8999645,0.91328347,-0.39944115,-2.308173,-4.3340425,-2.7785718,-6.5446024,3.2759075,-2.1982777,-0.02523503,-4.147757,3.8304212,-4.151217,6.278285,2.5843086,-2.1887774,2.7930307,1.1769165,0.4824561,0.0882549,1.718582,1.278543,-0.53944653,NA19224,1,YRI,10,1,1,1
-15.485879,-11.311615,-9.822881,-10.157861,-1.6277335,-2.6935513,-0.77095675,-1.6123389,0.8402586,-1.2641201,-1.5451543,-2.7931025,-3.671794,0.12648554,-0.39409107,-0.41631335,0.49626186,1.5489331,-0.5565658,-0.36084658,0.74783236,2.6035779,-1.0843991,-1.4749103,-0.7194432,0.25867707,1.7751809,0.6377651,-0.54259914,-1.5603783,-4.410913,3.4410257,1.8179777,2.2031767,6.4246984,0.13565385,-0.38327876,2.075186,-3.116077,-2.1375139,-0.3825205,-0.9007435,-2.7912827,1.7768741,1.586712,-2.7817526,1.743786,-1.7870572,1.2863768,-2.489273,NA19197,2,YRI,10,2,2,2
-21.008902,-12.119092,-10.65992,-9.453662,0.1422408,-2.7838905,0.66516936,-1.2561065,-0.06092578,0.11281066,0.61402285,0.9766423,0.15962838,-1.4478256,1.0866942,-0.018456027,-2.6662257,-0.5354895,-1.5859025,-2.0087285,-2.7127252,-1.0204248,-1.6818941,3.2175043,-3.3287387,-1.382145,1.6692811,-0.58959323,3.2098403,1.3216745,4.93673,2.8430939,-8.223934,3.205175,2.0586615,6.8685737,-3.7085063,2.0694606,-3.1743648,5.050308,-2.656967,-1.2566506,-3.1827786,5.508002,4.7257676,-1.4429777,3.6687837,-4.0220456,1.8909541,8.323152,NA19191,1,YRI,10,1,1,1
-20.859373,-11.402041,-9.94867,-8.924671,-0.60611206,-3.0987778,1.021423,-0.93581593,1.4685901,-0.6287896,-0.36570844,0.124541596,2.4230456,-1.8493643,-0.43190268,-0.2762752,-1.4900019,-0.006594202,1.4746152,-3.5167437,0.19262335,-0.36978978,-0.2045694,-4.7692585,1.5398425,-0.723078,-4.117766,1.0575324,0.14796689,-1.8017864,-0.25636184,1.2314504,3.6985471,0.37283292,-1.2965657,-0.6140032,3.6895113,4.1226015,3.5923905,0.835975,-3.2866457,-0.48617068,0.31439888,-0.27686408,-2.8071437,2.497749,-5.6043725,-0.2782449,-1.3712922,-5.6301165,NA18911,1,YRI,10,1,1,1
-16.79742,-11.642393,-9.723427,-11.233451,-1.1323239,-2.2272277,0.17603318,-1.8117126,0.17605335,-0.61014575,-1.3823826,-0.32901517,1.5786338,2.4255662,-0.25687993,0.5324531,0.3399077,1.1433637,-2.5168343,3.1038651,2.8402846,0.2971777,3.1583962,0.70585376,2.5385516,-3.3809614,-0.6924231,1.9358373,1.8409554,2.0523176,2.874832,1.6378502,1.4547871,-0.5798528,2.1216078,-2.363365,0.7418522,0.3635467,-0.8411702,-1.1189173,2.3880904,-0.458965,4.8425307,5.8141165,3.6514316,-1.4074696,-3.1625135,-2.4714134,5.210974,-2.9012206,NA18518,2,YRI,10,2,2,2
-18.835361,-11.019926,-9.240189,-8.882431,-1.1890948,-2.2283049,1.2353735,-1.4571861,-0.12733491,-0.51929206,-0.73643565,0.27360025,-1.4447354,-0.13906822,-0.13269624,-0.9154698,0.3732043,0.8073312,-1.9334509,-0.90715474,1.1051389,-1.3261505,-0.9838283,-4.0378175,-3.4208057,2.2730398,2.3805394,-2.880732,1.8778831,-0.98312616,-4.830575,1.3703375,2.2435799,0.33305737,5.212564,-1.2996129,-2.255858,1.8503602,-0.18157034,0.9208827,-1.2448137,0.7064941,-2.888812,0.6714986,2.0773318,-1.6944239,1.057477,-1.461799,1.5198542,-1.3173727,NA19198,1,YRI,10,1,1,1
-16.477057,-11.316766,-10.627506,-9.119124,-0.80682254,-2.861579,-0.3181933,-1.7452749,0.47539654,-0.40413833,0.6260056,-2.3394177,-0.55289733,2.9430861,-0.42397988,0.7578362,0.24722178,1.3106574,-2.5428722,-2.0680707,-2.7115185,-3.7769372,-0.6854443,-0.877597,0.8707716,0.8454622,-3.696699,-0.84694296,1.1359034,-2.5065682,-1.4342887,-1.4655861,1.8483622,2.2039638,3.090326,0.3188674,0.3760156,3.9317393,-7.3163214,0.16777326,0.83979565,-2.2668061,2.109722,1.5920266,1.0822842,2.0305567,0.5242833,1.0120617,5.0558863,-0.5467421,NA19122,2,YRI,10,2,2,2
-15.751872,-12.466027,-10.587372,-10.769328,-1.365499,-2.3557868,1.4732662,-2.2124107,0.6110951,0.2809556,-0.84057516,-2.8025851,-0.3707001,-0.22285865,1.0169774,-2.9194958,0.4206528,0.15554687,2.012048,0.08794552,-1.7053137,0.3972995,-5.874647,4.249968,2.084773,0.08134306,3.1992762,-2.7887197,-8.467524,-1.7989908,3.5307002,1.5939302,1.4494015,1.2850124,0.9035989,-4.40082,2.8592224,2.3305638,-0.80627054,1.2978758,-1.4024775,5.021673,-1.5902891,-1.9277062,-0.16816078,-5.5854726,-0.88971883,-5.266003,4.8238215,-1.7786369,NA18930,2,YRI,10,2,2,2
-21.492922,-12.489028,-10.161161,-9.250028,-1.3380182,-3.37911,-0.11230242,-1.8853204,-0.7931849,-0.8163861,0.53590125,0.37512589,0.5332618,-0.20594826,2.7170196,0.99784917,0.0048834914,0.5453751,2.631862,1.5267516,2.372951,-1.1877426,3.1140802,0.021054955,1.0653903,0.24534883,0.28588215,-3.053201,3.5406897,-3.3735888,1.7124649,-0.9741599,4.0527225,-0.10407222,-0.71583956,-4.1834354,-0.66594493,-3.1519616,3.6699982,-1.0079923,3.7511694,-2.1016688,-5.2873764,-3.7252033,2.783539,-5.3075447,0.17388156,-1.9768661,1.1200169,-0.10326988,NA18934,1,YRI,10,1,1,1
-16.359568,-10.333751,-10.070424,-9.982818,-2.2021327,-3.6354027,0.051377147,-1.3495376,1.0189695,-1.2136765,-0.21410213,-2.5785284,-0.8672193,-0.7452486,1.1107253,-1.2542139,1.3591266,0.6714955,1.3825725,-0.3834399,-0.39316288,0.20917696,-3.9218342,-1.7853332,0.53635526,0.28295237,-0.13177787,1.4185541,-1.6018904,-0.9706459,-0.60097045,-1.711889,2.777034,-1.1904143,-1.1965418,-0.90641105,2.3762176,3.3933382,2.6416745,3.4689605,-2.3541272,-0.35449687,1.1020623,-3.284107,-0.8739056,-3.4111729,1.6347431,0.506273,1.8611733,-1.9000614,NA18924,2,YRI,10,2,2,2
-14.54684,-12.05275,-10.398772,-10.34529,-1.1966417,-2.9390259,-0.14057764,-2.227024,0.07639486,-0.64316404,-0.28241715,-1.2682625,-0.45027733,2.126057,2.3683264,0.20156746,0.054052133,-0.23398364,-2.5704308,-1.6978755,0.49937126,1.2570051,-2.279248,-0.4223053,0.092032164,-0.26278368,-1.2606932,1.5926056,1.387666,3.369569,3.2679822,-1.9191705,-1.5923128,2.7631342,0.088493355,4.5714054,-1.5086378,4.0476713,-1.5299093,0.81243545,0.6808747,3.5241294,4.486863,-1.989953,0.316626,-1.6259613,3.9418437,3.3398745,-5.0622644,-4.503955,NA19147,2,YRI,10,2,2,2
-19.722645,-12.139695,-9.78962,-10.058511,-0.50707823,-2.3331294,-0.8666398,-0.9784389,0.521533,-1.0079952,-0.33412385,0.548401,0.5502822,1.7865294,-1.1366922,0.4672467,-2.132182,2.0059779,0.27803296,-0.4378275,1.3628643,-1.4327936,-1.4848249,-0.5187535,-0.015435446,0.84664255,2.4524739,-0.82391715,-2.236761,0.6045606,0.52521116,-1.4213954,-0.22554465,0.15535845,-1.365424,4.17582,-4.009116,-2.122324,-2.5402496,-0.13783848,-0.05269924,3.8782287,-0.2424073,-3.8491893,0.86862403,0.7146558,1.6725451,2.3961265,0.88625973,-0.41772494,NA18486,1,YRI,10,1,1,1
-16.529875,-12.101959,-11.180032,-10.642729,-1.3513955,-2.9549499,0.0009012193,-0.8297296,-0.0543307,0.49254116,-0.15837528,0.85989016,-1.7657496,-1.170294,-1.4244651,-0.7740847,-1.8027923,-2.262893,0.084622234,2.103003,-0.7837174,-0.8198641,-1.8781726,-0.66054547,0.115166,-2.8227499,1.6312821,0.8417213,1.5736524,5.6527143,0.9994363,1.8163954,1.1286277,-0.12650633,-0.051083494,-5.0282955,-4.349086,-3.7351387,2.1704488,0.22931723,-1.8804586,2.2415533,-2.7906957,5.481314,-6.3147945,3.0332413,0.06541061,-1.0744033,-0.27206424,2.325302,NA18499,2,YRI,10,2,2,2
-22.229916,-11.725206,-10.490362,-9.072612,-1.1134659,-1.854146,-0.2883359,-1.3925451,-0.07506618,-0.1297333,0.29064167,1.7663951,-0.37856805,-1.4602168,0.78777236,1.4265666,-0.30445793,-0.0020761671,3.521942,2.904509,0.32183108,-1.3105918,0.57393175,1.5374414,2.297269,-0.10602424,-0.9407812,2.1850388,-0.9710872,-0.68144774,-1.3979149,5.0767922,-0.26874554,0.44409102,2.115501,0.3440581,-5.4143224,3.143409,-0.80924475,-1.7379138,-1.7725532,4.4767666,-2.336821,-2.98797,-0.45187402,-0.43753296,-1.8792125,0.6847471,0.9876466,-2.3837721,NA18487,1,YRI,10,1,1,1
-21.910965,-10.637384,-10.007237,-8.55115,0.2077355,-3.289187,0.4064403,-0.44056287,-0.64638597,-1.5962234,1.7333212,1.1389878,1.5807387,-1.617076,1.520504,-0.20312598,0.74764115,2.0553036,0.050169438,2.052072,-0.87597406,2.5876617,-0.23878178,0.5019104,-1.2307771,0.3718523,1.6057537,3.685538,5.894927,-0.11741144,3.884044,-0.6480664,-0.20112967,-2.5977056,-4.0473866,-1.4877096,-3.035186,-4.9566445,-4.307053,1.5205598,-3.7614756,-1.2991028,1.3752971,3.1991622,-3.2712555,-6.5376234,-0.72662693,-2.4845798,2.4287193,-0.5746525,NA19248,1,YRI,10,1,1,1
-18.49308,-12.544158,-9.89197,-9.266315,-0.86352533,-1.9375021,-0.09603013,-2.2693627,-0.8120219,-0.1857442,0.6194895,-0.7354638,-1.2073628,-0.5262335,0.64855516,-2.0222962,0.34835693,-0.429109,0.58366984,0.62921464,-1.0104324,-0.5720909,-4.616469,3.1054573,1.1348045,0.86795276,4.182154,-0.24978419,-6.7590637,-0.90266854,0.7561666,1.7163275,0.62091666,0.3083935,0.0093455715,-2.6563463,0.39619324,1.3836677,-0.87321025,-0.34507808,-0.9557223,4.16336,-1.5214032,-0.59904057,1.1084588,-4.1975865,0.30601615,-3.6531177,4.0261416,-2.011652,NA18917,1,YRI,10,1,1,1
-15.815172,-11.498293,-10.921446,-10.112442,-0.97272485,-2.83889,-0.89964926,-1.1736201,0.6990577,-0.94156116,-1.2504594,-1.941125,1.4705148,0.67205983,-1.4231942,-1.1894785,-0.3840928,0.035857502,-0.37459946,-1.230118,-0.49446005,0.4950166,-4.0179567,-3.9364886,-3.390997,5.1157556,-3.4009335,-2.4312441,-6.9793468,1.9010909,4.1401997,-7.481402,2.9307728,2.3765337,-4.7088933,3.0942416,6.2201,2.9510708,-4.7606735,1.2443433,3.1675847,1.8243645,1.8167768,-4.9829497,0.25545838,0.60987175,-1.7048317,-4.4929996,1.0511914,-0.62058645,NA19115,2,YRI,10,2,2,2
-13.53748,-11.614138,-10.314647,-10.027131,-1.2774807,-2.4686582,-0.5985878,-1.5476489,0.6350757,-0.106279306,-1.0681915,-2.178469,2.6510134,1.4426857,0.26887542,-1.510804,0.4660636,-0.25814983,-1.5572822,-1.7517241,-0.41833258,1.1351986,-2.5400326,-3.1622367,-2.7388792,3.099326,-2.840327,-2.799125,-4.0558395,2.684402,3.3489494,-6.2376776,1.1538155,2.9530997,-2.99372,2.7073848,4.4202704,1.4490787,-4.0076833,2.7696202,2.3129864,1.8059909,0.7104297,-3.299988,-0.70868295,-1.6470106,0.5235857,-3.2806573,0.7945551,-0.21632043,NA19114,2,YRI,10,2,2,2
-14.978267,-11.471466,-9.672342,-9.859023,-1.2509452,-2.7484932,0.35260567,-0.42155212,-0.17155166,-0.2424687,-4.301461,-1.9216487,-1.1224672,0.8091948,-0.8706589,0.49492845,0.6342537,-1.7573942,3.5512164,2.7706149,-1.7628195,1.5875882,-5.5366,4.713969,-7.9787626,6.653427,3.6535861,5.6247215,2.905421,4.7996316,10.659201,-1.8834213,1.0975367,0.8258196,-5.3191457,-5.531337,-2.842074,-7.798424,4.131763,-6.527902,3.5419645,-8.121255,2.1129012,-4.3562894,11.1609335,3.9589648,-1.9761622,4.0613775,5.4891253,-0.6420321,NA19215,2,YRI,10,2,2,2
-21.245848,-11.084601,-10.109748,-9.707297,-1.7630765,-2.2631168,0.7339967,-1.2388972,0.20574678,-1.1190662,-0.8683708,0.94151115,0.43237135,-0.4443956,-4.3056974,-1.0027978,-1.4797641,0.17761126,-4.4946213,1.9298015,0.38650987,7.326598,-0.60850334,6.613145,10.570257,-7.1329308,0.33930215,-11.721662,9.590348,-1.6517063,-0.93664175,-3.4442225,-2.3556912,2.4013488,6.1625276,0.06045138,5.805377,7.9774327,-4.8974814,-2.5885515,1.2076659,-2.3522873,-4.043142,5.8289948,2.0896173,0.7329692,-7.946187,5.211293,1.8429645,1.7155074,NA19184,1,YRI,10,1,1,1
-16.101309,-10.888439,-10.379595,-9.94832,-2.1865065,-2.4249322,0.15727505,-1.3434209,0.69544095,-1.4038011,-3.1096034,-2.9843047,0.1759591,2.211775,0.1952125,0.04874519,3.4186268,0.9322297,-1.0887694,0.54184914,2.1399953,2.7692637,0.89010674,2.1297712,-1.9412255,1.5945659,-3.0227818,-0.13353914,4.5667334,-1.9994159,7.219155,5.781738,0.56092817,3.1688466,3.8810277,-0.39051786,2.362884,2.1600375,-3.040718,0.9130744,3.6749647,-4.7863283,-6.0733843,2.9167812,-5.7094784,-2.737306,0.17257668,-7.3663077,-4.316705,-1.361508,NA19183,2,YRI,10,2,2,2
-16.8638,-11.15173,-11.121543,-10.469774,-0.67368567,-3.712403,0.17891751,-2.382566,0.58728844,0.37337774,-1.0048128,-0.40131676,0.59135354,1.0697466,-0.053555194,-0.002655674,0.7195645,-0.45780024,-0.26703122,1.2963037,-0.6235831,0.69148374,0.9207888,0.8657195,0.010887392,-1.8162786,-2.5517702,0.92862827,0.0037374953,-0.5978121,-1.1124892,2.2685847,-0.24086039,-0.062468793,2.4313545,0.23618239,0.6516963,2.4368594,0.027925717,-1.5065932,-2.6207795,0.14395733,-1.067297,-0.3438818,0.4838115,0.48996747,0.6300772,1.3888446,1.8175184,1.8406705,NA19176,2,YRI,10,2,2,2
-17.50745,-11.115999,-9.894473,-9.413138,-1.5530163,-2.1767612,0.3697954,-1.9583491,-0.8289948,-1.0680796,0.9890941,0.34766036,-1.895433,0.5187777,0.8714393,1.2412425,0.6283209,0.5882088,1.1239291,-0.65404177,0.02157176,-0.3247989,1.1260103,-1.745944,-3.985613,2.9803362,0.96308535,3.5928526,-1.3442093,-0.9343122,0.22030294,-0.35903704,1.5041639,0.52627426,-3.4678538,-2.4851842,3.9438882,1.8539972,-4.4384108,0.47045115,-2.378654,-0.65647995,-3.0997553,-5.6502223,-3.5924428,2.2148612,4.2946563,3.5329063,1.2065849,4.0123887,NA18867,2,YRI,10,2,2,2
-16.360014,-11.606448,-10.400014,-9.94102,-1.4498415,-2.6428196,1.3479093,-1.5287232,-0.19094434,-0.72247285,-2.6624274,-0.35724849,3.119646,4.29705,0.8629538,-2.379774,-2.5063102,-3.4329517,-0.44482547,-0.23233676,-3.7126536,-2.3190928,6.4175553,-0.21364173,2.6668348,-2.6045382,0.7710053,-1.7445469,2.4694054,-2.0880623,-1.0195415,-2.8856559,1.4196754,-3.952231,-4.5394096,0.6550035,-0.41610202,-1.9332834,-1.7339503,-4.012885,-1.4944814,8.408412,0.71934086,3.3868096,-3.2661748,2.3682306,3.1514063,-4.880286,-0.39524576,-1.2363892,NA19180,2,YRI,10,2,2,2
-15.348418,-11.824357,-10.051354,-9.381955,-1.2119067,-2.8905623,0.45715806,-1.5136364,-0.34337306,-0.59542274,-1.59415,-0.92427105,0.5335224,1.6024432,1.8720298,0.76851714,0.43089798,-0.70866776,-1.9051276,-0.28010812,1.6219445,0.24186333,-1.5091875,-0.9994628,0.25666183,-1.1867653,-1.101274,1.4756007,3.5149832,3.8535829,3.0762293,-2.6578746,-1.0594308,3.1746063,1.2575846,5.680821,-2.6068888,4.651568,-2.3746753,0.430489,1.3736615,0.74712884,5.923341,-2.076622,0.97458243,-0.08479913,5.917832,5.396247,-5.714695,-3.777098,NA19148,2,YRI,10,2,2,2
-15.387421,-13.084192,-11.265813,-9.55729,-1.0365614,-2.6990306,0.106444694,-1.0519227,-0.542308,-2.1709359,-0.30111966,-1.6951635,0.2538783,2.2660422,-0.16699935,0.8529021,-0.56797665,-1.4093711,0.69336826,0.049802873,1.4317744,-1.2967129,3.4285443,6.7814693,5.516425,6.5705256,1.9286519,-1.961785,-1.5231421,4.544335,0.2694581,-3.6631444,-2.5346498,-2.3277354,-0.64960617,1.8717071,4.1151867,-0.35779613,4.9731894,-4.977918,-1.1081176,1.3340245,3.2042172,-8.603098,0.6526688,3.2890966,-2.9462678,-2.3561528,-6.949337,-2.4532967,NA19109,2,YRI,10,2,2,2
-20.050276,-11.957321,-11.177364,-9.584752,-2.5202565,-3.630889,-0.032638047,-1.0601678,-0.08959816,-1.5685034,-1.628293,-0.28974771,0.7286309,-2.4682431,-1.0128393,0.8644351,0.45994222,0.0035515644,-0.60863066,0.15603162,-1.4627067,-0.83291155,2.8677921,0.29697675,-0.6407566,-2.7242205,-1.6952729,-2.5540848,-6.705402,2.088979,-2.1616628,0.9008913,0.7931527,0.25920132,2.6374052,-2.5920992,-2.5229518,3.7261405,-4.7070208,0.9898716,-0.4478781,1.2799553,1.4113718,-0.31153017,3.0681021,3.7984748,2.2951813,0.22218883,-0.6031417,4.7316647,NA19236,1,YRI,10,1,1,1
-19.510487,-11.335394,-10.699984,-9.218665,-0.8477881,-3.0015712,0.4449539,-0.7058578,-0.5652275,-0.4162121,-0.7335413,0.7500808,-0.15785025,2.6825922,-1.2259829,-0.45114672,-0.17314468,-1.3883797,-0.43999556,0.9618283,3.2786148,0.7645985,0.5695924,1.4332665,0.9891822,-0.6139749,-0.08252409,-0.57356596,-3.4449444,0.717743,-7.140903,-0.09296154,0.04323308,1.9574894,-0.9579696,0.7598179,4.6901875,-0.9782815,-3.4182367,-1.6747601,0.9693541,2.8439872,2.586792,-1.9309442,-1.7048018,-1.2464287,0.21911854,-2.8961604,2.0512712,2.23488,NA18874,1,YRI,10,1,2,1
-14.795734,-11.285023,-10.485472,-10.48747,-1.6965325,-2.4017162,0.025226464,-1.6943364,0.51398015,-1.1703801,-1.4346225,-1.2246767,3.3580625,2.6261878,-0.52673113,-1.9110899,-4.1101656,-2.0008082,-0.10558205,0.23952591,-2.0507205,-0.64024985,3.8884587,-0.93258125,1.4683198,-1.9626957,1.958612,-1.8898082,1.8300223,-2.6491022,-0.87551016,-2.7865694,1.3910769,-3.0479286,-2.2712576,-0.8664349,0.87600964,-0.9722229,-0.5881715,-3.5680625,-1.1617991,4.656765,0.58969104,-0.49218115,-1.5588068,2.0818279,0.85957235,-1.9700316,0.38469392,0.859157,NA19179,2,YRI,10,2,2,2
-19.856258,-11.31924,-10.86865,-9.605792,-2.4505138,-2.2575352,1.17131,-0.27617148,-0.07518992,-0.74246234,-0.80908084,1.494263,1.982974,-0.0038422672,-4.471173,-1.5798132,-0.37418923,1.9814721,-5.1554365,2.3294182,0.31645057,8.459923,1.282659,5.2930717,13.138132,-5.8258567,-0.9164754,-11.251635,11.077173,-2.3834937,-0.068896905,0.4082415,-2.953685,1.4457957,6.337318,0.99140257,7.427406,9.38113,-5.563196,-3.7210839,0.16488132,-3.620835,-5.2699814,6.003769,4.0562944,0.4032773,-7.6253004,6.382388,1.231004,0.51672775,NA19186,1,YRI,10,1,1,1
-19.562948,-11.498801,-9.368805,-8.803835,-0.9714113,-2.0465622,0.34151965,-0.9251568,-0.37808695,-1.2229096,0.27095383,-0.5089602,0.8384816,1.7119114,0.9297678,1.6297227,0.78028834,0.9393798,0.61000144,2.6304743,-0.8406345,-2.087336,-1.4610233,-2.9223912,0.57977474,-1.3226405,-2.023397,-1.2769064,0.4478537,-1.496492,-0.7095066,-3.4565146,2.9297247,-0.78215164,-2.496273,0.29913208,-0.013331554,0.10299835,1.7009932,-1.2038748,-2.801143,-2.6957386,2.318734,-4.8752627,-6.2801065,-1.883162,1.4955019,1.1560614,-1.1171199,-0.38464934,NA19252,1,YRI,10,1,1,1
-15.239786,-10.096604,-11.012869,-10.614177,-1.2726343,-2.8441033,-0.17981884,-1.1576543,0.17395864,-1.7189194,-2.4769852,-2.0292861,-0.17595464,2.629439,-1.2804383,0.53814715,1.3309115,1.576731,-2.9884584,0.6352634,0.84178036,3.2753198,1.3461381,2.476118,1.4885181,-0.6540605,-2.1775076,-0.7500926,3.3432536,-1.2352253,3.2849488,2.70031,0.365487,2.9513278,3.784268,-1.5691515,2.1490965,2.3082533,-3.21201,-1.3286674,1.3029355,-2.0483778,-4.048609,4.950369,-3.7853277,-1.0581253,0.65075445,-4.8996167,-2.6181898,-0.63738817,NA19182,2,YRI,10,2,2,2
-20.631939,-10.708373,-9.961602,-8.886366,-0.9383088,-2.757416,-0.33163208,-1.5578446,1.0342046,-0.31229466,1.2600405,0.43608055,-0.759567,-1.4349946,1.3091723,0.9296748,-0.53899395,0.49771374,-0.14036004,1.6680657,-0.18850374,-1.7146232,-0.5610002,-1.021228,2.163704,3.2982218,1.1953479,-1.112824,1.7689475,0.13246682,-3.2792525,-2.4144022,-0.81140876,-4.466058,1.6043552,-1.9385835,-0.11980805,-1.8252783,3.3337402,-2.2401965,5.360759,1.5563154,-1.2162037,2.3913002,0.7489911,-0.7175753,0.4942576,2.2153928,1.1199449,-0.19422184,NA19226,1,YRI,10,1,1,1
-16.688208,-10.468469,-11.120583,-9.508896,-0.69586116,-1.7461863,0.26479703,-1.6504202,0.5691528,-0.24699184,-0.61412203,-0.1620556,-1.7856145,0.1325143,1.1197479,-0.050627034,-0.30711576,-0.93105805,0.29556832,1.4388206,-0.47824073,-0.31671524,-0.50074804,0.5371621,1.5131643,1.8005466,2.5309267,-0.4444919,-1.3664888,-0.5742862,-0.85627484,-2.8559563,-1.8163487,-4.8093686,3.6714337,-0.47512352,1.173987,-2.9488351,4.4057355,-3.9811382,3.453373,3.8337245,-1.0756599,2.410131,1.6515337,3.328242,-0.5092875,1.2071289,-0.5242748,-0.4085404,NA19225,2,YRI,10,2,2,2
-21.06204,-12.017626,-9.955444,-9.444297,-0.78288674,-3.47781,-0.4239261,-2.3785996,-0.77901787,-0.8922393,-0.8846937,0.63325536,1.1798954,0.3098237,-0.63978237,1.1951984,1.0622946,-1.9253503,2.6025445,-0.56076014,1.8913983,0.9639304,0.7700727,-0.24768075,-1.9826558,2.4634247,-2.6280131,-1.8814123,6.184768,1.5672078,0.55857056,5.646927,-0.96027666,-1.8533257,-0.8722778,1.3348768,2.7230413,-1.9541866,-2.7668478,-1.2104878,-0.014870191,0.7706956,-2.3610828,-4.171981,2.9291089,-0.79840285,0.7987841,2.7298226,1.280172,5.821117,NA19258,1,YRI,10,1,1,1
-20.927387,-11.850772,-10.032535,-8.646743,-0.68698996,-1.8522216,-0.048463404,-0.9983882,1.1631342,0.47923502,1.1776278,0.4779076,-0.75369346,-2.531486,1.6088127,-0.83286214,-2.1012502,-2.0156648,-0.58779603,-1.1342615,-2.615892,-1.7389019,-2.5569859,3.4588037,-1.2303832,-1.2075866,1.9770823,0.034166764,0.6755574,0.8158618,4.2371087,2.2741263,-5.533277,1.4368598,2.3683085,1.8725474,-4.47486,1.4031379,-1.781626,5.2112975,-3.2647018,-1.2746149,-3.2094095,4.2217255,0.59360677,0.07106919,2.1726959,-4.639049,2.4399993,6.335822,NA19189,1,YRI,10,1,1,1
-21.875277,-11.467626,-9.721527,-8.756769,-1.230792,-2.5092032,0.8211541,-1.4581,0.35647136,-1.7798022,0.526412,-0.61916536,-0.5154755,-3.7099771,-1.0342939,-0.83686405,-2.193998,-2.8462174,0.6050903,-0.42631817,1.3123643,0.029618572,-2.548522,0.66565007,1.3613503,-1.6518795,0.45699188,-2.1407158,-0.51813245,-1.3710132,-1.6236854,-1.4894148,0.20452051,-0.76283497,3.344398,-4.712947,-1.7857143,-1.9529724,3.6945772,0.6529046,-2.8274176,1.8336966,-3.3399816,4.5684705,-5.5930753,-1.5732658,-0.35099825,-2.0403574,-1.9469434,3.042985,NA18498,1,YRI,10,1,1,1
-17.100159,-10.758451,-11.090338,-9.532393,-1.0799763,-3.2147975,0.0049882624,-1.3920112,0.19176996,0.53112596,-0.39015633,0.22511028,0.9387616,2.0638347,-2.576151,-0.41900885,0.35598803,0.2280555,-0.2539549,0.43369114,1.8459674,1.9198364,-0.5152961,-2.2766974,1.0024912,-0.9787225,-0.5551969,-3.6211011,2.3404415,-0.6812422,-2.6084998,-4.959215,2.0945687,-2.3222685,-1.0702596,3.6566505,-0.72047454,-5.698817,1.4802676,0.46391696,1.6599194,-2.8226166,0.3642281,-0.28804326,6.4705443,-2.1682816,-2.3303552,2.3844366,-0.34185478,1.3746182,NA19118,2,YRI,10,2,2,2
-16.778053,-11.495964,-9.467018,-9.174648,-1.5967765,-2.1153302,0.09531638,-1.3116496,0.38802773,-1.1399226,-1.5767097,-2.8615408,-3.7998154,0.6978447,-0.74895626,-0.1774019,1.7571377,2.0984275,-1.4352016,-1.5078602,0.588074,1.1229613,-1.3792809,-4.1992807,-3.8923771,1.4225173,1.8826782,-1.0739378,0.392321,-2.5246317,-5.5024047,3.2573602,2.563419,1.726481,8.886527,0.013044107,-1.7250166,2.6193385,-2.5191357,-0.59334123,-2.6027954,-0.29689872,-4.5219326,0.14748925,2.7803571,-2.708633,2.1334577,-0.5248248,1.3353409,-3.668033,NA19199,2,YRI,10,2,2,2
-19.050945,-11.919469,-10.123032,-8.921,-0.18381129,-2.9905763,0.19558358,-0.8950493,-0.13976924,-1.0902324,0.59150326,-0.044601426,-0.9487661,-0.6865888,-0.48623335,-0.08524364,0.10021744,-1.0316043,0.8348328,0.877172,1.3811511,-0.900266,2.447344,4.2716646,4.253189,4.20857,1.9813706,-2.2395983,-2.6812048,3.3380632,1.0898931,-2.0022993,-1.8479708,-3.0577424,0.52579963,2.7980459,2.6798773,-1.1817427,4.7039504,-3.8826697,-1.6279917,0.046204872,0.27502424,-5.667383,-0.32744917,2.815302,-1.9358804,-2.3751814,-5.9332542,-3.7722118,NA19107,1,YRI,10,1,1,1
-16.880556,-11.727423,-9.432923,-9.778096,-0.88771623,-3.200589,0.08018017,-2.058604,0.100606255,-1.530622,-1.1540166,-0.9174887,0.78442234,3.2927914,-1.2495072,-0.3727912,-0.114100106,-2.2066352,-0.09839768,1.9535228,3.944364,2.3628538,0.46944267,1.8679909,-1.6194481,-0.39116737,0.7140923,0.9042738,-5.0562973,2.2843816,-10.053618,-1.0069484,0.7078485,4.2161713,0.45886773,0.9297534,5.5727096,-1.2237053,-3.0638885,-2.5699923,-0.81230104,2.3780203,5.1975174,-0.48740706,-1.9241741,-3.827773,0.5638136,-3.702559,0.0516123,2.5885983,NA18875,2,YRI,10,2,2,2
-17.406467,-11.982016,-9.4667015,-10.046158,-1.5007601,-2.4662318,0.1063584,-0.5187464,-0.36049452,-0.7213047,0.41301548,-1.7561436,1.2041554,1.4410503,0.21308067,1.3876047,0.98757535,1.1981521,0.92733645,1.999,-1.2887225,-1.2454551,-2.8546224,-2.1552196,-0.035543133,-1.8115853,-1.4123257,-1.769127,-0.22700055,-2.203824,-1.9987869,-5.1456733,1.0561503,-1.7774417,-2.2938652,0.24008778,-0.51741505,-0.66572773,2.8204136,-0.102622464,-0.91530967,-3.5427027,0.6763907,-3.9591293,-6.41664,-4.1785502,1.3083959,2.902661,-1.7754525,-0.9888504,NA18907,2,YRI,10,2,2,2
-21.017267,-12.2874565,-8.55592,-9.2315,-1.3231165,-3.1168742,0.7365788,-0.96942157,-0.26735052,-0.5796881,0.6315162,0.78130984,0.24934225,1.3838292,-1.0694438,0.10805866,-1.0449531,-1.029327,-0.6136236,1.098488,-1.6050807,-1.9847714,0.5429434,-1.1357843,-0.089435734,0.06127327,-1.1855879,-2.8002908,-0.33687645,-0.33895516,-1.7781492,-0.30641964,-0.26797393,-0.36148888,-0.36571944,-0.13714631,1.692206,0.5994848,-0.8345799,0.37002826,-0.9977642,2.1610703,-3.4525468,-0.677093,0.2791121,1.5996947,-0.12881604,-0.73018557,-4.384988,0.16330256,NA18510,1,YRI,10,1,1,1
-17.044365,-11.34123,-9.964907,-9.312657,-1.3980939,-3.358884,-0.54805887,-1.6426123,-0.4439637,-1.5722933,-0.86333036,-0.31764525,-0.14506173,0.2893879,-0.62612796,-0.8123066,-0.5364787,-0.26218364,0.2778233,-0.9238886,-2.490966,2.7729304,-0.38492018,-1.4366909,3.1005518,0.9268889,3.3264778,-0.47296312,-1.0478022,1.5399462,-2.8816276,-6.273062,-0.73417574,-2.9268537,-4.854854,0.6610757,1.2879465,-2.25642,-1.673149,0.39531097,0.6982005,-0.34396514,0.24038397,0.5174132,2.5269494,0.68808687,-1.5549824,-4.8271003,3.3547006,1.6403625,NA18511,2,YRI,10,2,2,2
-21.908749,-11.809085,-10.873253,-9.393508,-1.6629817,-3.129893,0.85876805,-1.6712757,-0.081228204,-1.2097762,1.2031577,1.1345286,-1.2523493,-2.3373706,2.7741394,-0.11737765,1.2048298,0.4482662,-0.079171896,0.19969982,0.88544506,0.6617391,-2.9817636,-2.2274938,1.4806528,-0.70500964,0.55436504,0.071598895,-4.369676,-1.5618379,-3.745523,-1.0606754,4.176514,-1.0197753,-2.3605225,-3.2252572,1.7839499,1.0841464,4.7632303,2.4917269,-1.1170052,0.5931923,2.110821,-5.1197786,-1.68638,-2.0170681,0.88050336,0.92548496,4.409469,-1.1770482,NA18923,1,YRI,10,1,1,1
-19.951738,-11.805203,-9.986628,-9.242907,-0.1783889,-2.7646835,0.10732505,-1.678663,-0.122821294,-1.278601,0.55461085,1.8112013,-0.5362887,-1.6082934,-1.4569652,-1.8533182,0.19523136,0.22719572,0.8279089,1.8964686,-1.4098413,-0.33850127,-0.45448813,4.2357984,1.7469255,-1.7615772,-0.4329321,-0.9928595,-0.27286476,1.538052,-4.9640174,0.6754419,-0.75741416,4.173645,-2.6226146,-0.9144987,-1.7732346,2.480701,3.2043474,-4.6641035,1.8228441,-1.2424177,1.7901849,3.1566336,1.1174251,0.23912035,-1.853047,-2.317419,-3.0791094,4.7977514,NA19150,1,YRI,10,1,1,1
-22.048677,-11.655848,-9.108395,-7.7503114,-0.95475054,-2.7659514,0.9752094,-1.3649161,0.48660132,-1.3671626,0.39054796,0.4034009,2.3724995,-1.7956979,0.33260757,-0.20796578,-1.4579096,-0.34166256,0.7371454,-2.9074714,0.2206171,0.17578238,1.4253715,-2.3195813,0.628705,-0.7880429,-1.7332249,1.4175739,0.042982526,-0.8592207,0.89032775,-0.12505703,1.8421162,0.23832047,-0.51792747,1.5801216,3.3852682,2.0311754,3.204927,-0.4782642,-1.2603848,0.7690581,-1.3504065,2.0184155,-2.1275349,1.809218,-4.462018,0.80256903,-1.5229954,-2.7199483,NA18910,1,YRI,10,1,1,1
-15.723246,-10.792507,-10.539514,-10.620959,-1.1230537,-3.118511,-0.6298649,-2.193307,0.43864468,-1.1193516,-0.69144785,-1.3935541,1.3028905,2.8613474,-0.79045945,-0.3126418,-1.1517041,-2.616876,1.2223655,1.2087251,3.2910454,2.8269887,0.23425674,0.2938419,-3.67721,0.14835852,1.299147,3.7859743,-3.0535996,2.5295942,-6.584809,-0.8866819,0.016164357,3.942456,1.7305801,1.3162638,2.9969034,-0.9363518,-1.4415505,-1.6193968,-1.8107307,0.21179608,2.9731662,-0.4996961,-0.6347806,-3.5928228,1.6967942,-1.215628,-1.0054324,1.1053551,NA18873,2,YRI,10,2,2,2
-16.8117,-11.289835,-11.196115,-10.28992,-0.3180593,-2.964649,-0.018231908,-2.123053,1.2305192,-0.3818887,1.9519109,0.40032807,0.24306743,0.7087236,-0.24226919,-1.0126803,-0.9385624,0.18845855,2.104527,-0.12206485,-1.5628378,2.9340034,-2.2834723,-0.7935548,-0.17421728,1.9503981,0.836014,1.3257183,-7.3144875,1.3907115,-1.9873408,-0.06267783,-0.13999869,0.24006724,0.6113535,2.8075123,4.1639333,-6.4329677,1.9408358,2.0350564,-0.631167,-1.9555455,-2.1009645,-1.061022,1.1551303,-2.3462245,-2.3825839,2.520824,-4.795632,2.268742,NA18505,2,YRI,10,2,2,2
-15.622825,-10.813312,-11.054303,-9.680934,-0.82471037,-2.7609391,-0.817296,-1.4319556,-0.27812818,-1.3030477,-2.6105397,-1.6761014,2.6500185,1.2760168,1.8330765,-0.18018034,1.6869485,0.23951006,-2.9229422,-0.29500896,1.6644231,1.3069788,0.70960474,3.5705953,-0.6008711,-2.6077921,0.7238492,6.862695,2.547267,3.923517,-2.5873463,1.9267384,3.5358377,-5.2921443,-3.5204084,6.071746,-2.364932,3.8577228,-6.1461797,-0.96632993,-0.68754286,-1.9011085,0.78332645,4.469331,-4.912062,2.7097821,4.297438,-0.30363005,-2.4328742,0.9567225,NA19202,2,YRI,10,2,2,2
-17.233656,-10.606868,-10.485499,-10.338731,-0.5201458,-2.8466332,-1.7709204,-2.209446,0.47489682,-0.1764772,-0.50244945,-1.052632,-2.7123816,1.2566711,2.4845004,2.1472588,-0.9014127,-1.2542857,0.29831526,-4.110598,2.4080088,-3.0783782,1.2775526,0.7682825,-10.133141,-0.95388687,-1.886654,4.1939435,-0.75155956,2.9644184,0.39597407,4.3923383,-3.3947704,2.5721629,8.560999,7.010074,9.955438,-5.9556217,-3.0593472,-1.4620464,3.147859,4.2361917,-3.589499,-1.8350399,2.5877652,-0.18893246,-1.7653295,0.5300588,-1.5667182,-5.6990876,NA19240,2,YRI,10,2,2,2
-20.08238,-11.158009,-10.07503,-9.531824,-0.43543828,-2.9994247,-1.437735,-1.3821216,0.1414615,0.3134313,0.13727678,0.49263817,-1.6556797,-0.98977524,2.445893,1.012844,-1.0558075,1.3420411,1.1944687,-1.2393095,2.0022705,-2.050948,1.4864987,-0.27962762,-5.9924707,-2.2042913,-1.2490493,2.1531036,0.15153477,0.6459722,0.54305154,1.5730572,-0.65652573,1.4538113,1.3828869,3.8953063,4.514836,-2.4232185,-3.1095788,-2.589451,3.4399128,1.5297942,-3.7469096,0.0063434704,2.7011447,1.0800991,-0.8732371,0.5486735,0.5407497,-2.0910254,NA19239,1,YRI,10,1,1,1
-22.159372,-10.8972845,-9.22205,-8.506279,-1.1969913,-1.845478,0.9591204,-1.1861904,-0.25794002,-0.3056256,0.7116427,3.090574,-0.09624094,-1.9479771,1.1844447,-0.8305037,-0.9862764,-2.647798,0.4088404,0.78449327,0.51072776,-1.5354257,-0.71238244,-1.5658275,-0.023344796,2.7556767,1.0712117,-2.1004236,-0.41379985,1.1336049,1.0320594,3.8418002,-4.7400765,-2.5074794,0.011193446,-0.29445225,1.0365703,-2.7035816,-2.2926767,-0.29115003,-2.429246,1.1433785,-0.024115236,-0.046715632,-0.06424376,1.9323492,1.1941073,-1.4787669,2.917992,-2.091022,NA18501,1,YRI,10,1,1,1
-16.40753,-10.770641,-9.777469,-8.932859,-0.11002055,-2.481261,0.17827435,-1.3698877,-0.31968492,-2.6690557,0.860731,-2.0710785,-0.14041387,1.829267,-0.44458,-0.79648894,-0.41002887,2.6463623,-1.4737093,-2.1538796,0.014371552,4.286781,-3.3771172,1.4023573,-2.953884,0.44083259,1.4121593,1.5962647,-0.7774933,-5.234601,4.9992037,-3.87939,5.115982,1.8854958,-0.14389868,3.3517191,2.625926,-6.215562,0.6362423,1.8058834,0.83140045,-4.310605,0.2882235,5.3046675,-2.8245614,0.8661409,3.002785,4.091827,-1.0099666,-0.8309153,NA19137,2,YRI,10,2,2,2
-22.614887,-11.545943,-9.853839,-8.222246,-1.5131936,-2.1994023,0.735119,-2.3046975,-0.028854232,-2.1231167,1.9719187,0.31753203,-1.6119417,-1.2419747,2.016177,3.184289,2.203927,-0.5045582,1.2315401,1.9904749,-1.7948719,0.7393854,1.6045814,2.0504508,4.292542,2.1847017,1.2564869,-2.9297314,-7.3755364,-3.5349486,-4.039917,-3.349532,5.235842,1.8208039,5.1126823,-3.5107617,3.226774,-6.5162735,-0.23491049,4.3200865,10.409468,3.3241937,5.367154,5.396873,-4.02044,-0.49573645,7.653039,-2.0930202,5.207785,-5.5677257,NA19153,1,YRI,10,1,1,1
-19.236494,-11.534007,-10.020926,-9.207782,-1.6127363,-2.320723,-0.5205346,-1.7912006,0.0014837664,0.23369999,-0.50541794,-0.19823802,1.665701,0.49015513,0.13478217,-0.7531142,0.8821913,-0.32703817,1.0357368,-0.66203463,-0.5765199,-1.34776,0.458734,-0.4478565,-1.2111449,0.6170395,2.5603793,2.0565646,0.48800695,-0.26446208,1.6606325,-1.5995731,1.6269931,-0.46045566,-3.4536717,-3.0717816,-0.097357474,3.418076,-3.7347367,3.5040424,-2.2568429,0.017669981,-4.0497108,-0.19713059,-2.1229439,-1.3228188,4.8213577,-1.0780137,1.3957164,1.6913655,NA18857,1,YRI,10,1,1,1
-19.8185,-11.302112,-9.497472,-10.138376,-0.82484865,-2.3410106,0.5513868,-1.376031,-0.18246238,-1.4005859,-1.7313522,-0.85528404,1.3073862,-0.07273266,1.6671807,0.3906054,2.1040797,1.7393966,-0.2030944,-1.1908326,0.9831125,-0.26736227,-3.0313003,-0.6276071,-1.6206232,-0.008492151,-0.6399968,-0.59841067,0.41850364,-3.2959402,2.8988116,-1.1151198,-0.5826158,1.428032,-1.5257702,2.9229858,0.9235537,1.807618,-7.188023,-2.5376425,1.3895271,2.2625127,-0.37414643,2.591497,0.09107674,2.4918063,1.200907,0.83261883,-1.0618521,-4.185049,NA19223,1,YRI,10,1,1,1
-22.02384,-11.584782,-9.691751,-8.103021,-1.8734639,-1.4108821,0.5943395,-1.046423,-0.24763301,-1.0676866,0.5488335,2.0531785,0.43899924,-1.8813392,0.10788992,0.6265185,-1.0771797,-2.1563642,0.5592147,1.0682945,1.10702,-1.304062,-0.5831682,-1.9064488,0.21331207,1.6222391,0.5417227,-2.3031454,-0.5829859,1.3368217,0.10165747,3.8276267,-5.288743,-1.9726498,-0.20375614,0.7126575,0.30452168,-2.1631513,-2.6341743,1.1449822,-0.9386475,0.8130378,1.8901764,0.53969043,0.13517317,2.2127151,0.79268205,-1.3595957,3.69911,-1.2535629,NA18500,1,YRI,10,1,1,1
-16.437778,-11.58501,-9.588699,-10.149705,-0.5899493,-2.3783288,-0.47387984,-1.4184537,0.04803706,-0.6718893,-0.26092872,0.030819457,-0.06371474,1.210647,0.4593179,0.20624915,0.6391653,-1.4483569,0.736876,0.06883542,-2.7781003,1.3421198,2.8236625,-4.1601253,1.3936784,0.452524,1.0066525,0.22464727,2.1092997,-3.460043,1.3370045,-1.3750612,-1.8705785,0.1541692,-1.8971999,-2.9369373,1.7919973,0.943858,0.49071473,2.6566734,-0.8856713,2.660098,0.23912536,-2.4396007,0.03802693,-3.192945,-0.7490949,1.1280562,1.8229764,0.18956594,NA18861,2,YRI,10,2,1,2
-13.460158,-10.74377,-11.073864,-10.305034,-1.1653811,-3.4711673,-0.507924,-1.7437022,0.5170794,-1.4637479,-2.918285,-2.4646668,1.5299213,0.2815236,1.8306323,-0.6843465,1.0778012,-0.3147129,-2.586419,-0.9588802,0.0801603,1.8447716,-0.22161312,2.3775184,0.63565916,-0.23002583,-0.2666328,5.0715094,1.3344703,2.2862194,-0.85133284,0.19671147,1.4764065,-3.095832,-1.737509,3.3517969,-1.4656307,1.7499232,-4.890921,-2.082513,-0.48504528,-1.4379926,1.3681321,2.4689562,-3.5185554,2.6939077,2.6834328,1.5904126,-1.6788834,0.76480806,NA19201,2,YRI,10,2,2,2
-20.130648,-11.223894,-10.110957,-9.006105,-1.6319314,-2.429845,0.14288846,-1.5964376,0.00040983743,-0.11302618,-0.85164243,0.16631131,1.638698,-0.45780423,1.3347616,0.27208564,-1.4727547,-2.0875773,-0.20272216,-0.5635364,-0.24492982,-1.0401776,0.8716836,-0.14824952,-0.7347419,0.5952238,-0.0050478387,-1.8997948,2.0418527,-0.36472595,-0.68701917,2.3830886,1.0798786,-1.2169063,0.7557694,0.76941293,2.3643212,-1.3194623,0.617188,-1.1652344,1.755825,0.96380955,-0.97229695,-1.5531418,-0.17856003,0.5421434,-1.5099185,-0.37108403,-2.7481494,-0.45517382,NA19144,1,YRI,10,1,1,1
-16.172132,-11.074272,-9.846184,-10.096704,-1.1253312,-2.9917502,-1.2197998,-1.9381071,-0.6189824,-1.3422202,-1.0182111,-0.91979253,-0.03996455,0.43931636,1.1775686,0.51218396,2.28571,-1.9444141,-0.89120895,0.6264769,-2.37714,0.69650126,-0.7619499,0.03502076,-1.4510967,-0.21359111,1.54457,-0.762747,-2.4042022,-4.145995,-1.6033344,-2.0991979,1.501504,3.202113,-1.7505952,-1.9350636,-4.856883,-1.0689435,0.76868796,1.5138687,1.9895703,1.8334434,4.2555947,2.685978,-1.6269721,0.3667866,-1.5767558,0.035681978,-5.0531144,0.37696624,NA19193,2,YRI,10,2,2,2
-19.513325,-11.438788,-10.04876,-9.733702,-0.49037787,-2.1481233,-0.6413627,-2.0550036,0.43448392,-0.9503936,2.696593,1.847791,-2.4702759,0.57606107,-1.5199924,-0.95531815,-0.62414503,-0.14678977,3.8298922,-1.8986396,-0.9750533,3.7958398,-2.9388084,-0.60151774,3.861894,2.41789,1.2010096,1.0022309,-7.662063,2.4824224,-4.3069735,-0.1222417,0.27546367,-0.1250155,2.1358864,3.8480227,6.363835,-8.118035,5.7728558,3.0259228,-2.2482755,-3.4909215,0.22856286,-2.5367608,1.7097933,-2.7552075,-4.1344585,1.0339326,-7.297085,1.5100617,NA18503,1,YRI,10,1,1,1
-21.429945,-11.381458,-8.710812,-8.51355,-0.27093914,-1.9972885,-0.6266551,-0.8692631,-0.39428648,-0.5423147,2.305084,1.4594057,-2.9725187,-0.30488783,-1.6314387,1.3223683,-1.3025371,-0.37422743,2.2253172,-1.6561344,-0.4616634,3.6565003,-1.4610059,-0.2125989,4.1732802,1.3269504,0.41415036,0.4309605,-5.4351687,1.2876781,-5.1429114,0.57851905,1.7160068,0.35869396,3.238085,2.1970866,5.8766565,-4.238673,6.275128,2.6180024,-3.289175,-2.8002,0.51524425,-1.3004851,-0.7267037,-0.92462903,-2.3967774,0.16947307,-5.566816,0.73385906,NA18504,1,YRI,10,1,1,1
-20.686844,-10.708032,-10.160997,-9.082507,-1.3069336,-1.6349859,-0.089428894,-0.92447793,-0.89523476,-0.8843318,1.0060401,0.118183546,-0.943468,-2.0993428,-1.0895419,0.47901005,-0.46305162,0.9400883,-0.42996684,-0.4224246,0.9125474,0.7827959,1.1196324,-1.2369372,-0.5582574,-0.029509155,0.36972186,-2.6491132,-0.39547992,1.8685609,-0.16809136,0.9968769,-0.49346024,-3.2485154,0.51038235,-0.29921964,-1.9643224,-0.024370527,0.78065646,0.8124869,-0.42374536,-1.2289596,1.385789,2.4017398,4.3776083,0.3851346,1.5696275,-1.4437416,-0.5542173,-0.38390946,NA19203,1,YRI,10,1,1,1
-16.273314,-11.115141,-9.92673,-10.320593,0.10109914,-2.7376966,-0.24473849,-1.7279339,0.26324654,-0.37057263,-1.0067788,-1.7187972,0.3740402,0.43908897,-2.366609,-1.3874463,-0.8307115,0.2367652,1.3364549,-0.84809846,-0.8574059,-0.10004218,-0.88738424,-1.3668096,-0.48708424,0.31583962,-1.6684922,1.3708131,-0.39805594,2.3843448,1.7310972,-0.27421358,1.8196477,-0.043733478,-0.7900284,-0.75074035,-2.3613977,1.5522858,0.5638476,0.15066956,-1.0051538,-1.7084363,0.2634558,-1.6381593,0.021873543,1.2165129,-0.5655393,0.4514794,0.082100496,-0.17578943,NA19143,2,YRI,10,2,2,2
-21.466219,-11.721594,-10.521548,-9.527025,-0.54636365,-2.756692,0.5804048,-2.5367343,-0.280953,0.5421169,0.7613193,1.968187,-0.50394124,-2.0811872,-0.14207166,0.36116764,-0.52723604,-0.39970693,-0.84086525,-2.8764682,-0.95560855,0.77628577,1.0593742,-1.0496335,-4.085169,-0.28689194,-0.68963885,-1.3417636,-1.1829624,-0.4798975,-1.5726107,1.535134,-0.5432555,-3.5371199,-1.7372748,-1.7802538,-1.0706636,-1.2127645,2.050242,4.6980295,0.5905238,-1.3548964,-1.7727451,2.2222004,3.3575728,-3.9389572,0.014806764,-2.5693803,4.520622,2.6544678,NA18871,1,YRI,10,1,1,1
-17.843674,-11.884039,-10.078743,-10.583924,-0.8672373,-2.945491,0.3900947,-1.1540967,0.6509135,-0.5531851,0.29045492,0.87765193,0.94325894,1.0861089,-1.4876229,0.010815654,-0.14883545,-0.89486057,-0.3440696,-2.5006473,-0.35585347,2.872595,1.6197234,-2.0337481,-5.159301,-2.0949323,-0.33946702,-3.1180065,2.723156,2.2762003,2.8513343,-1.1417056,-0.65724885,-2.5769231,-1.0122201,-1.9339472,-1.1142576,-1.3241587,4.1137776,3.2627647,-3.2810655,-4.087092,1.1609503,2.3115304,1.5403353,-3.1814277,0.43933013,-4.195212,3.483475,2.0795941,NA18870,2,YRI,10,1,1,1
-18.880331,-11.119819,-9.78853,-9.0054655,-1.1505404,-3.14983,-0.8171588,-1.7858981,-0.6169828,-0.23752847,-1.9314382,-0.07030236,1.6038924,1.4923992,0.89484304,-0.22766025,1.2090831,1.4237591,-1.2034779,-0.67787576,1.9927775,0.47201687,2.637427,2.0008028,-1.3997144,-2.7127573,0.745604,3.7070668,1.2210039,2.9123638,-1.9766233,1.5552912,3.874473,-5.3950906,-2.7500412,5.1364036,-0.46395802,4.0411997,-4.137452,-0.89399767,-0.5242233,-0.5702382,-0.90054035,2.485733,-2.792016,1.0524466,3.7606,-1.2221863,-1.4443809,1.4124498,NA19200,1,YRI,10,1,1,1
-17.398,-10.013729,-9.251375,-9.352336,-0.7639942,-3.482866,0.3319147,-2.0125532,0.20001951,-0.11452415,0.20333093,-0.11021395,1.315634,0.29145512,-0.6742106,-0.9767301,2.0649014,2.158142,-1.0758514,0.3281602,-0.89630127,0.1630833,2.1675153,1.2209265,-0.8937761,-1.6242796,0.9086022,3.389689,2.669847,0.7091322,-5.7240124,-0.09292148,-2.1040738,1.3985339,-3.9248552,-1.1632582,-5.8458633,-1.3000002,-2.3817344,0.7623165,-6.080342,-4.260991,-2.3374104,4.5461607,-0.805971,0.7209217,0.012880542,0.11291176,0.24942185,2.6583033,NA18517,2,YRI,10,2,1,2
-15.869591,-11.445742,-10.208587,-9.526035,-0.65518767,-3.078091,0.77958864,-0.9923772,0.11560385,-0.20567699,-2.0997703,-2.2414148,2.3480744,0.99881035,2.35258,-0.4926932,2.5218978,2.3227797,-2.088844,-1.2392706,1.322342,0.02975679,-4.9780927,-0.9284794,-2.6481051,-0.7411395,-0.39357606,-0.43355185,-0.069889866,-2.683909,2.946345,-0.20543592,-2.4359581,0.15318798,-2.14051,5.306262,-1.8439156,2.4448009,-8.414178,-3.4297204,3.4818137,3.2039912,0.61615795,1.3626616,0.99534655,4.1129565,1.6420151,2.4019473,-1.2649155,-6.089398,NA19221,2,YRI,10,2,2,2
-18.998238,-11.693568,-9.792573,-9.876444,0.26689303,-2.4694645,0.25545475,-1.9250957,0.3912995,-0.85342526,1.0708292,-0.42683795,-0.3834419,0.6526545,0.09911367,1.9292535,-0.83203477,-1.501345,0.69192195,-0.43852112,-1.601308,2.4929736,5.2199106,-5.474636,0.6593556,0.8651144,0.24951814,0.6302652,1.9392807,-4.888754,1.7599303,0.7204566,-4.0877934,1.2961609,1.2011296,-2.6534135,3.857751,1.148349,0.84899163,0.8409357,-3.0257268,1.000481,-2.1556926,-1.0762614,1.856563,-4.1580195,-0.9989457,-0.061245542,1.209317,-1.3778672,NA18863,1,YRI,10,1,1,1
-17.19864,-10.97956,-10.058654,-8.307139,-1.1650263,-1.8180707,0.09617561,-1.4657457,-0.338986,-0.647648,-1.481229,-1.3316411,1.5721593,1.2634034,-0.4296042,-0.83774656,-0.037980735,-1.7756817,-0.86829954,-0.6144937,-0.9761465,-1.8932916,0.30199233,0.2063317,-0.1632912,0.81591165,2.0102425,1.1726953,-0.25409314,0.64245445,1.1038089,-1.9163319,1.6563529,-0.07950928,-2.3006074,-1.6974988,-0.10754239,1.4722261,-4.050151,2.7841349,-2.7012258,-1.1130053,-3.3311834,-0.19321321,-2.4951665,-0.5183643,4.549734,-1.6142921,0.20632477,3.641167,NA18855,2,YRI,10,2,2,2
-18.870037,-10.568283,-10.793476,-9.419041,-1.1456771,-2.6557565,0.47940803,-1.5652255,0.8456869,-0.700277,-1.859139,-1.4672818,-1.6123931,0.62959266,0.5524639,0.45900515,-1.998342,-1.0059035,1.2666442,-0.32156226,-1.3776276,-3.1052139,2.6630177,1.4290359,4.8148656,-1.4759285,-1.6854086,-4.004435,0.82636595,0.15446547,-3.543039,2.5187068,2.1492436,-2.0267243,1.4145403,-5.4377146,-4.4764013,1.132043,0.2804733,-4.4975476,6.2305107,-0.4099409,1.3573714,3.568416,0.18258448,0.32076272,-0.7509618,-2.967263,-5.010122,2.644856,NA19209,2,YRI,10,2,2,2
-22.01989,-11.630449,-9.898741,-9.182731,-1.9405593,-2.9092772,-0.32595152,-2.125703,-1.5675892,-0.9906956,-0.40210962,0.6429005,-0.010113488,-2.0019782,1.9321092,-0.1455791,0.13306616,0.51024556,0.88407713,0.46299398,-1.6565759,-1.9784671,-3.9916255,0.10117493,3.0610056,1.9408076,3.2600248,1.2016145,-5.0290766,2.17862,-5.262287,1.8508606,0.5515676,-0.34993455,0.09861159,0.44028693,2.7570124,2.0043662,1.1559455,-2.4643524,-2.2427123,3.2467365,-1.0717651,-0.6827246,-0.6550445,2.8093002,-2.014811,-2.43634,4.730296,-1.6763868,NA19160,1,YRI,10,1,1,1
-18.676798,-11.410329,-11.117022,-10.267277,-1.1075436,-2.44752,0.7619702,-1.1916698,0.29939303,-0.474442,0.36831862,-2.3815594,-0.3111014,1.741369,1.8655117,-0.9385948,-1.340292,0.11850986,-0.76967937,0.3156731,1.0077465,2.0547326,2.446862,1.2652305,4.0081196,0.37945443,1.5783236,-2.6433065,-2.2826397,-1.4416654,-3.491231,-0.82291174,1.6274077,0.6800538,2.9051335,0.6738086,3.512201,-4.9941354,1.2449166,1.4921367,6.7125998,3.069239,5.212625,2.65967,-1.8442062,3.5868087,0.32043454,-0.3925086,1.5969857,-2.2650962,NA19152,2,YRI,10,2,2,2
-16.909632,-9.771084,-10.7610855,-10.261136,-0.8282738,-2.3662398,0.14499615,-1.7014233,-0.79759085,-1.278817,-1.4995117,-0.34314677,-1.682258,-0.61741734,-3.274554,0.32036167,0.26764098,-0.6339631,0.6609407,-0.11457044,-0.13913964,0.70171106,1.4884536,2.690493,0.27954993,-1.7659308,2.320271,3.5570362,-3.287769,-1.2719254,1.0517201,2.5982792,-2.8092368,-3.80619,-3.0200117,-2.003701,-3.2803738,0.7113835,-0.78126955,-4.7534857,0.9779453,-0.054045092,-1.979524,-4.900168,1.2476217,-0.06757333,2.3212667,2.028384,-1.7058846,3.8324716,NA19102,2,YRI,10,2,2,2
-18.028013,-10.702906,-11.090619,-9.74615,-1.5445755,-1.5224459,0.18710776,-1.2895122,0.86480916,-0.1683836,0.79307747,0.42563862,0.008583007,1.9468417,-3.509271,-0.04099038,1.2345666,-0.110423915,1.1729674,0.49368566,2.505138,2.73992,2.5206914,-2.8380358,6.091029,-1.3442365,-1.7038953,-2.5352476,-0.24936418,0.4318255,-1.4819525,4.747224,0.99739206,-3.0433733,0.60845023,3.116456,1.3910948,0.07161867,7.431728,-3.1007771,2.0558515,1.0971668,3.288305,-3.5061605,-0.24537012,4.3991895,-3.878437,-0.19252574,0.2722439,0.6086905,NA19172,2,YRI,10,2,2,2
-19.914236,-11.918286,-8.995419,-8.692838,-1.762811,-1.3106712,0.07736279,-1.6419245,-0.91806674,-0.7165096,0.6980098,0.31727636,1.1492229,-1.3288615,0.60993063,-2.0552726,1.0963441,-0.9624499,1.5436841,1.573449,4.8877664,-1.4948492,2.2222319,0.294771,-5.8039684,1.428036,0.86907923,0.66256756,2.092167,5.046714,2.1555655,-1.3087733,-5.6822953,-2.4673493,-2.5657363,1.2927737,1.1472912,10.075084,-3.8649,-1.5656457,-1.092906,-3.104522,-4.0696507,-1.2370117,4.8523626,-5.092564,0.61981773,0.21516924,-2.2209044,2.628812,NA18854,1,YRI,10,1,1,1
-21.64363,-10.691546,-9.533807,-8.581378,-0.65079623,-3.0671053,1.235443,-2.0065026,0.6044987,0.7662545,1.8050073,0.9922706,2.273757,-1.8152182,-1.0842125,0.92232215,1.8823922,2.1558356,0.22229211,-0.8821058,-0.59829,1.2791464,1.2022288,-1.0135322,0.07029615,-2.7983494,-1.6760914,3.0505805,2.70586,0.48796216,-5.012463,0.7263219,-5.7079153,0.86305803,-6.997673,-1.0141029,-7.716935,-1.8727592,-3.3692484,0.7080161,-8.612504,-6.573469,-1.2686241,3.8604417,-1.0932795,0.5191882,-2.8021379,1.1377004,1.1758596,1.793209,NA18515,1,YRI,10,1,1,1
-16.995296,-10.971281,-10.61345,-10.190265,-1.7434422,-2.6866724,-1.0586524,-2.894757,0.4732143,0.07179604,-0.19532779,-1.3593225,-1.6494892,1.5061162,3.797595,3.2721543,0.29598007,-2.3328977,-0.36329436,-5.1000805,1.7494022,-4.645194,-1.6416013,0.053375114,-9.43771,-1.1903651,-2.1227531,5.274705,-0.87643105,2.3783739,0.5576851,4.897315,-6.5654626,3.050278,10.997889,6.1502056,10.724344,-6.4831495,-2.5232673,-0.297069,0.5780067,5.239094,-3.0841863,-3.1665328,0.5025708,-0.5470129,-1.5790179,0.0882901,-4.888382,-5.8658156,NA19238,2,YRI,10,2,2,2
-20.72771,-11.989822,-10.549997,-8.784889,-0.9423579,-2.037602,-0.28836232,-1.1189423,-0.03030727,0.43351462,-0.5982787,1.1360472,-0.24608243,-1.4137024,2.7571244,-0.32648715,-1.428712,1.9634343,-0.2836895,-1.3172941,2.39703,-1.722308,-2.2156265,-2.5638788,-1.0459869,1.8233995,3.142803,3.8999782,-0.15874255,1.5328884,5.4752674,2.6003795,2.8545854,-4.1886253,-1.0157222,-3.6839814,1.1993828,-5.036928,7.8254933,3.9129853,4.934092,-4.5091457,4.9322524,1.9322245,2.5375907,-0.21134229,-4.2387347,0.38672662,-3.8418512,0.6887108,NA19142,1,YRI,10,1,1,1
-19.496641,-11.787647,-10.248708,-9.767776,-1.743847,-2.1181986,-0.12837668,-2.6934922,0.4340905,-0.14733876,0.625138,-0.13253717,-1.1890771,-1.4168634,4.5213013,2.6165893,-0.22018574,-1.4398404,-0.47112936,-4.8571043,1.2548045,-2.8119478,-1.8266255,-0.30792156,-7.0550036,-0.8415318,-0.93008775,4.88353,-0.676296,1.6978115,0.014530764,5.5770764,-5.9847794,3.1466663,9.922827,3.8694775,10.502512,-7.194505,-1.2424209,0.71090955,0.4947948,4.097796,-2.82476,-1.4041209,-0.1618594,-2.0472429,-0.78417826,-0.21013123,-5.6575575,-4.1359506,NA18913,1,YRI,10,1,1,1
-20.381216,-12.180173,-9.685297,-8.876368,-0.40944308,-2.659615,-0.22499034,-0.49753115,0.07421871,-1.059735,2.0695126,0.80853194,1.4923803,1.690377,-0.5610785,0.4585296,-0.5982001,3.953014,-2.0172827,-1.3921658,0.44790208,3.2078536,-3.1667619,1.9842223,-1.9264606,-0.5681062,1.1397485,1.4346191,-0.530654,-5.4211383,3.3391263,-4.907272,7.2101855,2.7149096,0.60807234,0.6701879,1.0520694,-6.642079,1.7096168,4.763428,0.13651966,-4.4318547,-1.1617414,6.606641,-5.65209,1.8626086,2.722759,7.348229,-2.0613337,-1.7878467,NA19139,1,YRI,10,1,1,1
-16.81895,-10.872979,-9.724878,-11.007309,-2.1947124,-3.2846055,-0.97503746,-1.7787102,0.515842,0.17463896,-0.116734065,-0.12006663,-0.2834389,1.020656,0.66899836,1.5282953,-1.1523457,-0.5853839,-0.40609434,-0.4006062,1.3964823,-1.0136504,1.4783165,0.28071535,-1.6271656,2.3913243,2.3574572,-0.24900356,-0.11214077,0.46112797,-0.16785644,5.704816,0.82870525,-0.15385793,5.7754855,0.24968289,4.3150597,-6.0912595,1.0505043,2.4948037,-1.0774106,2.9992907,-4.0928454,-1.0033146,0.07749705,2.0195136,0.13077183,0.38515124,-1.6100878,-0.326032,NA18912,2,YRI,10,2,2,2
-14.815785,-11.006294,-10.76066,-10.262142,-0.79606944,-2.8971105,-0.049522135,-1.7602394,-0.3559689,-0.028124223,-1.768454,-1.4537063,1.7233418,1.7892202,2.0702426,-0.2718804,1.9163779,1.5372338,-3.2723157,-0.41866603,1.7559097,0.31708652,-3.003149,0.37750572,-2.9774084,0.02572602,-0.6038574,0.23570359,1.3193549,-1.6320624,1.5727499,0.8132921,-2.8311698,-0.1005123,-1.7961462,4.5159307,-1.58966,2.2830684,-4.4402966,-2.2958834,3.4989169,1.8854771,0.5967728,-0.4015349,-0.10603797,2.698402,0.8041928,1.8943424,-0.79252046,-4.5353823,NA19222,2,YRI,10,2,2,2
-16.261675,-10.814396,-11.508582,-9.772369,-1.6848184,-2.11478,-0.43965542,-1.8624079,-0.3600914,0.29704964,0.74242836,-1.6532642,2.2870324,0.1662344,-0.95067245,0.48280063,1.0560061,0.5377078,-1.2574012,-0.022579893,-1.2237492,-3.1608992,-0.6422513,-1.6672397,-0.6111838,-1.2615267,-1.1033173,-1.8031945,-2.6846237,1.3465359,-3.1906607,-1.8009052,-0.3210387,0.7948983,-4.2520394,-1.497119,-1.2846202,5.286959,-3.2493594,2.0062408,0.52239364,0.31255206,3.9739728,1.8618906,-3.7113929,-0.66982985,1.8253431,6.477076,-3.707377,2.896612,NA18508,2,YRI,10,2,2,2
-16.899738,-11.293902,-10.535682,-10.159341,-1.9014258,-2.7408504,-0.34646907,-0.93682575,0.32926124,-0.8900031,-0.118891895,-2.602213,-2.237876,2.383149,-1.7241486,-1.0435805,-1.7689984,2.0749943,2.932521,-2.879662,-2.6718328,-0.106431015,-0.35088068,2.0815341,2.6879559,-1.7605945,-3.007914,2.1411417,-3.4222858,-1.5985061,-1.096387,3.3133411,1.7303351,2.1932495,7.778219,-1.7136017,-0.024929522,1.6215305,1.0788031,-0.7747149,-0.5476577,-6.084615,-5.235795,-1.9517037,-1.0463378,4.0651774,-3.9917552,-1.5736089,8.962391,2.6476467,NA19129,2,YRI,10,2,2,2
-20.661856,-12.0288515,-10.017359,-9.678467,-0.5597808,-3.7638469,-1.3402934,-1.3888978,-0.6633835,-1.0869274,0.08523395,1.9940199,-0.26808894,1.0333271,0.5836568,1.0584527,2.2205892,-2.8398337,-1.3581723,1.3513303,-4.149904,0.09730659,0.62121373,-0.62882906,-0.93307143,-0.8136634,0.19089898,-0.9031513,-0.8343907,-6.6406636,-2.1311224,-4.566711,1.8836149,1.5543699,-5.109602,-0.5911435,-6.4630313,-0.884703,2.012783,3.6704998,1.1168431,3.1089568,3.3907378,0.55219775,-4.1982417,0.15580502,-0.083026044,0.8605436,-5.132814,-1.7489299,NA19194,1,YRI,10,1,1,1
-21.766367,-11.602709,-10.333182,-9.1171055,-1.2945532,-1.7176275,1.2740391,-1.1966316,0.35293818,-1.5811687,2.3245604,-1.3501219,-1.4872814,0.054671273,1.6816396,1.8752211,0.5127758,0.2439026,0.077541746,0.45735213,0.3944459,1.6368023,2.7710078,1.7282015,5.93573,0.8141336,2.106923,-3.6275532,-6.229823,-3.764499,-5.352076,-3.0471678,5.1167493,2.1667037,4.5085983,-1.368534,4.690614,-7.8691154,0.8045539,3.5810125,10.953177,3.9551451,7.8179426,4.81789,-4.070492,2.5824926,5.2021775,-1.209628,4.2355647,-4.4194884,NA19154,1,YRI,10,1,1,1
-22.789436,-12.6424675,-9.630888,-9.35744,-1.7253742,-2.0014703,0.4971374,0.23001345,-0.4268073,0.12588629,2.2909765,2.6655376,1.542487,0.16076115,0.562341,0.49342144,0.13345577,2.6602201,-1.8056059,-1.3551321,-0.11788745,0.7975395,-1.2889807,1.7687739,-0.9130624,-0.81477547,-0.032695197,1.293304,-1.3023365,-3.0622737,1.273228,-2.3885705,5.1067076,2.8185918,1.4828188,-2.850583,-1.0834185,-4.2703676,2.120213,4.6518545,-1.0574726,-0.6909644,-1.4634197,4.189106,-5.190828,2.000224,1.1824393,5.953958,-0.6279723,-2.1139333,NA19138,1,YRI,10,1,1,1
-16.350922,-11.158719,-10.539416,-9.67115,-1.5352542,-2.1062152,-0.7935985,-2.3774185,0.19069035,-1.4236747,-1.0587571,-1.3403949,0.50771886,0.3544183,1.0781558,-0.8813585,0.86646444,-1.5431421,0.43618453,1.8480426,3.6077487,-0.43700305,2.5679643,0.010520347,-3.9631097,-0.08657325,0.70658964,0.34613934,1.4544421,4.974633,1.1097423,-1.657994,-3.8278255,-1.6912094,-0.43921667,1.0582911,-0.47159308,8.200384,-3.0858257,-0.24246103,-0.98422855,-0.8014572,-1.2143909,-0.064500175,2.4897785,-2.7698536,0.20217337,0.050166186,-3.317252,2.749808,NA18852,2,YRI,10,2,2,2
-21.509115,-12.260378,-10.026733,-8.227363,-1.9383669,-3.4759786,0.116744995,-1.1907327,-0.110741235,-0.8127658,0.36321315,0.589419,-1.9864527,-2.3512821,-0.80342615,1.536453,-0.8315285,0.009476463,3.3043911,0.71723735,-2.5621393,-2.7296531,-1.7387711,-0.5747357,1.4325584,-3.478589,-3.0195477,2.607069,0.32247597,-9.8252735,1.561207,1.7299976,-2.6896338,0.5158594,4.3610554,-1.2304972,-10.096808,1.2825974,2.6195495,-0.6950627,-1.405414,-0.11051238,-2.4843707,0.021264598,-0.7332562,0.19395286,3.884647,-2.1021605,-4.3416657,1.2276565,NA19120,1,YRI,10,1,1,1
-21.229887,-11.268888,-9.666001,-9.609267,-1.5430963,-2.972366,-0.29244205,-2.5263417,0.057091422,-1.3017968,1.1885917,2.5362823,-0.70994055,-0.762525,-0.17366907,1.3804345,-0.7723044,-1.9029125,-1.3032112,0.38974595,-0.9059677,-1.8980119,3.0322778,0.6223959,3.154436,0.120141745,-2.4062548,0.6023672,1.3355823,0.08655795,-5.1883364,0.5380214,0.16842896,-3.5232363,0.47771788,-2.6266549,-2.9012012,-2.7592657,-4.101559,-4.7471104,7.0791497,-2.2476537,1.9233638,2.9880593,-0.23145552,1.6415083,0.46669957,1.260429,-3.9381297,3.1288478,NA19210,1,YRI,10,1,1,1
-16.511961,-10.677866,-10.876903,-10.975379,-1.8769611,-2.9127257,1.152421,-2.389172,-0.48271328,-1.4099544,-0.019933041,-0.054824874,-0.10800756,-0.1462279,1.8058592,-0.49844307,-0.004768727,-0.6376322,-0.15936567,-0.44886512,1.3000766,1.5458298,1.5064307,-0.93553543,-1.459861,2.713563,0.036429025,2.1718886,-2.1025085,0.6644091,1.1065347,0.69361216,1.3002365,1.4082001,-1.798846,0.24663909,1.0093255,-0.32654697,2.2142327,0.65257627,0.17095935,1.1463691,0.66181654,-0.59579927,-0.6348206,1.0333118,-0.14781284,2.7013993,1.9023652,-1.3657074,NA19204,2,YRI,10,2,2,2
-20.714071,-10.01287,-9.847872,-8.451679,-1.0696605,-2.6548755,-0.19470376,-1.3053142,-1.0093013,-1.4103862,2.6035104,1.3772353,2.042731,-2.9787922,1.4276184,-0.76037,-0.93347514,-1.0528046,-3.0656447,-2.057218,2.2024171,-4.4071326,1.118354,-3.6275673,0.34432605,0.0067099556,-0.29213515,0.9763374,0.24895594,2.4894483,-1.778551,-1.9327582,1.5445633,-2.2061305,-3.8969452,0.12184867,1.692064,1.4651446,-0.5459942,1.2810702,1.5655128,1.0155679,-1.3722674,3.0301356,0.15907148,-0.76058227,-4.2000213,5.691675,-3.3742418,4.2445307,NA18507,1,YRI,10,1,1,1
-16.569937,-11.3777485,-10.7390585,-9.773445,-1.4259369,-2.283731,-0.2815746,-2.3485894,-0.3474718,0.56838703,-0.85028416,-1.2391974,0.4685086,0.42662328,0.49323672,-0.2685777,0.24293226,1.7699062,-0.9652018,1.7315496,-1.7516711,-2.2934132,-5.45329,2.329065,0.4572699,0.9133622,3.4002357,1.5899655,-2.0811322,0.87909526,-3.7801688,-1.8124083,-2.6828628,-0.28778243,-1.2563137,-0.131295,1.0642302,0.93682456,-1.2348372,1.7000672,-1.9392732,3.7916915,0.16750999,-0.15557727,0.1071791,2.9047587,-4.2190156,-3.2631938,3.757978,-0.76641697,NA19159,2,YRI,10,2,2,2
-20.780998,-10.504735,-9.791637,-9.753128,-0.503513,-2.6836126,-0.010704988,-2.0695183,0.061035004,-0.5936174,0.46576667,0.96232605,-1.3732883,-0.919077,0.44353813,2.2419424,-1.7289873,-2.4088457,-0.007885667,-0.78942233,-1.6868732,-3.7856634,3.704002,1.5115865,6.186087,-1.2634861,-2.585222,-2.2750993,2.021328,-0.61139876,-6.4317927,1.1179979,0.661965,-2.20586,0.8533427,-6.4996047,-5.56327,-0.4933847,-2.121721,-6.220997,9.403352,-2.2165012,2.372259,4.596929,1.3925208,1.929759,-0.6996482,-1.631388,-6.7724705,4.4256315,NA19211,1,YRI,10,1,1,1
-21.87233,-11.759826,-10.317931,-8.71504,-0.6760778,-2.5846095,1.144644,-1.1869738,0.726788,0.3712886,2.1480331,1.321201,2.1557355,-1.5254931,-0.89940816,1.058545,1.3219523,1.2455109,1.1274886,-1.3323358,-0.2144304,0.51456434,-0.060648076,-1.5244672,0.8662347,-1.6572913,-2.7513316,0.42081955,0.26207626,0.63857436,-2.9421265,0.8256091,-6.3056736,-0.46345386,-6.943022,-0.31131074,-5.4451847,-0.8593441,-2.2172127,0.69665575,-7.4020004,-5.4034276,0.07125068,1.9815216,-0.34323293,0.29298192,-2.4525676,0.7825073,1.5494975,0.097426824,NA18516,1,YRI,10,1,1,1
-19.955387,-11.337321,-9.329197,-8.036193,-0.40992528,-2.0277078,0.76614606,-1.7474532,-0.46585453,-0.093615636,0.9156676,-0.73674804,-0.49507672,-0.0010881327,-0.09733224,1.3879062,-1.999706,-0.98940575,-1.1230123,-1.113313,0.80043423,3.0020082,5.4094443,-3.6744783,0.19885783,0.21354836,0.66202587,0.8797869,1.2621434,-3.863384,0.7454292,1.3484114,-3.7039697,1.0310328,2.6140974,-0.55996764,4.1451054,-0.9887035,1.3170565,-0.28578147,-3.416581,0.42417943,-2.3250668,1.7870616,2.5606272,-2.927085,-1.2506921,-2.0672894,-0.3753741,-1.4546833,NA18862,1,YRI,10,1,1,1
-21.18092,-10.565219,-10.004724,-8.700764,-0.62534314,-3.2337396,0.073986076,-1.9382672,-0.5327294,0.022522686,-0.70036197,-0.048131976,-1.8468068,-0.743823,-0.008075696,-1.5727298,-1.4382163,-1.9063176,2.5598116,-0.1659198,-1.6162494,-0.46271834,1.8228385,3.863703,2.159916,-0.5974754,0.98320264,5.2681575,-4.713901,-4.3508663,-0.37519956,1.3359933,-1.948717,-1.7533363,-4.9260173,-1.4708581,-4.3990235,-0.035113353,1.6203666,-5.475465,1.5091608,1.2979453,-2.927828,-2.6751604,-3.3170557,-1.3690354,2.8074954,1.0397959,-0.8211185,3.5320373,NA19101,1,YRI,10,1,1,1
-20.132078,-12.075281,-9.693119,-9.319709,-0.736942,-2.4979353,0.07333803,-2.3207,0.9875325,0.712258,0.67190945,1.6208627,-0.21474572,-0.5211278,-1.1679212,0.26156873,-0.030423883,-0.9064345,-0.5738903,-2.6278148,-0.6918872,1.5343354,1.8872999,-2.2139108,-7.008894,-0.9523811,-1.1232516,-2.6747296,1.2946311,1.8479904,1.8338664,-0.42385602,-1.5485168,-3.8955023,-1.5881575,-3.0900626,-2.1609924,-1.2760715,4.499942,6.050413,-2.4118645,-3.79914,-0.576297,3.0252342,2.1052136,-5.141795,0.81773055,-5.3600154,5.366925,3.955883,NA18872,1,YRI,10,1,1,1
-21.625458,-11.794454,-10.02448,-9.268068,-1.0022529,-3.1750324,-0.7793347,-1.2088045,-0.106443964,-0.55493987,0.53299046,2.2979023,-0.17059776,1.6930951,-1.6464256,1.3220855,0.7114959,-1.6679207,-1.9971457,1.8152714,-3.9076335,0.34690082,1.7588807,-0.284018,0.5401394,0.8711038,0.07575692,-1.2671375,-0.75762755,-4.9414716,-1.9402193,-3.7530177,1.7317928,-1.2169265,-5.5785685,-1.6373876,-4.0796995,-0.6383653,1.5961146,2.0118845,0.52996826,3.712736,1.6738019,-1.2529863,-4.2838306,1.1238265,1.0865085,0.68408704,-3.8418705,-1.2382345,NA19192,1,YRI,10,1,1,1
-20.047636,-11.210805,-9.581817,-9.043696,-1.0621256,-1.6638061,-0.39395523,-1.3035564,-0.69195527,-1.6520852,0.13522694,1.1544052,-0.22381206,1.7512964,-0.1689089,-1.1313276,0.17359847,1.3103284,0.24519803,-1.6874382,1.944418,2.2200224,0.8875482,-3.1030493,0.14810179,0.28781566,-2.38526,3.9285226,0.99816465,0.35335392,-2.142266,3.3100057,-0.2593538,-3.2460673,-6.250011,1.2152362,3.9102526,4.1218247,4.7067127,3.9237258,0.41195342,-0.84312904,-3.197388,0.18802644,-0.3682758,5.48015,-2.6791239,1.3122302,-1.1912963,-2.6830182,NA18521,1,YRI,10,1,1,1
-16.808226,-11.89106,-11.551413,-9.633509,-0.89041483,-3.1570356,-0.74866456,-1.8640585,-0.63634264,-0.068602666,-2.3467028,-1.6058251,0.16806445,1.4530425,-1.4767299,-0.78043073,2.045482,-0.7201575,-0.53239363,-0.52061045,-0.36792067,-0.5680562,-1.619819,-1.6552155,0.27010655,-1.8816942,0.039463155,-4.6643133,1.3545605,2.7436182,7.9327564,0.23909004,-0.51685333,-0.51058966,-1.0859771,3.3131897,-2.9139493,-1.4190457,-1.0280291,4.079425,-2.529035,-4.198483,-2.490644,0.80620474,1.4062501,-0.14747924,3.2394109,5.384122,4.6286354,-1.2590793,NA18858,2,YRI,10,2,2,2
-21.636915,-11.57172,-10.346986,-8.482118,-0.63795054,-2.2882547,-0.24176908,-0.50983703,0.16367194,0.48132604,-0.4378337,1.7370276,-0.18366274,-2.5116317,1.6849208,-1.0541228,-1.41243,-0.14109276,-0.15190543,-2.0979521,1.8262856,-2.652638,0.17730714,-1.2068964,-0.008455778,0.79861605,1.3779843,2.5513659,0.2426575,0.007160529,1.9124104,2.7062874,1.4833193,-1.7396027,-1.2646128,-2.963026,2.2761502,-1.8273472,6.7836075,1.9243872,2.0929449,-4.087747,3.582871,1.9053614,-2.0538745,2.1300986,-2.354565,-0.06639542,-2.433737,2.5791223,NA19141,1,YRI,10,1,1,1
-14.245895,-11.4060335,-10.184459,-11.403956,-2.1473255,-2.0060349,-0.31665343,-1.9190018,0.2560194,-0.54045683,-0.20156395,-2.0991817,1.1103003,2.5336835,0.9129818,1.0656163,2.1435037,-1.070053,0.90201175,0.725467,-2.557658,-1.4663397,-3.2233925,-1.8005986,1.4768592,0.4128282,1.5720925,1.1392139,-0.305945,-1.9611663,4.9124074,-1.0547208,-1.7339901,-1.3144902,0.5631745,-0.645796,-5.500521,0.5823004,3.8261356,-1.2820722,-0.4451083,2.4530852,-4.02276,-4.182034,-4.629242,-1.8082494,-3.0561552,-0.5025915,-0.6131964,0.5974927,NA19093,2,YRI,10,2,2,2
-16.412832,-11.427528,-10.863028,-10.764432,-1.2721473,-3.3756027,-0.53239894,-1.1535885,-0.47555035,0.37364972,0.11662788,-2.1322787,-0.29003927,1.092468,-1.6424326,-2.829816,-3.918661,-0.119022004,-0.32247534,2.3109765,-6.29471,0.052942023,1.41921,-2.284688,1.0405481,0.29998145,-0.6077049,-2.0665684,5.4650373,6.7320037,-1.4024711,-4.328347,1.8202544,-3.0966928,-1.6268271,-0.82156783,-3.83917,-0.72716784,4.364791,3.8051367,-1.5951244,-0.65909714,7.483452,4.693136,-0.5765489,0.40705717,5.0074553,1.4908378,-1.460843,1.4432515,NA19132,2,YRI,10,2,2,2
-17.168999,-12.398806,-10.618742,-9.249479,-1.1981586,-1.822111,-0.2237428,-0.566959,-0.6889215,-0.5956663,0.3651797,-0.22483678,-0.9449381,2.2200167,0.039877847,0.6880665,0.02419905,-1.4144256,0.44863468,0.52970773,3.4609413,1.1517266,-0.5492159,-2.661026,-0.88443565,-0.7235826,-1.0969043,-2.7085364,-1.3617755,-2.1677682,1.1972257,0.5257631,1.0578192,2.970113,1.4275297,0.69093484,1.1067266,2.9201524,1.8339832,1.827966,-4.1755276,-0.42529052,0.07048357,3.5279927,-3.018548,-1.5921078,-3.4801695,0.67755944,-1.6032338,0.57161146,NA19206,2,YRI,10,2,2,2
-19.702173,-10.365238,-11.362064,-8.836064,-1.816691,-2.3559492,-0.7072135,-1.5956057,-1.22944,-0.9284132,2.9333394,0.5699582,2.9002156,-2.3036606,-0.43231252,0.24293816,0.048606243,0.68133634,-3.839271,-1.4765579,-0.2572736,-6.038609,0.49450067,-3.1273758,0.90507,-1.2318833,-0.43904433,-0.6418153,-1.6305466,1.9384813,-4.9453325,-2.8051093,1.270706,-0.7423603,-6.323612,-1.8542321,0.72005516,4.5080404,-3.1329505,1.2756089,1.2343253,0.1272187,1.6222229,4.4744735,-1.6927961,-0.16678703,-1.3941015,8.894831,-5.240622,5.872967,NA18506,1,YRI,10,1,1,1
-20.550797,-11.147654,-9.893134,-8.475235,-1.6052368,-1.4525204,0.43524614,-1.245798,-0.2142139,-0.04328942,0.6443644,0.90030354,0.29952854,-1.1924443,0.6957201,-0.6095559,-1.7875025,-0.0790755,-0.4825721,-0.27519852,-0.1867401,-1.200148,0.402116,1.1544187,0.08831747,1.4504797,-1.320784,1.1335346,0.6190979,0.95407027,0.2589758,-0.74121195,0.30268463,0.2960893,0.3094729,0.09623397,-0.1893189,0.52686363,-0.15069667,1.2833481,0.09895803,2.5047133,0.44908687,0.36093858,-2.411669,-1.0506685,0.85567665,-1.7114834,-1.6394662,0.46590528,NA19098,1,YRI,10,1,1,1
-20.276447,-11.834302,-10.057267,-9.074263,-1.0682039,-3.588084,-0.63267976,-1.0720998,0.2882568,0.5631131,1.4807861,0.82512456,-1.5314565,0.20708874,-0.79846394,-1.4768739,-1.9780494,0.6248682,-1.553809,3.1084244,-4.402914,0.6778073,2.206394,-1.8506261,0.77489895,-0.8945335,0.69652927,-2.7428224,4.02498,1.0722353,-0.70277303,-4.853096,2.8633993,-1.6847748,-4.071795,-2.4541905,-2.7551296,-1.1838316,1.3249842,2.6121109,-1.9027278,0.50537705,4.132269,1.6137692,-0.5734321,-2.0130637,3.115388,2.0973072,-1.2001302,-0.94282126,NA19130,1,YRI,10,1,1,1
-19.67971,-11.758709,-9.911634,-9.612862,-0.9679087,-3.13075,0.12064876,-0.86871505,0.8143509,-0.3681517,0.08398095,-0.62328273,-2.2464843,-0.1973231,-0.37127143,-0.823322,-1.6490116,1.1588963,1.521075,-3.2575054,-2.7193494,-1.2759598,-0.5685978,1.8084378,0.30345288,-1.797388,-1.6559618,1.9109577,-3.659673,-1.1827872,1.2546533,2.6946478,0.5760338,0.7998528,3.7361271,-1.8065287,-1.9904269,2.7392983,1.9314184,0.38325563,1.8418715,-4.8206143,-2.7865303,-0.8865704,-2.201917,3.0078294,-1.4721509,-1.4226241,6.3535814,2.4829,NA19128,1,YRI,10,1,1,1
-15.053539,-11.171167,-11.377593,-11.004956,-1.5150701,-2.6117396,-0.9328904,-1.1468761,-0.13101599,-0.26966554,-1.0733908,-3.5874364,0.7472116,1.7185035,-1.8129817,-2.823698,-4.02482,-0.18222857,-0.18593916,1.0742273,-3.6676211,-1.4153098,0.40788123,-0.5761409,1.3415821,0.8276846,-0.11362589,-0.30884463,3.9295266,6.243866,-1.2476496,-1.7175405,-0.039212994,-3.4329839,1.4191413,0.17631987,-2.6017387,0.2943097,3.4154856,3.3143375,-0.535078,0.8689605,4.963141,4.9897714,0.28697693,2.4789019,3.6086116,0.3242574,-1.3653506,1.3381613,NA19131,2,YRI,10,2,2,2
-21.55518,-11.414099,-9.772278,-9.081614,-1.9954551,-1.6376126,-0.057163544,-1.6205,0.20968784,-1.9314636,-0.80342174,2.2491105,-1.1530339,0.75459504,0.36687818,-0.2457016,-0.47259253,-0.3943993,-0.6435462,-0.47554868,1.6626636,1.8254961,0.99525213,-1.7029796,-0.15012987,0.3358151,-2.5166676,2.5200417,1.1651946,0.27094975,-1.4465771,1.511356,-1.8330418,-3.8896701,-5.5963283,3.1394947,3.2063835,1.6114849,1.0127605,3.5069444,-0.12829012,-0.14420962,-3.401581,0.985219,-1.6820611,1.8476039,-2.1006255,-0.7931379,-1.1806633,-2.0288928,NA18522,1,YRI,10,1,1,1
-21.226524,-11.812575,-10.893167,-9.280201,-0.7752927,-2.2367058,-0.07230491,-1.7012074,-0.80937874,-1.1173675,0.5562662,0.3699841,-0.21385667,1.3379842,0.35801822,2.30658,0.4250894,-1.5016493,-0.22505617,1.2884389,4.5640397,0.11965544,-0.44259447,-2.2008562,-0.63379085,-0.8899005,-2.5748124,-2.546219,-0.25663465,-3.4840796,1.3519186,3.258366,0.7218125,5.470795,1.958975,0.17160997,0.955184,4.870103,4.318512,0.88094294,-6.0025215,-2.9207866,1.2631538,4.642883,-4.0713625,-4.2371345,-3.0654047,0.549157,-1.4267367,1.3198483,NA19208,1,YRI,10,1,1,1
-17.336336,-11.671109,-11.114642,-9.665157,-0.92921203,-3.133863,-0.08306709,-1.3214749,-0.22121656,-0.88607085,-0.30692488,-0.98404473,-0.9554809,-0.47034648,-0.034263007,0.23575233,-0.7329561,0.19762258,2.9734585,2.991819,-2.6093411,-2.1817832,-2.2610464,-0.060297757,2.7066133,-2.0235257,-0.63767934,2.4136317,0.57650477,-7.898178,1.728215,1.6909903,-2.63623,0.41265735,3.1967688,-1.3460559,-6.0546756,-0.8506195,2.2840655,-0.46718803,0.18939096,2.1926796,-2.301721,0.36297637,-1.1510285,-0.90979004,2.9979658,-0.9402941,-6.0479474,0.29210255,NA19116,2,YRI,10,2,2,2
-19.19211,-11.673189,-9.963331,-9.712575,-1.830341,-2.828924,-0.58002824,-2.4380941,0.8311595,0.40743378,0.40683335,-0.783637,-0.83706236,-0.93954504,3.6767588,2.8512578,-0.6562412,-1.9459436,0.033850275,-3.9274297,2.2463274,-2.9429808,0.08833147,0.22898757,-4.5723763,0.32971865,0.27738127,4.078964,-0.6974627,1.1289543,-0.82136166,7.539115,-2.9101658,1.7637831,9.882706,2.312071,9.801467,-9.016361,0.30890462,3.2001028,0.069407985,5.6275845,-3.7740233,-1.661467,0.17469966,0.71114475,-0.9911681,-0.64583176,-5.2063556,-3.8174973,NA18914,1,YRI,10,1,1,1
-15.949002,-11.008853,-10.637519,-9.809802,-1.2964945,-2.4497728,-0.399683,-1.0416253,-0.5530681,-0.16107844,0.14521597,-3.7083106,-0.1409069,2.140349,-2.5872977,-1.3061756,-0.030237153,1.0408275,3.2762425,-1.2582633,-1.4618611,1.6757674,-0.64708775,1.3039142,2.5720565,-0.5213262,-2.1158583,1.6165425,-1.4761525,-0.6775561,-3.6979191,2.2279544,0.86497694,1.6691703,6.283788,-0.89924216,0.6309565,-0.70436287,0.40295094,-1.2920022,-3.0337598,-3.3082726,-3.3445146,-1.3390331,0.58658975,3.381848,-3.4690473,-0.5068733,5.915664,1.3178333,NA19127,2,YRI,10,2,2,2
-14.678108,-11.552826,-10.577825,-10.538105,-2.1458464,-2.2439568,-0.0672208,-1.4656553,-0.092566624,-0.567394,-1.2239583,-1.4618846,-0.4775963,3.0442934,1.2572478,1.2870731,2.869762,-0.37790412,1.4204998,-0.07605431,-2.1982067,-0.43541372,-1.8311937,-2.3584657,0.52796465,0.62336636,0.93447363,1.3984996,0.03719707,-0.94554114,4.0971045,0.7469366,-1.3879219,-0.8776882,0.5117356,-0.29942524,-5.801055,0.3646462,5.4139733,-1.9337366,-2.2925138,1.4443954,-2.7420385,-4.105611,-3.820316,-2.1289592,-3.1269202,1.1635802,-0.4724012,-0.31420025,NA19094,2,YRI,10,2,2,2
-20.62101,-10.946111,-11.057131,-8.806859,-1.8540972,-2.8686922,0.16718929,-2.4398446,-0.8704218,-0.25977215,-0.7729817,-0.5550257,0.6163283,-1.7559386,0.908329,-0.7756841,-0.20601736,1.548251,0.47640345,1.7268021,-2.2842307,-2.376371,-6.8958673,2.5529423,2.604539,2.595178,5.384498,2.050343,-5.352009,1.770692,-6.1362576,-0.10237674,-1.6607374,-0.43784508,-0.29921827,0.004145562,2.2321362,3.5319269,-0.6167581,-0.38720578,-3.3553045,4.596665,-0.245116,-0.5471328,-0.020298671,3.9354455,-4.7588096,-4.0356097,5.214844,-0.9163614,NA19161,1,YRI,10,1,1,1
-22.287256,-11.939726,-9.970926,-9.39203,-1.976968,-1.3073893,-0.24500382,-1.6159672,-0.7219871,-0.34248492,1.561353,2.075563,1.2503319,-1.6727585,-0.18929526,-1.663087,1.8081279,-0.5091622,0.48545238,0.26850405,3.0430923,-2.0869527,0.6406931,-0.2470643,-3.8574982,1.9804547,0.6833926,1.3031443,0.90943515,3.5564582,0.97769904,-0.43623367,-3.7072306,-1.4734688,-2.8842838,0.6148483,0.46939754,7.7081866,-2.6830947,-2.0992727,-1.7026895,-3.8594437,-3.943008,-1.7620631,2.8536732,-2.659317,0.29368848,1.1327218,-0.29089856,1.5838912,NA18853,1,YRI,10,1,1,1
-21.623564,-10.689106,-10.0255375,-9.181316,-0.7659137,-1.5721387,0.2541564,-1.3727474,0.9842849,0.13382544,0.4203713,2.9707327,0.08868984,-1.190507,-3.2595065,0.78365356,0.43029734,-0.8385927,1.0716685,1.1557841,2.6270583,1.8518317,5.2921166,-2.5800636,6.8892446,-2.3027344,-4.4087186,-2.6601133,0.47227553,1.7946063,-1.9755254,4.8816833,0.23817943,-3.9146538,-0.91282094,6.911916,0.167871,-1.7947814,8.592945,-4.2626977,1.8525431,0.9250813,2.2640853,-5.628553,-0.16998355,4.370846,-4.2904363,-1.3531407,-0.35804677,-1.5928644,NA19173,1,YRI,10,1,1,1
-21.651619,-11.677176,-9.36664,-8.93584,-0.833394,-2.3083172,0.23798528,-1.1089845,0.85324395,-1.1647478,0.3972019,2.1383045,-0.25124028,-2.1526148,-1.6809411,1.2907794,-0.5790762,-0.31548166,2.3022788,1.0873221,0.6945067,0.14094934,3.986872,-2.1068811,4.191444,-1.295893,-3.1877353,0.34973794,0.49779958,0.9099901,-1.9849402,1.5051003,0.5494955,-2.9349046,-2.040224,6.5590963,-1.6294495,-2.1112754,4.601529,-3.5896797,1.0091429,0.5650979,-1.4516495,-5.136089,0.4490143,0.835556,-2.284758,-2.2131293,-0.87374276,-3.02175,NA19171,1,YRI,10,1,1,1
-17.034159,-11.724914,-10.6076355,-10.2858715,-1.6064086,-2.6440399,-0.017672816,-1.1256399,0.72400755,0.05039142,0.4856991,0.82252777,0.3058429,0.67947495,2.1032467,0.02493332,-0.6707927,3.2036664,-0.55260694,-0.78489023,0.8623641,0.056505248,-3.0650465,-2.869404,-0.45863008,1.0214387,2.2667694,3.2077425,0.22634469,0.63685197,5.5258665,1.0197533,1.504342,-3.3564436,-0.24764633,-1.4336357,-0.5685917,-4.7270865,5.5210557,2.4240232,5.064931,-2.778148,3.6056309,-0.2944902,4.758292,-2.0104344,-3.736792,0.86243963,-2.9210064,-0.9937229,NA19140,2,YRI,10,2,2,2
-22.69356,-11.986115,-10.205146,-8.420529,-0.6822053,-1.6141406,-0.36059678,-0.66043204,-0.40984407,-0.6866306,0.80829513,1.4619619,-1.9176584,-1.3626126,-1.4985504,0.4852086,3.8208816,-0.5081924,1.3527569,2.4171963,-0.28375673,-2.8651927,-1.1888533,0.26568154,-0.6521766,-3.7602205,1.3477662,-4.3230047,4.806215,3.5268407,7.2379317,2.2277582,-2.1256423,-3.71804,-2.8964655,3.910973,-2.3311288,-0.45523727,-2.11056,7.6982145,-0.89616597,-2.0129533,-1.2668651,-2.2117453,2.672626,1.967107,4.4755406,4.4399366,3.3281748,-2.2914028,NA18859,1,YRI,10,1,1,1
-22.430714,-12.377682,-9.702733,-8.573914,-1.4981557,-2.6745386,0.4550609,-2.0598567,-0.38581687,-0.6372008,0.9375771,0.8003256,-1.3425707,-1.9579782,-0.79495317,1.0996501,-0.48035634,0.109429434,2.9205582,-1.6289177,-0.77588373,-0.8043249,-0.21253768,-1.9556322,0.41507423,-2.765922,-3.471903,1.9041284,-1.5121274,-6.316907,0.8418363,1.7270417,-1.0826142,0.37304503,3.3015072,0.13930216,-7.864537,1.2835873,1.9740498,0.0058303913,-0.84899706,-2.0380235,-1.8904796,-0.72224796,-0.95076793,0.59122735,2.9199796,-1.8284321,-0.08914328,0.36866394,NA19119,1,YRI,10,1,1,1
-21.017569,-11.5206175,-10.074299,-8.72935,-1.1240784,-2.3363101,-0.44792485,-1.144566,-1.4673314,-0.048883364,-0.97640955,1.1492739,-0.44845384,-0.77678114,-1.8876597,-0.71695745,3.2218318,-1.118277,0.9814151,1.5998396,0.06476542,-2.8995085,-3.4244664,-1.7286949,0.556214,-4.2293034,-0.060293715,-6.520532,3.9785547,4.191871,10.420924,2.4234009,-2.4062903,-2.8492253,-2.104834,4.330008,-4.0086174,-0.19232622,-2.985069,8.084185,-2.3776855,-4.838795,-2.6258562,-1.3920331,2.4263663,1.479534,5.171682,5.654981,5.4896464,-2.7793863,NA18860,1,YRI,10,1,1,1
-21.983494,-11.044507,-11.267929,-9.436881,-0.8108126,-2.7798786,0.077163324,-2.3511336,-0.80935436,-0.96089,-0.00032641116,0.7410767,0.27387795,0.43107504,0.20868595,2.0373912,0.3562615,1.056841,-1.2118003,0.107715115,2.481469,-0.37491593,0.15365589,-1.013489,0.0153751755,-0.044231102,-2.783172,-1.3698437,-0.47222474,-1.961525,0.8791199,3.2089744,1.7892666,5.4689765,1.7167648,-0.020811813,1.6484288,3.8641145,4.5414314,1.0001042,-2.5954595,-1.2215463,1.0692908,1.6671966,-2.4707701,-3.837102,-1.7776858,-0.54497886,0.20451392,1.1805693,NA19207,1,YRI,10,1,1,1
-20.673283,-10.045707,-10.587994,-9.437061,-1.4731008,-3.7391808,0.34162176,-1.9072168,-0.3929465,-0.33096117,-1.1353544,0.046874758,-1.6953273,-1.578743,-2.0220962,-1.1987288,-0.64272326,-1.7311722,2.155991,-0.8811345,-1.5105693,-0.07617811,1.3924446,4.3875675,1.2322975,-2.5207312,1.6650782,5.4140577,-5.276197,-4.1744714,0.5868134,2.4544659,-3.336348,-4.483259,-4.908898,-2.0450332,-5.055689,0.10948868,1.1410308,-6.4701066,1.8204294,1.5523734,-4.8508496,-6.2905273,-1.8527185,-0.44703558,4.2645817,3.2118704,-2.3044991,5.624057,NA19103,1,YRI,10,1,1,1
-15.0224905,-10.502909,-10.539732,-10.696678,-1.7523016,-2.9211447,-0.7080273,-1.685725,-0.096478455,-1.5824692,-0.54744893,-2.0207496,1.995276,2.716808,-2.8017318,-2.8097298,0.40979835,-2.011495,-0.6031118,-1.0585371,-0.39741802,0.8839786,-0.4379958,0.2963483,-0.84476596,-0.6005865,-1.1199887,1.16563,0.30099043,2.042766,-0.86431813,0.7510273,-2.270917,0.9797063,0.06825905,0.5261633,-2.2002215,-0.94146013,-2.4459724,-0.5864144,0.32887277,-1.677492,-0.954936,0.60335714,0.73957676,0.53394896,-0.94653416,-1.1978872,0.8454325,0.55889195,NA19099,2,YRI,10,2,2,2
-16.646706,-11.447843,-10.525462,-9.041449,-1.0236031,-1.2621957,-0.50509584,-1.3995277,-1.3151706,-0.16828935,0.55407184,-1.6895627,0.50454026,3.0792272,0.12998794,-1.0339968,0.72497094,2.5374985,0.63692236,-1.8019664,1.9893192,1.3504404,-0.36752385,-2.3687057,0.01172184,0.27783933,-1.1931931,3.474689,-0.099653475,0.824392,-0.2877405,3.6525428,1.4457414,-0.62044597,-3.7182393,0.50913614,4.1649947,4.8251534,4.556559,2.7834535,2.2993498,-0.63749546,-1.103767,0.22024493,0.5979948,5.5998836,-0.612869,0.6323118,1.1559076,-2.2034967,NA18523,2,YRI,10,2,2,2
-15.333789,-11.084566,-9.884116,-9.634177,-1.5877849,-2.85479,-0.051314145,-1.4038709,-0.31602213,-1.3123435,-0.6457179,-0.64068365,-2.504384,-0.014164433,0.050171994,-0.5548672,-0.78732604,-1.4789175,-0.80922765,-0.33372885,-0.7478264,3.325898,0.022528019,-1.573288,-3.1887603,1.1131227,-0.74068946,0.38749552,-0.88573486,0.4816115,0.5564273,-0.48315522,-0.47247854,-0.54889137,1.68455,0.019421253,-2.0026696,0.90313995,1.0253061,0.79919434,-1.8493714,-1.3128779,-0.5887486,2.5371099,-0.06257551,-0.7662559,0.6943494,-0.5643757,0.35290173,-0.59264225,NA18876,2,YRI,10,2,2,2
-16.734537,-12.1061325,-10.663469,-9.217596,-0.99218994,-2.651626,-0.7785377,-1.2913715,0.3305653,-0.36156088,-0.16750056,-1.5663153,-0.29270303,0.72160965,0.5579011,-0.34862924,0.4290858,2.2114122,-0.673005,0.14488518,0.5729098,2.0031686,-0.16937968,-0.13879463,2.642488,-1.7073854,0.3215577,1.1153793,-0.91873205,0.9445539,-2.2532432,-0.63880354,0.8874364,0.5732357,0.37483922,-2.347604,1.7584051,0.74264777,0.2239663,1.4758499,-1.5607748,-0.2560242,1.8441325,3.8790078,-1.4178785,0.5381823,0.26055762,0.18710792,-0.40668377,0.58669615,NA18881,2,YRI,10,2,2,2
-20.984367,-11.802658,-9.735947,-9.299735,-0.5771455,-2.4051163,-1.2543086,-1.4627273,-1.7710693,-0.54909164,0.61162263,0.0770326,-0.5613792,-0.16550885,1.824261,0.45478454,-0.56831646,1.6207012,-0.21835749,0.65207255,-0.3253311,-1.2888283,-1.7705106,-1.4169614,0.47533932,0.77036214,-0.64770293,-2.4207869,0.3790702,-0.015712177,-0.20689112,-2.1020677,0.48701343,1.4478586,-1.0220858,-1.2403628,-0.99936044,-1.3002347,-1.7170969,0.46832106,-0.026050657,0.12092376,1.0092044,-1.3425691,0.633943,-0.9948707,-0.3751612,-0.6001604,-0.5530402,-1.7136663,NA19242,1,YRI,10,1,1,1
-20.253292,-11.672851,-9.899023,-9.029988,-0.0028330113,-3.2357466,0.6658684,-0.50190276,-0.16403972,-0.047470953,0.2157415,0.989601,-0.8746622,-0.24405453,-0.6144979,-1.0877519,-1.0133095,0.8108713,-0.08945009,-1.7552,0.7895294,-0.016133366,1.3580066,-0.7409077,-0.5584954,-0.47436857,0.2567995,1.0729907,-2.6328037,-0.44180694,0.2214802,1.6419921,-2.6993897,-0.26190603,1.5363114,-0.043923993,-0.81820023,1.7889477,-2.1331825,-1.0544577,-2.4529805,0.18231145,1.0753993,-1.4081441,0.47243285,-1.5843133,0.5861771,0.70249325,0.13012256,-0.14843391,NA18879,1,YRI,10,1,1,1
-16.57379,-11.30791,-11.181069,-11.568138,-0.8945912,-1.7783065,-0.988323,-2.70396,0.09218462,-0.6459856,-2.3236327,-1.3423254,2.109552,2.960565,-1.5506029,0.27618712,-0.13059008,-0.1857885,-2.2916431,0.3713641,0.7977227,0.63986695,2.3527746,-0.8527313,-0.016090127,0.5258538,-0.6168118,-0.56341124,1.1267703,-1.5295289,-1.5298867,-1.5472664,2.7478347,0.9462068,-0.5545986,-1.9459438,-0.711553,0.76923674,1.1890754,0.546865,0.62892693,2.4290216,1.3181498,-0.5862562,-1.0844976,-0.0075177955,0.123577505,-1.7666919,0.5246224,-2.7309692,NA19163,2,YRI,10,2,2,2
-20.487814,-11.327894,-10.8561125,-9.318254,-1.0877298,-2.4176097,-0.4411104,-1.6951927,0.17911181,-0.27568772,0.20853463,0.5322114,0.5235298,0.60134655,-0.95645183,0.3539584,2.45699,1.2146033,-1.2827315,0.20929585,0.38717797,1.2469785,0.78042465,0.21469632,0.35800695,-0.58815956,0.60613364,0.01234625,0.2876707,0.3325161,-3.3982763,0.73459953,1.3908818,0.52640176,0.48216802,-0.47387087,-1.4812084,1.3303423,-0.2752087,1.5337695,-1.9909534,-0.16574305,0.04842442,-0.21614423,-0.11034758,-1.344636,-0.52362776,0.63825935,-0.3828387,-0.39440295,NA19187,1,YRI,10,1,1,1
-19.995222,-11.832932,-9.156994,-9.280517,-0.19064154,-2.1242783,-0.3058001,-1.8708689,-0.7744871,-1.1388001,1.2704217,-0.23054953,-0.41147214,0.25447404,-1.5338593,1.2208244,1.2776229,1.2298676,-1.3063655,0.2583123,0.57715183,0.06742727,3.2745688,2.2519886,0.82452106,1.3418248,0.42045256,2.0664468,-0.5902586,1.754487,-2.1520278,-0.54105884,-0.3556105,4.688821,-0.8904857,-2.1148517,-1.0285594,-1.5106143,-1.6943153,-0.17624907,3.814503,3.4950368,6.207192,1.7166895,-2.4287937,3.9551802,2.398486,-1.1737683,0.7768843,-3.4640508,NA19195,1,YRI,10,1,1,1
-20.914047,-10.94371,-8.479216,-7.6185517,-1.8424494,-2.3403883,0.48080656,-1.2826343,0.8329939,-1.6163588,0.2986156,2.0320504,-1.1543583,-0.42995963,-0.5804287,0.5351587,1.1680919,1.5982351,0.9079397,-0.9231981,0.0514717,-2.389501,2.4079747,1.4679509,0.60277736,-0.21860105,-2.499552,0.5800216,0.84817004,-0.95565987,0.45424938,2.3745472,0.41689014,0.037622027,-0.27341062,1.0728924,0.8577775,1.6013191,-2.22852,-0.95400393,-1.8953843,-0.9164346,0.51060855,2.1082585,-2.7017126,1.5819485,-1.0893269,-0.41989866,0.54277194,2.9164696,NA19220,1,YRI,10,1,1,1
-21.194595,-11.863844,-9.827773,-8.263431,-1.8123759,-3.54298,1.0150347,-2.2386875,-0.80374825,0.5780998,0.8696614,1.2472728,0.3695006,-0.6924843,-1.1220669,-0.3297106,0.02510062,0.73152566,-2.664981,-1.5279927,-0.0487787,-0.29752567,0.26724377,-0.41705897,-0.71029377,0.7862757,0.46820578,0.35522336,0.7681412,-0.9083938,-0.19189548,-2.3560092,0.73811793,-0.41613182,-0.76130694,0.8746639,-1.955127,0.94730824,-1.1646549,0.34933183,0.017031537,-0.69582105,0.5255818,0.5466354,-0.14642666,-1.3115016,0.8274344,1.1355138,0.37977025,-0.4130751,NA19246,1,YRI,10,1,1,1
-20.739096,-10.243065,-9.237006,-9.189897,-1.1936151,-3.2108092,-0.039925974,-2.4813948,0.96345943,-0.40435064,0.7398274,0.5992395,-0.96046215,-1.5875664,-0.7059355,-1.2779789,0.03284288,0.20687154,1.0492682,-1.286857,0.42513567,-0.8385517,-0.0072979764,-0.5150317,0.29552954,-0.4561192,2.825168,-0.022169705,0.051689677,0.11777045,-2.4299054,0.4654547,0.061444093,-1.1363065,-0.8645841,1.4046609,0.90566033,1.2774664,1.6255459,-0.46602464,-1.1004862,-0.62889606,-0.30232927,-1.8073511,1.0344508,0.1965126,-1.1768935,-0.73797756,1.6232681,-0.7836591,NA19253,1,YRI,10,1,1,1
-17.094664,-10.831265,-11.018817,-10.040869,-1.9900452,-3.543636,0.6719553,-0.92799944,-0.32105497,-0.056795865,-2.06408,-0.5775823,-0.38081607,-0.8855065,0.3057726,-1.6236465,-1.1044158,-1.3866361,4.553353,1.0642824,-2.0813959,1.8268174,-4.8354287,3.8509126,-6.387188,6.018767,4.8517566,5.5053835,3.3293805,7.27123,9.448157,-0.424659,-0.8113588,0.31894258,-3.4213738,-3.0475452,-2.9337256,-7.510978,5.5272145,-5.8188434,2.7586553,-7.477386,2.0340576,-5.3563414,8.856009,4.1278048,-2.734072,4.641678,4.0891833,-2.1325219,NA19254,2,YRI,10,2,2,2
-15.747657,-11.498694,-11.614408,-9.398597,-0.8312123,-2.8325446,-0.47560418,-1.1929369,-0.5605641,-1.1927186,-1.9590086,-0.6954832,1.4753956,1.7303718,-0.6927233,1.3268508,-0.5627859,-0.7319581,-2.099115,1.3993738,0.27192643,-1.4518034,-2.1706023,-0.55348796,1.1557504,1.3734434,-2.2299273,0.9111531,1.1386976,0.9606563,-0.049177192,-1.2185504,1.0714108,-1.7065512,1.1034203,-0.062693276,-0.31201938,2.0475135,-0.7563078,0.5892582,-0.6305482,1.818565,2.5694046,-2.4002771,0.21197417,0.6068371,-0.07042645,1.8604776,-0.76176363,-3.1830494,NA19260,2,YRI,10,2,2,2
-20.139196,-11.421101,-9.875146,-10.147117,-0.71525115,-2.3265386,1.162324,-2.264567,0.56999886,-1.1035563,-0.06841376,-0.62755024,-0.16385691,-2.4202762,-1.3468853,-0.51788133,0.38975227,1.2345552,1.0954818,0.3692607,0.57911724,0.78553987,-0.6240928,-0.43580335,2.8572607,2.311069,1.7934861,-1.4677399,-0.41997936,0.41453558,-0.10258767,-3.1819618,2.1543143,3.751968,0.16655703,2.204273,0.2716931,-0.45249403,1.7158806,0.28443554,0.24210183,-0.5927513,0.81518304,0.46540672,-1.1902729,-0.3706731,-1.7329792,0.30346936,-2.4981878,-1.9004297,NA19262,1,YRI,10,1,1,1
-15.729881,-11.532644,-9.730112,-9.841511,-1.9647053,-2.1495833,-0.66802466,-1.4923582,-0.106706694,-0.7876667,0.43452224,-0.27802128,0.08977009,0.046373233,-1.5148424,2.3453314,0.8194296,0.43773782,-1.0297308,-0.2395046,-0.5864064,0.5630131,-0.30047095,-2.8233995,-2.5436704,0.8231241,2.2884417,-1.3273908,-2.7265227,1.599369,-1.0590656,0.83815145,3.016888,1.436055,-2.3832936,2.7760184,-0.28051785,1.0432557,-1.4668102,2.1582675,-2.817605,1.0756426,0.5490323,0.459596,1.5170904,0.87146413,0.31668293,1.0645405,0.9232468,0.27275705,NA18878,2,YRI,10,2,2,2
-15.803492,-10.775311,-10.956068,-10.150849,-0.8260139,-2.8214536,-0.10645218,-2.478035,0.03870295,-1.2768989,-1.8517942,-1.196304,0.17609692,0.22303462,1.2159584,-1.2661006,-0.4809082,-0.7462591,0.4059816,0.078625076,-0.28401148,0.7432678,0.37514308,0.62513185,1.8722473,0.9968472,-0.79432225,0.6673837,-3.5461586,0.061166473,0.2882131,0.6333127,0.65479445,0.44589728,-0.5630736,2.5100071,0.408215,2.3367777,-0.17480876,0.8281597,-0.6281731,1.4883584,-0.4385641,0.4266074,-0.5338158,-2.013781,2.5645425,-1.6780369,-0.49143073,-0.34368584,NA18921,2,YRI,10,2,2,2
-21.089197,-10.264233,-9.5223255,-9.076594,-1.6682655,-1.9739867,0.50770736,-1.9798211,0.6314919,-1.1918797,1.6548203,1.0877632,-1.7448363,-0.75065094,1.1907318,2.3810208,1.5797013,-1.3703582,0.26490882,1.4948962,-1.5477135,0.5230622,2.709982,2.2398431,2.1166203,2.0409114,0.2248059,-3.1533184,-6.3207498,-2.7970722,-1.6847845,-3.307602,3.7541463,1.1676759,3.9011,-3.683287,2.3646274,-6.5676928,-0.5253843,4.0366683,9.075749,2.3843365,4.777237,5.6782546,-2.7446394,-0.7435457,6.5017858,-2.462845,4.1370897,-3.9845023,NA19104,1,YRI,10,1,1,1
-16.671705,-11.29559,-9.409176,-9.49617,-1.1823893,-1.4853867,0.251404,-1.8794727,-0.47074023,-0.76327246,0.08800784,-0.20280042,-1.3173447,2.2219038,-1.0248922,0.8217764,-1.254474,-1.1780846,-2.2843792,-1.8889782,1.3957521,1.8720564,4.318765,-2.5760937,1.5558931,-1.6052071,1.6615901,1.0400935,1.3453759,-3.0937827,0.13344859,-0.033702806,-3.6144657,1.018008,2.5223076,0.72874385,3.6296153,-2.229425,1.2170391,-0.41261306,-3.0284772,2.361497,-0.6756634,3.4147484,1.7721757,-2.8789606,-1.114095,-1.8613508,-0.53229153,-1.5091647,NA19105,2,YRI,10,2,2,2
-20.263067,-10.844783,-9.474194,-9.345916,0.23379336,-1.7895228,-0.027662255,-2.5654783,0.79492986,-0.563048,0.81776214,-0.51340497,-0.8001469,0.20578991,1.5887026,-0.8453266,-1.2142028,0.33792195,-1.0772846,0.067430004,-0.06300332,-1.0334826,-0.9159151,0.48426512,0.19122356,-0.027052099,-2.5054517,0.55403656,0.78531086,0.5084196,0.20706406,0.29955983,-1.0294001,-0.23241465,2.8559155,-0.56505144,-0.61578745,1.5060139,-0.83296186,-0.14804716,0.070462726,0.9468671,0.8143715,-0.19147518,0.092343405,2.956157,-1.3316284,-1.9316161,1.45787,0.20991561,NA19110,1,YRI,10,1,1,1
-15.592544,-11.168206,-10.943627,-10.597728,-0.95891535,-2.194897,-0.7874533,-1.9299383,-0.1097448,0.16693129,-1.4726983,-1.2678143,0.040024053,-0.40382278,0.6125558,-2.0594218,0.36191308,-0.01527614,-1.7885892,0.89129984,-2.263044,-0.55375403,0.10030665,0.90206414,-0.91239715,-1.0147594,0.40458494,-0.8873933,0.7575067,0.28694874,1.3651744,0.4938987,1.8766606,-1.2581309,0.0527371,-1.7931601,-0.909938,1.8518395,1.5211296,1.3190382,-3.0296433,2.6156461,0.25251555,1.6690173,-1.4497291,1.0480449,1.1241233,0.25448307,-0.8262142,1.0990304,NA19133,2,YRI,10,2,2,2
-14.623262,-10.903553,-9.554125,-9.642588,-1.2713077,-2.199626,-0.3788751,-1.5625705,-0.39353693,-1.0287163,-0.5433088,-1.419284,-0.46378505,1.1095886,-0.35532007,0.22417325,0.7438724,0.37383568,-1.031384,0.13950618,-1.4372865,1.7276232,-0.6951028,0.42827973,-1.5218236,1.5731792,-0.22092468,0.084584884,0.64898986,1.8088148,2.7860808,-0.99633825,0.4241494,0.37271354,0.6694552,3.3065224,0.40780538,0.48417488,-2.2841234,-0.7933441,0.6511599,-0.6632002,0.85091245,0.04842064,0.035325482,0.8438845,0.08432991,0.85324323,-1.9466414,-2.3680573,NA19135,2,YRI,10,2,2,2
-20.738968,-11.888234,-9.721686,-9.57326,-0.5719246,-2.5770407,-0.28082135,-2.1244307,-0.40665728,0.20991239,0.13851172,1.5135777,0.4286483,-0.03634216,0.51205117,-1.3848352,0.28693378,0.8083526,0.89267045,-0.75536555,1.5107476,-2.3392887,-1.4340477,-1.0607593,-1.0367612,1.5891043,0.58396304,-1.3658631,2.4738603,0.7074472,1.822145,-1.0228825,3.1069815,-0.60724396,-2.2328496,0.3441353,0.67343056,-0.06448516,2.0466113,-0.99410707,0.4132082,0.5866306,-1.0144976,0.06494352,1.4022044,-0.68183875,1.009046,1.5977467,1.1656039,-0.75877446,NA19156,1,YRI,10,1,1,1
-16.018574,-10.332756,-10.964413,-10.406222,-0.5855626,-2.5352705,-0.5246364,-1.9997399,0.5561896,-0.7897985,-1.2583339,-1.0776014,-0.7965513,2.6623442,-1.1753793,-0.0029921662,3.0767312,0.3820762,-0.5302002,-0.20600025,1.5364628,0.7257331,0.34546885,-1.0552871,0.9313015,-0.3182022,-0.069088586,0.26568398,0.95639044,-0.0840817,-2.1208215,-2.1389596,0.76476514,-2.5475695,-1.0404754,-0.4388132,-1.8874613,0.6050024,0.41598856,-2.18892,-2.0363815,-1.1489595,-2.2238908,-1.0323849,-0.7921116,1.3613242,-1.032529,0.35904044,1.0614991,1.5518286,NA19157,2,YRI,10,2,2,2
-19.240911,-11.497781,-10.501239,-9.763796,-1.9908003,-3.0399964,0.44425806,-0.92487085,-0.38269648,-1.6215373,-0.296713,-0.5931651,1.0144885,-0.71869165,-3.8927429,-1.0214598,-1.0035288,-0.16244003,-3.5724182,1.6699411,0.041294556,6.6912003,-1.47941,6.3116,10.626504,-6.435959,-0.6898087,-12.16676,9.551099,-2.2721503,-0.45326048,-2.780665,-2.7559092,2.1709688,6.2213783,0.18270114,5.655824,6.9988527,-3.6810606,-3.327446,-0.14779171,-2.5815976,-3.3218164,5.787582,0.44110647,0.760984,-8.719183,4.3460517,2.1680896,1.9500449,NA19166,2,YRI,10,2,2,2
-17.138184,-12.111929,-9.13286,-9.21462,-0.4489177,-1.3735049,-0.54477155,-1.162437,-0.43614656,-1.1343966,-0.4513231,-0.18344712,-0.28154725,2.0670753,-1.6514095,1.5096895,0.28333753,1.1572974,-1.3037753,0.8667056,0.91815025,0.8706117,3.4690468,3.4597206,1.074991,0.92745525,1.0650048,1.5836332,-0.43228397,2.5608506,-1.52595,0.6070662,-0.80595654,4.091971,1.721977,-2.912387,0.7561481,-2.0164678,-1.9131047,0.34239602,4.70555,4.2985516,5.239878,2.2018504,-1.7972676,5.305152,2.56364,-0.07752529,-1.513884,-2.3307118,NA19196,2,YRI,10,2,2,2
-16.22392,-10.223946,-9.868838,-10.310684,-1.5291641,-2.039002,0.08468145,-1.3914263,0.03631278,0.49056295,0.26969656,-0.81220526,-0.53774077,2.3151171,-0.42528808,-1.8369095,1.1579026,1.4062821,0.22526348,0.017871667,-0.665455,-0.2363477,-0.3392296,0.5391276,-0.0018040177,0.63065,1.5539943,0.5533348,0.48501092,0.71066624,1.5037214,-1.9993918,0.14719427,2.0492446,-0.7625869,0.37030083,-2.2261848,-0.082353845,0.5681441,0.21311648,2.0646508,1.0642962,-1.4440471,-1.970055,-0.8177259,0.02267813,0.51203394,-0.92546934,1.0108187,1.0046085,NA19216,2,YRI,10,2,2,2
-20.766481,-11.571936,-10.390607,-9.650667,-1.9588951,-2.6517394,-0.040602203,-2.2315605,-0.62235945,-0.62735945,1.9822252,-0.10579207,-0.4208039,0.3896303,0.045978725,-1.0604434,1.4844291,2.1295254,1.158935,0.076315865,-0.31261134,-0.10687131,0.048455335,-3.4844975,-1.4021205,1.533474,0.3067188,2.2661963,-1.0564853,0.9711947,1.4665678,1.5841138,-0.037088808,-2.0387502,-1.0732354,-2.6772828,-1.4385178,1.9074912,-0.90440404,3.7109756,-1.0532837,-2.2736468,0.20753306,-2.5079482,0.72678584,0.2436161,-1.3166984,1.602799,3.0889077,0.50276786,NA19259,1,YRI,10,1,1,1
-21.318909,-10.797332,-10.884997,-9.737964,-1.083498,-3.393344,-1.3029829,-1.8622491,0.25371945,-0.9207737,0.33745158,1.0361294,0.21080612,-1.4766325,-1.8733513,1.2152932,2.260024,-1.0539594,1.528145,1.1230981,1.0515716,-1.2061541,-0.19007282,-1.4723697,0.12734239,-0.21357661,-2.4589021,1.4466492,3.2587497,-1.4021591,1.0654618,-2.3838034,-1.2544056,1.4501442,0.9256016,-0.84969485,-1.8675878,-1.877614,-0.73572797,2.5635362,1.3721657,0.92833036,-0.07607573,-0.90994257,-1.5688658,-1.2270961,0.8200895,-1.5808263,1.3073043,-1.6510278,NA18877,1,YRI,10,1,1,1
-15.866963,-11.454782,-9.811776,-9.577305,-0.59558845,-3.7702012,-0.16892728,-2.078618,-1.1849393,-0.09509772,-2.0078905,-0.5209058,0.73993325,1.5392593,0.082342684,-0.04778497,1.7114917,-0.6623122,-0.7883253,-0.32821882,-2.2976494,-0.116413556,-0.0024802554,1.9363531,-0.2799012,1.1792687,1.0080984,-0.2037249,0.05855243,1.4164953,2.0585883,-2.6665654,-0.33651274,-0.7404467,-1.6010873,1.0581479,-0.8342379,-0.14575016,1.1932081,3.0704176,0.68197685,0.8394675,-0.16689692,-2.1090963,2.3636692,1.130088,-1.520615,0.040421233,-0.09252712,0.047657374,NA18931,2,YRI,10,2,2,2
-19.250742,-11.33182,-9.280459,-8.226457,-1.8247193,-3.178959,0.17562938,-1.6282825,-0.11688369,-1.0871289,-0.034740027,1.056894,-0.9937967,-2.0763557,0.32597896,-1.3335614,-1.1639544,-1.3554455,-0.4460628,-1.4780536,-0.9565304,0.11201468,-1.5499095,-1.5711938,-1.5992432,0.98732513,-0.018527897,0.9940032,-0.071138024,0.48445535,-1.8720256,0.9655405,0.3706689,-1.5720406,2.719371,0.9995307,0.37187564,-0.13264726,0.9702021,-0.62061495,0.85956424,-1.4028615,1.3610636,0.812205,-1.0700489,3.1634839,-0.07182313,0.7413656,-2.0900943,-0.46231145,NA18915,1,YRI,10,1,1,1
-15.652474,-11.706147,-10.614604,-10.386149,-1.2908592,-3.8567698,0.14657602,-2.1175787,1.2941607,-0.85696936,-0.22316526,-2.0283353,-1.0374547,1.9400048,0.36779457,-0.13940445,-1.1277689,1.094118,1.2902147,0.40552574,-0.37113547,-1.3043665,-0.29310206,0.67975277,1.134389,-0.9982238,-0.48569718,1.2035968,-3.5126753,1.6901431,0.73289895,-0.44274515,0.05867662,1.9505047,0.05576546,1.9323665,-1.3502138,-0.22950229,-2.3648486,0.3126163,-2.422068,1.5690159,1.909512,-2.6434412,1.240151,0.7071249,1.9495517,-0.62296456,-1.0863326,-0.8393908,NA19250,2,YRI,10,2,2,2
-20.249334,-10.718913,-9.133409,-8.427689,-0.30874953,-1.7017425,0.06023643,-1.2224623,0.41560733,-1.7625778,1.3855625,1.2550881,1.2963065,-0.48773593,2.2419648,-1.0258145,0.8001615,0.020867757,0.1277989,0.2543741,-0.33043182,0.7484032,1.4386638,-0.0965007,-0.69391716,1.6900309,-1.1305239,1.2485678,0.83643275,0.13505588,0.53847915,-0.24127433,-1.3557389,-0.65829504,0.01507108,1.2932342,0.29441383,-2.1848156,-0.34713668,-1.4356122,-0.5653619,0.19456775,-1.3119916,-0.13392821,-0.99808866,-0.32116634,-2.4155114,-1.0475358,-0.07039451,0.76747495,NA19124,1,YRI,10,1,1,1
-2.2576687,-1.7432876,-0.7443429,10.919059,4.6048255,12.733143,-15.889922,-12.44906,-2.9771895,-2.0049841,-1.547232,-0.72365105,-0.8725891,2.7251294,0.5497077,-0.8707489,-0.07515049,0.2809373,0.92017543,1.3633255,-1.3554658,1.0145876,-0.18531741,-0.5045138,-0.2395356,1.2144923,0.65443665,0.019366506,-2.8140557,0.47404295,-0.026205137,-2.2596688,-1.0529308,1.1385039,1.901213,1.0828334,0.9482177,0.6520751,0.5866251,0.9824322,0.89624697,3.3741324,-2.6899548,2.4161296,0.6778657,0.26409164,-0.58605766,1.700147,2.1902864,-2.0490685,NA20505,2,TSI,9,2,2,2
-2.720637,-0.12696964,-1.0754367,9.693083,3.7495046,13.393781,-15.018972,-10.903475,-2.0425339,-1.7447271,-0.0017858366,-1.1459914,-0.43575573,0.82861364,0.33247757,-2.5933845,0.34243622,2.215184,0.14422195,0.66848826,1.9505665,-0.07670968,-0.45838797,-0.30443454,0.21950382,0.96799386,1.2076921,1.235651,0.15485987,0.29389888,-0.969761,-0.20802636,-1.1672939,-3.1228752,1.7677919,0.70242184,0.7283462,0.8564708,-0.18441595,2.2914371,-1.5484939,0.26443082,-0.5683922,1.4326072,-2.2560494,2.815908,-0.70055807,-3.037542,0.305558,-0.6277276,NA20504,2,TSI,9,2,2,2
-3.187043,-0.6113106,-1.2392877,11.175584,4.926504,13.786514,-15.845515,-13.172674,-2.1255379,-2.6242788,-0.8998691,-0.027538039,0.49349025,3.0849237,-0.77239794,-1.1516129,0.17043984,-0.35047063,1.1152785,1.82417,-1.495367,0.20567101,-0.6786943,0.6662591,-1.6593903,0.42931548,-0.11064554,-0.08279112,0.64433825,0.15087527,-1.9007791,0.23549478,2.379747,0.6585246,2.479265,-0.2039925,-0.29218736,-0.9946192,-1.7501888,-0.81556934,0.7074917,0.10198765,-0.29901257,1.9758686,-1.9885917,1.6573851,1.5760691,0.96501374,1.4179149,0.282253,NA20506,2,TSI,9,2,2,2
-2.4912643,-0.43253553,-0.53550583,11.213902,4.6848574,13.898161,-14.374167,-12.580355,-2.7659297,-1.7365935,-1.9082764,-1.610823,-0.9741558,-0.028418139,-0.3012824,0.47045484,-0.24638721,-0.6047401,-0.42000973,1.8492754,0.80171824,-1.5544696,-0.46586263,-0.34797654,-0.01420311,0.26537713,0.08564998,-1.6199398,2.3974698,-0.10225633,0.9242923,0.27491164,-0.1227671,-0.71242166,-0.15893705,-1.5326833,-0.7253473,3.0936072,0.048719008,0.68640846,1.0066937,-0.5032921,1.6633941,0.11600357,-1.065751,-0.48611003,-0.4903151,-0.604463,-4.109271,2.097602,NA20502,2,TSI,9,2,2,2
-5.1876783,-0.8319499,-1.055391,11.936082,4.3433146,14.276957,-15.4537,-12.081494,-2.745335,-2.042349,0.903239,0.3760383,-0.2694964,-2.4625747,0.64369625,-0.3056911,0.29693946,-0.456241,-0.5733111,0.17590478,-1.0822427,-0.95762444,2.0777524,1.6224008,-1.0332676,0.9085657,0.24206007,0.9054046,-0.11972254,-0.22445013,0.7742083,-0.29058236,2.991205,-1.4607435,-0.9997037,0.059970118,1.3145441,1.1410258,-2.1098757,-0.40733394,0.25745183,0.91444117,-1.3879224,-0.9157389,0.32046866,-1.3791636,0.23979743,0.14549841,0.76584816,-0.79708433,NA20528,1,TSI,9,1,1,1
-3.5445929,0.37501436,-1.3767165,11.565612,5.1889296,13.682297,-15.873724,-14.023506,-3.5237188,-3.2750354,-0.5965422,-0.5538363,-0.07229407,1.3661939,-0.3883725,0.40202218,1.725297,2.209696,-0.9884473,0.10198442,0.43704197,1.3085831,-2.2395575,0.646479,-1.4410497,1.7038027,0.13894384,1.5586499,-0.7606996,0.3188681,-2.7241316,0.20008183,0.26376787,-0.57990944,2.922733,-0.96880734,2.5398784,0.34760973,0.20577402,-1.9699309,1.292337,-1.8065636,-0.15017006,1.2830615,0.00062398287,-1.7377931,0.22914541,0.5669264,-0.37607938,-1.0871493,NA20531,2,TSI,9,2,2,2
-6.6721587,-0.5563762,0.4187571,11.553365,3.3914669,13.401885,-14.98425,-12.65347,-2.6611226,-2.5313594,0.9360332,1.1742359,-1.4528995,-0.19631061,1.874038,-0.16868056,0.27878332,0.46623957,0.113110796,-1.0845696,0.34912375,1.6099843,0.10814852,-1.7979637,0.07787535,3.1640253,-0.8801639,-0.6528702,-2.3646452,-0.19519404,0.34878892,1.3915497,-0.6109748,1.8636051,0.9721801,0.18146878,0.6608664,-0.1924545,0.082071654,0.80677223,0.7544331,-1.0240668,0.043830242,-2.40118,0.96242833,-2.0954573,-0.8650916,-0.30390558,1.5696955,-0.9236822,NA20534,1,TSI,9,1,1,1
-2.825011,-0.34797302,-1.4754088,9.408127,3.391366,13.337587,-15.981769,-12.794745,-1.9003277,-1.4769214,-0.38048822,-1.4764178,-0.043312445,1.930851,-0.7606198,-0.3689283,-0.3440082,-0.38140747,-1.0114851,-0.07231329,2.066694,0.28998005,-2.2711887,-0.5812835,-0.5237809,-1.6398233,0.05029914,0.3092709,-0.97162586,1.9859331,0.9852286,-0.389176,-0.44556266,-1.2215471,-0.15020369,0.06523527,1.1882929,0.46282706,0.16073185,-0.6163029,-0.17994969,1.4063134,0.37384924,-0.46991095,0.19683528,0.7629261,-1.0251794,0.6663331,-0.71538585,0.5365426,NA20535,2,TSI,9,2,2,2
-8.121277,-0.39629847,-0.40521508,11.551463,4.3313713,14.413244,-14.802869,-12.531288,-3.3008628,-2.0700092,-0.57653177,0.9361961,-0.4522275,-2.5483696,0.024779698,-1.0416139,-0.0012816817,0.5779542,-1.6323441,0.16276312,-0.36990732,-0.7035713,-2.9286077,-1.7333413,-1.152608,0.09927562,-0.8135551,-0.76093626,0.49309978,0.2207752,-0.7341738,-2.7852125,-0.69317293,-2.12158,-1.8408208,-1.5553777,-1.9108908,0.13044983,0.9971332,0.3472364,0.105477385,-2.5960739,-0.8492333,-0.0560777,-1.5433192,0.368958,0.53291494,1.0321844,0.014373509,-0.3150996,NA20586,1,TSI,9,1,1,1
-1.7985634,-0.529951,-0.40647045,8.719382,3.9155014,15.017119,-14.939426,-14.010434,-2.62461,-1.9000232,0.110909246,-1.8982233,1.0431937,1.9183508,0.3257901,0.8915356,1.0570697,-0.40381706,1.7896694,-2.1777468,0.3801853,1.5425844,2.8008604,0.22373113,0.41476783,0.6818341,-1.5304612,-0.4997658,3.1478257,-1.2982358,-0.94374806,0.38456234,0.49693838,-0.14847995,0.36629492,-0.65144926,-1.1735849,-0.15603626,0.18404607,0.12456792,-2.07694,0.48482966,-0.96538466,0.0744962,-1.2404447,1.3788539,0.4898967,-0.1584272,-1.2009164,-0.6138353,NA20756,2,TSI,9,2,2,2
-2.2389889,0.12858109,-1.3530006,9.686369,3.534268,13.82887,-16.125216,-12.662946,-2.6971045,-2.2263007,-0.052347016,-1.2805257,1.7009474,-0.004434594,-2.2511227,-1.3512269,-0.7141628,0.4483055,-0.8360864,-1.1430247,-0.1425829,2.5260584,-0.08846068,-0.5272,2.1759512,1.1680844,2.0582926,0.37964588,0.6991026,-0.324279,-1.383969,-0.90957123,-1.3365233,-1.6464815,-1.570787,-0.75065744,-1.3672328,1.0251178,-0.9194039,-1.4769319,0.67109275,0.9974502,-0.33126527,-0.68161154,1.5490313,1.4060029,-1.1956089,-0.073856905,-2.0842054,-1.1958071,NA20760,2,TSI,9,2,2,2
-6.5192375,-0.5177747,0.34125707,11.122559,4.0866547,15.501499,-15.318128,-12.877781,-2.6546154,-3.5860581,1.8637207,0.38751027,0.11979582,-1.4632382,-1.0035788,1.3338437,0.17288966,0.13370767,0.5974543,-0.22866055,-2.284119,0.07260794,-0.982209,-0.9017501,-1.0503503,-2.437497,-0.3506566,-0.5347661,-0.5585589,-0.87453705,0.85551137,1.0549861,-0.5202438,0.16238439,-2.5822535,2.061145,-0.4714009,0.34668127,-1.0383275,0.02399944,1.1601545,-0.98621243,-0.537461,-0.9813325,1.6639127,1.0471358,-0.23579943,1.1304792,0.39161032,-0.41120577,NA20765,1,TSI,9,1,1,1
-2.136868,-0.38098535,-1.2748693,11.233898,4.8022714,14.246216,-16.623566,-13.036616,-2.5124843,-2.1399705,-1.5011445,-0.2626791,0.47791168,0.4678523,-0.15771437,-1.6089382,-0.46511516,-2.1991723,1.060612,0.85127807,-3.8835227,0.78088135,0.060188305,1.2685987,0.87982255,1.6373916,1.0771669,0.18139447,1.0174637,3.487665,2.4277248,-0.23571034,0.5302224,1.5844907,0.16355364,-0.6402116,1.8332503,-1.3574318,-0.6606373,-1.8669269,0.7568222,1.7777256,0.7330779,-0.6179323,0.84826297,-0.58341616,-1.35369,-0.70083344,-0.015677495,-0.6651762,NA20766,2,TSI,9,2,2,2
-2.1496367,-1.9458554,-1.4064896,9.874558,5.1761866,15.157653,-15.922464,-12.283452,-2.023688,-2.3018003,-1.056411,-1.0182389,-0.24928612,1.746236,1.618566,-0.45347044,1.2433794,0.91264415,-1.4326515,0.46238112,-0.9322349,0.2900574,0.39164156,1.1140524,0.5987745,1.8240534,0.90280986,-2.0760992,1.2051961,3.2293763,-1.0724128,1.405452,0.014680525,-0.3616159,0.027226707,-0.28269148,1.2458742,-0.019470353,1.4349339,1.2431864,1.9071456,0.103152126,-0.38896742,0.8219464,0.5866378,0.94994605,0.4623399,-1.6431223,-1.3873633,-2.0419877,NA20769,2,TSI,9,2,2,2
-2.6717134,-0.15246168,-0.973559,10.302527,3.9188976,14.39183,-16.081676,-12.527088,-2.405827,-2.051696,-1.2678295,-1.3581513,0.0470133,1.9431554,-2.2322826,-1.0003443,2.6267836,-0.47631136,0.392787,-0.12434614,0.09561315,-0.3909966,0.29544243,-2.1614048,0.20974313,-2.4580526,-0.5727979,1.3399595,-1.0328015,-1.604206,1.4025029,0.66738325,-0.36179072,2.313005,2.4274402,0.36561248,-0.63348377,0.67785054,-1.1937317,-0.8224046,-0.7826994,-1.1090411,-0.17581612,0.6736523,-1.510758,-0.8572611,-0.19491993,-1.3614465,0.14185464,3.1221156,NA20771,2,TSI,9,2,2,2
-7.423261,-0.6157547,0.15152885,10.904028,4.376881,14.636107,-14.725398,-12.2009325,-2.7121844,-1.6825186,-1.0542784,1.3454343,-0.6181429,-1.4602529,2.1252046,0.153728,-1.4184666,-1.0701625,1.2173527,-1.1156353,2.5639248,-0.15831596,0.0340361,0.32092896,0.75142854,1.8915048,-0.834852,0.52073216,0.94504803,2.015627,-2.9719782,-1.4358743,-0.65963167,0.5339996,-0.69072324,1.3612198,-0.78735065,-0.43534958,-0.9747142,-0.070108354,-2.4919896,0.6064178,-2.3189802,0.7468102,-1.0434495,0.5695721,0.46935952,-0.17164566,0.9978615,-0.7492819,NA20512,1,TSI,9,1,1,1
-7.874512,-0.96300846,-0.032264482,10.17366,4.9903283,14.439636,-16.022898,-12.71874,-2.7281668,-2.343841,0.4675234,-0.4855855,-0.34685707,-1.1249311,0.101127625,1.6608746,-0.41496277,-0.100791596,0.42672125,0.6039592,1.5782249,-0.016395215,-1.2971706,1.0657319,-0.21510577,-1.297897,-1.1472127,1.3274528,0.9717998,0.13144471,1.3129606,1.5304819,0.28357524,0.5461451,-0.42767382,0.85286766,-0.48853642,0.24940355,0.45981535,0.654132,-0.2963612,-0.52244014,0.5822676,0.7694066,0.10766552,-0.11719072,0.42869714,0.88717884,-0.70543146,1.9940569,NA20515,1,TSI,9,1,1,1
-8.066773,-1.2659268,-0.4158455,10.492705,4.0794845,14.470314,-14.669654,-13.088403,-2.5754132,-1.6435676,-0.2532459,1.0110333,-1.0392593,-0.8337475,1.3272388,0.040522814,-1.4835162,-1.3702781,-0.2788572,0.65377283,0.08436566,-0.3985488,2.3748634,0.4343622,-1.7781755,-0.24244393,-0.44273418,0.7413326,-0.9000727,-1.4260966,-0.80032116,1.8986675,-1.219101,0.40878615,-0.28732437,1.3666075,0.2419619,-1.4462655,1.3241256,-0.082654,-1.2772121,-1.6892821,-0.53899056,-2.6053665,-0.42141962,1.8173499,-0.7507387,0.7106541,0.7888992,-0.96313864,NA20516,1,TSI,9,1,1,1
-3.478408,-0.05421155,-0.813188,9.589976,3.9245794,13.650887,-15.109719,-12.366688,-3.7339878,-2.874258,-1.1557348,-1.5388081,0.5762455,2.3388383,0.9475309,-0.58746177,0.043947965,-0.301026,-0.24757904,0.86016375,0.2733146,0.8889555,-1.1733832,-1.8716285,-0.13549817,0.10676955,1.3524828,1.6213505,-1.451777,2.6362288,3.6277092,-0.40528426,1.879188,0.46244103,0.8960323,0.15247574,-0.34193954,-1.1302547,-1.322263,-1.3341743,-0.4965711,-1.0515157,-1.3160409,0.60989964,1.7133021,0.021939915,1.2333199,1.8374865,2.8162532,1.1834242,NA20517,2,TSI,9,2,2,2
-6.141731,-0.7284449,-0.47556305,10.916232,4.782386,14.307439,-15.140055,-12.52475,-3.6342502,-1.2330415,-2.258077,1.3257909,-2.2201474,-1.3170804,1.1781169,-0.2946145,-0.72652686,0.028976792,-0.833566,1.3313652,-0.41258186,-0.59971124,-0.8491477,-0.7332959,-0.15092783,0.47633338,2.4957612,-0.111524105,2.7488718,-0.28027022,0.74192697,-0.057973597,0.7848242,1.53566,-2.5753381,-2.5426662,-0.046566624,1.9808314,0.15613417,1.5110154,1.5346519,-1.1443267,0.062904395,-0.818788,-0.8930049,0.8859753,-1.4983368,1.0127288,-0.40101814,0.06886225,NA20518,1,TSI,9,1,1,1
-1.7813683,-0.8503658,-1.0507625,9.232166,3.1942363,14.127189,-15.255411,-12.207019,-3.0717237,-3.1168342,-0.5750308,-2.078267,0.40895748,1.6750898,0.46839383,0.24163815,-0.6204949,-1.4473919,2.057242,-1.6675,-1.0295509,1.7975763,1.234647,-0.8568805,1.2722929,0.19946179,0.82719326,-1.3092479,3.3666387,-0.85074353,-1.0082028,0.06280101,2.15535,1.3708495,-0.025502587,1.1976013,-0.38829198,-0.8804556,-2.134073,-1.4558117,-1.476536,-0.019240227,0.80692345,2.409336,-1.8417841,-1.9176673,-0.2504104,-0.40027776,-0.116343945,1.7274653,NA20530,2,TSI,9,2,2,2
-7.128679,-0.800749,-0.4949754,11.395444,4.0679865,13.229329,-15.409955,-13.135049,-3.9393444,-2.506226,0.8317285,0.9104953,0.49215007,0.043270946,-1.3231895,0.89277965,0.8702326,0.21499956,-2.3012254,-1.7965341,1.6607742,-0.38269377,1.8955308,-1.1742389,-0.46654996,1.2846538,-0.4398795,0.9380283,-0.67684215,0.9305027,0.11832862,-1.4984459,0.9076053,-1.1235477,-0.30941606,-1.4563898,0.9441929,0.7077257,1.1638702,-0.8297477,-0.10331933,-0.38332385,3.030431,1.394225,1.1209233,0.19830063,1.9572966,-2.055233,-0.15495564,0.09861113,NA20538,1,TSI,9,1,1,1
-6.7451406,-1.0431345,-0.021304844,11.347376,4.126204,14.580567,-14.999043,-12.876798,-1.653047,-1.6016017,1.58356,0.79502857,0.25906485,-1.0854598,-0.585024,-0.11106855,-0.21420102,-0.73398316,1.1415848,0.6752958,-0.52904695,-1.4303833,1.2841349,0.45686942,-0.07348179,-0.28595778,0.3020224,0.76871145,-1.039908,-0.6976297,1.1105253,0.7919471,-2.1866486,-0.16544385,-0.35416725,0.6806447,-0.30480143,1.900947,0.5086535,2.391907,-0.26542005,-2.119147,1.6285464,0.01519117,0.1308512,0.9159755,-0.7194506,-0.23142996,2.4883244,-1.1733668,NA20539,1,TSI,9,1,1,1
-2.5042567,-1.2773615,-0.62816006,11.3065405,3.6272748,14.550649,-15.37693,-13.060448,-2.7600162,-1.4777884,-1.0836098,-0.07648869,0.6671006,3.0054646,0.4217696,-0.43309915,0.93038374,-1.1247641,-1.2355648,0.7571037,-0.789326,1.2027736,0.2747782,0.08601285,0.4512714,0.34484228,-0.33021474,0.2863551,-1.827267,-1.1076181,1.1368743,2.0109735,1.1500881,0.038052194,1.2009577,0.3060243,-1.2875737,0.3023227,2.3114705,0.9032889,0.40544456,-0.15002945,1.3494275,0.19152637,-0.37027243,1.1619389,1.2463733,2.1052547,-3.1781344,-2.1258323,NA20542,2,TSI,9,2,2,2
-7.4246063,-1.0195374,0.19369142,10.868993,3.6169586,14.448151,-15.146186,-12.850251,-3.0217915,-2.0792916,-0.014988457,0.13796465,-0.5501705,-1.0660886,0.7144512,1.3027992,1.0691562,-0.2000913,-1.2561812,2.444192,1.0856246,1.3040835,0.10161621,1.7862086,-0.6168687,-1.1662654,1.265859,-1.5032985,0.02083159,-1.4384929,-0.5570773,-0.73792994,1.1207994,-0.1467381,2.1220367,-0.96208316,-0.924608,-1.9329703,0.6359124,-1.4080347,0.97237927,3.1028554,1.8388572,1.622894,0.2814735,0.3508152,1.1772568,1.543968,0.8581311,0.2778662,NA20544,1,TSI,9,1,1,1
-7.5578346,0.28783047,-0.074360274,11.336803,4.199431,13.542487,-16.016975,-12.49356,-2.7731843,-2.5632613,-0.118944354,0.5066772,-0.9174768,-3.0296578,-0.32666624,0.2678297,-2.702394,-0.54777014,-1.8547491,1.8444992,-0.7382807,-1.1926955,0.8916624,0.17578025,-0.70227915,-2.0897071,-0.98282564,0.38258192,3.1632917,-1.2138101,0.79867184,-1.4497333,-0.3288682,0.25029662,-2.804509,-0.6894449,-0.056844078,1.7115431,0.94962835,-0.34663898,1.1507721,-0.9288607,-0.490144,-0.027273584,-1.5560948,0.89185125,-0.26487574,0.56731737,0.41075915,1.3104963,NA20588,1,TSI,9,1,1,1
-6.9348683,-0.5087538,0.17060532,12.173778,3.9750147,15.196613,-16.496845,-13.3569,-3.2250419,-1.9442292,0.63125247,-0.00026169477,-1.4103382,-0.8938023,2.4246447,1.3877083,0.43294224,-0.52240163,-1.0234983,1.5842371,0.75031424,-0.5412955,1.9344678,-1.1003215,-0.039873753,-0.6480439,-1.2367036,1.9114323,0.30602792,-0.16733098,-0.98429585,0.8376454,-2.0791984,-0.63972807,0.115190506,-0.30677205,1.2217866,-1.65655,1.6656735,0.21840416,0.43466154,0.53506225,0.21664388,-1.4522434,0.8760503,-1.3022513,-0.62872934,-0.234733,-1.7037302,-1.3555756,NA20752,1,TSI,9,1,1,1
-3.0966063,-0.6378923,-0.61794806,10.2392235,3.897818,14.608265,-15.465577,-13.750408,-3.3215096,-2.2854326,0.7108312,-2.5976186,-0.17079404,1.2042974,0.53809255,0.58778673,0.104980886,0.7745388,0.09187042,-0.5024104,-1.733632,0.5088332,-0.5712461,2.0947156,2.037847,0.7587501,0.97037244,0.0836437,0.4440795,-0.75478494,0.50284773,-0.08774185,-0.34367168,-0.42417005,0.44216678,1.0133051,-1.5876694,1.3369179,0.2505889,-0.8208378,-0.5042671,-0.44832706,-0.53478944,1.1939621,0.4643626,1.8582405,-1.2365834,-1.0466393,-2.2485757,-2.0944414,NA20753,2,TSI,9,2,2,2
-7.211433,-1.1930311,-0.27362168,11.573596,4.790144,13.697196,-15.664981,-12.607862,-2.2160215,-3.3417008,0.27765906,0.44758007,-0.1601535,0.79201674,-0.48507226,-0.14043424,-1.2222431,0.17281207,-0.02355244,0.8859837,1.1797955,-1.0209167,0.2796921,1.3600132,1.2127658,-0.27264607,0.6334331,-0.42221567,0.65328515,-1.4934599,-0.093846224,-0.8416099,2.071443,1.2556667,-0.017206494,1.2637293,0.58222795,-0.34807813,-0.16448961,-2.2724822,0.80785584,2.6312048,1.3014938,0.34931105,-0.23258828,0.9949035,-0.22264041,1.5213374,2.9549243,0.86035985,NA20755,1,TSI,9,1,1,1
-7.3310456,-1.9709194,-0.33873954,10.81733,5.0785313,16.064602,-15.191546,-13.693412,-2.8421776,-2.336062,0.5972934,1.0518506,0.6100791,-0.6803031,-0.2972023,0.22249429,1.4543636,0.8507394,0.3689039,0.98656875,1.8038526,0.23622957,-0.26316753,0.027280092,0.9027916,0.82409286,0.8665268,-0.5681775,-0.9527097,0.70838565,-1.0299102,0.84281516,1.3468283,0.41758364,0.80991477,-1.0641359,1.6157743,0.28823885,-0.9863137,0.96932334,1.7443329,-1.9955834,0.0975904,-2.2732627,-0.6394356,0.5161705,-1.2857283,0.82556885,1.7486686,1.1917895,NA20759,1,TSI,9,1,1,1
-7.2943006,0.3967792,1.1736706,11.720876,5.472204,14.221166,-15.392303,-13.710169,-2.5095856,-2.2044683,0.42363775,1.0351384,0.2941627,-1.8151674,-1.247285,0.8311936,0.3397889,1.4530929,-1.2281717,0.9015092,-1.0013039,-0.057357598,-1.5115259,1.6595863,0.27804026,0.04325538,-0.13371812,-1.2316773,-0.56717956,-1.3395705,-1.8268734,1.3805419,-0.7063353,1.151747,-0.5609321,-0.112788156,0.8378997,-0.7727234,2.267209,-0.18923596,-1.3280822,1.0881104,-0.73222816,0.019396393,0.08727718,-0.05941246,-1.1892902,1.1621107,0.18872198,-0.3062791,NA20770,1,TSI,9,1,1,1
-3.6465178,-0.43489164,-0.99875855,10.598767,4.0901275,14.443649,-15.56272,-13.866893,-2.1347103,-1.7463387,-1.3505284,-0.6734983,1.2108281,2.19629,0.50774837,0.12694359,1.4569783,-0.70133674,0.43344626,-0.6708992,-0.8941183,-0.14706346,0.01292605,-2.2162366,-1.8580068,0.5359533,-1.092979,-1.0224675,0.5037832,0.6216231,0.40710804,0.68274665,0.049447455,-1.2298168,1.0020257,-1.2329644,-1.0445036,-0.40906733,-3.5822504,-1.0225385,-1.121289,-0.35917526,-1.2057884,0.6931809,-0.4775802,-2.2707915,0.50010407,-0.11741136,-1.9715979,1.2776731,NA20775,2,TSI,9,2,2,2
-6.5805154,0.8996908,-0.081685066,11.51895,3.3298523,13.946691,-14.994665,-12.66782,-2.799739,-1.7672598,-0.068529636,-0.19706663,-0.02514112,-0.55100316,-0.29729328,0.1710786,-0.82583266,-2.4376698,0.39805594,-2.4589067,0.32149476,0.09402142,-0.71231264,0.03584727,-0.65957206,0.058654435,0.8968517,1.0903012,-0.026462838,-0.20196715,-0.84070015,-0.30297425,-2.7448585,0.13909598,-0.52862906,-0.9529021,-0.7070398,-1.001933,1.478443,-1.27717,-0.6097324,0.3630423,-0.56608045,0.31139052,0.89851326,-1.0606778,0.49713123,-1.124811,1.4664214,0.40095264,NA20785,1,TSI,9,1,1,1
-7.9826612,-0.7368831,0.88784117,12.346257,3.9578533,14.998161,-14.834454,-13.365094,-2.3281047,-2.7186677,0.0886766,1.2403376,1.6184964,-1.8347968,0.84387153,2.1219418,-0.36771604,0.2742148,1.3195467,0.755287,2.0102947,-0.64583206,0.9622021,-1.0688738,-0.3881707,-1.803076,0.14012933,0.94919825,-0.10924162,-2.5676463,-1.8022759,1.2367398,0.9874477,-0.8337422,-1.5784559,-0.73208266,-0.63429946,1.3412452,-1.6699004,-3.2066348,1.0319073,0.22826202,0.66143644,-1.691117,0.5654256,0.11867094,2.088707,2.4644547,0.36977008,-1.7575786,NA20796,1,TSI,9,1,1,1
-2.8409631,-0.076055616,-1.7894799,10.2936125,3.760155,15.648685,-16.878616,-13.195341,-3.6069324,-2.8748398,0.16332014,-0.640138,0.18665016,2.4618955,-0.50082284,-0.8978165,-0.095640786,-1.7897301,-1.4599519,0.013473173,0.43583763,0.1790781,-1.2837051,-1.2099575,-0.6683562,-0.21014729,-1.5032468,0.44813338,-0.37846118,-0.5735979,0.09327415,-1.8014462,-1.3063319,0.0145422835,2.600949,1.0776639,-0.14313133,-2.2534862,-0.35760573,-0.69164205,1.0245277,-0.4196914,2.2708418,-2.2161734,0.031047037,0.07280542,0.98294574,-0.2684729,-1.6223786,-0.97889435,NA20799,2,TSI,9,2,2,2
-2.4875042,0.35455674,-0.42511952,10.253713,3.1930094,14.290271,-14.629417,-11.924252,-1.527371,-1.6759385,-0.93065953,0.14960206,-0.106677316,0.55467796,0.84511733,-1.1555477,0.4359635,1.3126771,-0.25310376,0.005218631,-0.006825658,0.12038136,-0.48841804,-0.049778637,-0.0030712704,-1.2096498,0.11789357,0.14221412,0.26440126,-0.07139181,1.3087138,-0.8154709,-0.5756462,1.3704063,-1.1943601,-0.66993636,-0.38342154,3.0673852,1.1545383,-0.21882844,0.26933837,0.14158803,-0.34140146,0.50570244,-0.4787058,-0.89882576,1.6645783,1.1352795,-1.952579,-2.799927,NA20808,2,TSI,9,2,2,2
-7.235505,-1.8013109,-0.026926843,12.239056,3.2602808,14.155332,-16.555836,-12.947072,-1.5776577,-2.1825209,-1.1671108,-0.06462569,-1.4052522,-1.3679711,-0.24444786,-0.9484368,-1.173642,0.67083925,-0.28856844,0.24778959,-1.1877519,0.20735192,-1.4707384,0.31822765,0.19650756,-0.80076385,0.03911469,-1.6261127,-1.4102834,0.29681864,-1.2987502,0.7960448,-2.5949948,-0.54145145,-1.4165648,-3.4823077,0.053123754,-0.61086357,0.2869351,1.2479576,-0.46312213,-3.1989486,-0.42923003,-0.48942912,0.22130986,0.39595005,-0.6588115,0.8963296,0.6553222,0.49216396,NA20810,1,TSI,9,1,1,1
-7.3675375,0.45259258,-0.08806579,10.411271,4.961898,14.372831,-15.601845,-12.361722,-3.7248766,-2.9887495,0.5660124,0.9029088,-0.7964745,-1.4379724,1.0894339,-0.06303169,-0.510929,-2.2509413,0.5308289,-0.33884457,-0.09375277,0.61096174,-2.817682,-2.5011811,0.4493596,-0.39603975,1.4931636,-0.03949384,-1.3595911,0.8681833,-0.042172506,1.665151,0.74991447,-0.37807882,0.24212979,-0.482815,-0.78166795,1.8040999,1.3214947,0.95410895,0.93921465,0.25699475,-1.4766834,0.02326188,-0.2589672,1.5938632,-2.8796039,3.4056091,0.12979345,-1.35881,NA20812,1,TSI,9,1,1,1
-2.0729349,0.089086354,-0.8774663,10.564863,4.500684,14.12519,-15.898513,-12.391285,-3.7246904,-3.497519,0.093863815,-0.5757033,0.6235789,1.3149524,-1.7360877,-0.045584287,1.6502266,-0.4010206,-0.9658454,-0.9077589,-2.0463297,-0.4878829,-0.51823246,-1.244696,-2.3218997,-1.122575,-1.1343548,-0.84824264,0.18366832,0.48176402,0.4000697,-1.136384,0.74012274,0.95702404,1.0937206,-2.0141747,0.9173119,-1.8894105,-3.0510993,2.4733138,2.3780491,2.7007995,-0.14468816,1.9545894,1.7311673,-0.42540047,-1.0257154,-0.2661424,-1.6729759,0.43468288,NA20813,2,TSI,9,2,2,2
-6.3654222,-0.14664291,0.2049632,10.598269,3.9278939,13.82762,-15.669105,-13.348357,-1.0719308,-2.209411,0.25016582,0.45202848,0.26075208,0.18430838,1.0646565,-0.73666745,-0.5051738,0.5076825,0.35065082,1.7075049,0.29877996,-1.4427193,-1.7290816,0.19297756,-0.38698694,-0.67920727,-0.1565521,0.015006526,0.23568936,0.6302904,1.9898714,-0.12115976,1.3614883,-1.906113,-0.35623896,-2.0833657,-1.3926729,0.97703063,-2.404526,-0.459835,0.9458243,1.6745876,-0.14311276,-0.3998502,0.81663346,-1.5097312,0.22435912,-0.3561474,0.8279644,-0.5060496,NA20815,1,TSI,9,1,1,1
-6.8665843,-0.88199,-0.740612,11.215198,4.049886,13.883392,-14.353381,-11.49919,-2.5121596,-2.0554605,0.47395766,-0.0120869195,-0.3434971,-0.6361557,-0.18202643,0.4822209,-0.8419168,-1.7762599,1.2329582,1.3661629,-0.084323935,1.5049157,-0.0728615,-0.25403792,0.5330589,-0.09972655,0.17643279,1.5095695,-1.950937,-2.2043028,-0.34484679,0.19417499,-0.00841671,1.5167863,-1.2518959,1.2249122,0.41574058,-0.5274968,0.21572545,-1.5903661,-1.643248,-1.1490332,0.9390843,-0.23712061,-0.4461232,1.1970605,-1.557731,-0.80166715,1.1680392,0.6200758,NA20816,1,TSI,9,1,1,1
-3.1553588,-0.44972524,-0.88427436,10.56129,2.897561,14.2981205,-15.634529,-12.042286,-2.878047,-2.6249554,-0.006925828,-1.6601982,2.0020592,1.1031735,0.56724465,-1.9745915,-0.7022124,0.8088122,-1.6760318,0.11220636,0.22201473,1.206207,-1.8960233,0.85137004,-0.28723454,-1.7350613,-1.3119767,2.5501323,0.60075945,-0.47149792,1.3597025,-0.48351502,-0.43598375,0.32363442,-1.3013406,0.576893,-2.4398794,-1.3177878,-0.7938137,-2.1192153,0.19658849,0.0997595,-2.0645885,-1.647531,-0.74364245,-0.90579665,0.70900524,-1.0527183,0.54015476,0.046937283,NA20819,2,TSI,9,2,2,2
-2.691264,0.085802086,-1.1677763,9.531176,4.7438574,14.281738,-16.40932,-12.630171,-2.7152658,-2.5628552,-2.244087,-1.9973817,-1.0393435,1.6156052,0.025280962,-1.4210014,2.212333,0.06780571,-0.922028,0.7139733,-0.10925529,1.6517459,0.17264496,-1.0736297,1.5336307,-1.0392498,0.8525482,-0.7961604,-0.1960364,-2.7543383,-1.8293045,1.2219721,1.3795639,1.9528328,-0.23677549,-0.7974095,-0.8561431,-1.3802344,5.129712,1.1695104,-1.0624268,0.29121798,-0.67971784,-0.47303733,-0.6028037,-0.12245416,-1.9877212,-1.5962522,-0.491086,-1.4398724,NA20826,2,TSI,9,2,2,2
-6.876662,-0.6463222,-0.22516459,11.000562,3.8218677,15.313268,-15.721605,-12.039857,-2.5368855,-1.9240512,1.4405775,1.7981346,-1.5142705,-2.0199907,0.33737147,0.5232197,0.84895694,-0.35312542,0.30628222,0.20065925,-1.6149709,-0.7588489,-0.20299675,-0.29579368,-0.8966109,-0.52725106,0.47635475,0.05350874,-0.7615267,0.32579985,-0.2657879,0.55108505,1.3252039,2.3193119,-1.5975993,-0.9662478,-1.1769965,0.722819,-0.870157,-0.8792713,-0.53760487,-0.08603785,1.2922839,0.20967057,0.88880306,-2.2895539,-1.172327,-0.6555306,-0.4685643,-1.087297,NA20509,1,TSI,9,1,1,1
-7.6152205,-1.3615041,1.3432068,11.946682,3.8488066,13.246112,-15.943986,-12.750394,-2.293188,-2.4586582,0.7477191,1.2408093,-0.25649145,-3.3354788,0.34955034,-0.6191932,-3.7293446,0.5713733,-0.93659943,0.113994926,-0.47175068,-0.10949843,1.5434959,-1.5046997,-1.5203454,-1.5473505,-0.32422176,1.0641719,-1.4413997,-0.8730289,-1.4414167,1.0367451,-0.46314567,-2.2736685,-1.8129036,-0.40221864,1.4497046,-0.30263346,-0.7104025,-0.6465768,-2.771908,-2.5008428,1.4429162,-1.7229882,1.6923095,-0.31669933,-1.8923498,-0.39571968,-0.1740656,-0.74351114,NA20521,1,TSI,9,1,1,1
-2.0380814,-1.6007388,-1.0772057,9.561747,4.368809,14.529326,-14.684624,-12.593133,-3.3998408,-2.2596443,-1.4380535,-0.5588693,2.2606997,3.0374658,-0.67558324,-0.6770149,0.28412116,1.4843669,-0.90702826,-1.2420106,-3.7200387,-1.3083333,-0.41459456,0.7157779,0.47392872,-1.6159616,-0.32356688,-0.26748842,0.23204742,3.5158026,1.0301054,-1.9029335,1.0712626,0.6280852,-1.04469,-0.05882516,0.47574592,-0.38106313,1.1769575,-1.1756293,-1.8621521,-0.42696843,0.27021974,0.9662807,-1.088202,0.20986551,0.9494536,-2.4952133,0.16108057,-0.71345073,NA20529,2,TSI,9,2,2,2
-2.1823196,0.754914,-0.41178522,10.21132,3.7007585,14.083028,-16.300043,-13.191818,-3.5087337,-2.111264,0.6432139,-1.2694577,1.2484508,-0.05801024,-1.4507217,0.3744919,0.678061,0.6454666,0.18765052,0.4113629,-0.9164402,0.20548484,-2.987674,-0.21241984,-1.0226114,0.29559395,-0.965478,0.63855976,-0.050429214,1.3380902,-1.1496724,-1.0075996,-0.32959634,-0.29211047,0.12569384,-0.49347612,-0.7408355,-2.8261967,1.490799,-2.212746,1.3591111,0.62417996,-0.12406229,0.69571984,-1.3119466,-0.1931936,0.059390385,0.9060212,0.6980648,-0.5593931,NA20540,2,TSI,9,2,2,2
-2.565968,0.010329405,-1.0042692,9.88175,3.3868284,13.8089695,-15.706049,-12.979249,-2.4864755,-2.5781832,-2.147834,-1.1972347,1.36437,2.3486423,-1.651918,-0.8999771,-1.3183407,-0.81733626,-0.19961984,3.4432497,0.02158186,0.21505055,1.2606841,1.1304246,1.2493675,-0.42562503,-0.63961273,1.6774005,1.5964737,-0.98296183,1.8076245,-0.86139387,1.3453212,1.9055549,2.2711928,0.3200652,-0.060322855,-1.948858,-1.6217258,0.4148338,0.8114564,1.5766441,-2.4097986,0.25921443,1.4467962,-1.7776815,0.37721562,-2.0368037,-1.8092444,-0.78061986,NA20541,2,TSI,9,2,2,2
-7.6567264,-0.86810267,0.21399322,10.756481,4.435579,14.865123,-16.149698,-13.282804,-2.808237,-1.7411287,-0.7281697,1.195667,0.016103141,-1.1719874,-1.4671936,0.22186966,-0.5841312,0.34268406,0.11323497,-0.5594489,-0.15456498,-0.8310077,1.4996637,1.0400258,0.31883195,-1.0550907,-2.1197612,-0.08810671,0.8349891,-0.36810142,-1.0794443,-0.3493063,1.8676684,0.82663417,-3.0561433,-0.46211976,-1.3268993,-0.5430485,-1.2341192,2.1236398,3.9208477,-0.040351003,1.0147892,-2.5172737,2.0807443,-0.9469649,-0.15325734,-1.026894,-0.6312711,-0.08842441,NA20581,1,TSI,9,1,1,1
-2.4100213,-0.5778286,0.12488131,10.188311,5.017331,14.480101,-15.654815,-12.728256,-1.9920516,-2.6516414,-1.5377634,0.0944015,0.5681727,0.16654225,-1.0600307,1.8288794,0.60890025,0.7355015,1.8869671,-1.2946936,-0.08770644,1.834893,-0.3040619,-1.3380363,1.5739286,-0.4173934,0.3261688,0.9777122,-1.3996631,-0.07441574,0.6476489,2.0482676,-0.17828149,0.2859335,0.8101934,-1.0849346,0.41265947,0.5410141,0.22785789,1.0800796,-1.122304,0.5794449,1.9164965,-1.2412839,1.3672498,-1.2104254,-1.4121888,2.5008698,-0.43090194,0.6297371,NA20582,2,TSI,9,2,2,2
-2.039222,-1.098761,-1.0769653,9.281491,4.2676377,13.681748,-15.180954,-12.222598,-2.4794793,-2.6212506,-0.70236427,-1.5674572,0.5474474,1.9345393,-0.16566218,-1.3081582,2.1937294,0.9622056,0.28819466,-1.0548145,-0.07901365,0.80917597,1.158173,0.066462286,0.80984014,-0.11199797,1.6465905,0.025026346,-0.6204483,-0.25596356,-0.85529876,2.502681,-2.5339522,-1.81116,-0.46772665,0.00787924,-0.3135752,-0.37826547,-0.30910426,-0.523888,1.584062,0.6182306,-0.21098511,-0.094951704,0.17751163,1.5114518,-0.036745176,0.026682826,1.1431653,-0.9827634,NA20589,2,TSI,9,2,2,2
-7.8754783,-1.3234799,0.0042717797,10.7554,4.799049,14.379032,-14.190698,-11.652436,-2.7712672,-1.8786337,0.7306763,1.503674,-0.52475274,0.026585042,-0.032937862,-0.9573297,-0.49381816,0.59730715,-0.7884484,0.16510758,1.436472,-0.9432171,-0.23922814,-0.34661147,0.4735767,1.4767063,0.17856811,0.6128205,-0.0076864846,0.31128272,-2.336885,1.4921288,1.4694735,-1.0124496,-1.4270549,-0.084324494,2.7153342,-0.098666176,0.41849393,-0.7818476,0.02043708,1.1497936,1.2123431,0.26415384,1.7829745,0.564921,1.5903082,-0.7989432,-1.8784876,-0.92048883,NA20754,1,TSI,9,1,1,1
-1.9245727,-1.020308,-1.0240405,10.831539,3.6381054,14.70454,-15.596707,-14.133271,-1.945158,-2.783487,-2.0212977,-3.3528721,0.97149307,1.7180545,-2.3789349,0.2490452,-0.22646895,-1.1456003,0.81721973,-0.002081465,-0.6404159,-0.88992614,1.4328676,0.21744244,-0.6536826,-0.2247819,-1.1624528,-0.95853007,0.3214548,1.2351979,1.2491065,-0.46021092,-2.8535142,1.2304174,1.8249301,-0.6835384,-2.0128806,1.6727496,-0.65425557,-2.159444,-0.68082136,3.350322,-1.2910324,0.5178275,1.0882603,-0.72475016,1.750333,-0.22544557,-0.7239654,1.7292184,NA20772,2,TSI,9,2,2,2
-3.22233,-0.94797605,-1.0116261,10.3888855,3.557236,13.551551,-13.679332,-12.346432,-3.0142019,-1.3318756,-1.4118973,-0.8862052,-0.7760032,1.9718586,-1.2504463,-0.033936102,-0.6914705,-0.7278621,-0.047768988,-1.0040857,-0.40370315,2.6615891,-1.526469,1.3218869,-1.6741706,1.2836264,-0.10118779,2.8855944,-0.44236124,-1.3595974,0.4146661,-0.046533164,-0.021720162,-0.89215016,-1.4649403,0.9543395,-0.6550974,0.8812505,0.95193684,-1.554768,0.35984412,0.48599935,-1.0610678,-0.49537763,0.5139289,-0.52522016,1.5989212,-0.5069922,-0.111840025,0.6903026,NA20773,2,TSI,9,2,2,2
-8.190173,-0.115044415,-0.10124308,11.634084,3.1024683,15.055145,-15.4263115,-13.731157,-2.4811904,-2.2736163,0.9468816,1.0416932,1.742346,-0.4850371,1.3078606,1.4552487,0.26720303,1.5471885,0.81159526,-0.10229797,-0.07025036,-2.5995102,-1.0397841,-1.3868848,0.5118244,-0.5604216,-1.1274371,-0.0598832,-1.4167186,1.1579676,0.45797297,0.97432065,-2.280941,-1.6953822,-0.3922787,3.420545,-2.1175778,-0.3267927,-0.08779684,-0.39409322,-3.8093414,0.95924604,-0.8209295,-3.6341329,-1.6441796,-1.1595461,1.6373115,-1.8796827,0.19384542,1.1253003,NA20778,1,TSI,9,1,1,1
-7.124291,0.4566396,-0.56684804,11.241541,4.559509,14.705173,-15.434836,-14.220231,-1.768104,-2.3457446,0.26896933,0.59912205,-0.81326157,-0.014005461,-1.4226141,-0.29900733,0.6133694,0.45682988,-0.35192537,0.3355823,0.18492673,-0.7928801,0.7121197,-0.12093962,-1.2405065,0.8215011,1.5256443,-0.7903451,0.6505294,0.46267587,0.09013796,-2.0268707,-0.7691158,-1.3101933,1.1025172,-0.09878535,-0.53821427,-0.20645659,1.3028177,-1.9497392,2.50467,1.812009,-0.313869,1.4661335,-0.74388164,0.8834502,-0.10641667,-0.46211553,1.4609936,-0.48360133,NA20787,1,TSI,9,1,1,1
-3.6570024,-0.29717842,-1.3373133,10.99694,4.473014,13.886632,-15.066974,-12.64704,-2.074759,-2.6854286,-1.0362513,-2.1471317,0.5042958,1.0393203,0.3111716,-2.3350697,2.1069665,-1.0456867,0.8331607,1.1518302,0.4156506,0.91387814,-0.76075816,2.4441357,0.0062989597,0.015644528,-0.03799969,-0.0031443834,-0.39640316,0.26620525,-0.27939132,-1.2403675,-1.560819,-0.5563393,2.8012602,0.5438255,-0.92068565,-0.42304114,0.091707736,0.047428407,0.9276242,1.4931046,1.3244599,1.6248217,0.50252485,-0.77492464,-1.6704211,-1.6816393,0.57665503,2.8384209,NA20790,2,TSI,9,2,2,2
-7.611484,-0.9633525,-0.30626777,12.077934,4.5496025,14.448876,-15.27585,-12.487878,-2.1315184,-2.9977193,0.30641034,0.7390774,0.7417058,-1.4819844,2.9595993,0.84339905,-0.037784357,-0.014330854,0.4324395,-0.43846318,-1.2853874,-0.789698,-0.46913058,0.27666613,-0.23429486,-0.5476819,1.4992328,0.8572239,-0.6451407,-0.8675874,-1.6458467,0.31104282,1.2330481,0.93760824,-0.76421446,1.7896472,-0.504293,-0.5645829,0.21224613,-2.0076404,1.042121,-1.1744924,1.8860604,-1.4296912,2.5840578,-1.9299232,-0.25385568,3.3801613,2.2659998,-0.31259084,NA20792,1,TSI,9,1,1,1
-1.8744085,-0.31071877,-0.68061674,9.437302,3.6145833,14.513363,-15.57902,-12.560423,-4.3404346,-2.7407122,0.176689,-1.8305908,-1.2869693,1.0538555,-1.6116177,0.18547383,-0.6586298,0.2020003,-0.68881804,0.77155936,1.3228537,0.35483807,-3.3269763,-1.0804944,1.6932448,-2.2990582,-0.49589825,-0.014648932,0.18849775,-0.02356963,-0.0367946,-0.9119848,0.6056582,1.156261,-1.813927,-1.7128301,-0.37655133,0.6118305,1.953852,0.19328436,2.3638961,-0.51806146,-0.53016907,-0.8518666,0.7172277,-2.244075,0.24257696,0.05042217,1.0571086,1.6958431,NA20795,2,TSI,9,2,2,2
-2.1905763,-0.0572637,-0.68774354,9.512365,4.928322,14.341497,-15.549156,-13.245622,-3.3673737,-1.9657264,-1.1055295,0.17255415,0.064727835,0.7711127,-0.4787501,-1.9275033,0.5940658,-0.29327726,-0.24452002,-1.7419393,-1.1458828,0.19924009,0.56839347,1.3251472,-0.045459304,1.5719157,-0.71741545,0.17534977,0.8684476,-0.9538722,-0.54459035,2.0222414,-0.97009146,-1.1658952,-0.13394535,1.8955598,1.2582476,-0.097352564,-0.9199379,-1.7993414,-0.17153536,1.2462034,-1.0308486,0.7106069,1.7316444,-0.3170226,0.8323584,-0.57947314,2.0116856,1.3530909,NA20797,2,TSI,9,2,2,2
-2.8527868,-0.89256287,-0.24830882,11.281364,3.6704907,14.640377,-15.477264,-12.824926,-2.867226,-2.4136472,-0.42174008,-0.5730454,1.5601486,0.4290982,0.3247807,-0.12542967,0.32805887,-1.9665626,-1.3833891,-1.469978,0.90460163,-0.49613532,1.0450811,-0.48871475,-1.0630546,0.18826117,1.4435757,-0.3696431,-0.057379052,2.350699,-1.4509668,0.27025422,-0.264608,0.2739163,-0.15446277,1.6291142,-0.83040017,-0.9222083,-1.956705,-0.54666036,0.7784501,0.58372813,-2.3998866,-1.6613985,1.5551075,1.2750336,-0.7632176,-0.548756,-1.6039108,-0.27855924,NA20800,2,TSI,9,2,2,2
-7.3344855,-0.34429651,-0.6681875,11.904898,3.4882967,15.259614,-15.968697,-12.973869,-3.7471933,-3.4656718,1.6280135,-0.7136854,0.875795,-1.0464875,-1.052539,-0.8446835,0.23854114,0.6780045,1.6065379,-2.261639,-0.4188709,-0.9675339,-1.1290115,0.20688903,-2.327146,-0.8207212,0.4491253,-1.7367953,0.4420782,-0.6110859,0.24161951,1.2545079,3.2547853,0.51568,-1.0302408,0.75518864,2.6060832,-0.6126483,-0.082859606,-0.12475856,0.07019674,2.2478096,1.645974,-0.16892909,2.5815306,-2.1847413,-0.18181033,-0.670445,-1.4051126,0.66532636,NA20801,1,TSI,9,1,1,1
-2.765827,-0.20368041,-0.9578962,10.378444,5.246849,14.545301,-16.42685,-13.061028,-2.4393096,-2.5393245,-0.28629124,-1.1568576,0.10306816,2.502103,0.35939202,1.3027265,1.5198056,-0.13712695,0.03881485,1.1484424,1.0310259,1.651137,-0.83788216,-0.27503228,1.0649196,-0.54794705,0.99697775,-0.90417516,2.3811302,-0.12709753,1.7522953,-0.062456865,-1.0189905,-0.8647191,1.6620703,0.5843313,1.7720174,1.2903897,-0.15574107,-0.120779246,0.6632811,-0.12109004,1.7366406,1.6393561,-1.9354552,0.35822827,-0.67486656,2.0417063,-1.0219691,0.036054723,NA20804,2,TSI,9,2,2,2
-6.641353,-0.61761695,-0.9002303,11.306405,3.944393,14.777007,-15.131204,-12.722081,-2.5205722,-1.8860078,0.6946928,0.638128,0.6341257,2.3922155,-0.30217174,2.3168905,-0.87567544,0.6485176,-0.19932407,1.040938,-0.74830705,-0.41535804,0.22961687,-0.71539915,-2.1194453,-1.1685953,-2.278764,-0.6840747,-2.7969463,-0.24450889,-0.40880418,-1.9643917,-0.35400552,-0.17509012,2.2625954,1.2994157,1.8408438,-0.40954736,-0.05163236,-0.68422973,0.12871546,0.6957515,2.079134,-0.120409474,-1.6839775,-0.6171322,-1.1488918,0.14636281,-0.058952432,-1.2685913,NA20806,1,TSI,9,1,2,1
-2.1044142,-0.8792892,-1.0466064,10.451243,3.9096093,13.775736,-15.966842,-12.594595,-2.8036444,-1.2330413,-2.0363772,-1.234509,1.3982675,1.9253299,0.07233161,0.44230944,1.4431455,-0.11012994,1.0500091,-1.1750518,-0.29071435,0.8018787,-1.1516467,1.3953917,0.97080255,-0.15194373,0.34522352,0.13293067,2.1449904,-1.3046787,-0.66860634,0.24594924,0.49609146,-1.3525198,0.93255687,-0.23753433,0.6015292,0.8788731,-2.0685823,0.3069098,0.09958793,1.1155357,-1.2726132,0.5550887,-3.0543249,0.42230988,3.420933,0.028693639,-0.5825476,1.353953,NA20807,2,TSI,9,2,2,2
-7.0293255,-0.67924076,-0.4703029,11.82612,3.5802763,14.879791,-15.119917,-13.97574,-1.7709973,-1.6909283,-0.2967382,-0.68493766,0.72895324,-3.005955,0.683768,0.80197006,-0.8119404,1.2883563,0.41090637,0.10604569,-0.65395147,-0.63232195,-0.33190373,0.8489182,0.31884974,-0.9789608,1.4968055,0.022971248,1.015574,0.16892128,0.6456736,-2.216265,0.9157717,0.44428098,-2.07172,-0.59578246,-0.27542177,-0.6236741,-1.0746324,-0.5978211,0.34543657,-2.628773,-0.88501716,0.8447751,-1.5228769,-1.4487278,0.40481588,2.0915492,0.4244112,-1.3101825,NA20809,1,TSI,9,1,1,1
-7.0864463,-0.7787355,-1.0280765,11.320434,4.5631356,14.486838,-15.010542,-13.796338,-3.4752605,-2.0116506,1.1159403,1.573297,0.112263195,0.45016798,-0.7113577,-0.7607318,-0.5017647,0.32186797,-0.5441445,0.9384692,-0.17346855,1.0399092,-0.6384433,-3.0485475,-0.00069092825,2.0899107,-1.1906065,1.4297574,-0.5263749,-0.4827698,-0.7805416,1.4804778,-1.8256059,0.4239368,-1.2514343,-1.5739625,-0.3276223,-1.3759212,1.0509205,0.47502884,-1.1106838,-1.3829694,0.37233663,-2.6487718,-0.03788346,0.65962577,1.0848253,1.0367528,0.39554933,1.9026151,NA20510,1,TSI,9,1,1,1
-7.219877,-1.0596808,-0.5896491,10.1803,3.3046596,14.070802,-17.094328,-12.962195,-1.9812068,-0.2509919,-0.27458307,1.242235,0.13932176,-0.91107714,0.022956867,-0.3026448,0.6049348,3.1164067,-0.8481819,0.8072663,0.15128316,-1.5579683,1.5424339,-0.3658595,-0.36077628,-1.3138876,0.2986855,-0.34848076,0.84774464,-0.6741812,0.20134307,-1.1314836,-0.26443976,0.7132166,-1.0456967,0.5095385,1.3401647,-0.04692519,1.048955,0.5619049,-1.7864554,-0.16249792,-1.3952104,0.38860703,-1.4453527,-1.0723861,-0.13742605,0.9002345,-0.3967027,-1.3502526,NA20519,1,TSI,9,1,1,1
-7.043474,-0.86209464,1.4303125,10.95461,3.6872602,13.795074,-15.964616,-13.29034,-2.7342768,-3.330164,0.15696125,-0.016655806,-0.11099323,-1.346874,0.9525038,-0.81077135,0.92784846,0.3470815,0.84684294,0.4187497,-0.8966063,-0.9853982,3.2000024,1.9443116,1.6562779,-2.658591,-1.1009592,-1.6020147,1.4427352,0.6556232,0.015764626,-0.28709862,0.78816015,-0.6649808,0.14519972,-0.9826489,0.47790945,-0.7449828,-3.20151,1.1882001,-0.37264848,0.5526293,-1.082358,-1.1161299,-1.3575733,-1.3196831,-0.29155296,3.185591,2.7876425,0.39431104,NA20543,1,TSI,9,1,1,1
-7.8107924,-0.67587495,-0.51761305,10.791263,3.7069173,15.012033,-15.431712,-13.652941,-3.2572825,-1.5872108,0.26322275,2.3821602,-0.26516944,-0.80077577,-0.5349217,2.022073,-0.7851386,0.51479435,1.2944105,0.77646095,-0.7050226,1.3060098,2.0243726,-0.21538383,0.23342115,-1.087906,-0.9534384,-2.1220925,-2.3160536,1.8035423,0.67588854,0.24809593,0.70206785,0.5289897,-0.8733788,0.2423255,0.8786986,-0.5232894,1.0109586,1.8919104,1.4318457,-0.44980958,2.1847973,-0.9447161,0.057817664,-0.44834468,-1.4515408,3.0360765,1.3932564,-0.41564643,NA20758,1,TSI,9,1,1,1
-2.6457708,0.69940215,-0.35706028,9.891065,3.9717522,14.197575,-15.600072,-12.287807,-2.3143477,-2.3576322,1.7694432,-1.8996931,-0.21991964,0.63658834,0.42576504,1.3657175,-0.7216547,0.57272124,-0.7816434,-0.07115152,-1.0439768,0.7800211,1.065094,-0.20130256,-0.062184032,0.0028516331,-2.800132,-0.012812929,0.5780002,0.058331937,2.0250611,0.3755681,1.5982423,-0.91066474,0.6823384,1.4147707,1.3988838,1.0375212,1.8806822,0.5379326,1.750877,1.5083901,-0.3319048,-1.7471321,-1.6331134,-0.2828931,2.4074628,0.7705696,-2.7655272,-1.2643399,NA20761,2,TSI,9,2,2,2
-2.7482953,0.6984626,-1.3495532,12.366087,3.8745515,13.995511,-15.249402,-12.701276,-3.1640644,-1.4682741,-1.6279196,-2.2136474,1.2786212,2.7663386,-0.845583,-0.115475595,0.9284495,1.6533995,-0.21028899,-0.58618855,-1.4874247,0.15673861,-0.59181386,-1.0919278,-0.9601698,0.36002216,1.1012884,1.1852418,0.21785554,0.5144765,0.14412273,-1.0457573,-0.18447697,-3.924326,1.1152171,-1.1179986,1.4096043,-0.20651782,0.8938586,0.57857764,-0.018529037,1.8278744,-0.40729266,1.432384,0.8141428,0.24801879,0.0176981,-1.249077,-1.631186,0.46530178,NA20768,2,TSI,9,2,2,2
-3.1939194,-1.2348388,-1.0339099,10.574546,4.250983,13.584048,-15.464551,-13.907275,-2.8555422,-1.0494139,-0.83115125,-1.1573846,1.6640725,0.8929916,-0.44126126,0.4548377,-0.3962861,-0.9348544,0.7967312,0.3443166,-0.14851026,-0.22960058,-1.756013,-0.47361076,1.031818,-0.96248573,-2.4591384,0.27713522,-0.38016325,-0.05401761,0.87650776,-0.16709541,-0.5168671,-1.5654366,0.67179364,-1.9889103,0.22734478,-0.7968382,-1.0043435,-2.031728,-2.006873,-1.6821551,0.19315267,-1.4069923,1.2681028,0.96593,0.9920179,-2.3569117,-0.24139893,0.35341296,NA20774,2,TSI,9,2,2,2
-3.4632053,-0.62612313,-0.92916006,9.9564295,4.96956,14.63521,-16.331982,-12.733528,-3.2611735,-2.436299,-1.4027866,-0.3288025,0.8588633,1.9313455,-0.43747538,-1.6407486,-0.09828244,-0.48314816,-0.2927483,-0.9815771,-1.1045212,0.48678267,-0.9053069,-0.9402179,-0.38014963,0.013128658,0.8052054,-0.5383524,-0.42381227,1.3420024,-0.82761985,-1.4093424,-2.2125268,2.1742108,3.0617762,1.330187,-0.81541455,0.45856658,-0.21995398,0.4646216,-0.31983188,-2.297786,-0.6119749,1.1191602,-1.5891616,1.1895432,-0.80582416,0.3410132,0.91496617,-1.9684929,NA20786,2,TSI,9,2,2,2
-2.8270268,-1.1872195,-1.1857368,10.987753,3.421582,14.33564,-15.963973,-12.956682,-2.7381995,-2.787048,-0.929603,-2.4419208,0.43211815,1.7188289,-0.25384712,-0.03650059,0.14227113,1.1657368,-0.19880429,-0.9742353,-0.81826687,1.0125471,-0.78163904,0.33778286,1.1837587,-1.8475118,2.1099575,-0.61664945,0.28195444,0.57599044,1.04485,0.9703859,-0.45210943,-1.2485946,0.7855171,-0.37577942,-1.3558015,-1.1858797,-0.27661976,0.20715855,-0.05671289,-1.6998198,0.63518107,0.33801356,-0.65330905,0.18644793,-1.2268587,-1.275797,0.5487739,0.40859154,NA20802,2,TSI,9,2,2,2
-7.9299264,0.70248634,-1.3330138,10.186168,4.2159653,14.292948,-15.240581,-12.441837,-1.9647279,-2.4334593,-0.62396,2.0110428,2.432324,-0.03159997,1.5819992,0.7420463,-1.9428093,0.7069102,-0.6439538,0.06536042,-1.0011387,-1.0912644,1.5618782,-0.36424524,2.0997684,1.0075272,2.160582,-2.7882192,1.9380342,-2.3375573,-0.39837852,0.3829273,1.6029804,-1.8491573,2.0414538,1.9952438,-0.7172639,0.7844713,-0.6214994,-2.8303456,1.6418805,-0.13522562,0.6421516,1.9368217,0.8034167,0.90553313,-0.38574642,0.099281885,0.88152844,-1.111539,NA20805,1,TSI,9,1,1,1
-3.0846055,-1.4889864,-0.13825443,10.278987,4.112415,14.044158,-16.361197,-11.978122,-2.429213,-2.3794575,-0.0800452,-1.1527337,-0.9596251,1.1648879,-1.876558,-1.9583156,0.36830187,1.2110273,-1.6799098,2.1806016,-0.66898936,1.6426259,1.1032282,-0.0006694828,0.015583483,-0.13900675,-0.86106336,-0.5281317,-1.1032524,3.1600635,-2.1067288,-0.3062804,0.4995054,1.2434182,0.90902895,-0.61117566,-1.0617158,1.8454529,-0.15658684,1.5926183,0.8904627,0.14473504,1.6685319,1.2012491,-0.100129336,0.5550004,1.8372804,1.1101913,-0.3920935,-0.59427494,NA20818,2,TSI,9,2,2,2
-2.7304099,-0.69294214,0.12700947,10.743152,4.609008,14.118587,-14.768627,-11.854908,-2.2672296,-1.801417,0.029516209,-2.4031649,-0.35334265,0.46259117,-0.64445806,-0.6571956,1.7540478,-0.90079284,-2.4758182,0.6629215,0.88642037,-0.20192286,0.659516,0.68816775,1.2280936,-0.38878542,1.4757068,-0.35553417,-1.0664346,1.5691887,1.369313,0.32549384,-0.20484442,1.9173717,1.5519257,-1.5469005,1.1240132,1.9561398,3.4648988,-0.19181307,-0.3527968,-0.14233375,-0.7899798,1.7265052,0.8845588,0.7086836,0.454542,-0.28967455,-0.6420406,1.8159853,NA20508,2,TSI,9,2,2,2
-8.091763,-1.4540025,0.32219478,12.327827,3.8340015,14.399008,-16.563646,-13.565664,-2.824991,-1.8684255,1.0320526,-1.0487425,-1.0683798,-1.345373,0.29717204,0.80711067,-0.34623832,0.099439524,2.1131654,-1.0149574,1.6447607,-0.056268737,-0.61984277,-1.0521903,1.2576574,-0.6058818,-0.43794143,1.2966003,0.587098,0.54178673,0.12552764,0.73847777,0.8150241,1.492516,-1.5781195,0.83107775,-0.80475205,-0.12056279,1.1475905,3.067775,-0.4588625,-0.09598113,1.483191,1.5229223,-0.8192326,-1.94621,-0.8106653,0.42925635,0.2575791,1.9731668,NA20520,1,TSI,9,1,1,1
-7.3967996,-1.3780733,-0.39538252,11.99926,3.7499378,15.474272,-16.129034,-12.227601,-3.7796373,-2.0364861,0.46387687,-0.51384354,0.2419435,-3.1763468,0.016971607,0.8294057,-0.17113006,-0.8030396,0.60400707,-0.17915314,1.4654979,0.083728686,-1.1133844,0.011013301,2.1770828,-0.20860422,1.1622018,-0.6103129,0.20560992,1.30045,0.38503128,0.8424384,2.2834096,0.81978405,0.12531807,-0.041886974,-0.54042494,-1.2437637,-1.9180502,1.588319,-0.6840038,-1.8079014,1.0891185,1.4960401,0.40322638,-0.360752,0.40171295,0.08987571,-0.43607304,0.4489293,NA20524,1,TSI,9,1,1,1
-6.823569,-0.9972217,-1.2069913,10.132862,3.7419765,14.448672,-15.688614,-13.67839,-2.4783735,-1.0324409,1.5540202,-0.13115142,-0.15050098,-1.3867557,0.51868254,0.81262386,-1.4497014,-1.2067537,0.48890278,0.6733088,-0.32241675,1.1857048,-0.37356403,-1.3056103,0.28916445,0.3692268,-1.2064391,1.6503785,0.3603345,-0.27128226,-0.21199445,-1.0776592,-1.0772485,-3.1373467,-1.0708369,1.3517433,1.0619514,0.71460617,0.47115287,-0.12257351,-0.8841877,-0.0712668,-2.0024211,0.38589057,-1.4733304,-0.9131088,3.7624598,-1.9269658,-0.41832924,-1.043238,NA20525,1,TSI,9,1,1,1
-8.269706,-1.1495262,0.21005043,11.24174,4.0646286,14.597199,-16.504885,-12.689567,-3.4711618,-0.72913134,0.21775909,-1.1129218,-1.1032447,-2.0579147,0.2724871,-0.83242,0.29525167,0.47923142,-0.47979677,1.5134175,0.9896165,-1.139612,1.583688,1.5077096,-0.098719925,-0.14429975,-0.74729514,-0.23910904,0.24446149,-0.5194831,0.4393336,-2.76092,-2.7073548,0.66946065,-1.3656512,0.006432478,-0.88046145,-0.7681329,0.21220288,1.9971048,-0.3057358,1.4057325,0.99504197,0.14466976,-0.82613254,-0.49688277,-0.4304183,0.72266597,-0.2885682,0.56289166,NA20527,1,TSI,9,1,1,1
-6.7430043,-1.3746107,-0.11069683,11.628886,4.1423697,14.605962,-14.747755,-14.004588,-2.0708892,-2.0268648,0.47986025,1.2808279,0.04377777,-0.41175106,0.067934036,1.2713845,-0.0753469,-0.51774234,0.49040863,1.3009256,-0.56790346,0.041979134,2.4354477,-1.2320843,-2.5083091,2.3898287,-0.30087435,-1.4344554,1.679222,1.4911294,-2.939006,-2.035547,-1.0132322,-0.39801013,-0.9118975,0.61564744,-1.1534172,0.058976855,-0.8370197,-2.396098,-3.0615108,-1.2065767,0.1352033,1.8167684,0.44949952,1.9783221,1.1285797,-0.43435547,0.18996662,-2.4106364,NA20811,1,TSI,9,1,1,1
-4.0127115,-0.33731264,-0.275703,10.275812,3.90719,14.154059,-16.720324,-12.38595,-1.9633125,-1.1842496,-0.60150427,0.66216993,0.57103956,-0.40708613,0.62528515,-0.8417475,-0.012714962,-0.27535406,0.6427484,-0.6881707,0.32454377,-2.044221,-0.14242496,-0.3406301,0.9573025,1.1490071,1.7036442,-1.9862174,-3.5289168,1.6322459,0.77809495,-0.19063379,2.6623373,1.9111803,-0.6098717,2.07742,-1.1289356,-0.07296297,-2.9929826,-0.5329492,-0.00042813784,-2.790371,1.2702035,-1.7126305,1.5727595,0.5758343,0.0061912923,2.5244586,0.182498,1.4143721,NA20522,2,TSI,9,2,2,2
-8.441006,-0.7284809,0.4372389,11.297441,4.603138,14.373577,-14.839463,-13.577633,-2.5317376,-2.0550551,-0.5097578,1.2455274,-0.1646542,-1.3746573,1.0697048,0.78712046,0.9824552,-0.30115062,-0.56719744,-0.51522756,0.9139001,-0.6463715,1.2295767,2.798437,0.43651173,-1.9089283,0.11701058,-0.25464436,-1.4656627,-0.73212236,1.2540021,-1.8095318,0.07520784,-0.4794949,-0.17373283,-0.45219713,-1.3838689,2.545004,1.8871268,0.8766194,-0.31314844,-1.7219462,-2.051714,-1.7931104,-2.041138,0.7016039,0.29858935,-1.7201325,-3.4791431,0.46547106,NA20783,1,TSI,9,1,1,1
-6.2128773,-0.29566395,-0.5998638,11.655869,3.373527,13.702963,-15.225826,-13.383365,-2.1384118,-3.3925965,1.7345651,1.8778121,-0.30279997,-0.41785654,-0.5036615,0.8940643,1.0695776,-1.4600391,0.5637902,0.22352852,1.9861914,-1.0607519,1.0960486,-1.075383,-0.0076652425,0.5068787,1.28461,-0.5568179,0.6701452,0.34136164,-3.4876544,0.24058822,-0.39033502,-1.5305498,-1.0222087,0.08427786,1.1417547,-1.7835239,-0.4250546,-0.6624651,-1.098248,0.13624342,0.5486313,0.09697707,-1.5500402,-0.17950894,-2.2874498,0.10214443,-0.9088399,0.5501282,NA20803,1,TSI,9,1,1,1
-3.0247087,-0.58325285,-0.5263498,9.799493,3.6053796,14.935865,-15.379154,-13.150965,-3.380724,-1.961097,-0.5692385,-1.6285635,-0.53719467,1.9575766,0.4184006,0.7328123,-0.76868004,2.0057967,1.2926234,0.054670256,-0.9219768,0.34157297,0.16976984,1.4580157,0.1775704,1.3198036,0.20664874,-1.9148637,-0.8007937,0.42026487,1.0163879,0.3739355,-2.815291,0.91135716,0.9291019,1.4029772,-0.22873892,0.5560835,0.5764603,2.0968025,-1.001345,-1.3433034,-0.3782972,-2.2731402,0.37872967,0.12715766,1.680052,0.5509776,-0.54102564,1.0557828,NA20828,2,TSI,9,2,2,2
-2.7471247,-0.6949893,0.2480519,11.225173,3.178607,13.887234,-15.256597,-12.657511,-3.1662278,-2.2072535,-0.8937751,-1.4706206,-0.5558383,1.4391705,-0.5786008,0.054955933,-0.043413132,0.7287253,1.7067823,0.15863773,-0.29195985,-0.09417553,-1.1239902,0.017361639,-1.6602981,-0.0620908,0.94195443,0.8410841,0.057592463,-2.0059805,0.7422749,-1.9484448,0.42935705,0.670335,2.15696,1.3200282,2.4630044,0.020182058,-1.335335,-0.88272417,0.6369605,-0.09467287,-0.23779418,0.36172765,1.420729,-0.7472574,0.3612496,-3.7033718,-0.97858834,3.1020987,NA20757,2,TSI,9,2,2,2
-3.0162342,-0.71694064,-2.0376635,10.643043,4.086303,13.280766,-14.882941,-12.331105,-2.7002616,-2.2696908,-0.62840915,-0.9868372,0.34599474,1.9581519,0.2733058,1.6548094,0.8149355,0.5582791,0.8040776,-1.770136,-1.5627505,-0.23374888,0.003413952,-1.661259,0.7918156,1.7386479,-0.69571173,-4.307421,-1.4450406,-1.2290721,-0.85234255,1.727635,-1.7072815,-1.7531269,0.51760846,0.42070642,0.041659024,1.2372286,2.0457475,2.3521564,1.1730701,-2.3054004,1.549937,-0.030084647,-1.1146641,0.8656832,-0.9903436,-0.64877313,-0.32136965,0.46936142,NA20821,2,TSI,9,2,2,2
-7.8108606,-0.41446078,0.6366071,11.409123,4.162089,14.216512,-15.525415,-12.305447,-2.2760386,-1.922186,1.1126943,0.75546366,-0.341093,-1.3351378,0.09546994,0.85027176,-0.549774,-0.6930125,0.55859685,-0.54419893,0.19663593,1.8746213,0.21569969,0.20522487,-1.5210261,-0.7211925,-0.03577896,0.6000859,-0.18064038,1.1470022,0.6115198,0.6343083,0.2746948,1.5184767,-1.0936558,-0.76605374,-1.6733587,-0.5396839,0.05769975,-0.20503683,1.48211,-0.9362136,0.5276862,0.8254924,-1.6151474,2.7675574,0.65174717,3.8821235,2.6722968,0.8850251,NA20762,1,TSI,9,1,1,1
-7.855752,-1.5575514,0.10726262,11.404727,4.365408,14.892671,-15.480369,-13.603897,-2.2474456,-2.5050209,0.8742121,0.86824584,0.9521944,-0.6186591,1.3091483,0.45621213,-0.48480812,2.6953046,0.278403,-1.8118606,0.93735737,0.29597506,0.7395076,-0.17203593,0.4300749,1.3259015,-0.18138939,0.72203207,-1.4038363,0.9016677,-1.0412759,1.8498446,-0.20686525,0.8000319,0.85510033,-1.3879607,-3.141526,0.6540524,0.19659084,-0.14938681,-1.6224242,-1.3256632,-1.74325,1.8527644,0.6151692,1.359887,-0.9525447,-1.4452555,-1.0678651,0.23327684,NA20767,1,TSI,9,1,1,1
-7.5769863,-0.30771083,-0.3064986,11.907776,4.063458,14.503028,-15.868601,-11.64445,-3.5876293,-2.05786,0.08504105,1.494561,1.8539082,-2.182831,0.034459244,1.0277338,-1.6700546,-0.68728554,-0.9307156,-2.1340957,0.08270854,-0.3920843,1.8158414,1.5010023,-1.1646564,-0.6084504,-0.2992103,1.1949967,-1.1246313,0.74504185,2.3688507,1.2014669,-1.1332763,1.1876411,-0.65876484,0.47941726,0.7449082,0.86358637,0.7057965,1.3748574,-1.9543188,0.2841268,-0.115145944,-0.95736504,0.6352043,-0.7096608,-0.54080105,0.41758138,-1.5974972,0.8841405,NA20817,1,TSI,9,1,1,1
-7.782758,-1.7887549,0.3564356,11.678354,2.6365623,14.017487,-16.56749,-13.4972315,-2.8632534,-2.6268659,0.25339726,0.5991043,-1.0672652,-1.1568907,1.0593984,-1.1822243,-0.5348347,0.48508844,-1.2684827,-1.3025186,0.63017213,-1.6842268,0.09400717,-1.5408871,-0.57902926,2.7672865,0.8456541,0.03241062,-0.17952052,-0.6468956,-1.4926996,0.7220197,0.1152846,-0.6558145,-1.6724256,0.041173473,0.5125788,0.9118823,0.14605422,0.21404853,-2.222472,-0.733588,0.25775746,2.6044078,0.7597296,-3.1596851,0.00072301924,-2.9094136,0.9671893,-0.46887267,NA20820,1,TSI,9,1,1,1
-2.273161,-0.7785141,-1.8757408,10.950369,3.6733267,14.432728,-15.84077,-13.607127,-2.909068,-2.1293879,-1.5518284,0.010943395,0.550363,0.6850929,-0.83771056,0.2667923,-0.0829593,-2.1888378,0.92114764,-0.46642196,3.730754,-0.04601739,-0.36064804,-0.3056148,0.3632829,0.6940557,-0.07003044,-0.5058951,0.9152144,-0.5483258,0.5679663,0.6141541,-0.2126434,0.29350325,0.45899916,0.93812925,-0.48777708,-1.0267388,-0.75099474,1.1608691,-0.9487596,0.28717366,-1.8887836,-0.014452222,1.4604028,-0.9256761,0.81678563,-2.2588565,-1.6271948,1.6494157,NA20822,2,TSI,9,2,2,2
-6.637212,-1.3308111,-0.41705322,10.939441,4.6354547,14.787126,-14.794004,-11.890347,-0.9954405,-3.4454043,0.054533347,-0.6172426,0.10586179,0.21387419,0.6951927,-1.3400851,-0.74729985,1.5232049,-0.9756025,-0.5940138,-1.1103171,-0.34422722,0.34208018,0.15047638,0.3540777,0.2982576,2.3391943,-0.2374491,0.9586939,-0.024418563,0.32716158,0.12637523,1.3711977,-1.3523561,1.269998,-0.48776895,-0.97425455,-0.35871178,-0.9191968,1.3869041,1.3121516,2.621275,0.061656944,0.2813853,0.24665128,1.952168,-1.0515205,-1.8266902,-1.3031886,-0.37061328,NA20827,1,TSI,9,1,1,1
-6.8621435,-1.5313698,-0.18869843,11.183079,3.939959,13.305951,-14.0906105,-12.274278,-2.6430027,-3.1612124,0.230035,0.7712218,-0.3264296,0.10348996,-1.8351358,2.2395582,1.0952924,0.48741046,-1.7279365,0.65655065,-0.21952145,-2.0451088,0.6883819,1.1116719,-0.862029,-0.4188199,-1.5623356,0.4898602,-1.4577266,-0.8834193,-1.1703349,-0.99141616,-0.52951616,2.39291,-1.4286937,-1.8685058,-0.711503,-0.5532826,-0.66548353,3.2598217,-1.5586269,-1.3780775,0.27118507,0.033734255,0.37773305,1.2116808,1.9899516,0.26226017,1.9217699,-2.4167733,NA20831,1,TSI,9,1,1,1
-2.0814507,-0.59627026,-1.1331679,9.875864,5.1400776,13.777734,-16.082209,-12.414363,-2.4622798,-2.29427,-1.0708046,-0.5907534,-1.0419269,2.6436474,-0.19424462,-0.09981943,0.003725581,-0.8598876,1.155108,0.8754465,-0.2754389,0.25599128,0.37679863,2.8344448,0.28361574,-0.42930824,-2.2510798,-1.2737632,2.6066847,-0.6163609,1.4069707,-0.13278912,-0.05420126,0.69165236,1.2537738,-0.39282593,-0.4679354,-1.2463129,-0.33302885,1.4117911,0.20519584,1.7362666,-0.67424995,-0.96469915,0.28429708,-0.77633,1.8932377,-1.0695277,1.8428771,1.8219713,NA20587,2,TSI,9,2,2,2
-2.5921042,-0.20880827,-1.2791941,10.198502,3.716589,13.141879,-15.061564,-12.9116955,-3.1487648,-2.4269834,-0.8210865,-0.31952596,0.2632215,2.0045645,0.50086445,-1.4794312,-0.34766424,-1.8991779,-0.47267362,-0.365393,-0.5337384,0.7953843,0.1117194,1.5664147,-1.7080802,1.5594051,-0.015766235,-1.1318202,0.9123061,-0.22541367,1.4994264,-3.134851,-0.23475794,0.117752574,2.0501082,-0.60873604,-1.1098956,-0.4594622,1.3636703,0.11107959,-1.2401247,2.4783096,-0.4137236,0.10595282,-0.24899119,1.9374813,-1.8750321,-0.000821159,-0.56340694,-0.8898393,NA20764,2,TSI,9,2,2,2
-8.390774,-1.8155662,1.0353304,12.163402,3.9218066,14.369884,-16.038876,-13.4834385,-1.95042,-0.9879267,2.106276,1.5563679,-0.17412323,-1.5986588,1.2980258,-0.6494716,0.30332375,-0.39136392,-0.8576825,1.8005136,0.8817281,-0.53355306,1.4668258,1.1030551,1.8130783,-0.3545589,-1.1941353,0.99318993,1.2211535,-0.90380335,-0.010800231,2.8387496,0.0803248,-0.256737,-1.8537189,-0.90853906,2.5917006,0.40848568,0.7918423,-1.3124549,-0.18241088,-2.2190192,-2.2998674,-0.4698223,0.17081217,-1.3146347,0.9861102,-0.5956417,2.1464949,0.5402145,NA20780,1,TSI,9,1,1,1
-2.4076712,-0.90126806,-0.7023919,10.095338,4.48522,14.106165,-16.258652,-12.90517,-2.3800526,-2.6804192,-1.35769,-1.8495934,-1.961679,2.0056126,0.041292805,0.14790405,0.5151011,0.4586123,1.1546034,-0.47823298,0.6240163,1.1260289,-1.0810422,-0.2195409,1.7216688,1.5359689,0.31593585,-1.827931,0.5424069,-1.2756059,2.4607852,-0.36638176,1.8322964,0.7573155,1.5549922,-0.56985474,0.062346224,-1.3704381,-0.8456261,-0.8657751,0.42949414,0.37391382,2.1210322,0.5848044,-0.40530822,1.8981979,-1.0507514,-0.41307738,1.711477,-1.9034655,NA20832,2,TSI,9,2,2,2
-7.822807,-1.2975694,-1.069318,10.52132,3.9261143,14.369826,-16.231773,-13.272396,-3.2507272,-1.1360741,1.4450785,0.49226815,-1.4292158,-0.11867874,-0.78599864,0.5862574,0.6650211,0.73416775,-0.39191043,-1.2138169,-0.7129472,-0.08994046,-1.0664594,-0.2214246,0.5142885,-0.023598235,-0.66721964,1.1994988,-2.117133,1.015173,1.309003,0.33585408,-0.6895231,-0.35940844,-0.40400025,1.3140494,2.042394,0.91911054,1.6731752,-0.5225356,-0.47052637,1.6618972,1.7079704,1.5545774,0.60266733,-0.5837614,-1.0020416,-0.23552077,-0.6124466,1.3425474,NA20791,1,TSI,9,1,1,1
-7.571014,-0.25133666,0.25701,11.620306,4.4887395,14.850284,-15.205044,-11.270213,-2.8989387,-0.98092055,1.0845588,-0.6506216,0.45875233,-1.6718924,1.7913955,0.9220473,-1.2498423,0.6472966,1.5976745,0.4728463,0.96777254,0.1530919,0.5887587,0.40656605,-1.3815095,-0.05504959,-0.121546574,-0.42542902,0.051074978,-0.51772404,0.4527384,0.6651668,0.47314388,-0.22256893,-1.6922169,-0.39062974,1.6012673,-1.064009,-0.52762926,0.30564716,-0.8014908,-0.1808245,-1.6617798,-1.7046882,-0.09272837,0.14716813,-0.274381,-2.4682474,1.7501181,1.1727057,NA20763,1,TSI,9,1,1,1
12.076416,0.896838,-5.4972386,5.3032804,20.157187,-12.640625,4.82401,-4.8656116,-1.0857401,-2.4418917,-0.5693912,-0.3006459,-0.29306498,0.7896073,0.017429411,-1.155601,0.7695257,1.7049958,0.47193617,0.0023452525,-1.4113854,1.9496229,-0.27946043,0.9559098,-0.6193087,-1.0524966,1.3199579,-2.0597265,0.967452,0.258927,1.6492357,-0.9709011,1.6370544,-0.065647826,0.36570677,0.73912334,-0.6186203,-1.7944896,-0.51271516,0.9568653,1.1375682,1.441458,-1.1886169,-0.52328277,0.75056976,1.8036393,-1.0016403,-0.558714,-0.20405439,-0.85342664,NA17970,2,CHD,3,2,2,2
11.114183,0.9733685,-4.2175922,4.4845357,20.828423,-14.981141,6.007808,-5.4538684,-1.5500739,-1.1764257,-1.2414534,-0.54509366,0.079421625,-0.72665715,0.12827115,0.20549665,0.46367523,-0.6482268,-2.2828658,-1.258405,0.62125194,-0.0834748,2.5534618,-1.2473567,0.76895785,0.083709404,1.5797607,0.38601992,0.8155978,2.28492,1.0628686,0.36843628,1.8188199,-0.39312863,-0.8631541,-1.2557688,0.71424705,0.999779,-0.24009414,-1.5593477,-0.10882737,-2.749426,-1.1930983,-0.20906138,-2.5455115,0.31223863,0.78409505,-0.5393909,-0.12782322,-2.3247378,NA17977,2,CHD,3,2,2,2
10.960689,0.9119624,-5.1685133,5.57847,20.68781,-12.68179,5.544537,-5.8758993,-2.7320442,-2.0767715,0.37681565,-1.8136345,1.2088047,2.4261653,2.7385747,-0.5485942,0.6657428,-0.8126355,1.8370101,-1.0595827,-1.3513697,-1.7251667,1.0673106,1.6017407,-3.290059,-1.8609842,2.6365924,0.68664485,0.22105119,0.8667712,1.192422,-0.36101016,0.3682208,-2.1601887,0.35337484,-1.9314944,2.1546974,-0.57209814,-1.3268839,0.6010394,-1.997379,-3.779041,0.6523307,1.6327901,2.988158,-1.4527786,-4.3518467,-1.4341377,-5.2649803,0.971841,NA17981,2,CHD,3,2,2,2
11.547831,2.0127654,-5.1427903,4.62235,20.81785,-11.919968,4.6277666,-4.436057,-1.3537616,-2.5507495,-2.0007577,-0.16117075,0.72259927,0.99256563,0.24612045,-0.26079595,1.6389823,0.51601535,0.030176232,-1.4825699,0.27486262,1.7325137,0.07066262,0.5861582,0.81845284,0.8666142,0.21835184,-2.0311685,-0.89848447,0.6865495,-1.1570178,1.0382966,1.6685548,-2.5947807,-1.8446468,-1.9296262,-0.3935381,0.1949679,-0.69385797,-1.0556127,-0.18232554,-0.18379939,0.78427374,-0.6282955,-1.5296174,-1.1005172,0.091823384,-0.15237866,-2.253237,3.7215598,NA17993,2,CHD,3,2,2,2
11.359269,0.8107565,-5.0979548,5.3480263,20.522436,-13.032561,5.2188077,-6.2730885,-2.1044462,-2.0841615,0.8565482,-0.24701619,0.26922774,0.32206675,0.6793794,0.55249214,0.25772926,0.66196865,-1.2061014,0.5585666,-0.29134163,-1.0306398,-0.28318873,-2.100562,-1.8793145,-0.8756751,-0.17040598,-0.30720887,-0.33172002,1.1714809,-1.1709858,0.35555008,-1.90165,-0.41527942,1.1166704,-0.50978327,-1.8149463,-0.798481,-0.7370157,-1.5615077,0.17214623,1.2464075,-2.9040365,-1.0509621,0.59282124,0.1017906,1.3279026,1.4148439,0.18003438,-0.9441036,NA18101,2,CHD,3,2,2,2
10.870439,1.2996863,-4.1438293,5.7314224,21.423056,-14.527939,4.6776466,-6.0018926,-1.3497227,-1.3354522,-0.58521676,-1.3407645,0.7405607,1.3710672,-0.5113325,0.5883375,0.57152164,0.6677539,-1.8260205,0.038769346,-1.4936622,-1.4107546,0.6808705,-0.22831094,0.43374097,0.58098507,0.82373494,1.0437129,-0.303147,0.43880492,0.94313914,0.72775155,-0.6575527,-1.3425238,-0.72339404,1.4135313,-1.6051767,0.67378914,1.9267093,1.7861576,-2.7290301,0.12350037,-1.1073086,1.0144266,-0.3840537,2.7464201,0.34301588,-0.3432901,0.66411555,0.081711054,NA18105,2,CHD,3,2,2,2
12.227727,1.6034887,-5.181277,5.853076,20.67721,-12.249066,4.8287215,-5.7380495,-1.0512352,0.31870353,-0.36601913,-1.1708776,-1.4095159,0.8557215,1.5978436,-0.46309766,-0.58538544,0.044594657,-0.061962456,1.4367621,0.07673812,-0.80536604,-0.091234274,0.58997035,-0.887675,1.663083,-1.4337871,-1.8057826,0.66420376,0.00029415594,-1.1897788,-0.12055617,0.85878825,-0.028648175,0.25378454,-0.71332383,0.60021573,0.9961773,-0.39297745,-0.36713868,1.0001224,1.326993,-0.4362636,0.84173304,-0.8016968,-0.8949667,-0.27231133,-0.42287695,0.7721212,-0.11576471,NA18109,2,CHD,3,2,2,2
9.949528,1.4340976,-3.9551349,5.603537,21.665634,-14.12363,4.9013906,-5.128179,-1.3870355,-1.1368314,-0.39943412,-0.62525713,-0.45135087,0.49946836,-0.4650703,-0.93903637,0.6338921,0.6430835,0.861371,-1.0702453,-0.44492733,-0.28552428,2.385534,-1.4537519,-2.1662388,1.175718,0.65981597,-0.75795287,-0.45823148,-0.51789826,0.060573764,0.14097747,-0.14419022,1.5078686,-1.4514802,2.009225,-0.095634304,-2.2227647,-0.012789804,0.8543818,-0.2656644,1.1091056,-1.1962941,0.23936468,0.80348074,1.7547243,-1.623544,-2.1683185,-0.30618572,0.17660092,NA18129,2,CHD,3,2,2,2
11.916749,1.0093857,-4.4780707,5.3220897,20.237886,-12.282401,4.7581577,-5.281957,-1.8422536,-0.36883265,-0.85404855,-1.9305218,0.57512945,1.0721874,-1.0148668,-1.7214612,-0.5175776,0.038484838,0.81905246,0.10492766,1.0309622,-0.76116014,-0.01433275,1.1222913,-1.2820439,1.1325806,0.66902983,-0.60197276,-0.7314305,-0.67728287,0.8028398,0.19188179,0.44992575,-0.30026674,0.53722453,-2.9229314,-0.72302985,0.60393214,0.9449417,-1.3368996,0.8542486,-1.2238339,-0.6477984,-0.7226908,-1.5336735,-0.5249731,0.5975464,2.5292351,-0.24477805,-0.90281695,NA18135,2,CHD,3,2,2,2
11.129101,-0.08731989,-3.9513805,4.092413,20.155556,-13.298991,4.7122874,-5.316888,-0.8039314,0.14754224,0.10858149,-1.5515645,0.18096201,1.390995,0.38910377,-0.17928009,0.42285663,0.518008,0.5380764,-1.3147684,-0.59197545,-0.8475108,-0.86930984,1.3016124,0.8596257,0.8383076,1.771203,0.37636417,0.8639303,-1.0081102,1.1584688,1.1747849,-0.5888022,1.0976104,0.06482922,-1.2965004,0.7695136,0.7641082,0.71302253,-1.4002686,-0.35367247,0.029618844,0.4230933,1.9481195,0.28427562,-1.5570295,0.97140044,0.6590524,-0.9380144,-1.2899388,NA18139,2,CHD,3,2,2,2
11.135929,0.2917179,-4.438027,6.7336125,22.039366,-14.00333,5.6250615,-5.072971,-1.9270214,-1.5129341,-1.682612,0.49402535,0.45897648,1.4503632,0.37019378,2.1747959,-1.3403854,-1.5817826,1.1881982,-2.0155084,0.12776883,0.36824116,0.85477835,1.0600412,0.2735933,0.9328592,-2.963571,0.7224023,0.705181,-2.7694216,0.32829148,0.16828327,-0.39021537,-0.8331778,2.2153072,-0.55702794,-1.6119641,0.9894446,-1.3085004,2.4299033,-0.84967065,-0.35912585,0.68688774,-0.17241251,2.5879412,2.3387609,-1.9352084,0.82185,0.18034534,1.731078,NA18144,2,CHD,3,2,2,2
11.493668,-0.14173765,-4.4705205,4.9738708,20.903845,-13.217593,3.7070594,-4.592953,-2.1825657,-1.7757236,-0.4017446,1.2062178,1.5697266,1.6242347,0.91653633,-1.7476649,0.35212353,0.5753627,-1.8200816,-1.6946765,0.8129264,-0.6776476,-2.2087202,-0.083834454,0.25459135,0.60841703,-1.1364886,-0.928577,-0.2697648,2.32043,-1.2056313,-3.4602246,1.2156866,-0.19679834,1.3248702,3.4273205,0.47557855,-0.6910625,-1.0238554,-0.04519868,-1.2019056,-0.63082725,-0.8859721,-0.059196077,0.9674829,-0.46439466,-2.822681,0.53120506,0.28492847,0.9173353,NA18150,2,CHD,3,2,2,2
10.885603,0.7863593,-4.430963,6.055775,21.5987,-11.368429,4.319252,-4.214579,-1.4205444,-1.4745057,-0.34801006,-1.1052588,0.68081796,1.9791899,0.5527687,-1.1096276,1.580546,1.1356856,-0.99230427,0.13222685,0.46434137,-0.2772724,0.71220607,1.2630553,1.1870254,-0.91428304,0.0051535238,1.9391212,-0.3069867,-0.019470675,-3.7801156,-0.9207151,-1.0870155,1.4061447,2.2552657,0.9242888,-1.1811079,-1.555957,1.3552498,-0.13703041,0.9661054,2.0258358,0.29692498,-1.112144,1.3464456,-1.5884366,-3.0122774,0.19565639,-1.6162593,-1.5209508,NA18154,2,CHD,3,2,2,2
11.4893465,0.3678441,-4.6898627,5.064111,21.403969,-12.452955,3.218601,-5.8886604,-1.8457743,-1.1292607,0.20726456,-0.9244653,-0.19860049,-0.24877779,0.19945717,-0.51349884,-0.28557217,-1.0968505,1.1435559,-0.3263306,0.006526656,1.0220835,-0.18637691,1.8932871,-1.7991892,1.2734898,-1.3668978,0.3975935,-1.2866207,-0.9120684,2.3029346,0.45510063,1.0188128,-0.40362698,1.5209388,1.3134359,-0.7760793,-0.24258754,-2.008854,0.07303367,-0.2887011,-0.60902035,0.15318464,0.9210101,1.1534916,-0.5377939,0.30289307,0.08068889,-2.458955,-1.7467077,NA18162,2,CHD,3,2,2,2
7.8693104,0.23224032,-4.805423,5.584066,21.393482,-11.630582,5.2376976,-4.8876514,-0.15097506,-1.4076535,0.25638798,2.079305,-0.70496416,-0.47686684,-1.536687,1.4396702,0.3341412,-0.21699004,2.0827317,0.74693525,1.7143023,0.53257465,-1.4511929,0.062141582,1.2427636,0.7761525,0.28752947,0.44417375,1.1514978,0.002874854,0.7600178,0.2236638,-0.012587581,1.0925989,3.0282269,-0.86796486,1.3263679,1.338891,0.9763142,0.695836,0.21667713,-1.421301,3.488893,0.6564601,1.0906677,1.9216479,-0.9971162,-1.0463458,0.1541985,-1.7637749,NA17974,1,CHD,3,1,1,1
7.5474496,0.09463658,-4.4767795,5.755007,22.035522,-13.955477,4.703234,-4.7738814,-1.8339051,-1.4160966,0.69312596,1.0788397,-0.98694825,-2.0189586,0.71585923,-0.082372464,-0.81650764,-0.1283764,1.5842074,1.3552698,-0.15670057,-1.4521575,-1.6236131,1.1916702,2.2860186,1.9829144,0.12683171,-0.8016792,-1.6132507,-0.17165807,-1.8036462,-0.5086296,-0.45028841,1.5653732,0.89639616,1.344154,-0.11090729,0.2500569,-1.3219782,1.2923338,-1.0291035,0.88346946,-0.09442511,2.366026,0.6303046,1.4249977,-3.4866912,-1.7151295,-0.05412599,-2.3150065,NA17975,1,CHD,3,1,1,1
7.2252054,0.4660237,-4.0285673,6.7127275,20.470766,-12.470194,4.860412,-4.8542104,-1.2261977,-0.7710921,0.43852553,1.8424891,0.049859073,0.35626516,0.8796834,-2.0177486,0.57806474,0.6795334,-1.3979304,-1.8201613,-0.055296358,-1.2556548,-2.6661568,-0.29510212,-1.6499255,-0.39701483,-0.7489083,-1.7665166,0.6369392,2.1633313,-0.36980185,-1.3647575,-0.5323273,-1.639946,0.21776566,1.3476168,0.1528802,-1.5141947,-0.09261446,-1.269013,-0.9391386,0.544699,-0.9465593,-1.3604237,0.11996232,1.2291563,-1.6955335,0.541501,-0.15993415,3.2336993,NA17980,1,CHD,3,1,1,1
7.8631096,0.9845909,-5.377062,6.0859103,21.558561,-12.689,5.7684546,-5.3712554,-2.2416894,-1.8971031,1.6371685,-0.74617904,1.4978878,1.8611016,1.6357726,0.5077147,0.51473844,0.7347287,2.090024,0.13822088,-0.6710407,-1.5411907,1.4422803,2.0079808,-3.830411,-1.4354287,0.9278986,0.6008663,-0.2936566,0.9021901,-1.5549963,-1.0003868,0.21907616,-1.7654063,1.5646757,-0.57771134,3.2535264,-0.12794392,-0.6276006,-0.7971092,-1.4775479,-3.5560818,0.48126584,0.027577685,2.2452178,-0.7416824,-4.66065,-1.7116693,-5.0328803,0.70451826,NA17986,1,CHD,3,2,1,2
7.671805,1.243604,-4.5729847,6.8976326,21.933157,-13.870987,4.753943,-4.458696,-1.6556156,-1.266985,-0.14496835,0.8585035,0.9499626,-3.3105516,-0.38982204,2.1072285,-0.37237749,0.4710748,-0.4441985,0.6526785,0.6429377,-0.31296158,-0.7750539,-1.8873074,1.1552656,-3.1360872,-0.72658336,0.28535762,-0.75426406,-1.6798981,0.56986725,0.41632146,-0.48453218,-0.04181124,-2.1563158,-1.0676345,-0.1102679,2.4343522,-0.48700318,0.4160684,4.336989,0.33355403,1.9006711,-0.38909405,-1.5680288,0.08936311,-0.92550606,-0.5253535,-1.7841028,-0.63178957,NA17989,1,CHD,3,1,1,1
7.3668084,1.5152553,-4.6139846,6.4647636,21.642828,-13.658962,5.1423244,-5.625061,-1.7064558,-1.2810911,1.819645,1.9433271,-1.2629371,-2.142799,0.45548934,1.8263024,0.4336892,-1.646272,0.12686367,0.35755286,0.56639737,-0.86985004,-1.5421572,-0.7064816,1.6813364,1.8775712,-0.56488,-0.28982162,-1.0094723,-1.0983255,0.57732797,1.0376052,-0.09739761,1.3254825,1.3763347,-0.7687736,-0.28231475,1.4041163,2.4514017,3.054638,-0.89548355,-1.0240185,-0.8323939,0.39028636,-0.904615,-1.210174,3.3946292,2.7588086,-1.2854784,0.474349,NA17997,1,CHD,3,1,1,1
5.894405,0.98778087,-3.1680915,7.341436,21.002058,-13.757643,4.9480295,-6.3629203,-1.5618054,-0.82491016,1.649485,0.77456516,-1.4857304,0.3297758,-1.2409592,0.71771836,-0.20584638,1.2553337,0.67333955,0.7661979,-0.4355899,-1.745124,-1.8390936,-1.5471734,1.115666,-1.3639972,1.1460692,1.223432,-0.7554482,0.15844421,-0.41203564,1.1595637,0.5146532,1.1431172,-2.2511928,2.5791008,0.96265465,1.1470721,2.6069891,-0.38001502,0.0019365787,0.44360808,-1.1394943,-0.44508803,0.030221274,-0.4164804,-1.0213068,2.8496685,3.2269878,-1.705933,NA18106,1,CHD,3,1,1,1
5.3645964,0.38201094,-4.558093,6.3691244,20.344694,-11.583487,5.3350015,-4.360065,-1.9000626,-0.65527785,1.2923216,1.955632,0.44728222,-1.7848185,0.63953334,-1.7096932,0.27447873,-2.0034664,-0.466022,0.006085473,-1.6188078,-0.07493006,-0.28412756,-0.21109368,-0.6368978,1.1048187,0.16439569,0.2687476,1.1932082,-0.4116872,0.4174783,0.7835047,1.3176097,-0.19515067,-1.8288099,-1.3092532,-2.0276866,0.9764446,0.45963356,1.0502511,-0.04431237,-1.5702541,1.134571,-1.1617763,-1.0455004,-1.3099585,1.0264064,0.59395546,-1.9375837,1.0127058,NA18114,1,CHD,3,1,1,1
7.347927,0.22598065,-4.3416147,6.5326824,21.070087,-12.770335,5.120758,-5.8576474,-1.13469,-1.185078,0.37367365,0.77636206,0.78386104,-2.2676914,-2.0335622,-0.38251483,-0.8109269,0.22846816,-0.49275428,0.062390678,-1.7135987,-1.5210265,-0.19686106,0.48095685,-0.68785113,0.43440035,-0.2523791,0.33059394,-0.33576655,0.729061,-1.5517652,-0.56964105,-1.1217893,2.0724614,0.38195404,0.8739784,-0.3299466,-0.617483,2.128161,1.7826238,-0.30828407,-0.27610642,-1.5374467,-1.1886277,1.554708,-1.2499069,-0.6356164,-0.10397496,-0.07034402,2.6754837,NA18122,1,CHD,3,1,1,1
6.0534873,1.4016793,-4.561638,6.485212,20.086388,-13.356896,5.0341773,-4.44778,-0.49513265,-1.3572401,-2.405423,0.30502257,0.842989,-0.73095584,1.4624618,-0.67356795,0.41656157,-1.3148324,-0.14640322,-1.4007245,-0.113675795,0.20204976,-0.8406574,-0.71799654,-0.06821775,-1.113712,-0.004554471,0.122588105,-0.8254557,0.4476248,-1.2836475,0.041239064,-0.5313322,-1.1664125,0.84907234,-0.4811955,-2.2868295,-1.7043185,-0.9505004,0.73862946,-1.469233,-0.44501573,-0.685218,0.2523613,-1.8866309,-2.4479954,1.6130097,2.8590481,1.10451,0.088520244,NA18138,1,CHD,3,1,1,1
7.7296844,0.4959035,-3.478768,7.1124926,21.969454,-14.126605,5.262974,-5.4935336,-1.5747687,-1.1599551,0.15344006,0.61526555,-0.7254751,-3.8098075,-0.6339801,0.52767885,-0.34064937,-1.6427222,0.53451526,0.4057118,2.36042,-0.7128764,-0.27416435,0.05226772,2.4661255,0.29465005,-0.8191883,0.2917898,-0.35358572,-1.5428095,-1.5741193,-2.1407144,-0.23967299,0.63684535,0.06293543,1.7562177,-0.08567348,0.52488184,0.07878246,0.3189725,0.5936257,-0.5278614,1.0957547,-0.046693984,-0.13906842,1.2468369,-0.36355326,-1.13216,1.2436041,-0.5938607,NA18149,1,CHD,3,1,1,1
11.255755,0.5711306,-4.202421,5.949662,20.32952,-13.299814,5.169035,-4.924337,-1.2023422,-1.3348916,0.6847622,-0.09686248,-0.7370081,1.0463306,-0.20104733,0.38038817,0.70049006,-1.7280067,-2.051138,-0.7507247,0.329231,1.7541834,0.8752354,1.1380847,0.30667177,0.82058966,-1.7781745,-0.787675,0.013124661,1.3262135,-1.0562307,1.913631,0.8992646,0.89423484,-1.354483,2.2572727,1.5629833,-1.1872175,-1.5536814,-1.5631517,-1.5444754,-0.4503892,-0.45970768,-0.44465187,-0.6206478,0.6833493,0.66286165,0.92467004,1.4969252,-0.7324789,NA17987,2,CHD,3,2,2,2
12.611353,0.42428315,-4.3038774,6.0913076,21.241293,-12.991142,4.7110834,-4.9107747,-0.1738215,-1.405979,-1.0223383,0.120351896,0.7010988,1.7622522,0.86847734,1.0949883,-1.3083576,-0.4729218,1.2965282,0.30826327,-0.79535216,0.06780018,-0.02154687,-1.4318421,1.5024014,-0.42246214,-1.1759927,0.086106844,-0.002193713,-0.42408603,-1.1512728,-1.2146568,-0.93857646,1.2374367,0.70683885,0.48076862,-1.1269116,-1.4231247,-1.595683,-1.5520442,0.89642835,-0.025148781,0.029430363,-2.0182526,0.66593486,0.067208365,0.4052089,0.5959162,2.3288884,0.22741272,NA17988,2,CHD,3,2,2,2
11.112537,0.57456946,-5.3600373,5.9119782,21.37813,-12.403766,6.3005853,-5.8436356,-1.2581177,-2.3069859,-1.5412135,-2.3239024,0.64875484,0.7900796,-0.70538837,1.0424126,-0.2853553,0.6523449,-0.6106674,1.5712802,1.559118,-1.175092,-1.1454117,1.2860694,1.3380575,0.08823403,-0.96924275,-0.025712276,0.3867941,-0.0180702,-0.6071634,1.7743918,-0.0050898846,0.15850809,0.7342193,2.4297762,1.9118389,1.7968327,-0.35036263,0.5367025,1.941788,1.4031199,0.52727777,1.2406404,-0.26802585,-0.85348034,2.075674,-0.79127467,2.104273,2.8191235,NA17998,2,CHD,3,2,2,2
11.571571,1.2681129,-4.650991,5.1830044,21.64687,-13.6194515,4.138352,-5.0550466,-1.6194993,-0.9064754,-0.12690191,0.39650494,-0.40075025,0.57239485,-0.33952403,-0.14771432,0.13075827,-1.7126281,-0.2541789,-0.175229,1.7097462,1.5233234,-2.0456307,-0.51287967,-0.64612746,-1.8021595,-0.960688,0.28871995,-0.644756,-1.4354448,1.3974204,-1.0570002,0.16009827,-0.89923704,-2.4589422,-2.088828,-1.0392101,-0.33145198,0.8270591,-1.7160375,2.1845381,2.8424988,1.0535625,-0.6615032,0.27028126,-1.7581353,0.10263279,-0.56328803,-0.8409461,0.6304854,NA18107,2,CHD,3,2,2,2
10.741319,1.0278676,-4.5695024,6.045949,21.808422,-13.432039,5.000975,-5.566344,-2.031944,-1.4097874,-1.3621366,-1.8111734,1.0993837,0.6481511,1.0481457,-0.45806503,0.59759027,-0.63520163,-0.21515892,-0.6053058,-1.0574375,-0.7221405,-0.6626596,-1.283148,1.2322317,-1.7164321,-0.54496574,-0.55272233,-1.360121,0.42488068,-0.66813964,0.6144613,1.4390329,1.2928761,-1.2599571,-0.11874563,0.025678985,0.24988364,-1.6895547,-0.312299,-0.79278105,2.411351,-0.15783772,1.7492852,-0.23773894,-1.4796455,-0.6946726,0.8264056,1.5295873,-1.0789258,NA18108,2,CHD,3,2,2,2
12.026225,0.0763233,-4.025157,5.7570496,21.751892,-13.405953,4.7729173,-4.901466,-1.6006111,-1.1129187,-0.471395,-0.80999213,-0.20457372,0.6323405,-1.7241309,0.1850815,0.08275152,-0.12818196,1.9519154,0.6677854,-0.27251408,2.712004,-0.40342283,-2.6849675,1.1971284,-1.222493,0.18701592,2.0212405,-0.8092225,-0.10354167,0.1494422,1.1366423,-0.6390325,2.3228106,-0.83006614,-0.48127162,1.5510163,0.44019535,0.11266063,1.7839522,1.2639214,-2.771965,0.19433947,0.7009747,0.42105404,-0.09800488,-0.4629292,-0.3526525,-0.34662548,0.32257405,NA18128,2,CHD,3,2,2,2
11.738289,1.1496938,-4.573767,4.745144,21.778614,-12.015657,4.9862156,-4.6950955,-1.1883609,-1.072441,-1.0237117,-1.0994588,0.3362859,1.2073507,-0.4995956,0.90105546,1.6886793,0.32101765,-0.9485711,-1.0587165,-0.9233233,1.4976789,-0.61542755,0.14445809,1.7029136,0.8175946,-1.7767516,-1.3737267,1.1028675,-0.28273275,0.24795105,-0.19076458,0.6822815,1.8665723,2.980849,0.7314067,0.8294179,-1.284894,-0.60937494,1.8746643,0.43694755,0.44018486,0.25770584,0.72623307,2.0367212,2.434883,1.377082,-1.958693,1.1915126,2.2844853,NA18146,2,CHD,3,2,2,2
12.11667,1.3000795,-4.621133,5.6213074,21.400461,-12.639027,5.0684586,-5.2770343,-3.103079,-1.4496328,-1.2243648,-0.15804385,1.3733231,1.1589992,-0.18218292,0.23531768,-1.2019435,1.430816,-0.8804095,0.28864035,0.5172957,0.4906219,0.03855607,-0.48220375,-0.7599664,0.17676346,0.25900787,0.5342121,2.8247645,-0.96387756,0.4772425,2.723106,0.23503439,-0.6962261,-2.101968,-0.7770372,0.31060636,0.91724193,2.1914246,-0.28927004,0.32794288,-0.024826247,0.08428327,-0.08659831,-2.2932205,-0.1145941,-0.5657241,0.76612973,0.81097937,-0.36000624,NA18148,2,CHD,3,2,2,2
11.222909,1.0539595,-5.4711113,5.45536,20.883408,-12.660439,4.2115045,-5.510742,-0.1620918,-1.4109708,-0.4298669,-0.5749019,0.022090923,0.090344265,0.24299207,0.09319763,-0.5013757,1.0643816,-0.8232005,1.8350848,-0.5403481,0.80703425,-1.234933,-0.9662477,-2.0166707,-0.91912556,-0.83136797,-0.20044123,-0.24867806,2.3815913,1.3950347,0.8587304,2.854825,0.832257,-1.394883,-2.2203472,2.6374023,1.5356,1.2660018,0.62076277,0.16810846,-0.1000026,1.5710666,0.5601721,-1.6402696,-0.39996976,1.3158603,0.61348295,0.08537519,1.7511721,NA18161,2,CHD,3,2,2,2
10.904492,1.336037,-5.056234,6.1299877,20.547495,-12.9798,4.29013,-4.600671,-1.1538274,-2.1171763,-1.8554989,0.5103699,0.39293113,-0.06561525,0.14912835,0.10515542,0.42557505,-0.50985426,0.7148575,0.6290622,-0.48549742,-0.09810283,-0.35703498,-0.5682294,-1.3937804,-0.7094679,-1.2537856,2.1450675,1.712491,-0.8419323,2.708055,0.23998064,-0.18821505,-1.5313377,1.0583392,1.5385115,0.52649844,0.53555125,1.5520523,-0.028336044,-0.80287856,-0.366917,1.2494767,-0.42630088,0.89170116,-1.2520499,-1.1924362,-0.12723517,0.36113653,1.6862534,NA18670,2,CHD,3,2,2,2
12.178223,1.9573733,-4.9715567,5.736249,21.145472,-13.161116,5.5744925,-5.1348567,-1.5186813,-1.726096,-0.346121,-0.64805853,0.10383853,1.6674501,0.77048355,0.8327158,0.1122299,-0.57412165,-1.4213073,-0.49025306,-0.88769585,1.2448713,-0.5953788,-0.96609217,-1.982319,-1.5335201,1.1911951,-0.63419473,-0.4970164,1.2366008,-1.5600775,1.5119662,0.26521736,0.6749911,0.15703422,1.467243,-0.8811128,0.97396797,-1.0889128,1.01075,-1.340154,-1.4880095,0.38791263,0.46387625,-1.1683086,-0.14601584,-1.3928695,0.099522635,-0.12687305,-0.16784954,NA18694,2,CHD,3,2,2,2
11.090808,1.7536503,-5.3285127,6.2669897,21.868443,-12.996275,5.0621915,-5.800695,-1.6827611,-1.8505871,-0.87123054,-1.9800328,1.4339887,1.1580039,0.34632048,-0.7235416,2.2333808,0.9469734,-0.22270525,-0.097467974,-0.97856385,0.724179,1.5305301,-0.7958626,0.9575744,-0.11980152,2.435239,-1.7354465,1.5550452,0.7203826,1.2747071,0.23544866,-1.6378841,0.22266102,0.9504875,2.837318,0.13826686,1.556684,0.12992196,1.8067837,0.04102679,-0.24485429,1.6772953,-2.0595214,-0.57482415,-0.049853373,1.6579624,1.1682093,0.85913855,-2.3476315,NA18696,2,CHD,3,2,2,2
7.9663024,0.046089176,-4.202986,6.2193675,22.969553,-12.6335,5.061992,-5.086057,-0.9731868,-1.7638426,2.525111,1.17787,1.4001126,-1.2258598,-0.5243398,0.15933314,-0.09432,1.7160095,-0.9552563,0.50763446,0.13687295,0.687109,0.9122978,-0.6778698,-2.5100894,0.22840592,1.5556016,-1.4620228,-1.2370753,-1.1774702,-0.8367743,0.89763093,1.3299881,-1.8223528,-1.0956897,-0.6122927,0.8507293,-1.0491592,1.1363611,0.58884656,-0.5330948,0.99374086,0.68499476,2.1362028,-1.9946383,-0.9450061,-0.2772965,-3.5275092,-0.40521714,-1.8746415,NA17965,1,CHD,3,1,1,1
5.866001,1.0370218,-4.6517653,5.4704876,20.199266,-12.074862,5.1308165,-5.134468,-1.4074728,-0.6244825,0.15124331,1.4061553,-0.19086012,-1.2018816,0.55317897,-0.96664906,-0.6850124,-0.47062492,1.0152739,0.9482379,-1.0912509,-1.8737786,-1.6224613,1.5451273,1.175282,0.8513321,-0.89059615,0.62261754,1.8600672,-2.196468,0.051927157,2.9150972,0.19293384,0.9945043,0.013464386,-0.5787711,-0.7030859,1.195646,-0.5394695,-0.4430253,-1.2066936,0.81657463,0.572223,1.3813907,-0.07535878,-0.2869141,-0.55260116,-0.3356956,-0.15398619,0.76593465,NA17967,1,CHD,3,1,1,1
6.130513,1.2890065,-4.036634,6.5944147,20.381252,-12.511495,3.4064271,-5.217302,-0.38665286,-1.7483412,1.1497397,0.87428695,-0.49319178,-1.3415426,-1.1738263,-1.2357991,-0.033039946,-0.13012394,0.58235234,0.45376328,1.1976479,0.7961244,1.953784,-0.1629817,0.18719278,1.388033,0.13268328,-0.62284654,-2.120557,-0.0004586693,-0.15372418,-0.5688276,-0.7078378,-0.14667389,0.7962823,-0.013353909,-0.9568876,0.009409633,0.6828154,-1.7745798,-0.32480273,0.7166507,1.981989,-1.0100198,0.74838734,0.6389189,-1.4327042,0.12680791,-1.4553554,0.31347632,NA17969,1,CHD,3,1,1,1
6.3810873,0.5339541,-5.5383043,6.4670253,21.233147,-12.92606,5.826476,-5.0754266,-0.54586035,-1.1648312,2.196335,0.24841516,-0.043196768,-1.3489729,1.6913968,0.5201478,0.25259352,0.5134657,1.1374696,0.6224657,1.2732102,-0.4832861,0.9890441,-0.4287437,0.24130097,0.33555746,0.13016027,-0.45313215,-0.303242,1.6543273,0.13917679,-0.69550365,3.2074184,-2.1397183,0.2883765,-0.61645955,0.35840434,0.9210571,-0.7498411,-2.034653,0.33514223,0.9656422,1.0012844,1.9168693,0.17782797,2.4931428,-1.7234051,0.796595,0.65601856,-0.52367496,NA17983,1,CHD,3,1,1,1
6.7322197,1.6080925,-4.0362935,7.085,21.681969,-12.428646,5.7981644,-5.087663,-0.9652525,-0.208813,0.43274704,0.073116876,0.34671268,-0.9118181,-0.4204395,0.9400238,-0.8814958,-1.4631579,0.24454321,1.2603939,2.174984,0.18536375,1.4994607,-1.0312372,0.45342883,-0.9052925,1.1536835,-0.101963334,0.73939216,-0.5450527,-3.6962867,0.4302594,0.6318961,-0.035968915,-1.3324865,0.24275114,-0.21278396,-1.2464089,-2.2060413,0.005274636,4.1309543,-0.7189619,-0.25863746,0.21182817,-0.043231886,0.84873646,1.00055,-0.9059224,2.0424783,-0.106762744,NA18117,1,CHD,3,1,1,1
5.644956,0.72040045,-5.295194,6.573643,21.847633,-12.17043,5.107088,-5.0441303,-1.6588176,-1.4787979,-0.11511719,1.0065714,-1.6294794,-1.8466676,0.50577646,0.7051762,-0.07318261,1.5007368,0.4829681,-0.21081355,0.6968918,0.8303999,-0.52067524,-1.1229103,0.17698646,-0.4259632,0.5788707,-0.3387396,-2.1984024,-1.1005172,-0.8734762,1.4813818,1.5869617,-0.6082074,-1.2691503,-0.49017245,-0.3700632,-1.1560469,-1.8868083,-1.8964602,1.419322,-0.0054450855,-1.5553855,0.07554879,0.5400277,0.34227142,0.19904609,-1.3470961,0.8059794,-0.33977184,NA18120,1,CHD,3,1,1,1
7.8217034,1.7974429,-4.2426815,7.175933,20.908611,-12.497699,4.102371,-5.360793,-1.4979851,-1.9095407,0.526463,0.44916826,0.40009958,-1.8050187,-0.5469863,-0.75157243,-0.42344448,-1.1713325,0.10386649,-0.20232382,1.3226086,1.2192278,-0.03644538,1.7688761,2.1936488,0.8128349,0.7415243,0.070864454,0.028506445,0.24531679,0.0042239707,1.4516995,-0.16424671,-0.28079972,0.4392277,-0.25341913,1.9431437,0.1744395,-0.33372784,0.5477872,-1.549462,0.14762567,-0.5452858,-1.0940038,1.2970414,1.7800472,0.3480797,1.4165236,-0.06540138,-0.99705726,NA18124,1,CHD,3,1,1,1
7.2568297,1.374787,-4.4923544,5.887088,20.194584,-13.794634,5.8909855,-6.613865,-1.000467,-1.3223923,0.66603416,1.8756617,-0.004281641,-1.7913351,0.41946253,-0.17464708,-0.5349484,0.0634154,0.4589388,0.34547436,0.28876305,-0.40048763,0.9613244,0.5418532,-0.96974033,0.74851143,-0.26962507,0.5086019,-0.40966558,-0.48595548,0.42307144,0.4851132,0.5857318,-1.4095986,1.053779,1.043365,-1.4715087,0.020125886,-0.032915343,1.0268072,-1.4040399,-0.27417272,-2.959415,0.093663886,0.15088944,-0.47458574,0.4429679,0.7211192,-0.055195007,-1.5172333,NA18125,1,CHD,3,1,1,1
8.214569,0.5417996,-5.0847244,6.50988,21.817657,-12.249914,4.4376717,-5.846942,-0.8443145,-1.4652696,0.5355579,1.0081723,0.5252918,-2.0408456,0.41937226,0.09457761,-0.5691828,-1.0327572,0.3136305,0.7039244,-2.2935307,-0.41406173,-2.322194,-1.2916517,-1.0659648,1.138348,-0.9154631,-0.0059879813,-2.1875236,0.8740988,0.56437075,-0.38903186,-0.06290372,-2.181431,-0.58391035,-0.5385751,0.5593154,-0.4198367,1.5696366,-0.24928649,-0.59526867,-1.0990078,-0.19124906,1.3773526,-0.55782765,-1.7049584,-1.0599698,-0.30500844,-0.61646163,-1.3767964,NA18127,1,CHD,3,1,1,1
7.0459733,-0.04526873,-4.6388454,6.6253996,20.542503,-12.909052,5.030973,-4.707998,-2.2591646,-0.7618856,0.7342597,2.0951605,0.6026182,-2.5620677,-1.0841416,1.467968,-0.53300923,-0.067087516,0.39665157,0.5834484,0.13828406,-0.6241536,-0.35471737,-0.4573346,-0.5377749,0.12242531,1.6070142,1.0595626,-0.6086723,-0.7510733,1.5224777,0.24052072,-2.23148,2.870255,0.15726091,0.9573515,-2.5199869,2.3019729,-1.3752933,0.32190415,1.9299996,0.14655341,-0.026839225,1.130544,-1.3550735,1.4707154,-1.1328397,-1.4514762,0.5513714,-1.8292382,NA18132,1,CHD,3,1,1,1
5.930134,0.5149202,-3.8668072,5.3905993,21.11799,-12.372635,4.912175,-5.5967355,-0.73272294,-1.694701,1.7659873,0.77506214,0.4852597,-0.91799766,-1.2406983,1.5453907,-1.252545,-0.54754317,1.1107507,1.2618991,0.4254321,0.4932566,0.49024647,1.0706732,0.36100978,0.27980772,-0.34740388,1.6220618,0.5715945,-1.6973126,-0.47244424,-0.56209487,-1.3771127,-0.6691323,1.070108,-0.9409241,0.9264381,-0.2466529,1.4398319,0.440746,-1.4481289,-0.16671373,-1.7008203,0.4531689,-1.4263237,0.9615374,0.02359353,1.4067585,0.29559064,-0.14524005,NA18141,1,CHD,3,1,1,1
8.155539,2.1813145,-5.0416517,5.782143,21.780384,-12.163378,4.2726526,-4.9367146,-1.7638453,-0.8459658,1.4316504,1.6182321,0.34785002,0.28862017,-1.4917792,-2.6287963,0.07040627,1.6449614,-0.08127626,-0.24014185,0.70687497,0.6603619,0.91151345,2.5308156,0.07348759,1.290406,0.8874542,1.1735078,3.2357812,1.5955155,-0.8176863,0.8068822,-0.3032236,0.38420555,-1.9736228,0.92636365,0.2914306,-0.11755682,0.9885395,-0.1548826,-1.2015698,-1.4054911,0.34804404,-0.46097144,0.16478658,0.33317363,0.6026218,-0.47747084,0.6707798,1.8931979,NA18143,1,CHD,3,1,1,1
6.8482165,0.80501986,-4.2297688,5.8428874,21.551458,-13.6069975,5.33103,-5.035954,-0.6957789,-1.9879137,0.5645934,1.2006615,-0.13904364,-1.741881,-0.24658224,-0.00021289496,-2.2066467,0.62157166,0.7448876,0.89284766,-0.9404412,0.5553949,0.66936564,-0.38360396,-1.8229426,0.95477384,1.4560105,-0.9114549,1.4230436,0.8480878,-0.3895609,0.46809408,0.6105728,-0.417999,0.0072053852,-0.56181914,-0.098858975,-0.6346084,0.03774183,1.0333469,-2.4557307,0.45964262,-0.07127873,1.0194116,1.7498827,-2.623,-0.52262694,0.55353355,0.5491288,-1.1929821,NA18147,1,CHD,3,1,1,1
6.3641,1.8820604,-4.1727867,6.8090587,21.59861,-13.165121,4.8200316,-5.120199,-0.9643833,-0.5805911,0.8729733,1.6966469,0.33385238,-1.6368455,0.38148338,-0.8518643,1.2154119,-0.6966004,-2.1066527,1.2235656,0.3265017,0.5256036,0.66085744,-0.15379122,-1.162706,1.3238041,-0.51996857,-0.46360242,-1.6897751,-0.016077198,-0.67856234,2.716486,1.0398321,-0.60423493,0.60085136,0.543554,-0.14677258,0.98479533,0.8536245,0.7367155,-0.08689741,-0.70487607,-0.062236942,1.1207631,0.37046796,-0.5844479,-0.9824686,-1.1132197,0.599286,1.898811,NA18155,1,CHD,3,1,1,1
7.273757,-0.46103153,-4.3919034,5.9824085,21.434362,-13.518595,4.638855,-5.1573467,-1.6901021,-1.7259054,-0.040968057,1.4195007,-0.39501753,-2.1280203,-0.84396356,-0.9120014,0.7544162,0.4852694,1.7082093,0.93807334,1.0875763,1.8728709,-1.491465,1.5525693,-0.5498028,0.065901786,1.8827043,0.4142552,-1.3688295,0.046037305,-0.6097746,2.5494845,-0.01814489,-0.027272595,1.0972025,0.14075595,-1.1289282,-0.2495972,-0.45114744,-0.9682268,-0.9043895,-1.2531792,1.2246304,1.7610035,1.6916287,1.0806264,-0.6446829,0.3419617,-0.21180879,2.083128,NA18158,1,CHD,3,1,1,1
7.3079324,1.0246928,-3.846302,6.816958,22.043741,-13.122541,4.4572854,-5.2429547,-1.3250655,-1.4567419,0.14387673,1.693401,-2.888012,-1.4965311,-0.3105741,-0.640315,0.58606714,1.7029642,0.41747263,-0.722544,-1.5094581,-0.62779987,1.5802041,0.46029273,3.5255394,0.6810941,-2.4229226,-1.1923329,0.17951024,-0.0015982664,0.033148758,-1.2318857,-1.755389,1.063504,-1.5731676,-0.05645808,-0.224934,-0.31780896,-1.2626915,0.35011706,-0.070886485,-0.8120758,0.39931655,2.388355,0.4252992,1.2714807,0.9133527,-0.59846663,-0.042630803,0.4145169,NA18674,1,CHD,3,1,1,1
11.497519,1.6887317,-4.074199,5.438634,20.070002,-12.597585,4.3986797,-6.654738,-1.0555378,-0.9315936,-0.56646806,-2.1246653,-1.5489473,1.314402,-2.170903,1.0485008,0.12874116,1.0089836,0.5615286,0.9356184,-1.1886237,0.32228774,-0.008568267,-1.0462303,-0.46182838,0.113678224,1.4570761,-1.087072,0.43252972,-1.249743,0.8888263,-0.32859552,0.973396,0.1065151,-1.6499842,-1.9993644,0.21718712,0.15847884,-0.7076064,-2.091965,-0.8614691,0.40149993,-0.09533837,-0.5373742,-0.36279756,0.59380746,-0.7614236,2.6750982,-0.19679444,-1.2750664,NA17982,2,CHD,3,2,2,2
11.713919,0.29547733,-4.344826,5.772603,20.859535,-13.552684,5.2513213,-5.1919513,-1.6814594,-1.0106312,-2.3805623,-0.5682704,0.27561504,3.3072908,0.13696076,1.1136932,-2.0972707,1.6552771,-0.018366601,0.022783672,-1.1910007,1.1613472,2.2157311,-0.034974813,-0.8570957,-0.25742865,-0.758473,0.14580368,0.05607418,1.379798,1.4623733,0.8616855,1.744676,0.35560212,0.44777834,-2.05368,-0.32567164,1.159418,0.51251185,0.8647044,-2.0753531,-1.4691558,-1.0995001,3.3277535,2.273776,1.4284972,0.8647245,0.5613733,0.24051853,-2.258502,NA17990,2,CHD,3,2,2,2
11.342351,1.2000998,-3.7992036,6.642301,20.096645,-13.358959,4.763589,-5.8636355,-1.8047208,-1.2868011,-0.17522898,-0.0014889396,-0.22111395,2.6354496,-1.4186904,-1.0029044,-0.1169256,1.799424,-0.09242256,0.09437588,-2.7712467,-0.29301393,0.76075923,-0.0007808095,0.07525711,0.08313565,-2.485007,0.71198374,-0.14847763,-1.066442,0.44857338,2.0731714,-0.30145136,-2.17053,-0.08485557,-0.5630442,0.9577385,-0.79486036,0.32570764,0.47861898,0.0013075584,0.69514465,-0.5393311,-0.5006002,1.7689756,-0.56118226,-0.4785847,-1.4244859,-1.2591043,-1.9245311,NA18112,2,CHD,3,2,2,2
12.438345,0.86779165,-5.4316225,6.557117,20.687645,-13.629372,4.7626815,-4.563024,-1.8894196,-1.2365309,-0.43804207,-1.3649405,0.208893,2.6230829,-0.3674152,-0.10650429,1.2599964,-0.2095122,-1.9247016,-1.2747667,-0.24019957,-0.11107406,-0.025123935,0.741596,1.5299848,-1.0124991,0.55279267,1.2966604,-1.8862303,1.9299669,0.65746534,-0.18934013,-0.14707749,-1.4301445,1.2339166,-1.7860434,-1.1587044,0.50631416,2.5678694,0.11874925,-0.3165538,-2.4621668,-4.029969,2.2490876,0.34818208,0.4307975,-0.2929913,1.0195545,-0.021544157,0.10254385,NA18118,2,CHD,3,2,2,2
12.71572,0.9645496,-4.4381557,5.94394,20.94034,-13.734487,5.2564273,-5.9751067,-1.6217381,-1.9921072,-0.712068,0.7335618,-1.1512846,-0.23882124,-1.4057233,-0.65416366,-0.46805936,-2.572684,-0.4713463,-0.60551596,0.18850727,1.0001084,-1.9499602,-0.30495262,2.3671033,-0.6326359,-1.7028022,-0.589017,0.6876834,0.6940643,0.8676514,0.9225755,1.917643,1.8901385,1.8503131,1.7987374,-2.1687174,-1.2034048,-1.1618769,0.49858892,0.09951453,-0.22287808,0.09227756,-2.0920556,1.162982,1.0583378,1.5358135,2.1615014,0.21102425,-0.6464049,NA18151,2,CHD,3,2,2,2
12.353066,0.6344364,-5.2794228,5.1786547,20.913864,-12.699006,4.567829,-5.451119,-2.0940375,-1.2817394,-1.3347213,-0.6550655,0.6004173,3.0336015,0.11742241,0.7645341,-0.10700767,-0.1301896,-0.8161018,1.5603676,1.212108,-0.9664798,-0.8566707,0.7049342,2.3136315,-2.237082,-0.9748078,-1.1529896,1.5432098,0.27384648,0.47006568,-1.5087471,0.31929418,0.44910496,2.0241134,1.2233741,-0.23612408,-1.6597842,2.1835694,-0.057597242,-0.5642433,-1.4952778,-0.14843504,-1.2392732,-0.3012906,-2.3927903,0.47444513,-1.0288298,-1.9125279,0.07161626,NA18153,2,CHD,3,2,2,2
11.749956,1.2755587,-4.6832843,6.2962513,21.551561,-12.668388,4.5406623,-5.5989366,-0.13605168,-0.87593424,-0.811059,-0.3001468,0.8148812,0.6030808,0.31230602,0.5615827,0.60974145,1.8863952,-1.1421721,-0.670365,-0.26195425,-0.7421547,-1.4545635,0.81751055,1.1412674,-2.076225,0.27004874,0.83952516,-0.27674833,0.086734,0.43369287,-1.9966574,-1.2187518,0.06828716,1.6898277,1.7918265,-0.18134908,0.2424725,1.646684,1.5965031,0.65595305,0.5993849,0.13930775,-1.5164531,1.302668,-1.3125345,2.73793,1.3575783,-0.21818376,0.6821951,NA18702,2,CHD,3,2,2,2
11.623106,1.6640177,-5.072261,5.492955,21.140648,-13.198449,4.5986857,-5.942309,-0.895437,-1.291572,-0.71416867,-1.1802181,0.44816852,-0.11193207,-0.7749998,-0.36057705,2.0058877,-0.26394492,0.50396985,0.3500164,-0.5974796,-0.6026849,-0.30365553,1.1642053,0.59721494,0.36585477,1.9599046,-0.19454429,0.9150203,-0.27907255,1.8926876,-0.5259089,-0.6237057,1.2953867,0.18380632,-0.3800064,-1.3151294,-1.291557,0.32996005,1.9492656,0.39261988,-1.0857784,-1.912258,0.38400728,1.9965346,-0.7213656,-1.0908678,-0.67557657,0.11120846,0.36660245,NA18704,2,CHD,3,2,2,2
8.057363,1.1412076,-5.2580194,5.8926463,23.076706,-12.476057,4.940638,-5.2075844,-1.8199902,-1.5818299,4.0302296,-0.40491349,-0.0041989214,-0.7310307,2.434996,-0.7983133,-1.3492813,2.339783,0.73576283,0.14541459,0.9891163,-3.9174042,-0.04468876,-0.60824245,-0.8418178,0.7849714,0.9439234,0.9634688,-0.72200495,-1.081519,1.0465273,-3.70462,-1.8602574,-0.44823986,0.9727654,0.53817445,2.4515603,-3.3772628,-0.5095114,-2.654859,-1.4052286,-0.68218255,0.040452637,-1.7614828,-1.1953481,2.3508754,5.7583575,-1.770849,0.99687743,3.0031197,NA17976,1,CHD,3,1,1,1
8.287303,0.83051646,-4.0004764,4.584264,20.245823,-12.089512,4.3346944,-5.437127,-2.1168113,-1.34876,0.8808352,1.1500353,-0.009260624,-0.4940993,0.15958668,0.1294455,-0.15183873,0.58762866,0.18555668,-0.37226686,-2.2315607,-0.06669083,0.25635114,0.13022688,0.24578185,-2.252565,-1.0119314,-0.7487193,0.5937353,-1.8820076,1.847459,-1.0943611,-1.3422911,1.3819543,-2.41528,-0.13636288,-1.4847336,1.3053979,0.46146005,-1.519416,-0.4519715,0.4508721,1.3004155,-1.3745941,-0.27127007,2.4798474,0.09536024,1.4282476,-0.87678665,0.23739511,NA17979,1,CHD,3,1,1,1
6.9481797,0.6471077,-4.0599966,6.8790765,21.571095,-12.822377,5.2313933,-5.0391774,-1.7541724,-0.51404124,0.5740536,2.8257868,-0.46902812,-1.2296964,0.20685484,-0.50416327,-1.1802999,0.306595,0.19579133,-0.5031268,-0.92765254,-1.9618725,1.4074923,1.245412,0.13670446,-2.34382,-1.4117014,0.102606505,2.6787457,0.3076869,1.3265072,-0.42017835,0.1594113,0.26414835,-1.2464043,1.4676592,-0.27047813,-0.29239154,-0.07387184,0.5306137,1.2723984,-0.4005556,1.5225838,-3.0063913,-2.2819703,0.525838,-0.23732711,-1.4647571,-0.37484923,-0.21807809,NA18156,1,CHD,3,1,1,1
6.827712,0.5507654,-4.0396905,5.953226,21.79136,-13.377286,5.1810026,-5.7638526,-1.1794018,-1.4853641,1.5753704,1.0003061,-2.691908,-3.0328488,0.05859114,0.36024192,-1.6763715,0.26326537,-0.6084669,0.9017862,0.9252381,-0.798932,1.4387453,-0.6035606,-1.2553667,-0.74650836,-0.6220035,-0.90088254,0.9830577,0.7895556,-1.1775998,-0.3269914,-2.2872796,-1.0067031,-1.1001977,1.485658,1.3788573,0.62634236,-0.54796565,-0.050183587,0.22576007,2.0356348,2.228229,-0.9674756,-1.5180736,2.343033,0.19057433,-2.485208,1.0046396,-1.8929764,NA18152,1,CHD,3,1,1,1
7.4404387,0.45370466,-3.6088395,5.9594207,21.84627,-12.329536,5.6493297,-5.0242863,-0.93147767,-0.49223906,-0.047806703,0.7028001,2.2693312,-0.7688979,-1.463945,-0.08042141,0.7253769,0.2831024,1.385964,-1.5007545,0.7438744,1.187194,-1.2650707,-1.5163602,1.6547855,1.7239273,-1.9423809,-1.755515,1.062606,0.6138915,-0.10484296,-2.1833038,0.9697975,0.32946312,0.7218844,1.8962972,-0.25881207,-0.9436583,-1.0212647,-1.4838215,-0.06857018,-0.7643837,-0.127218,-0.2286512,0.57498956,0.019222666,2.4083958,-0.00973828,-1.034501,0.54136235,NA18160,1,CHD,3,1,1,1
8.217748,1.0173776,-4.984513,6.538736,21.122513,-12.391508,5.4021606,-4.985777,-0.34371033,-1.6551522,-0.29664242,0.796564,-0.43379733,-0.2790436,1.2890697,-1.1347307,-1.0969336,-0.24330309,-0.32854778,-1.6782908,-2.5898962,0.19387138,0.16436447,-0.4577639,1.2568202,0.29510197,-0.1916054,1.3332503,0.50274414,-2.0648217,-1.3523922,0.65110254,-0.65469545,-0.3461636,-0.034340985,-0.57555544,-0.79621184,-0.05539616,2.1377795,3.6508343,-2.367358,-2.8285656,-0.056695733,-0.7229978,-0.8416136,0.49335405,0.5273362,0.48432535,-1.0541145,-0.35739735,NA18682,1,CHD,3,1,1,1
7.6491785,0.7558926,-4.813807,7.3068266,21.15404,-12.203558,4.7644105,-5.50808,-1.3983802,-1.9997082,-0.6010399,-0.026902897,-0.25371614,-0.2371149,0.0033458255,0.77499336,0.72115,-1.0093635,-0.4380102,1.3123589,1.4707123,-1.7533089,-1.7569485,0.6649074,0.22518444,1.3794744,1.3422027,-1.724491,-1.3274363,1.3407726,1.3763188,1.0713178,0.7354138,-0.057910454,-1.4249003,-0.38913304,0.93428046,-0.6517417,0.48671642,0.9674851,-0.24092537,0.057177957,2.7633338,-0.074794665,1.026642,-2.1164763,-0.9889031,0.9109024,1.9854914,-0.018401634,NA18689,1,CHD,3,1,1,1
6.842809,0.80391395,-4.338467,6.2909675,21.633118,-12.736323,5.582363,-5.39825,-1.9329188,-1.5499588,-0.9279875,0.94758,0.49833268,-0.85088754,1.2663096,-0.6779037,-0.0087527055,-1.8410335,-1.3494387,-0.9889678,1.0092269,-1.3762232,0.795604,-0.58953905,-1.8740473,1.1753823,-0.5102776,-0.36757338,0.37370077,-1.4345917,1.8154987,1.4372424,-0.18603916,-0.3425063,-3.7896588,-0.27360928,1.908259,1.3331428,-0.079515755,-0.8709032,-1.9938866,0.6116627,0.0039339554,-2.262577,-2.3899364,0.5351194,0.53640413,1.2535381,-1.2066696,1.2883675,NA18685,1,CHD,3,1,1,1
11.288461,0.33691743,-4.1994143,5.5516124,21.945408,-13.568201,5.013516,-5.1017823,-1.244358,0.115903445,0.7701767,-0.30459934,-0.9352828,0.745287,-1.0247244,0.88961774,-1.2103887,-0.61681575,-0.0098096235,-0.5372984,-1.1210783,-0.1864392,-0.42771,-0.33249906,1.1983202,-0.6574306,-0.6810508,-0.6473427,-0.29622617,-1.4040298,-0.15528053,1.0913928,0.92844605,0.13006474,0.20781586,-0.9636824,2.303898,1.616906,-1.9829552,-2.3031747,0.06511307,0.9434014,0.38565958,1.3127584,1.7921991,0.101983584,0.80452883,1.0294423,-0.6585184,-0.20273563,NA17962,2,CHD,3,2,2,2
11.974577,1.6314899,-3.9479308,5.068288,20.774487,-13.016969,5.1774616,-4.7438836,-0.87052864,-1.5116873,-0.46753234,-2.0464509,1.2788268,1.8614125,0.56123173,-0.38154054,-0.7174394,-0.08296249,-0.91402173,-0.7195921,-0.13850752,1.8787727,0.16294928,-0.3160457,-0.47071394,-0.43623587,-0.0039905105,-0.15325005,-0.75926673,0.20090887,-0.46721947,-0.5645048,0.70394105,0.19410087,-1.4447163,-0.45164216,-1.3210101,1.5807083,-0.07056315,0.61120534,1.3474828,0.7124549,1.7306771,0.26661932,0.61505526,-1.8998325,1.3424712,1.3190371,-1.2845277,-0.4825738,NA17966,2,CHD,3,2,2,2
8.049196,0.85175383,-4.5501504,6.478461,21.705442,-12.884427,5.6812515,-4.024946,-1.3812758,-0.32817855,0.43456957,1.0650895,-0.39575556,-1.906559,0.85576844,1.8244287,-0.00895672,-2.8753493,0.528338,-0.27330384,-0.00090098055,-1.215027,0.987284,0.62169015,0.7709182,1.7466384,-1.8950597,0.1989387,-0.7948825,-0.7387199,1.7017227,0.013317419,0.60580236,0.6303616,-1.4230672,1.1717937,1.2896225,1.9779555,-0.50319993,-0.037868947,0.86021805,1.0125492,-1.0232123,-0.11145895,-0.73976797,-1.0186946,0.8734042,0.16692752,1.4875903,-0.5669647,NA17999,1,CHD,3,1,1,1
11.318043,0.9480986,-5.0530806,4.9573374,21.057688,-12.781162,5.2726955,-5.9800496,-0.4863482,-0.32814503,-0.97576386,0.2914676,-0.32635674,0.4230839,0.36540103,-1.2356242,-1.1660578,-1.1590235,1.0727855,0.073951386,0.63848305,0.21979028,0.2123921,-1.3876913,-0.5572621,-2.7668324,-0.7288509,-0.063041165,-1.1905717,-0.25914365,0.5144171,-0.52253556,0.35295045,-0.59092873,2.278518,-0.29035386,-2.0712795,-3.0125113,-2.4030147,-0.2865401,1.0732186,-1.2976167,-0.26869595,-0.41565967,-1.2907776,0.36434567,1.6986775,0.32939327,-1.2511568,-0.6494847,NA17968,2,CHD,3,2,2,2
11.486661,1.7711389,-4.6475396,4.753039,20.252352,-13.778983,4.9531174,-5.5576544,-1.9661256,-1.2327667,-1.2835459,0.78281295,0.20838664,1.9394404,-1.1796757,-1.4287856,-0.9818649,0.7869163,0.22260356,-0.6280287,0.1105436,0.9093681,0.6109007,0.22629598,-0.21277842,0.6200479,0.11554527,-0.13480227,2.033759,0.026954548,1.4983264,1.3278555,-1.4315534,-0.10894196,-1.1238797,-0.9815559,-0.35847512,-1.7030779,1.0683444,-0.48022974,-1.1261305,-0.16152284,-2.0164473,0.17838423,-2.6621368,-1.6428789,0.37206036,1.7566769,1.9765075,0.911102,NA17995,2,CHD,3,2,2,2
10.85503,0.6035331,-4.1168094,6.78571,20.594715,-11.833826,3.944387,-4.7292767,-2.5157018,-1.7325381,0.482393,-0.62375546,-1.0014186,1.3269832,-1.1478403,0.25871274,-0.006276714,-1.1150622,-0.7915192,-0.41621387,0.39388403,-1.686431,-0.113899045,-1.6790073,-0.07821572,0.011735199,0.13406661,-1.4829974,0.69899184,0.7635383,-0.3832478,0.81320447,-0.7878785,0.8960816,-1.2266455,0.22711217,1.8657465,0.48357904,-0.7285064,-1.9652829,0.09843691,0.924963,1.1570741,0.8116936,0.28788695,-0.78261286,-0.3409115,0.71291924,-1.7236344,-0.18775742,NA17996,2,CHD,3,2,2,2
11.008412,1.6908554,-3.8628461,5.011993,20.51616,-13.152058,5.0617127,-5.7658987,-1.6877314,-1.5371329,-0.618329,0.42420247,-0.26672485,1.2128973,-1.8879436,0.23899604,1.830731,0.81059355,-0.84350306,-1.1651697,-1.7782056,0.0724589,-2.668502,0.82575524,0.32385018,-0.23531571,-0.62963724,0.5849037,3.6860073,0.4913227,1.1460607,0.3361833,-1.0556351,1.507314,0.23752129,1.3281946,0.053330697,2.8548758,-1.4303889,-1.2229762,1.5295572,1.6509494,-0.8311023,0.506104,0.43711117,-1.5934561,2.0651422,-0.20327103,0.7803861,0.875487,NA18131,2,CHD,3,2,2,2
11.800601,1.7930979,-5.5406446,5.363877,20.308308,-12.9330435,4.9740176,-5.2198863,-2.2171092,-1.8399493,-0.7475845,-0.94026744,-0.15839332,1.3059063,-0.33705425,-0.5325001,-0.89039344,0.5117899,1.013758,0.65861535,0.30982688,-0.16264004,-0.13833989,-1.0839427,-0.10720094,-0.11940153,-0.36947677,1.7125019,1.9174803,0.15284115,-0.33032358,1.3986893,0.62911594,-1.3112502,-1.7694051,-1.4681895,1.724435,2.57055,-2.869601,-0.6108363,0.2700061,0.7052213,1.4565109,2.774527,-0.89095205,-0.20888269,-0.68074024,0.8157611,-0.8494376,0.15341122,NA18134,2,CHD,3,2,2,2
12.018207,1.8643861,-4.7901435,5.267375,21.273167,-13.0823765,4.0575304,-5.8854027,-1.3268139,-1.5040476,1.0166037,-1.8712015,0.7580589,1.060319,-1.869358,-0.55140567,1.776916,1.8261439,0.19576961,-0.74338,0.017897865,2.5036604,0.48972335,-1.4060006,-2.0031626,-1.3779457,0.91881555,-0.0017943342,-1.6962856,-1.1428697,0.5993299,-0.849266,0.85377187,0.37558562,-1.9734384,-0.50081,0.5293188,-0.74661255,1.2294735,-1.8963419,0.9141999,-0.5438864,-0.038078863,-0.5204426,-1.1893352,-0.17857166,0.99530125,-2.6832678,2.4502702,-0.40207738,NA18157,2,CHD,3,2,2,2
10.913725,0.44731444,-4.834112,4.5999193,20.881214,-13.224301,4.441903,-5.576111,-2.3991597,-1.892713,-1.7299273,0.11950575,-1.0964717,0.2827795,0.26710868,-0.6549806,-1.0252678,-0.04356903,0.113220304,-1.0498837,-0.08642947,0.26847354,-0.3807132,-1.6134801,-0.9652508,-1.0523543,-0.10442951,1.8256279,-1.4441553,2.2263417,0.9904007,-0.39882222,0.3700353,1.910355,0.048566185,0.16174798,0.26735064,-0.4324106,-1.2600687,-0.27959004,-0.13058808,2.6625342,0.9448213,0.55759156,-1.3105792,1.0621432,-3.9035888,0.6273741,0.46945915,0.9487381,NA18159,2,CHD,3,2,2,2
7.0412736,1.1160604,-3.5682898,7.4558096,21.671177,-12.523778,4.9440475,-5.95128,-0.035235293,-1.6253657,-0.3003227,1.9477715,0.8729192,-1.1115587,0.8379749,0.2575051,1.0109434,0.20948479,1.198259,0.27184248,1.237833,0.12099772,0.7605969,-0.28551695,1.4608316,-0.40886888,-1.5718542,-0.061806817,0.85582036,-1.7806093,-0.59039056,-0.87541825,-0.92965347,-1.2111003,1.2935169,0.023577232,-0.10781182,0.9778208,0.490803,-1.6691918,-0.34491378,1.9890162,-0.49941975,-1.7674487,-2.6309135,1.2271054,1.3956211,-0.71540433,-0.028500274,-0.8105442,NA17972,1,CHD,3,1,1,1
6.210577,1.6952002,-2.8977647,6.70323,21.663534,-13.651451,4.6501446,-5.487492,-1.7407447,-1.6669425,-0.016588394,1.2769474,0.28199792,-2.8744564,-0.014864924,1.0402203,-1.1066566,-0.22643378,0.09279832,-0.096653484,-0.18142702,-0.2241675,-1.1967157,-0.4741364,0.35799068,0.44202942,-0.73279095,0.5965226,-0.096630186,-0.6428649,0.8247046,0.23003192,0.92154235,1.2962047,-2.50501,-1.5099705,0.29831773,1.2915337,0.6509488,0.10873597,-0.32407308,0.21416748,0.49473682,1.1722187,0.26300645,-1.4300833,-1.186264,2.2741416,2.4280438,1.7047627,NA18133,1,CHD,3,1,1,1
6.6468134,1.4360834,-4.0929713,7.273343,21.011017,-13.594898,5.213956,-4.5131097,-1.9984595,-0.8755424,1.3854398,3.315337,-0.17362429,-1.2004459,-0.952924,2.0866234,-0.94882524,0.21140045,-0.21600963,0.14369436,1.1029497,-2.5365796,1.251891,1.9913137,-0.87048817,0.95512396,2.3100154,0.3294668,-0.20973815,0.7312231,-0.62587744,-0.58145994,-0.93479395,-0.5789419,0.970646,0.62578505,1.9032121,-0.18403868,-0.5844249,-1.012776,1.2247535,-1.3524348,-0.47080332,-1.0502241,0.48083252,-2.2410374,-0.78402466,-1.5337887,-2.1801994,0.610009,NA18166,1,CHD,3,1,1,1
7.004329,0.5548517,-3.320652,7.3048615,21.238817,-11.744524,4.8501735,-4.534652,-1.4784259,-0.725994,-0.94644725,1.4161718,-0.16459115,-1.2553462,-0.32386106,0.33786973,0.56070983,0.60155237,-2.0370421,0.11410489,0.51046675,1.4158319,0.55321676,1.6187227,-0.38658303,-0.36512735,0.33378735,-1.2328019,-1.1138659,-0.84238726,-2.0337605,-0.19750963,1.1130484,-0.9207521,0.41400245,-0.05450872,-0.8692478,-0.36312324,0.73964643,-1.8429341,-1.2028838,2.3562403,-1.3644487,-2.1303897,-1.8121439,-1.0398086,-1.3396674,-0.4796391,2.2617676,-1.0826015,NA18102,1,CHD,3,1,1,1
6.0008373,0.8445363,-3.7220304,5.5911665,20.18857,-12.8183775,5.0746503,-5.539116,-2.544255,-1.2415366,0.9654135,1.5578957,-0.10095166,-1.6543204,-0.5402486,-0.5419556,2.0617871,1.0015805,-0.10673961,0.07078581,-0.30564556,-2.0961108,0.72739816,0.8974247,1.0111632,-0.46345246,-0.7937217,-0.20273605,-1.8646667,-0.34093907,-0.33767518,1.0459354,-2.8135962,0.20549986,-0.9309852,0.08027063,-1.9424791,0.6457031,1.6922959,0.4504101,-0.42796344,1.1367823,0.5913105,-0.083650045,-0.011840172,-1.6198132,-0.94487906,-0.5844974,-0.030360026,-1.4202344,NA18136,1,CHD,3,1,1,1
12.277437,1.3686525,-4.835007,6.4802346,21.045147,-14.178401,4.028952,-5.852651,-1.2697556,-0.8923716,0.71426046,-1.2919221,0.94208264,1.7439619,0.8725196,1.4358027,0.7633476,-1.0310109,-0.42688596,0.61993307,-0.57850844,-0.54116654,-1.4536747,-0.27428865,-0.019945482,0.46193564,-0.4953068,-1.608367,-0.8153634,1.175063,-1.61027,0.22252917,0.020283509,-0.60049194,-0.1366228,-0.8994114,0.09147135,2.2431533,1.3155478,0.5217272,-0.12106343,-0.5391843,-0.112446725,-2.059454,0.7046056,0.44375327,-0.73524743,1.0570883,-0.007717597,0.07366331,NA18140,2,CHD,3,2,2,2
11.717032,1.9082654,-4.394774,4.998446,21.430786,-13.128473,4.9431996,-6.2671003,-0.4615244,-1.1310047,-0.63879544,-1.3396038,1.4471376,2.352192,-2.1653473,-0.4308973,0.9942783,-1.4506798,-1.3364424,-1.2342947,0.62857896,1.388726,0.3122099,0.61112696,-0.558098,-1.3614156,-0.5553621,-0.9432834,0.24102674,2.3607275,-0.040441662,-1.0821757,0.26386005,-1.4960461,-0.7821131,-0.7254799,-1.3925755,-0.41128498,-0.90698826,0.23872046,-0.8084638,1.6249068,-1.2966381,0.20160821,-1.4245018,1.1341597,-0.572395,1.8251568,1.8520664,-2.0388985,NA17978,2,CHD,3,2,2,2
7.204642,1.7529113,-5.0406065,6.301996,21.062567,-12.628951,4.7601027,-4.6284676,-0.8739621,-2.030745,0.21704131,1.4066874,-1.2352078,-1.7155958,0.6534587,1.4184502,0.58933336,1.6693726,-0.49883172,0.051933423,0.55777365,-1.6001887,1.009102,-0.2625624,0.018357512,0.6636061,-1.7056272,0.13013822,-1.2575022,0.09335773,-1.6837184,-0.44233793,-0.05426267,1.1084267,2.544593,-1.04146,-0.7755811,-0.07201773,0.32386056,2.5522635,0.45342797,0.16179523,1.4639,-0.053033877,0.31306213,0.8599216,-0.53822666,-2.2341561,-1.9817113,0.2003989,NA18104,1,CHD,3,1,1,1
7.481015,-0.31514537,-4.436276,5.725994,21.442215,-13.70716,4.8887253,-5.748167,-0.8809995,-0.8358598,1.7795317,2.140446,-0.52722675,-2.045839,-0.97965693,1.8123962,-2.1637366,-0.3244394,0.97876155,0.28727436,0.420744,0.6141454,0.014288598,0.3953248,0.036545414,0.58174837,0.9061474,3.027245,0.47392166,-0.93544245,-1.6671576,-1.0468732,-1.0674388,0.14473258,-1.33044,-1.5998948,0.07401351,0.8766891,-0.07551958,-2.7065778,0.33884165,0.5632368,-1.3415532,0.27099374,0.72002727,-1.637723,-0.62516534,-1.9023591,0.368954,0.54699785,NA18113,1,CHD,3,1,1,1
10.419038,0.2411482,-4.945427,6.0319533,22.009638,-12.97791,5.049679,-5.5515656,-2.0793424,-1.4854484,2.6868129,0.9581581,-0.3473723,-0.050981734,2.265759,-0.7461406,-0.3036857,2.5461323,0.91923946,0.26720437,0.27753544,-3.6053684,0.40824977,-2.4242957,-0.2766976,1.3005809,1.227411,1.7908685,-1.2236115,-1.2293645,-0.30726147,-2.2686718,-1.5117203,-0.43292794,1.9621542,0.5813361,2.3966043,-2.3494854,-0.6735217,-3.1355038,-0.16540849,-0.93509007,1.0294857,-1.910519,-1.1997331,3.2160525,7.114656,-2.5487294,0.48351556,4.3981957,NA18116,2,CHD,3,1,1,1
12.555899,1.2157989,-4.0587792,5.3629875,20.181137,-12.881167,5.0523863,-5.27666,-1.2517434,-1.0431052,0.74206656,-1.5832765,-0.22148576,0.41605157,-3.0133052,-0.5241384,0.46983227,-1.8686843,-1.8724604,0.3818717,-1.2210131,2.1657202,0.50403094,-1.092183,-0.45712346,0.4560736,0.5456224,1.0902002,-0.4443492,-0.7522832,2.1988575,-1.1359947,-0.8256962,-0.06758939,0.6982321,-0.52152026,-0.39967313,0.7655375,-0.85956925,-2.391143,-0.42894644,1.4441397,-0.99805176,3.1504648,1.1433547,-1.3778609,0.50079215,0.4475247,2.0144026,-1.0480299,NA18126,2,CHD,3,2,2,2
6.9025893,0.65183604,-4.9764595,5.710687,22.280998,-12.607699,4.7154245,-4.8976927,-2.237931,-1.2507435,1.2770494,2.2425485,-1.5925514,-1.4222178,1.9248439,0.481017,0.8287085,0.25548005,-0.31614217,1.8619032,-0.90251595,0.028797667,-1.4306073,-0.2403246,-0.54530877,1.6227725,1.0472075,-1.5303411,0.16912526,-1.4835905,-1.2665759,-2.4027402,-2.0853086,-1.1149975,-1.2366555,0.28806895,-1.3794515,1.8530414,2.9698367,0.37259686,0.6222156,-0.26003787,0.15060833,-1.0168922,1.1609236,-0.3271015,-1.3345678,-2.5798666,0.9906106,3.17408,NA18679,1,CHD,3,1,1,1
11.850722,1.4640441,-3.6004586,5.3578925,20.633892,-12.355893,4.5300093,-4.717932,-1.0903704,-1.0638347,0.30914408,0.27500293,-0.28274116,1.510384,0.60832953,0.557652,-0.46139076,-0.09718803,-1.129811,-0.03155955,0.79776293,1.3774614,0.6387546,0.7538266,1.0109309,0.2777065,-0.74371684,0.9936278,-2.1340704,-1.9732705,-1.4350659,1.6460893,0.5123163,0.12007914,0.7108218,-1.5587299,2.656251,-1.1167855,-1.2428194,0.75509626,1.8741012,-1.6543453,0.43564957,-1.3925453,-2.3779736,0.5990851,1.916235,-0.7033956,-2.5088308,4.3759484,NA18683,2,CHD,3,2,2,2
10.707473,0.5050801,-4.9356146,6.589416,20.281643,-13.700761,5.455191,-4.6411805,-1.8112369,-0.88889456,-0.23605311,0.21444042,0.30627713,1.4683901,0.97126365,1.8596628,0.0970018,-0.3768726,1.2986922,-0.2828303,0.03683472,1.7823367,1.3559803,0.5402468,-1.1620874,0.24409631,1.6360425,-0.1693491,-0.17795807,-1.1289189,-0.42288005,-0.19604406,0.4409382,2.2485015,0.30257004,-2.1562016,2.973599,0.19417787,-0.9762172,-0.83334094,-1.581554,0.093141235,-0.26688403,-2.0538063,-0.3848675,-4.3536596,-2.4619591,0.17889996,-2.9423573,0.23581082,NA18684,2,CHD,3,2,2,2
12.340153,0.6212522,-4.1724534,5.3405333,19.798248,-11.555961,4.327181,-4.2499604,-0.5170339,-0.6049727,-1.8803393,-0.4130121,0.9785483,-0.3661221,-0.5945434,-0.026469737,1.3759438,-2.2957337,-1.5521994,-0.1853338,-0.44002077,-0.17927058,0.7775678,2.1079986,-0.53796744,0.9080154,-0.57778436,1.3223782,-0.4186905,0.8867452,-0.045232832,0.54939204,2.3826032,0.7691542,0.8310765,-0.2913094,-2.5959094,-1.2664557,0.9259679,-0.03799978,-0.714666,-1.9114062,-0.9005967,0.96483904,-0.1755163,1.7046207,1.5402707,0.43952495,0.46249914,0.33651283,NA18686,2,CHD,3,2,2,2
6.8148446,1.4312915,-3.6098359,6.6156015,20.295288,-11.789664,5.763707,-3.8011134,-0.045882817,-1.6606712,2.0138094,1.4819024,-1.916211,-2.971792,-0.49988082,0.74817175,0.20904692,-0.05812007,0.7944449,0.9308211,2.027452,-0.5135488,-1.1936302,0.85048336,2.531392,0.8973446,-0.34972692,-0.52548635,0.23525041,-0.38097638,-2.8439739,0.044731054,0.29034927,-0.26904732,-1.2565211,2.5314245,-1.0915757,-3.4414017,0.8429837,1.5910668,0.79816574,2.1886606,1.5509751,-2.3782842,0.53442526,-0.91069466,0.51213646,-0.34496936,1.6501932,-1.2633659,NA18145,1,CHD,3,1,1,1
13.046889,1.0361367,-4.5037017,5.198552,21.298035,-13.785882,4.5370317,-5.2483726,-2.506199,-1.8496295,1.4524548,-1.4905138,-1.0609925,-0.009952447,0.5416125,-0.16898666,0.018602766,-0.9205665,1.0416757,-1.1304729,-0.21048197,0.6302706,-0.1236062,0.88872993,-0.15060408,-1.8296216,0.5947408,1.3536546,0.9161279,0.43983766,-0.82197136,1.7362272,-0.5722581,0.3104181,-0.021181826,0.41723946,2.032202,-1.3017706,1.9749198,0.119913414,-0.03343905,0.52809787,-0.06750619,-0.25384936,0.24117672,-0.9896551,-1.6629958,1.5399641,0.13062228,1.7208414,NA18164,2,CHD,3,2,2,2
6.713696,0.9093847,-4.1142726,6.257542,22.008362,-12.396035,4.798559,-5.9882975,-1.1021848,-1.6842449,1.4656825,1.9662123,0.23130801,-1.0446101,0.34697524,1.3356322,-0.12982066,-0.85138345,-0.28143454,-0.84959865,-0.23098522,-0.06178162,0.69794554,0.9410408,1.0581915,-0.4175805,1.2202129,-0.766435,-0.08354229,1.8355656,1.6953788,-1.4933611,0.72546333,-0.48834053,0.39876473,0.6157205,-0.8560538,-1.4101835,0.23443337,0.23759483,-1.0272316,2.1481853,-0.9371149,0.2240684,1.342314,1.924311,-3.3874948,-0.6302197,-0.37849233,-0.46952537,NA18669,1,CHD,3,1,1,1
11.048493,0.85346407,-4.737309,5.743282,19.572262,-12.953127,5.3221,-5.447593,-0.3463093,-1.2224936,-2.1883621,-1.8316112,-0.55532104,-0.08816424,-0.4525086,-0.2858659,-0.36666045,-1.1223052,-0.24655451,-2.2306561,0.70083565,0.056003146,0.5364677,-0.40788823,1.6914872,0.7103709,-0.032576613,0.6365625,1.2871662,-0.6716546,-0.8961525,0.6553684,-1.0376621,1.2943012,-0.4290932,0.5131674,-0.8263621,0.6014171,-0.1708175,-1.5675066,0.8715913,-2.7364702,-2.8146307,-2.6530356,-0.1540506,-0.46352956,3.5626342,1.0519401,1.2628199,-0.14222859,NA18671,2,CHD,3,2,2,2
6.9323096,-0.25524095,-3.9076695,6.2798176,21.869156,-13.353989,5.7755766,-5.7880898,-1.5124342,0.061101932,1.7353418,0.85971457,-0.89342195,-2.1681836,1.6211398,1.8605385,-0.18629853,-0.50114995,2.0905814,-0.5847849,0.40372688,-0.7383074,1.4553785,-0.8200994,1.029089,-0.1254223,0.6955358,2.9529135,2.1437302,0.51103246,-0.17832415,-0.69473124,-0.51071614,-2.1818657,0.72481287,1.2449049,-1.1983552,0.15653954,0.11172102,0.90644324,1.3145053,-1.0814365,-0.8383219,2.0184913,2.3141894,2.7482936,0.51556146,0.7984434,-0.6465809,-0.7326681,NA18675,1,CHD,3,1,1,1
11.423761,1.234859,-5.2671094,5.451909,21.748035,-11.925821,4.2996054,-4.954764,-1.9594338,-0.26264843,-1.5656465,-0.6904198,-1.0799919,1.1395315,-0.3319906,-0.67558885,-0.565721,-0.30467165,-0.7278642,0.19369864,-0.14426653,2.897784,0.5877702,-0.5088089,-0.28092244,-0.81144965,1.1159765,-0.91410536,0.2837425,-0.8122759,-1.1528116,0.007416147,-2.2789795,0.5456048,1.2428979,3.653126,2.444217,0.3558216,0.5960338,0.13040292,3.2409513,-1.478107,-0.641732,-0.5800306,-0.9638181,-1.0586766,-0.035591513,-0.34098926,0.38113767,-4.5012703,NA18690,2,CHD,3,2,2,2
6.0224967,1.1035831,-4.1200447,5.972098,20.940823,-13.204003,5.650231,-5.407673,-1.0662122,-0.2558494,1.1512796,1.0655669,-0.041250173,-1.6373497,1.5793039,-0.54601544,-0.36089706,0.8913933,-0.2464382,0.7580794,0.24609852,-1.1926622,0.7654901,0.23410173,2.0507905,0.27474937,-0.67965025,0.44998878,-0.7773176,-0.63669366,1.4529601,-1.4196292,0.31202102,0.07790321,0.11525365,-0.39725295,-1.3880469,1.4722344,-0.7895996,0.52643394,0.47461334,-1.1291336,0.64840984,-2.4879153,0.49052083,-0.33680174,-0.55612594,1.3444607,0.98807174,-0.96049774,NA18701,1,CHD,3,1,1,1
7.4266825,1.2531111,-3.2244341,5.6588373,21.247103,-12.903549,5.063374,-5.125234,-0.28734308,-1.2152091,-0.16899742,2.4326231,-0.16489533,-2.6824121,0.32466638,-2.4201975,0.3857909,0.75022435,-1.4062043,1.6251607,-1.3439494,0.7382298,0.4370674,-0.4905065,-0.19905734,-0.23502026,-0.25768638,-1.095073,-0.59672993,-0.7795712,0.9750642,-0.25309289,-0.3855203,-2.2093406,-2.480445,-2.2723153,-1.5446068,-1.7351847,0.5873274,-0.3567272,1.8439054,0.08712208,0.04876691,-0.93965256,-0.9957837,0.4016756,-3.311602,0.7587591,-1.3217114,-2.794719,NA18706,1,CHD,3,1,1,1
12.303994,0.8741767,-5.01586,5.941968,19.866106,-13.361931,5.09632,-7.3167977,-0.2702427,-0.35707995,-1.3471369,-0.54218227,-0.033727914,0.6361633,0.37789962,-1.0129424,0.9052575,1.4322739,-0.89759886,0.48945865,1.6007149,-0.5753976,0.94233716,0.5060298,-1.0970204,-1.2726912,1.3206524,-0.15090089,1.1083704,0.21028946,0.029129855,0.67632174,0.6030237,-1.580252,0.56913114,-1.006221,-2.407922,0.99323833,-2.1293402,2.8417614,-1.2480679,-1.1364133,-1.9991918,-0.22997044,-0.5556201,-0.63063025,-0.8718544,1.6729134,0.14889425,-1.3471254,NA18119,2,CHD,3,2,2,2
10.875886,1.5103122,-4.549771,5.835049,22.085695,-13.936654,5.1185503,-5.108614,-0.6713379,-1.818318,-0.9126851,0.23172647,-0.7194921,-0.33120435,0.44545305,-1.1293135,-1.9152311,-0.03586086,0.96306425,-0.17477664,1.945672,1.6690395,-0.44367754,-2.284537,2.5739357,0.21264274,-0.5081424,0.30592585,-2.1950374,1.6615137,1.3396444,-0.782856,-0.42371878,-1.4069482,1.4764234,0.7806826,0.24634127,-1.1612538,0.95717937,1.084993,0.9149562,0.6276509,1.8183072,-0.6738575,0.5060139,0.9610026,0.11440151,-0.7242366,2.0796783,0.6015511,NA18123,2,CHD,3,2,2,2
10.972844,0.93300813,-5.5082874,6.094771,22.138115,-12.926414,4.6961555,-5.9021926,-1.0516299,-0.86468726,-0.7453697,0.32999986,0.70343995,0.018801922,-1.5942171,-2.3420718,-0.67379916,-0.09202829,-1.3662237,0.4832812,0.64230126,1.0438449,0.8561578,-1.5377034,-0.060035955,-1.4559592,1.2698908,-2.0434418,-0.59323364,4.7480597,0.44866243,-0.83677346,1.5142437,-0.7034205,-0.5027625,1.0084317,0.09875736,-2.5762026,-0.7237926,0.81089276,1.5331441,1.8085473,1.289136,-1.932593,1.0119562,-0.19070446,1.0722212,-3.513142,0.6368817,1.3748335,NA18692,2,CHD,3,2,2,2
13.2572365,1.5202228,-5.7343426,4.8546367,22.13541,-12.730814,4.2167974,-5.75745,-1.7096535,-0.5423072,-1.4191177,-0.88546365,0.64037,2.173113,-0.042605236,0.33644345,0.58280087,-1.246723,1.6445134,-0.90889776,-0.84061724,1.1715726,-1.0033095,0.19143924,-0.585943,-0.44440794,0.4754259,-1.4930145,-0.071342595,0.42227852,1.0244759,-1.8372624,1.4269928,1.5145285,2.3231902,-1.0746075,0.022908561,0.73539203,0.88943505,1.6657165,-0.30066577,-1.7393022,-0.20644489,1.885847,-0.873294,0.74262416,-0.47649637,1.3165271,1.2322537,0.53179085,NA18695,2,CHD,3,2,2,2
11.819801,1.5178683,-4.553397,5.9368944,20.779282,-12.2332115,6.121023,-5.579074,-1.1014894,-0.7030751,0.28351167,-1.06206,-0.8578741,0.2636154,-1.6597086,-1.0930928,-0.4809028,-1.8912747,0.4481769,1.8522999,0.11063656,-0.29961866,-0.4579258,-1.0483794,-0.5759589,0.9288376,-1.1174797,-0.68196416,0.59784144,-0.70243496,0.08851859,1.7346367,-2.0237553,-0.2408073,1.2442104,-1.8884498,0.1580759,-0.20251381,-1.9056902,0.089423195,0.1559476,1.8134141,0.013293847,0.83293813,-1.3551869,0.29232022,2.8022525,-3.185658,0.33301958,-1.5530593,NA18697,2,CHD,3,2,2,2
11.632672,1.1177344,-4.5900044,4.763171,20.476133,-12.703316,5.609156,-5.65748,-1.1054635,-0.5174107,0.18321748,-1.2217078,-0.25928292,1.0547317,0.7004433,-0.5148765,0.57174325,-0.9092081,-2.128188,-0.367624,-0.18050003,-0.89632213,-1.428732,0.44605523,-0.190341,1.1817846,-0.67684877,0.65764433,0.700964,-0.0042832447,-0.264913,-0.9033855,-0.7817985,1.0453109,0.19315833,0.06558035,-2.807966,2.3800213,0.3024947,2.4710891,1.919932,2.05211,0.08098249,0.64143705,0.6205288,-0.015308661,-0.8340251,2.1952357,-1.1466838,-0.98201245,NA18699,2,CHD,3,2,2,2
7.1173725,0.13046335,-4.899391,7.1522717,21.985525,-12.59835,5.118639,-5.6896205,-0.42590672,-1.0691684,1.6629647,1.2047548,0.4977821,-0.59206283,1.1997199,1.9072133,-0.775809,1.5586566,1.5518034,-1.6081046,-0.035841756,-1.2303696,1.0042769,1.3133787,-0.7819622,1.6442446,2.0670106,1.5836277,0.67063224,-0.36956877,-0.039248087,0.52337426,0.6089929,-0.78985906,-0.17802787,-1.1252443,1.1006167,0.71012455,-1.7478929,-0.643785,-0.20546378,0.78488344,1.0647609,1.6723593,0.2794602,1.4300803,1.009014,0.819043,-0.9545084,0.9478463,NA18708,1,CHD,3,1,1,1
6.405085,2.942362,-5.493462,1.4438092,-3.9236207,13.3986635,20.43572,-6.1847653,-1.5253483,-1.4350888,1.7477555,1.9364854,-0.046508104,-3.382276,-0.72960955,-0.010044148,-0.23262721,1.7297536,-0.4168468,0.3985506,-1.6253309,-1.6403377,0.054771543,-0.15180258,-1.1029129,-0.54873204,-0.7898563,-0.788251,0.010829766,1.1332403,0.4344844,-2.0952337,0.47840714,-1.1513426,0.7158049,-0.8053272,0.49566537,-0.8857375,-0.21391279,2.2002673,-0.012634408,0.77040523,-0.0776839,-0.49451602,0.92089164,-0.0071438886,-1.0641966,0.48098567,1.1450603,-0.47970057,NA19028,1,LWK,6,1,1,1
6.656718,2.8975575,-5.9093456,-0.012350677,-3.3946812,12.168308,19.777733,-6.2328634,-0.8218937,-1.1646901,0.11678389,1.6133798,-0.42625976,-0.33438373,1.2310095,2.399935,1.3043486,1.6128886,0.72536224,0.5800132,0.9148261,-2.2340527,0.03534456,-0.3202275,-0.3193073,0.77628845,-1.6671433,0.8530822,0.15389735,-1.076803,-0.22005235,-1.1227335,0.9194511,1.4426749,-0.663901,1.3269745,-0.094243415,0.6470433,-0.6806366,-0.44498128,-0.9502764,-0.0468095,0.49646756,-0.24616112,2.9633422,1.129509,0.03707968,-0.14051959,1.6127936,-0.8613484,NA19031,1,LWK,6,1,1,1
8.38875,3.2555945,-5.1421833,0.33043233,-4.2737174,13.068604,19.222876,-6.517473,-0.68959504,-0.3853899,0.53929293,2.340971,0.7707537,-2.380411,-0.0637244,0.09643248,0.87094563,-0.80083996,0.91602963,0.7471838,1.0118536,-0.30277756,-2.006135,0.94318765,-0.6070651,-1.4392171,1.2092983,1.5783839,0.69833744,-0.15645604,-0.4653275,0.4892484,0.4941814,0.46901116,1.1358784,-0.7163004,-0.519144,0.17067637,-0.18800944,-0.34972903,1.0093203,-0.9788086,-0.13799481,-0.11779304,-1.4547385,-1.1290635,-1.3225602,-1.1339574,-1.9814395,1.2072427,NA19035,1,LWK,6,1,1,1
6.829079,3.5339477,-5.5299397,0.07943999,-4.2785654,13.774476,19.333359,-6.6456895,-1.6178901,-0.4152689,-0.31104264,1.5750988,0.22527578,-1.5811707,0.4899071,1.5583191,1.5333254,1.4158629,-0.24544393,-0.67260975,-0.3638945,-2.3799164,0.06298061,0.4499282,-0.38771254,-0.31088644,-1.1573988,-0.707424,0.4256949,-0.37212607,-1.3105873,-2.0741072,-0.55073184,1.8637049,-1.2262475,-0.18476187,-0.20848902,-2.1088545,2.0554252,-3.3932724,-0.010858452,-2.171756,-0.9395701,-2.070673,-1.0359403,2.669064,-1.4938095,-0.012180989,-0.78748137,-1.8077803,NA19027,1,LWK,6,1,1,1
7.477614,2.2643275,-5.5594997,0.030818129,-3.835926,14.190972,20.764208,-6.1212926,-0.8325795,-1.4035461,-0.48968828,1.7650717,-0.7545812,-3.3407748,1.6742281,1.3123999,-0.68632364,1.2970668,-0.16781105,-0.5335136,0.44293666,-1.452043,0.2937778,1.161097,0.33592623,1.2083783,-2.1465528,0.3316057,0.37755305,-0.69462615,0.58983064,-1.498074,0.3838961,0.44664505,0.041809715,0.54145306,-0.11085575,0.5639442,1.3188797,-0.77750593,0.63235515,-1.0049518,-1.9691339,0.27522856,-2.218526,0.4382223,0.5716333,-0.6722132,0.14079304,-0.9713788,NA19041,1,LWK,6,1,1,1
4.786879,1.933971,-5.1387296,1.2544602,-3.343978,13.826151,20.871191,-7.064326,-0.24530126,-0.1410615,0.87153214,3.0210342,-1.3525847,-3.6490526,0.051173817,2.0120437,-2.5386195,2.9019668,-0.74956566,-1.7062147,2.3744566,-2.2933488,-3.6501694,1.5371555,-0.49556276,0.5217747,-0.123406105,4.6335406,-0.03696973,0.31115222,-1.2439075,2.608296,-1.5927421,1.0304425,-2.3074422,2.1379273,0.11218661,-0.38741365,-2.3504143,-5.634934,-1.9354535,1.2929895,-1.4951128,0.064493686,0.6963535,-1.8738467,0.49614632,4.327858,-0.019706301,-1.352701,NA19046,1,LWK,6,1,1,1
7.8869233,3.591118,-6.038482,0.6047272,-3.7338455,12.687452,19.553444,-6.870657,-0.56187797,-1.8582877,0.029375881,1.8983288,-1.4618376,-1.651617,1.7392896,0.43940902,0.39221683,-0.25422296,0.2660393,-0.38511646,0.62204957,-0.23185515,1.821603,0.6024664,-1.1965004,-0.07378073,-0.0015827279,-0.02665973,0.618841,-1.2259797,-0.6988135,0.7877703,-0.55861014,-0.7692887,-1.4371464,-0.335661,-0.20975898,-0.40791738,-1.5729967,-1.6221095,0.26377758,-0.9209707,-0.48410776,-2.00353,0.60478437,-1.5396855,-0.74138016,-1.1738055,0.20061052,1.1086491,NA19308,1,LWK,6,1,1,1
7.0851088,3.1210907,-5.655367,0.28213233,-3.4743476,13.443834,19.654814,-6.8907785,-1.1709008,-0.81489474,-0.057918876,1.7430471,0.22549641,-1.9595404,-0.6656535,1.9267032,1.5912106,2.201901,1.4207624,0.27811468,-0.12281989,-1.011879,0.36808008,-0.49814633,-0.38831255,-0.62045157,-1.6717525,-0.028193286,0.68325514,0.6679751,-0.9833124,-1.7165034,-0.37418023,-0.42169672,-0.09936379,-1.8525661,0.5581735,-0.79566735,1.2523981,-1.9977797,-1.380479,-2.583501,0.599305,-0.66907376,0.10755044,0.6503378,-1.0516746,0.5076285,-0.7784097,-2.1810322,NA19311,1,LWK,6,1,1,1
6.833233,2.613746,-5.862921,1.0664793,-3.4495444,14.345456,19.9108,-5.987927,-0.8837035,-0.34987786,0.12370883,2.864859,-0.6652717,-2.5704243,-0.7942316,0.79351497,0.90796727,-0.6410888,1.5178288,1.1542491,1.376157,-1.4949859,1.2817633,-1.2212914,-0.23966965,-0.78015804,-1.7369444,-0.9782498,-2.2624373,-0.7830653,0.62003857,0.33283657,0.9729518,-2.8088999,0.84575206,0.9021119,-0.30978703,0.096263416,0.12211612,0.4238923,1.5817194,0.6269191,-1.4069328,-0.49196324,-0.27131772,0.36155382,1.8610841,1.2241309,-2.4111786,-0.44626132,NA19317,1,LWK,6,1,1,1
4.982172,2.2482607,-5.0014734,0.26415533,-4.1146326,14.440138,20.099981,-7.1688395,0.46109396,-0.07791749,-0.7569631,2.3048518,-0.9146425,-3.1141768,0.5218515,0.3495562,-1.2355062,1.1837249,0.37862328,-0.42768872,2.26492,-2.5637965,1.602745,-1.2015041,-1.423841,0.075666405,-1.2503713,-0.18979287,-1.3677626,-0.13182524,0.08698403,-0.67629546,-0.7194348,-0.246093,-0.39141646,2.8219748,-0.2896668,-1.3825469,-0.6797595,-2.3000371,-0.9338858,-2.1057565,0.17444974,0.002047844,-0.7126707,-0.13194537,2.4298375,2.834515,0.34018216,-1.3094739,NA19376,1,LWK,6,1,1,1
6.21032,2.363631,-5.5592275,0.82626027,-3.9270062,13.742303,19.303633,-5.288989,-1.2632653,-0.7401171,1.1261653,0.07766602,-0.600921,-1.8551434,-0.5187875,-0.022604844,-2.4460764,-2.1284206,0.5654738,0.027665967,-1.36327,0.78658396,0.33735153,0.1831927,-0.50438476,0.41034725,2.408604,-0.99366444,0.23620221,0.4305761,-0.76557523,-0.8085075,2.429581,-0.41017178,-2.7536745,0.38936728,1.723993,3.1187015,4.24976,0.32043317,0.83021915,-2.0724194,-3.6319172,1.0521272,0.90762216,-0.7763097,0.74420005,1.5782595,1.5042913,-1.977169,NA19380,1,LWK,6,1,1,1
7.4787006,2.4271522,-5.406167,0.89777005,-3.209051,13.865275,19.945417,-6.429718,-1.2402093,-0.6370317,0.6689695,1.3620358,-1.7489305,-2.110823,-0.20132385,0.50232035,-1.7515764,0.40881982,-0.41096583,-1.3312745,-0.4854958,1.1254822,1.7803321,2.542272,-1.5482991,1.2123424,1.3129551,0.4451151,1.816296,0.78721184,-1.4253222,-0.36255845,0.54106194,1.3299662,2.124092,-2.0834367,0.6759834,0.33016682,-0.5295006,-1.7236786,-0.63718015,-0.097942464,0.401178,-0.76191974,1.309783,1.826029,-1.2000628,-1.1518373,0.9764471,-0.87384516,NA19383,1,LWK,6,1,1,1
6.9479575,1.7715825,-5.3170066,-0.4517227,-3.4597569,13.545748,20.835571,-6.9145384,-1.1263797,-0.20022643,0.6467491,0.4312316,-1.1680714,-2.6586385,-1.2961589,-1.4619888,0.30763236,0.54265416,1.3675429,0.38511965,0.8073469,-2.2039373,-0.18922642,-0.9079093,-1.0862236,0.13149624,-0.643106,2.404851,-0.39404243,1.0534561,0.90969056,1.1720294,0.90047646,2.653968,-0.7053387,-1.2523686,-0.51223785,0.09906389,-0.10822298,-1.4550955,-1.5796678,-1.4699576,1.3526027,2.2667048,1.5631813,-0.26630193,0.40701663,-0.5660832,-1.7108496,0.5606065,NA19393,1,LWK,6,1,1,1
7.7241073,2.1197739,-6.699671,-0.62562734,-3.8002963,15.403826,20.083574,-6.3781724,-0.20751096,-0.28402117,0.286087,1.6125968,0.0022858076,-1.7991934,0.36922598,0.14103179,-1.29148,1.407877,-1.136841,-0.116176166,0.8838214,-0.9032172,1.1256745,0.38782102,-0.6775199,-0.5063353,-2.3300595,2.7825665,1.1647042,-1.3428451,-0.15900864,0.11307996,-2.054102,3.5276353,-0.14714612,1.1280007,-1.9199328,-2.0561152,-1.7936462,-3.9321365,-1.7341928,-0.33937058,-0.7787685,0.43232754,0.6377788,-0.3787347,2.227271,4.953578,1.0026451,0.7463543,NA19397,1,LWK,6,1,1,1
7.055564,3.3561635,-5.3488574,0.3032079,-4.264487,14.024095,21.41949,-5.8045893,-0.59428424,-1.060509,0.35572997,0.41180402,-1.499966,-1.1850748,0.008701283,-0.2212377,0.91114396,3.3921213,-1.4876689,1.0872495,0.43995234,-1.5754524,3.2200768,0.7777126,2.3697064,0.67172694,-1.4457518,0.27340844,-1.670539,0.33205086,0.35809255,1.5845735,-1.840469,4.463524e-05,-0.5411489,0.569973,-0.6415479,-1.7516726,-2.9067633,-1.6933695,1.2703398,0.38439888,0.11857266,-0.025996761,0.35818496,0.19883044,-0.5429046,-2.082622,0.6609696,-0.1695742,NA19430,1,LWK,6,1,1,1
7.3466,2.0708356,-5.2666163,0.1438,-3.6781528,13.171882,19.906176,-7.013258,-1.1515775,-0.39622742,0.9641743,0.021013157,0.92202157,-1.7122707,0.49147362,0.29808053,1.3312709,1.2246263,2.0079498,-0.06874644,0.33311906,0.93823975,-0.47415578,-0.862792,-0.9314552,-0.11354293,1.5067016,-1.9465122,-0.53916705,-1.5302511,-0.574012,0.7765355,0.07457369,0.16634665,0.20155473,0.76725054,-1.0707176,2.0337636,0.6507235,3.049418,2.0334375,0.1454664,-2.7694073,0.41013622,-0.047548864,1.6474286,2.8099546,-0.42462888,0.3653314,0.23091617,NA19466,1,LWK,6,1,1,1
12.085351,3.7157228,-5.69945,-0.40915146,-4.314615,13.71243,19.299982,-6.4952126,-1.8374584,-1.6693332,-0.48667702,-1.149614,-0.021484796,1.2242532,-0.21581322,1.2963752,0.4988621,-0.5569465,1.1447351,-0.18516806,-0.7522408,1.3675222,-1.5081475,0.0798918,-1.4423604,1.4664104,-0.8747528,-0.5498913,0.43853733,0.47681925,-0.94057465,1.8545194,-1.821169,-0.4823935,-0.43202847,1.8622001,-1.4812193,-1.0756509,1.3552995,1.4540409,-0.9099101,0.23679207,2.052925,0.6807997,1.4891528,-2.4433587,-0.34456915,1.3312297,2.3164208,-1.1793911,NA19038,2,LWK,6,2,2,2
11.237979,3.9300094,-4.1864376,-0.676671,-3.8570426,13.786465,20.969578,-5.8881044,-0.84198946,-1.3170956,-1.66784,-1.7237604,0.7612792,1.3586195,-1.37613,0.56575376,0.6765006,0.24030866,-0.50516385,1.1180962,-0.6251696,-0.108622424,-0.11179551,0.7204281,0.31126302,1.4448026,-1.8876845,-2.1485264,0.1257801,0.111238346,-0.0796737,-2.760004,-0.13801213,0.5259344,-0.038044266,-1.1737016,-2.5708797,-1.3874285,0.27424362,0.99178493,0.6159608,0.23070987,1.2259095,-0.18153821,0.06756916,-0.054642968,-2.6444607,-2.0024004,2.8061981,2.3957374,NA19314,2,LWK,6,2,2,2
10.480163,2.7581348,-5.837155,0.541804,-2.0515993,13.51305,20.112143,-5.959227,-1.0061797,-0.730985,0.43372717,-0.53952783,-0.21767771,0.87190974,0.60940576,0.8855425,-0.12530874,-0.6173468,0.4431305,1.0179029,1.4107678,-2.014638,-0.5972444,-1.4192815,0.7284115,-0.18577918,-0.25282538,-1.2169956,-1.347003,1.5991967,-0.13595912,0.8336311,0.09297398,-0.89781386,-0.6904878,0.5977496,-0.892935,0.9707474,-1.7286357,-0.35687724,-2.5170836,0.5577958,1.5928333,0.33344635,-1.8106962,0.48100916,-0.68241125,-2.1364694,3.0705366,0.5510649,NA19315,2,LWK,6,2,2,2
10.939982,3.524821,-5.823092,0.39450094,-3.8139927,13.549812,19.728634,-6.5928273,-0.3824134,-1.0459037,-0.586252,-0.95913476,0.30691686,0.49579751,-0.7355308,-1.3074993,1.2003579,-0.022900455,-0.047073416,0.744486,-1.6189011,-0.636319,2.854923,0.046032846,-1.2159623,0.1672151,-0.97194445,-0.21337058,-1.4481119,0.90670264,2.1532485,-1.1472739,-0.5291033,2.2698684,-1.0949947,-0.92035276,1.0192508,1.7981519,0.22482741,1.05954,-0.3998802,-1.2473586,0.29747865,0.20083824,0.84393364,1.2160847,0.57575464,-1.4540907,-2.4904428,0.83322215,NA19324,2,LWK,6,2,2,2
11.662652,2.9822822,-6.708725,-0.09664687,-3.8185122,13.233254,19.894903,-6.493264,-0.3319005,-0.6054437,-1.5939363,-2.2015023,0.6805148,1.6782753,-0.44257987,1.0020083,0.09482689,0.20460805,-0.4328761,-0.3778314,0.63514405,0.530086,0.20039882,1.3007826,0.55645007,0.37409222,-1.2869934,0.67571914,0.44319093,1.1785935,0.65309983,-1.8976642,0.28541374,-0.49553758,0.2278008,0.1644264,0.359422,-0.1560547,1.2063187,1.8226777,3.5022714,0.9784576,-0.11194688,0.18945932,-0.74756444,-0.04376991,-1.2258755,-0.42014083,1.7165185,0.2929775,NA19328,2,LWK,6,2,2,2
11.61538,2.5755527,-6.395586,-0.30589977,-3.8254757,13.317055,18.857006,-5.6658573,-1.6551912,-0.67639744,-1.095733,-0.6159061,1.15916,1.6269712,-0.42414388,-0.08828804,0.279632,1.4723183,1.168839,-0.13716859,0.09031896,-0.5704778,-0.5137247,-0.0048977206,0.042292215,-0.2947396,-0.9832023,-1.3947504,2.1251233,0.5943816,-1.8335291,-1.0183136,1.266139,1.5967963,0.44416392,1.7930932,1.3651794,-0.9092494,1.4918675,0.33209863,-0.7924831,1.5466641,0.54981256,-1.655684,-0.24191071,1.5378335,-0.36384436,-1.2241131,-0.3725987,1.7890962,NA19377,2,LWK,6,2,2,2
10.660761,3.4567828,-6.336202,-0.32265392,-4.074383,13.063239,20.404507,-6.7003794,0.67700946,-0.5916327,0.88722074,-1.7132437,-0.43690425,0.44362953,-1.262288,-0.8796272,-1.2266531,-0.5793666,1.1002141,-0.41951665,-3.527555,2.5877736,-0.17361984,-0.34096518,-2.4616773,-1.9768623,1.2004994,0.54120827,-1.4424449,2.262403,0.4174244,-2.5402033,5.058873,2.0754378,-0.597214,-0.85632044,1.9235858,2.1711054,3.8969638,0.31239954,-0.95558745,-0.91129696,-3.3584793,1.4876631,-1.6607172,0.16129899,3.8297777,4.2619243,1.0671468,-7.341567,NA19381,2,LWK,6,2,2,2
11.454756,2.6370208,-5.7692633,-0.4239433,-4.8921566,13.222408,19.812263,-6.7005305,-1.2746792,-0.8694938,-1.1456234,-0.2194997,-0.28400123,1.8530133,-0.8582446,-0.4435967,1.1062003,-0.92944056,1.5316197,-0.9692109,0.7345329,1.4197702,-1.2417046,-0.79542106,-1.779769,-0.18593554,-1.0564495,-1.2313935,1.6142875,1.269084,1.133547,-0.18165651,-1.4671158,-1.989987,2.096142,-1.2294294,-0.38557905,-2.552551,-1.7864279,0.021583926,1.1184351,-1.0392971,1.3602964,0.22609149,-0.044876248,1.1430179,0.1952464,-0.88278055,1.5704628,-1.0535419,NA19398,2,LWK,6,2,2,2
11.834563,2.7284496,-5.7556143,-0.13608834,-4.570463,13.362364,18.76656,-6.6119223,-0.89910305,-0.07021306,0.94240683,-0.83918583,0.3975659,-0.37725943,0.12923099,-2.2253006,0.39671922,-0.567577,0.8405445,-1.3422521,-0.9992398,1.597325,-1.0500977,-1.3753614,0.68358356,0.3842806,-1.3871312,-0.30774087,-0.47136956,0.4108634,1.132319,-2.2946515,0.1793103,2.1855094,0.7844005,1.6047856,0.6704922,0.4409024,1.0415801,-0.060656548,0.33168802,-0.43992785,-0.10488231,1.1066183,0.083593324,2.6143906,0.60544914,-0.53097343,-0.8489411,1.079974,NA19403,2,LWK,6,2,2,2
11.23146,3.2756102,-5.1250463,0.24439007,-4.098658,13.531484,19.96776,-5.738765,0.059406485,-0.5261182,-0.7191504,-1.2063268,0.4329383,1.0071535,-0.5478495,-2.0386384,0.24816655,0.12492844,-1.6541433,0.37956145,-0.91763616,-1.8175405,1.6155689,0.5433561,0.8547275,2.4327521,1.2285655,-2.7198915,-0.2438706,0.7143492,0.4267709,1.5866733,1.9907717,-0.15361956,1.1576544,-1.0587485,1.4798493,0.89232534,-1.4527448,0.7147747,-0.10208319,-0.0042238706,1.3940978,0.20073804,2.2513058,0.21265186,-0.69186425,-0.54577494,1.8277647,0.088430084,NA19437,2,LWK,6,2,2,2
10.854603,2.9986236,-5.7340446,-0.6536824,-3.9930096,14.220248,19.724037,-6.762474,-0.7674585,-0.8827723,0.06110679,-1.1433781,-0.13748854,1.0998856,-0.63890684,1.1283089,0.42751637,1.324403,-1.1330622,0.03157915,-0.5121278,0.54920423,1.8487642,1.3443089,-0.5871347,-1.7878032,-1.0355211,-0.20782472,1.4493645,-0.45821393,0.36026993,-1.533734,-0.09245035,0.10565054,-0.7247128,0.9245211,-1.2256937,0.37323937,0.3901455,-0.19487508,-1.2175277,-1.9275553,-1.6785127,1.0161431,-0.3861492,2.273878,0.60059917,1.3066435,-0.8979034,-0.32300213,NA19439,2,LWK,6,2,2,2
11.399882,4.3988867,-5.134123,-0.10679187,-4.5669303,13.100716,20.682278,-6.4746037,-0.7725346,-0.79940856,-0.7925983,-0.9800985,1.7114012,0.944945,0.5884538,-1.5950356,0.5184876,-1.3423958,-2.0183008,-0.35735837,-0.36169174,-0.707949,-0.9088468,-0.6368699,-0.0395051,0.6461921,1.423424,-2.6822174,1.0832372,-0.4166155,-2.4662466,0.181751,0.29557478,0.48377302,0.529814,0.6883537,-2.5505865,-0.1355729,-0.38370895,1.7365359,-1.3977098,-0.20414111,1.5849695,-1.7304463,0.5762749,-0.31810793,-0.15335973,0.5384493,0.5127149,-1.1666307,NA19440,2,LWK,6,2,2,2
11.673622,2.8704152,-5.451152,0.81060123,-3.4443283,13.58273,19.935965,-6.4680386,-0.5548621,-0.7644483,1.2345638,0.15092374,0.2557336,1.4191897,-0.45955142,1.2945746,-0.9454896,-0.32563844,-0.88231075,0.87092793,-2.157327,1.1490656,1.3324926,-0.8653374,1.6970688,0.08447088,-0.13408735,0.03628681,1.4864283,1.1222525,0.15727358,-0.4770845,-0.66900665,2.107229,1.6815635,-0.7685417,-0.6155711,-0.78885,-2.428378,-2.6155794,1.0030081,0.21420152,2.574453,-2.087071,0.951471,0.46663052,1.526161,-2.0125005,2.6463237,4.4993873,NA19463,2,LWK,6,2,2,2
10.963975,2.6905077,-6.175221,-0.8643707,-4.1081977,13.684693,20.240238,-6.3985295,-0.71147436,-0.36146823,-1.0071409,-1.5388522,1.0699366,0.74376816,-1.2059566,0.086349316,1.7654067,-1.1765174,-0.21510838,0.49941555,-0.9060572,1.2421155,-0.42048472,-0.8063045,0.029331751,0.4087061,0.030414218,-1.9587857,1.0820272,-1.0861497,-1.3906833,-2.2375348,1.0143206,-1.1875484,-0.7773948,-1.797448,-0.76456475,0.52668315,3.3300908,-0.10607239,0.38611653,-2.0582423,-2.5139453,-0.056147814,-0.86126035,3.2428224,1.7189174,-0.32664767,1.3935688,0.42969808,NA19467,2,LWK,6,2,2,2
11.394618,4.333404,-5.7594767,-0.05108342,-4.3418646,13.393415,18.586723,-6.2417455,-0.9073106,-1.2854711,0.03718897,-1.0344491,0.06693704,2.2880964,-0.23684593,-1.31198,0.6553202,-0.0026757393,-2.1353183,0.45453253,0.38095844,2.138914,2.3594875,-5.2119036,2.019042,-0.33892986,-2.1570594,-1.2370554,0.008688311,0.15398201,7.8860307,-0.90154463,0.21265401,-7.6521425,2.2407453,-5.1651506,3.3822663,-0.9673851,0.7841258,8.560635,-0.9338496,-1.0464109,5.5860286,1.0477841,1.1138847,-0.8799277,-1.9923743,-0.27232888,3.1291425,2.9716306,NA19470,2,LWK,6,2,2,2
10.353659,1.9103657,-6.3186655,-0.08949251,-3.9240901,13.581054,19.363934,-6.5952706,-0.8857085,-1.5136331,-0.02524495,0.20202419,-0.53686106,1.6918657,-1.6378688,1.004085,-0.08726424,-1.4771358,1.3654941,-0.44599888,1.4487876,-0.0859347,0.4451336,0.57830083,-0.51306623,1.1922051,-0.9991261,0.36705637,-0.6679339,0.014052071,0.23365118,-0.23089376,1.9711181,0.30130422,0.29614127,-0.6327175,-0.23656148,-1.0130635,1.3572543,1.0371928,1.0433135,-0.5163321,0.5989215,2.7899692,-1.3376893,0.9352431,0.4820886,-0.09997684,-0.21558599,0.12563941,NA19471,2,LWK,6,2,2,2
11.473191,3.6590025,-5.947467,0.72673863,-4.515374,12.653328,19.092094,-6.7685175,-0.47325897,-0.4575838,1.6661837,-0.11411208,-0.15406266,0.21672119,-1.3138521,-0.56131434,-0.0141178835,0.60886806,-0.57284033,-1.2110066,0.6787632,0.77071553,-0.12385438,0.41594294,-0.9467192,0.17671144,1.2076901,1.1035457,0.1826876,0.6307651,-0.4857205,-0.11072302,1.5856465,-2.0010352,0.20543437,0.60015666,0.98617864,-0.28114492,-0.050593536,-2.0770051,-1.5139374,0.026641913,0.32100758,0.068385154,-0.53206414,-0.24945968,-0.29729283,1.0425276,-0.2568823,-2.0263517,NA19473,2,LWK,6,2,2,2
7.732466,2.525752,-4.3990827,0.37978062,-5.0823617,13.53353,20.526625,-7.0115485,-0.7296597,-1.2046276,0.8065426,1.5557384,0.720149,-0.74765515,1.1091872,0.98858577,1.7649828,-0.31010422,0.33152622,1.5887551,0.30506784,-1.0245306,0.3281794,1.5362335,0.56366104,0.35742244,-1.8848586,2.650857,1.4677162,-2.0051808,-1.4436361,0.59990907,-0.755723,-0.74564785,-0.69032073,0.4542842,-0.5113198,0.36148217,0.3400093,-0.17713869,1.4137418,0.9598595,2.12991,-0.060623527,0.4333505,-0.7109395,-0.59965795,0.016673941,2.174498,-0.93915445,NA19307,1,LWK,6,1,1,1
6.5494475,3.4752002,-5.1038833,1.3472279,-4.1434846,13.6794815,20.356495,-6.8799324,-0.6989022,-1.0611906,1.7433287,1.088129,0.15460713,-0.73608047,-2.241934,1.3151156,-1.2923254,-0.4014478,0.8947055,-0.19716498,1.0146664,-0.92898613,2.2248535,0.18650503,-0.23078348,0.6113606,-1.7295412,0.6345075,-1.3495475,0.04845546,0.6828115,-0.9790602,0.21200152,0.62726915,-0.5969969,0.06500258,0.45517096,0.44186935,2.423492,-0.6081523,0.3998434,0.39611265,-0.8319123,0.10698276,0.4423271,-1.2578613,-0.99849474,0.008702228,1.4118084,1.1350515,NA19318,1,LWK,6,1,1,1
6.143855,2.5781035,-4.6403017,0.3911755,-3.9060266,13.38878,21.252504,-6.2715063,-0.8599069,-1.3796836,1.0576943,2.7193835,-1.0991926,-1.0813987,0.8948684,1.2070932,1.4073995,-0.5426041,-1.0171715,-0.16184565,0.5120722,-1.8589785,-1.2699298,0.67667603,-0.38277954,1.6200107,0.45870718,-0.4345737,0.6786964,-0.6434493,-2.3720996,-2.0381498,1.3372929,0.8858155,0.65925044,-0.69669586,1.039717,-2.3409452,0.31261647,1.1467552,-0.8487426,-0.021344978,0.35527566,-0.8904967,-1.0978695,-0.019605571,0.3926497,-1.8423359,0.96989805,1.0105923,NA19319,1,LWK,6,1,1,1
6.8645654,2.7430575,-5.5323443,0.87605685,-4.4351063,13.879375,19.256681,-6.512104,-0.40481433,-0.63177913,0.8286792,0.7831999,-1.0470663,-0.10641732,-0.27264053,1.2779049,-2.5238092,-0.22093405,-0.11719989,1.1502818,0.26764718,-0.3716944,0.4625867,-0.0098098,1.4589492,-0.28981572,-0.33109307,-0.013388294,1.9948133,-1.8516954,0.4547007,-0.19282515,-0.95972896,-0.6950781,-3.043971,0.6736415,0.7924572,1.1119772,1.0394905,-1.6199694,0.92522943,0.030951038,0.029354481,0.26283437,-1.7928973,0.032382697,-0.27925748,0.15092552,-0.13359755,2.0721796,NA19334,1,LWK,6,1,1,1
6.500267,1.9954118,-4.9278765,1.3817257,-3.7520952,13.635424,19.604212,-6.57819,-0.7787773,-0.77769977,-0.84805703,2.1863503,0.20237653,-1.2120848,-0.23883085,1.0862092,0.5940522,0.035178687,0.4391489,-1.6572216,0.2207711,1.3150749,0.9764215,0.41375673,-0.6624015,0.5790971,-1.0612239,1.3252236,0.6324062,-1.5571631,0.68311507,-0.97020674,0.74931103,0.6506553,-1.2072922,0.11297854,0.35027647,0.71148086,-0.6528553,-1.1343818,-0.38016427,-1.7103683,0.36856756,1.3964009,0.24538922,1.0914186,1.5753235,0.8954577,-0.20713998,-4.0705333,NA19350,1,LWK,6,1,1,1
5.5473194,3.2110164,-5.004646,1.4511204,-4.354695,13.641325,19.718489,-5.9324775,-0.06301133,-0.57107633,0.81488454,1.7851937,-0.5927509,-1.6615512,-0.15241566,0.4049783,-1.952666,1.0839292,1.304477,1.0219189,0.42068428,-3.8237948,0.2801452,-1.5864327,1.4812508,0.39846647,1.9066391,-0.8272349,-1.0711037,1.5745717,0.77139586,1.6350398,-0.8770671,-1.1882768,-1.5271302,-0.084557064,-2.0325463,0.5708395,0.48758116,1.6214694,-1.8856663,0.4436184,-0.47895914,-0.50414044,-1.6970384,-0.9562934,-1.3874382,0.36063966,-0.8777785,-2.5297651,NA19352,1,LWK,6,1,1,1
5.4136295,3.5371344,-5.6617236,0.80637115,-4.017392,12.915982,20.22084,-6.0069976,-0.3742963,-1.1594176,-0.48382527,2.495037,-1.0294282,-1.4629575,1.6090927,0.7712174,-2.1899166,-1.2373025,0.15373889,1.0608734,0.4022637,-0.3628446,1.5685618,-0.39787593,-0.96181524,1.0890995,-1.2266889,0.425071,-0.65636945,-1.7284522,-0.9451147,1.2644236,1.1748738,-2.1663136,1.4143087,-0.19318622,-0.25887072,0.6747417,-1.3110975,0.13647303,1.4948319,-0.072282344,-3.3092737,-2.2212481,-0.732551,-2.964408,1.0476036,-1.8429778,-0.26398405,0.828801,NA19359,1,LWK,6,1,1,1
6.892983,2.4897463,-4.768931,0.76789963,-4.4448776,13.874193,20.569035,-4.9386654,-0.26689708,-1.8086846,1.5543244,2.521263,1.253135,-2.54196,0.4433756,0.740838,-1.65384,-0.62977684,-1.0232807,-0.32107127,-0.3029055,-0.9558321,-0.89499074,-0.1814065,-0.5509478,0.13162257,-0.43178487,3.5037668,-0.12551711,-1.9925612,1.8779188,1.4856822,-2.3635566,0.3806995,-0.847147,0.08427886,-2.0434964,-0.66745317,-0.6994553,-4.123303,-2.524174,-1.1793362,0.77021265,-1.8167592,0.09096267,-1.3944165,-0.4919866,1.4868022,0.9673075,1.3124577,NA19375,1,LWK,6,1,1,1
7.284426,3.303958,-4.854076,0.508214,-2.6334176,13.818251,19.616478,-6.196921,-0.7296278,-0.4705258,1.4665513,2.2076714,0.65408254,-0.6553212,0.14020337,-2.257512,0.71424496,0.6946711,1.832173,-0.45853275,-0.12013486,-0.3315053,1.0566925,-1.5223558,-1.6145836,1.057497,0.030762596,-0.32103255,-0.23890816,-0.19250873,0.55319357,-0.7520034,-0.87890637,0.8863433,-0.8799592,-0.43463656,0.5682939,-1.649846,0.9481925,-0.5793271,0.28384864,-0.35147676,-0.34281868,-0.45361358,1.0096257,-0.43617907,-2.5322444,1.0057786,-1.5804772,-0.24748091,NA19428,1,LWK,6,1,1,1
7.475465,3.2422779,-4.760693,-0.40976495,-4.2175245,13.261619,20.684631,-6.7856784,-0.52118933,-0.45732257,-0.692842,0.8730914,1.6564701,0.6170106,0.79596335,0.81321573,-0.056226004,0.20903777,-1.095167,-2.1813734,1.2143204,-0.905784,0.7339307,1.0574025,-0.5520541,1.943817,1.355165,0.27897286,0.5909935,0.852576,-0.28640524,-0.042941306,-2.0299358,-0.16936111,0.04985072,2.8842793,-1.0412228,1.0088301,-0.10949598,0.12074835,1.124273,-0.8354773,1.5537285,0.68651956,-0.9688313,1.6096152,-1.207219,-1.6091413,0.6712349,-0.018926965,NA19429,1,LWK,6,1,1,1
9.366304,4.2431555,-4.8411946,0.40650985,-3.8413525,13.792279,18.327732,-6.5847206,-1.0929505,-1.4606569,1.0040317,0.5859245,-0.519588,1.2423565,-0.42327708,-0.94099903,0.11469546,-0.6499038,-1.1434005,1.248013,0.27682617,1.4601456,2.7384496,-3.314032,1.6045264,0.6109399,-1.9244661,-0.6181933,1.1086746,-0.020708699,5.986407,-0.96501946,1.1115165,-5.94746,1.4707937,-4.238236,2.9793706,0.43271723,0.5730823,6.1341095,-0.32038867,-1.0569502,5.0961747,0.89366317,0.25595292,-1.0953326,-1.3752766,-0.19857128,2.740662,3.3704891,NA19443,1,LWK,6,1,1,1
7.7295084,2.8962493,-4.070766,0.7230495,-3.9038384,13.267422,19.785223,-6.3600235,-1.5447049,-0.1846982,0.045644786,0.5415038,-1.1796975,-0.44204986,0.66766304,0.15927248,-2.006632,-1.4237404,-0.97055477,0.1494764,0.6207851,-0.27735952,-0.5689531,0.55166745,0.5293639,0.0026814528,0.5322085,-0.2319293,-0.22707494,-0.8863381,-1.5170976,-0.9700209,-1.2104827,0.8520128,0.008610017,1.5449457,0.5997398,0.50040865,-0.7678316,-2.716204,1.3760654,-0.3487439,-1.1494097,-1.5745679,1.3357018,-0.2577162,-1.6262226,-0.19362599,-1.4419806,0.3862921,NA19455,1,LWK,6,1,1,1
10.74673,4.177334,-6.145479,-0.40705356,-3.8183482,13.565335,18.741117,-6.216215,-1.2024667,-0.11366261,0.5420599,-0.38466814,-1.8153182,0.09055731,0.7379352,0.66012937,0.7787408,0.21485949,1.7167394,-1.1059992,0.8726157,0.47615272,-2.0685232,0.48669013,1.8510965,-0.9340065,-0.7525733,-0.6621706,2.1878374,-0.7396148,-0.13061035,3.5376203,-0.22906505,-0.5068306,-0.2774629,0.49776098,0.9341292,-1.1419867,0.9156225,-1.1273019,1.3146484,-0.15130398,-2.045244,0.66991824,-2.1051512,0.62255037,-0.72490734,-0.9488839,0.78010905,4.076128,NA19313,2,LWK,6,2,2,2
12.297065,3.7215753,-6.542704,-0.08050549,-4.2837014,13.0862255,19.704037,-6.1971602,-0.059444655,-0.9220305,-0.0688569,0.015598351,0.034192808,0.94299954,0.68786234,-0.44176653,0.1900032,1.5003785,-0.5969355,-1.6291211,-0.28478047,2.310542,0.9947459,2.202406,0.532272,-0.2515031,0.20394126,-0.16854288,0.5289342,-1.6493527,-0.7689711,1.3958788,2.641461,-0.31210417,-0.21598189,1.2851944,0.89652646,1.4926547,-1.6109571,-1.1425124,2.407107,0.048223116,1.3906639,-2.468823,0.36355278,0.7297264,1.7843964,-0.70424265,-2.3689885,0.04486074,NA19316,2,LWK,6,2,2,2
12.296321,2.2124226,-5.933202,-0.27076605,-4.827521,13.605885,19.67145,-6.312053,-2.1930914,-0.21209534,-0.73777574,-0.6531228,0.035536997,-0.16725136,-0.3535029,0.75765693,0.7056524,-0.57109815,0.195646,1.1730813,-1.7964876,-0.08362453,-0.101965256,1.8664309,0.11691347,0.39447498,1.1357636,0.03558064,1.583241,0.3828652,-0.9198234,2.3675597,0.61412096,-0.1137557,1.1601393,-1.0097688,1.0304934,0.84708667,0.418815,-0.53873426,0.1639422,0.3191755,1.5613892,-2.2595713,-1.9468075,0.029837312,0.21626043,-1.9010819,-0.053797383,1.5748386,NA19321,2,LWK,6,2,2,2
10.514753,2.89259,-5.673951,-0.47522327,-3.8018398,13.345333,19.494442,-6.3535786,-0.26902866,-0.5376729,0.032079145,-1.3983117,0.78512347,0.46090668,-0.36284333,-0.18330137,-0.291968,0.9513539,-0.59439665,1.0584179,1.1705933,0.40253368,-1.4924247,0.5018922,-0.91034377,1.7465655,-0.45477125,-0.5085194,-0.44763422,-0.01757229,0.20498389,-2.1084394,1.2500391,1.7945454,1.8471608,1.7299439,0.9072944,0.37124377,0.7072201,0.1038541,0.35551482,1.5387329,-0.8565967,-0.51667595,-1.9069765,-0.27812332,1.7364526,0.82968843,-2.0034747,-1.0070453,NA19332,2,LWK,6,2,2,2
10.884076,3.0286362,-5.548381,-0.4773633,-3.9782007,12.611605,18.680174,-6.663326,-0.45379314,-1.375331,-2.5489533,-1.2738122,-0.08116592,2.0723374,-1.0889885,0.16704178,-0.39007783,-0.720009,0.12417297,0.5357986,0.6547535,-1.8137581,0.39080414,0.7737977,-0.81488466,-1.8411124,-0.0674761,-2.5066783,-0.15616636,-0.30071315,-1.2395712,-0.077155754,0.74172103,-1.1289481,0.102577515,1.8079078,-0.7121048,-0.13673179,-1.8558487,-0.7354734,-1.334971,-0.63636196,-0.9247652,-2.8614771,2.0097394,0.012193936,-0.5312876,-1.3332338,-0.51898944,-0.85605186,NA19379,2,LWK,6,2,2,2
11.587909,2.6360383,-6.288247,-0.8660025,-3.0915887,14.178068,19.282587,-6.793148,-1.0311409,-1.5205104,-0.011432419,-0.5710767,0.26908368,2.0938373,-0.7351508,0.31839678,0.45643976,-1.3908817,-0.60008353,0.52836156,-0.71114457,-0.5616942,1.3876688,1.5813876,-0.109186396,0.24812697,0.36302346,-0.189425,-1.0579332,0.18752481,-0.22143453,-1.1536201,-1.2782434,-0.09358603,-0.3116822,0.17246519,-1.4159547,-0.29173267,-0.40018725,0.8698371,1.3593287,0.56125665,1.0204473,2.7609797,0.83844274,1.1786968,0.15378651,-0.2368736,0.21938604,-1.4249233,NA19391,2,LWK,6,2,2,2
9.568363,2.962009,-6.216783,-0.82216907,-5.068715,14.424421,20.429811,-6.051536,-0.38952124,-0.34626287,0.1084061,0.26639503,0.2959438,-2.1706483,-0.10799352,0.043328155,-0.80987287,1.2174568,-1.6024188,0.5836458,-0.11548268,0.22531448,2.1635768,0.39722314,0.64960647,-0.8826473,-2.2015572,2.3254786,1.7196404,-1.4921124,0.40799868,-0.4799082,-1.2624081,4.1060944,-0.6844563,0.64177144,-1.4911644,-1.5092683,-1.8967654,-3.6871297,-0.8874832,-1.0380144,-0.85085493,0.9629801,0.22415116,-0.56038284,2.267448,3.4042046,1.5450354,-0.19300689,NA19396,2,LWK,6,2,2,2
10.388452,3.0197673,-5.781194,-0.6160668,-3.7218475,14.288271,20.163877,-6.7349353,-0.8640512,-0.08878768,-2.7231345,-1.3297467,0.26753017,1.5951184,3.4106395,0.0016937396,1.6645595,-0.16008706,0.20084426,-0.2764519,0.120620474,3.0883968,-4.853412,-0.25204873,-1.6555321,-3.0521584,6.416842,-0.7532379,2.2602367,-1.5118471,-3.9925337,3.6776273,0.30372137,-0.14761226,-2.1451757,-1.1853913,-2.195178,0.22224416,-2.542381,-4.357303,2.3764746,3.6957657,-6.028919,-0.0298849,1.8648695,-1.4254221,2.6866274,1.8640116,-6.9869823,2.060401,NA19434,2,LWK,6,2,2,2
10.786686,4.012435,-6.116701,-0.8907614,-4.476724,12.6690445,19.906414,-7.055689,0.040789317,-1.4214388,0.0971026,-0.7275005,-0.6243148,1.0050912,0.41545895,-0.5738401,0.96400374,0.7381164,1.1775961,-0.94473493,-1.3534735,0.72537947,-1.8518635,-0.5011532,-0.32699946,-1.4776355,-0.9857278,0.7694574,-0.4223689,-0.78833556,-0.04908181,-0.024080131,0.24997292,1.082898,0.6195088,-0.05347534,3.2320714,1.4643782,-0.47407743,-1.8305732,-1.2437304,0.4610552,-0.21198678,0.050256852,-1.3267643,-1.1618173,-0.96663296,-2.393934,-0.40585092,0.6391369,NA19435,2,LWK,6,2,2,2
10.917236,3.0455122,-5.7989836,0.018456051,-4.179534,13.453326,18.935701,-6.152046,-0.8192852,-1.6278472,1.0234231,-1.649804,0.540278,0.6764416,0.07269214,-0.035236187,-1.313452,-2.2573261,-1.4214598,-0.23902193,-1.281803,0.851899,-1.3009844,-0.8249271,1.1237432,-0.34908685,-0.26907107,1.3506787,-0.12702073,-0.0076020076,0.70975715,1.133561,0.16425487,1.5830814,-1.2064148,-0.032511346,-1.0244255,-0.6394344,-0.5330603,0.10817969,-0.7753803,-0.2806154,1.406456,-0.6618895,1.3553201,-1.0143203,0.37969828,0.28378576,1.6718534,2.3450155,NA19436,2,LWK,6,2,2,2
10.809347,2.1742458,-6.0766535,-0.6033714,-3.1877367,13.938625,18.98251,-6.9095044,-0.33436278,-0.9655249,-1.218432,-1.2811326,-0.528648,2.8291788,-0.12343859,1.1541699,1.4992745,-0.8160474,-0.4403174,-0.501922,-1.9921451,1.6968677,0.029330153,1.6995797,-0.12715724,0.91729206,-1.0290504,-0.72183985,-1.4355445,0.10765575,0.46363714,-1.2807153,-0.24564046,-1.6286614,1.0036392,0.6225654,2.5896244,0.4333911,0.95238066,0.43990675,2.609238,-0.9065882,0.52195615,0.58310044,1.4425321,0.12011996,-1.9564143,1.3859857,1.194532,-0.93646556,NA19438,2,LWK,6,2,2,2
10.1688595,2.680058,-5.8217683,-0.24095908,-5.2430463,13.644386,18.807713,-6.4487004,-0.64056975,-0.87533945,-0.8355384,-0.8827165,1.0528157,1.5392203,-0.3365963,0.09637813,0.4578188,-1.3854866,-0.8882318,0.65605813,-0.3272202,1.2261308,0.7299311,-0.7335059,0.35340992,-0.6530201,-0.1549683,1.3231915,1.0569483,0.044841617,-1.1664834,-1.6564677,0.5703537,-0.9196262,1.2598083,-1.2799939,0.3474618,0.9610271,0.32610542,0.020087296,1.9509519,0.46361428,0.2700791,-0.59098727,2.1238875,-0.8741257,-0.4494904,-1.5361907,-2.2699795,0.089463696,NA19445,2,LWK,6,2,2,2
10.684673,3.3919177,-6.508861,-0.25047216,-4.2063518,13.3647585,21.006077,-7.3798075,-1.3515358,-0.8378329,0.78920764,-0.87426764,0.15675867,1.099998,0.054650288,-1.7291962,0.9578528,0.16478342,-1.5961876,-1.9918652,-0.15824348,2.1692455,-0.98458076,-0.6685773,-1.7607517,0.69994795,1.554056,-1.0815661,0.40919524,-0.031485066,-1.2146488,-0.054640837,0.5280981,1.2703483,-0.77440315,-0.4503339,-0.3059351,-0.4588907,0.3894442,0.10245657,-2.3609715,0.6393663,-0.11013241,-0.64749813,-0.30048534,-1.5214409,-1.9850317,0.54440916,1.800431,1.8848168,NA19446,2,LWK,6,2,2,2
11.436505,4.3176293,-6.2934904,-0.9951826,-4.1399646,13.746509,19.641483,-6.5843916,-0.39367548,-1.3330747,1.492284,-0.013104116,0.4347834,1.3878458,-0.3568444,0.6590757,0.4996213,0.06189643,-0.27168608,-1.723692,0.06165678,-0.5224794,-1.1474174,-1.1162264,0.99994993,1.1477679,-1.8457017,1.6502196,1.4537613,1.3720292,0.5498613,0.3138895,-3.563466,1.724997,-0.1306427,-0.27870053,1.3148167,1.4999549,1.6758019,-0.8672394,-0.3513867,0.1415726,0.96437496,-0.29686055,1.4261651,0.61844486,-0.4111191,1.1591932,-2.8375263,0.11722189,NA19462,2,LWK,6,2,2,2
11.121725,3.1212723,-6.0107107,-0.3013986,-4.3656144,13.67162,19.62375,-6.722105,-0.14200126,0.23337807,-0.8477449,-0.42684925,0.3747877,1.8681093,0.2442282,0.71798444,0.94243217,-0.16585946,0.69742954,-0.3942608,-0.32412288,-0.49008548,-1.4273952,-1.9171668,1.4498335,0.17846398,1.3754354,0.62627333,-1.2656958,0.6851801,0.28240234,1.2856843,0.22177736,-0.112049036,0.48757994,1.5686549,1.727951,0.71385616,-1.0747877,0.54655564,0.20211369,-0.39497948,1.4572803,-0.11584936,-0.6768142,-0.3608566,-0.3773945,0.10605933,-0.47837356,-0.33981064,NA19468,2,LWK,6,2,2,2
12.2720375,2.9191933,-5.9991097,-0.5287653,-4.322459,13.613074,19.249672,-6.816501,-1.5599232,-0.9812416,-0.4398272,-1.5312413,0.47164237,1.8181218,-0.37695718,-1.5492265,0.8361216,-0.019704964,-1.6251968,-0.015750242,1.0567315,1.7924082,2.2771144,-4.9539614,0.8460414,-1.0310576,-0.7871115,-0.7195255,-0.76426256,0.39255738,6.500445,-0.9389447,-1.7871327,-6.2418356,1.9665364,-3.514209,2.9526117,-0.66817814,0.5783281,7.6748548,-1.3231643,-1.0254245,3.6487103,1.1774709,1.2591097,-0.68593717,-1.8527086,0.47332254,1.678733,1.6791987,NA19469,2,LWK,6,2,2,2
11.214419,2.731729,-5.9056664,-0.7048686,-4.1693654,13.502542,18.475191,-5.8890424,-0.59445804,-1.1510204,-0.021022383,-0.96502644,0.7120183,0.6925756,0.2295377,-0.21149507,1.1900098,-0.56865656,-0.4730333,-2.0252326,-1.3406905,-0.4738418,1.1140037,0.7386261,1.7929374,0.8457714,-0.14158587,-1.2365705,-0.9415352,-0.06603647,-0.46390477,-2.050227,0.7986989,0.3883646,1.300609,1.5212269,0.4411125,-1.1185038,1.2589513,1.0334393,-0.6359967,-2.8000994,0.44304842,-0.3559237,-0.17743956,-0.1550022,0.060077813,-1.5921072,1.0761058,1.7178054,NA19472,2,LWK,6,2,2,2
5.6838923,3.442995,-5.353416,1.2885653,-3.1071584,13.774059,21.095768,-4.832105,-0.859202,-0.3976021,1.4469115,1.7339495,-0.7368625,-0.89825,-0.12584324,-0.0021226127,0.17456429,-0.46892056,0.5353585,0.6186628,0.28074658,-1.5706223,0.7604464,1.3083678,0.47410065,2.2444427,-0.09233676,1.3495092,0.00441962,-1.1959254,-0.98443145,1.6431707,0.48475593,1.9672693,1.5957977,0.87741643,0.12061578,0.14137182,0.45953524,1.2945119,2.14732,0.08331268,0.070267186,-0.77427113,-0.05585028,-1.042793,0.3013293,-2.5223036,-2.4118156,0.4652311,NA19346,1,LWK,6,1,1,1
5.587495,3.766102,-4.623788,0.957887,-4.6789484,13.370734,20.319307,-7.0288954,-0.75512797,-0.8831669,1.1192017,1.3027774,-1.4705999,-1.8402196,0.32623926,0.0473134,-0.989023,0.11495313,0.52379155,0.8605368,0.93294734,-3.9560716,-0.064590745,-1.9988335,2.3809042,0.44001648,2.9403987,-1.3109335,-0.58149034,0.59660614,1.5035614,2.8147862,-0.22194028,-1.5129385,-1.5474968,-0.5405914,-0.8272669,-0.51845306,1.4910148,-0.13955681,-2.1300452,0.48063868,-1.4458239,0.14012101,-2.4480329,-0.53789794,-2.3486097,-0.40082684,-0.32856485,-1.8449291,NA19347,1,LWK,6,1,1,1
6.898746,2.3885202,-5.322774,0.67258483,-4.8944077,14.103458,19.157387,-6.1869454,-0.8471362,-0.7173479,0.7667517,1.6997644,1.0743159,-1.4656433,-0.84514886,0.11149126,-0.0072521707,-0.26873305,0.94484955,-1.4934164,-1.0612658,-0.40387687,0.14910825,-1.7059529,1.1561847,-0.46352968,-0.74638164,1.1310186,-1.8012435,-1.1275611,0.8994477,-0.06576015,0.2024884,-0.71144646,1.3832645,-1.0001171,0.77407247,0.4937456,3.4409442,1.4126141,-1.0923492,-1.1078243,-0.85872453,1.812792,-0.34488755,0.47819743,0.62815446,-0.30581322,0.6758772,2.0740674,NA19371,1,LWK,6,1,1,1
5.0665655,2.836275,-6.079269,0.5041269,-2.9508867,14.50922,20.739246,-6.508521,-0.162067,-0.3720261,2.2435231,1.886886,0.28624418,-1.0546404,-0.94255507,0.19853544,0.57738936,-2.4434192,0.85459197,0.5524475,1.7190473,-0.1382367,2.0505707,0.010008257,0.19076414,-1.2969189,-2.6877437,3.6493676,-1.4815246,-1.6188267,0.93799174,2.2703342,-1.1760902,-1.0712023,1.6841925,0.45418194,-1.8972214,-1.3618622,0.030751102,0.65480685,-1.6776437,3.333659,1.9833561,0.5493736,-1.6218945,-1.6791824,-1.1022668,-0.80031955,0.9788577,1.0272117,NA19374,1,LWK,6,1,1,1
6.9618826,1.978959,-5.6918097,0.55491525,-3.5110784,13.159325,19.258703,-6.712865,-0.06028658,-1.2630155,0.9639535,-0.9285343,-1.8399445,-0.98097014,-2.349013,-0.49289206,-1.6669524,-1.8576632,1.3595409,0.2414381,-1.5225936,2.2817023,0.122663364,-1.6698173,-3.7467463,-0.9816631,2.3220217,0.04176505,-0.47384936,2.9247751,0.6760285,-1.6512331,5.111933,1.5392909,-1.3443713,-1.3265935,1.9246945,3.6994388,4.262696,1.2714859,-0.17548087,-0.2530872,-3.701151,1.2118433,-0.8473261,-1.3996004,3.4923985,5.070029,0.96105397,-7.3324995,NA19382,1,LWK,6,1,1,1
5.728992,3.0376818,-3.7575808,0.69638854,-3.922619,14.750013,20.77256,-6.400768,-1.8753266,-0.53803015,2.6480916,0.34897307,-0.8649319,-0.93074304,0.4128816,0.821481,0.16232407,-0.0017417616,-0.23964211,-1.5482906,-1.0167402,0.16898704,-0.4936325,-1.4481617,-0.7760635,-0.15014093,0.3354204,0.9280972,0.7833008,-1.4456373,-0.98823124,2.8842955,0.75044376,-0.30973938,-1.7852954,-0.36720568,3.6609979,-0.6234829,0.7709526,1.3961223,0.49704647,0.48481548,-0.8539978,-0.5267608,-0.23010272,-0.4070564,1.1367097,-0.5056176,-0.24296837,0.44131777,NA19384,1,LWK,6,1,1,1
6.57962,3.6954656,-5.450928,0.4645886,-3.9443753,13.742346,20.023455,-6.0395303,-1.160093,-1.2092909,0.8568518,1.6889497,0.7065183,-1.2160139,-0.805428,-0.4691842,1.2647201,2.1853385,-0.5419636,-0.34557667,0.07733636,-1.2701007,2.911228,-1.1744705,0.014786872,-1.4039838,-1.1610726,0.013166144,-0.95679396,1.0355104,-0.030507393,-0.95317256,-0.8935044,2.0549688,-0.6591378,0.23440678,0.85625964,0.37608594,-0.17555073,1.277598,-0.20410024,0.26156962,-1.7949777,-1.0751557,0.8424632,1.0804024,-0.025312776,-1.3670617,1.2052056,0.24438418,NA19385,1,LWK,6,1,1,1
8.515359,3.8846064,-5.6484756,-0.43328834,-3.8851914,14.168704,20.00227,-6.632021,-0.25776067,-0.7688202,-1.6926367,-0.5244634,-0.5145904,-0.09501839,3.6195533,-0.5265877,2.853875,-1.1611131,-0.28110784,0.22879519,-0.15744033,3.5870955,-4.3351707,0.2471756,-1.0604185,-1.5482641,5.380775,-1.2741325,1.8589818,-1.1203792,-3.3665242,3.911867,-0.5529271,0.26707494,-1.8013418,0.4068177,-2.297322,-0.36081657,-1.9158596,-4.705882,2.4079723,3.6223593,-4.406393,-0.5141249,2.601016,-1.1850849,2.7129776,2.7268207,-7.031573,0.59037864,NA19444,1,LWK,6,1,1,1
6.5430317,2.4907546,-4.628172,0.40170667,-2.748979,14.199709,20.703661,-6.698682,-0.55671465,-0.16997862,-0.4633665,1.189771,-2.3342972,0.28130305,1.3595922,0.5957212,-1.3405608,0.94713813,0.087405294,-0.9017167,0.09830341,-0.5302949,-1.1276253,2.2835815,1.1327381,-1.014533,-0.15087207,-0.75812954,-0.20331945,-1.2826632,-1.2564553,0.4694696,-2.1228836,0.24143152,1.6361371,1.3127787,1.068599,-0.20832084,-2.696379,0.53421235,-2.2634196,-0.4351219,-2.873485,1.4094125,1.0519977,-1.2467682,0.9016262,-0.38002372,0.6280628,-1.1332148,NA19448,1,LWK,6,1,1,1
7.3552775,3.5052316,-5.81637,0.19021967,-3.5663877,13.143277,20.172457,-6.4277573,-0.7777704,-1.0160915,2.075376,2.6897464,-1.042476,-1.7784301,-0.550533,0.19341035,-0.99104685,1.2538323,0.84300727,1.0210125,0.09409617,-1.2647679,-1.8693177,-2.049375,0.4957753,0.09459918,0.02878663,0.20964555,0.0023791548,-1.1301533,-0.12742631,-0.6243382,-0.083698325,0.9568412,0.2815966,0.036110144,-1.1449286,0.6196431,-3.2295425,-0.46417642,-2.0775585,0.49934733,-0.28630415,0.19835992,0.24828069,-0.13253245,-0.102962315,-0.67543215,-0.95857483,-0.8336774,NA19452,1,LWK,6,1,1,1
12.799979,3.4614706,-6.5762434,-0.24955402,-4.330134,13.373905,19.400461,-6.3148117,-0.6442322,-0.29019642,-1.700968,-0.9800673,1.1560515,1.4852219,-0.25055015,-0.24143264,-0.817857,-1.5007749,-1.5562717,-1.3419708,-1.4860369,0.6152604,0.6238917,-1.9152155,-1.4094145,0.6607859,0.073525965,-0.8392618,0.15294339,1.0675708,0.0057118786,-0.98436373,-0.3552302,0.52663267,-1.2084681,-0.70318764,-1.1236366,1.6441004,-1.4942607,0.92647314,-2.2305727,0.55089766,1.3764496,-0.95256865,-0.118143514,0.85762006,-2.196189,1.5046657,1.4825472,0.28632975,NA19327,2,LWK,6,2,2,2
11.471766,2.4791553,-5.479989,-0.7701372,-3.2828164,14.598281,19.353403,-5.3587317,-0.022980778,-1.928182,0.67515814,-0.5733156,0.89535373,1.6393107,-1.5850822,-0.49281666,-1.3443949,0.8152784,-0.5092239,0.113383494,-0.80246395,0.397483,1.0322217,-0.21181609,-0.40783203,0.24574235,-1.3169769,-1.1893361,0.021228323,-1.454391,0.17642255,-0.28599697,-0.24920927,0.49700233,0.04403897,0.63955003,1.884288,-0.89363235,-2.0151145,2.308222,-2.2106376,0.0328256,1.1990501,0.3026333,-1.6501575,1.2405274,-0.11382404,-0.989637,-0.08659312,0.856348,NA19390,2,LWK,6,2,2,2
11.102052,2.5192044,-6.043382,-1.0160434,-4.5556426,14.077004,19.824568,-6.6456685,-2.0056472,-1.886571,0.64299774,-1.2269014,1.5854634,1.0440403,0.089273475,-1.9338104,-1.6368915,-0.45903194,-1.1628059,-0.6913043,0.31267655,-0.06471752,-0.08793372,0.09719132,0.21461277,0.21578473,0.42233902,-0.7743097,-0.36793506,-0.49152914,0.24390207,-0.98969257,-0.8359547,-1.9444851,0.06365297,1.0304372,0.27692083,-0.06522321,0.8573632,1.4868602,-0.30648345,0.33299264,2.0986614,1.1817112,1.4375336,-0.3364627,-0.76204944,-1.3810837,-0.21579678,0.024027135,NA19399,2,LWK,6,2,2,2
10.861831,3.3497562,-5.5383573,-0.26718682,-2.8636947,12.815809,19.654535,-6.299892,-1.1413821,-1.4562625,-0.6413134,-1.1234872,0.89661413,1.6821096,1.0055403,-0.45693743,0.36958164,-1.7516469,1.3129479,0.3949563,-1.775118,0.090570584,-0.4449498,0.96391934,-0.02361975,0.4705579,-0.6092811,-0.32742277,-0.6321607,2.5465777,-0.7860089,-0.34906644,-1.3431991,1.0980456,0.3102489,-0.87477195,-0.5880746,-1.2943798,-1.2885436,-0.15924759,2.0904574,-0.019644294,0.7351535,1.635273,-0.41661593,-0.561733,0.39122516,-1.6202462,-1.0256923,-0.27799472,NA19404,2,LWK,6,2,2,2
10.875166,3.4386964,-4.573137,-0.828696,-2.9001198,13.527145,19.728518,-5.4943075,0.4442589,-1.207688,-1.2597548,0.24307905,-0.15337424,0.121557094,0.70491767,-0.808961,1.5176923,-0.5634779,-0.24301486,-0.024826542,-0.47905916,1.1024212,-1.6508492,-0.5613069,0.19764085,0.67750037,1.9211332,-2.3022606,0.69594604,0.20989174,-0.85760975,1.590775,1.2639347,-1.0287514,-0.17210284,-2.1689086,0.9853614,0.6435049,2.0658712,1.0256538,1.1671124,0.49807587,0.8990486,-1.0596361,3.1642835,-0.6928191,-0.5049665,0.29154518,1.1965219,0.53908724,NA19431,2,LWK,6,2,2,2
11.525005,3.1174102,-5.7747984,-0.56648076,-5.039122,14.4943285,20.82571,-6.671976,-0.76825273,-2.6704633,-0.5237865,-1.8743895,-0.03159621,-0.32241493,-0.7503893,0.27300283,-0.26641366,-1.5795205,-0.7493561,1.43856,0.78284544,-1.8658873,-0.7684791,-0.436318,1.4599111,-1.784094,1.3038917,-1.8855903,0.9396389,0.28276914,-0.74891037,1.0448778,-1.3400258,-0.21563447,-1.9195465,-0.5842192,-2.3479612,0.639197,0.54326767,0.30248496,3.4815876,3.101812,1.3974909,0.90579194,1.3287014,-0.21688494,0.41229132,-1.2936851,-1.2202737,-0.90650797,NA19449,2,LWK,6,2,2,2
11.438164,3.4218934,-5.640718,-0.08194722,-2.8642697,14.324305,19.699173,-6.0702734,-0.53742015,-0.36541408,-1.5856642,-2.6112895,0.8289864,-0.35557038,-0.2049137,-0.19844948,-0.039590076,0.9774859,-0.19227631,1.3032117,-1.2566441,-0.050289307,-0.28859723,-0.7709043,-0.5261831,-0.04043214,-0.7509859,-1.7375848,1.0030854,-0.8471521,-0.74114436,0.16968998,-0.66830736,-0.65071595,0.90161514,0.41676024,-1.3415029,-0.8106472,-0.8044516,-0.63020515,1.407676,-2.220314,-0.40895876,-1.1374254,-0.8555687,0.9839112,-1.3286167,-1.3598754,3.2716827,0.27194715,NA19456,2,LWK,6,2,2,2
11.278331,3.5792694,-5.4556236,-0.9982196,-4.2445164,14.048643,19.617622,-6.0065546,-0.2625573,-1.9561895,-0.7015341,-0.13052903,1.4347396,0.27537078,-0.4282326,-0.43668124,-0.2769522,-0.39741567,0.15652776,-0.024561733,-0.9957414,0.13853423,0.6008224,1.2126081,0.69610447,0.20227648,-0.8024446,0.14883147,-0.0404433,1.6385235,-1.3290657,-0.960762,0.6488765,-0.37318423,-1.5969732,2.410335,-0.18384168,-1.4317145,2.043005,-1.0174416,1.2914647,0.2199041,1.6573669,0.5114212,-1.561355,-0.5334619,-0.26289672,1.7758834,-1.4597327,0.08582926,NA19474,2,LWK,6,2,2,2
4.967125,2.4324195,-5.3785048,0.99442786,-2.9773576,14.60468,20.560453,-6.4664025,-0.80403423,-2.3178327,2.0835702,2.732001,-0.64550203,-2.6565294,0.5061644,0.82620376,0.98524857,-1.3853087,0.034889452,0.37842894,1.2290697,-1.1776441,0.5481874,-1.0828546,1.6488808,-1.5626572,-0.49946433,1.9681377,-2.0555599,-1.4830858,0.8922816,2.286482,-0.46645406,-0.9494443,1.1015456,-1.7728972,-3.0303211,-2.6097665,1.3781596,-0.86985886,-2.696257,3.3607848,1.8371458,0.94862854,-1.8777938,-3.26088,-0.633847,-1.0148835,0.6626175,1.3766618,NA19373,1,LWK,6,1,1,1
11.999824,3.1675584,-6.0303063,-1.3207092,-3.5916774,13.754741,19.839193,-6.322751,-0.59968764,-0.11709588,0.072951496,-2.4309897,1.498385,1.1959344,-0.15503609,-1.0784893,-1.0816109,-0.85584784,0.2838823,-1.5216475,-1.8070405,1.9542572,0.66856015,-0.109927535,-0.36909136,-0.43313882,-0.76681167,-0.087508276,-1.3523762,1.4831144,-0.11951043,-1.2716297,0.65511745,0.1649604,1.1375345,-1.7602872,-0.20985438,-0.17763643,-1.4801555,-1.206804,-1.5358906,-0.27589172,2.1539824,-2.9187531,0.9158481,0.023773897,-1.3186214,0.9970125,-0.49339068,-1.0718951,NA19036,2,LWK,6,2,2,2
5.9630303,2.445886,-6.316024,0.80086565,-2.9036028,13.455082,20.396406,-6.5441394,-0.34074488,-0.8586757,0.7008636,1.47281,-1.7479683,-0.8131738,2.0429072,0.03386706,-0.6534374,0.31052816,-1.2968816,-0.010335962,-1.2910072,-0.47005048,-0.2685091,-0.8033392,-0.9379281,1.5727504,-1.0094802,0.8706156,-2.0346777,-2.4743252,-1.8122934,2.762759,0.04811814,-3.0891244,1.531528,-0.31628552,-0.7597852,0.70884645,-2.1026003,1.1559676,-0.37098017,-0.13052012,-2.9875426,-0.75074255,-0.6751608,-1.3934526,0.9638988,-1.1327107,0.26308897,-0.39358804,NA19309,1,LWK,6,1,1,1
7.131373,2.711508,-4.2799506,0.39164814,-3.7708523,14.222242,19.98524,-6.581308,-0.38378024,-1.7627976,0.48819774,1.5495284,-0.23681799,-1.2015406,1.1225215,0.449557,-0.3578896,-0.4304473,0.7053542,0.25303438,-0.81283045,-0.89225197,-0.14558093,-1.5392871,0.14052826,-0.6764339,1.2263478,0.21174513,-1.2611717,1.518746,-2.5145047,-0.63839525,-0.2248137,0.6107891,0.5851599,-0.87904066,0.10761129,0.6487578,-1.6696191,-0.05781267,-0.53689754,-0.5995431,-0.49464753,0.7769876,-0.15698409,0.43987098,0.94085974,-1.17917,-0.36121055,1.9060366,NA19394,1,LWK,6,1,1,1
5.8918867,3.0004613,-6.312813,0.7535476,-3.386114,13.265338,19.764046,-6.8603196,-1.174682,-0.73895025,0.15959333,2.7779357,-0.42523795,-2.4263387,-0.11180444,-0.3585517,1.0586481,1.3264868,0.38314646,0.9728035,2.1660542,-0.8974328,0.021948665,1.5448549,1.0716277,0.55041146,-0.4162953,0.7885527,-1.0791272,-1.2744038,0.5174002,0.44639933,-1.0138249,-0.5213785,1.5950392,1.3628315,0.4572282,-0.20042695,-2.5554287,1.8866725,1.5363641,-1.1579732,-0.37049595,-0.62422514,-0.051445056,1.3021855,0.17930676,-3.1191266,3.4734123,-1.1161369,NA19451,1,LWK,6,1,1,1
6.0222816,3.4586368,-5.289743,0.77748835,-4.471481,14.588964,20.440428,-6.725915,-0.67013717,-1.3993613,1.014137,0.3608014,-0.48832375,-2.27812,0.41614065,-0.55568737,-2.785547,-0.13382034,2.042637,1.5279162,-0.652635,-0.78578436,-0.20249192,0.98203343,0.5842913,-0.49830312,0.47913244,0.72661346,1.4017459,-1.4120182,0.22032489,0.26619783,1.393158,-0.6760801,-1.6297363,1.1025444,-0.20165339,-0.21765809,3.0859077,-0.31135714,-1.6485367,-0.8833161,-0.36643085,0.15607046,1.977223,2.0301611,-0.65527916,-0.70696485,-0.20323318,0.8474325,NA19044,1,LWK,6,1,1,1
7.364779,3.2734756,-4.8951783,-0.31448406,-4.1831083,13.5306,20.03081,-6.011662,-1.033386,-0.34376863,-0.761802,-0.07651113,-0.26329234,0.7920911,0.7756559,-0.51895326,-1.5509486,0.87014514,1.29855,-0.104251236,0.5494469,2.1876638,-1.1460965,-1.0172853,-0.31407008,-0.61521924,1.3687978,1.6237329,1.5649621,1.6652931,-1.2875187,1.7408993,-2.4564075,-1.0232879,-1.539155,0.096807666,-0.3466042,0.7704718,-0.5961169,-0.9426555,-0.50740784,1.1098025,-3.094146,1.4703534,0.51625323,-0.02817804,1.8621835,-0.45708835,-4.2096066,1.126973,NA19360,1,LWK,6,1,1,1
11.687171,2.9283926,-5.2284517,-0.47748235,-4.730447,13.55545,19.629599,-7.1401167,-0.61627406,-0.21710913,1.2020762,-1.5536267,0.5752242,2.0524306,-0.41861188,-0.6690215,0.31944913,-0.24921447,0.92940956,2.1610625,1.1772659,1.5082606,-1.7574172,0.21065241,1.3399203,-0.02352732,0.3378372,0.46359852,-0.06322351,0.6437005,0.074176125,-1.0608176,-1.3206991,1.0513123,0.04955076,-0.15904813,-0.48105675,-0.5840011,0.08470518,0.60930234,0.48953432,0.27133018,0.054108724,-0.8445903,-0.93600845,-0.5728146,-0.38810116,0.57524276,-0.23700432,1.4979467,NA19310,2,LWK,6,2,2,2
11.959004,3.702824,-6.227339,-0.46181592,-2.877265,12.720493,20.146145,-7.500643,-0.59769624,-0.6838765,-0.43476075,-0.3961115,0.1677568,-0.10792013,0.23069087,-0.6097406,0.44063598,0.32721177,1.0932149,-0.5333634,-1.5376921,0.2567117,1.156241,0.8523205,-0.017907083,-0.038874507,0.56652063,-0.3230855,-0.16309002,0.5055817,0.60805106,1.1624491,1.7031461,2.01508,0.44075015,-2.365766,-0.39881855,0.18174756,-0.42481866,1.1921135,0.92691904,1.7589132,1.4648634,1.1416141,-0.26537725,1.605863,-0.020486983,0.6568312,1.8263674,-0.58543557,NA19457,2,LWK,6,2,2,2
7.3632073,3.2351887,-6.3604584,0.7536953,-3.7421644,14.059126,20.692682,-5.626174,-0.9323312,-0.2996051,0.5272003,1.3612841,0.150594,-2.0177402,-0.6198513,1.9936506,-1.8131608,0.59857225,-0.40619212,-0.21279758,1.3478715,-1.4247525,-1.0540526,1.9484292,-0.100368015,0.33217576,-1.3631016,0.14759395,2.0700457,-1.5759867,0.4421879,-0.49667543,-0.24780963,0.6379189,0.061864633,-0.11688678,-1.0508381,0.98830235,0.94283706,0.85945994,-1.3798301,-0.42590111,0.4302969,0.6961915,-0.7712602,0.846024,0.6702906,0.7486092,1.4362826,0.4475473,NA19372,1,LWK,6,1,1,1
11.333881,1.9145552,-5.749657,0.82588303,-4.6395717,13.052552,19.157654,-7.3176055,0.09915485,0.19622321,0.07551469,-1.8161361,1.7684495,1.5812573,0.47056425,-1.3356198,1.7825671,-0.97325605,-0.07051925,0.4429369,-0.97120625,0.638809,1.1979777,1.2310891,0.3623201,-1.430376,-0.546441,0.18659233,-1.8968384,1.3357704,-0.84140223,-0.035826884,-1.1765671,1.3967867,0.45279467,-0.71652764,-0.5794591,-0.16158168,-0.9282919,2.915809,-0.7630189,2.654024,-0.004083223,0.31397656,1.1943687,0.33989376,-0.9471712,-2.6067245,-2.2442925,0.5622354,NA19019,2,LWK,6,2,2,2
11.246253,2.5782077,-6.1693244,0.106290326,-4.6406746,13.773852,19.713795,-6.2050543,-1.2772523,-0.7033891,0.12986295,-0.3174106,0.487049,1.5005004,-0.8419924,0.1103375,0.355228,1.6270163,-0.9002399,0.92733425,0.61869293,-2.2108812,-0.32501572,2.068898,-0.12622331,-1.2075725,1.2572218,1.0303473,-0.42621228,0.16279937,-0.3380049,-0.2021006,0.39932114,0.44733787,-1.1509185,0.71326345,-0.35169932,-1.7961022,-0.24639143,0.7033502,-0.16485892,1.4947733,-0.9847195,1.9791461,0.86185014,0.35705873,-3.27761,2.1717522,0.9716716,-0.3676265,NA19022,2,LWK,6,2,2,2
11.0208235,2.9051323,-6.1738877,-0.26262948,-4.2735944,13.613749,20.319437,-6.7894516,-0.26433796,-0.27730215,0.7840672,-0.17472911,0.39271426,1.0320877,-0.6753993,-0.1766273,-0.20216525,-2.4258707,-1.1261154,-0.1157432,-0.2807361,0.9321051,-1.798968,0.21260652,-0.9342593,0.6505214,1.0015959,-1.6655487,-2.7416818,1.4152788,-0.5249378,-2.626188,-0.026806667,0.1363215,0.48170763,-0.22697419,0.80822694,-1.4384055,-1.245413,-0.8094354,0.4524406,-0.42534646,-0.26784068,0.09148444,-0.67495507,0.4881564,0.5818194,1.255863,1.6755927,-0.9836034,NA19392,2,LWK,6,2,2,2
6.602726,2.289016,-4.7045045,-0.35519883,-2.7240822,14.035248,19.392616,-6.3392158,-0.31251985,-0.6564294,0.4737883,1.7694556,0.4762861,-1.098109,1.1292788,1.3043379,-0.32261053,0.85997784,1.1203271,1.3321222,1.4551822,-1.0093119,-0.29277214,2.5880651,-0.3676835,-2.3761075,-0.20572744,-0.4407175,-0.8690104,-0.8304886,-2.1040652,-0.6793844,-0.06639321,-1.2337273,0.055248857,-0.6534269,-1.8331605,0.89565295,-1.5315758,1.2301561,-0.72627753,0.2604358,1.3452601,0.54692143,0.28246793,0.50078875,-0.13653363,-0.10665175,-0.737461,-2.5840347,NA19454,1,LWK,6,1,1,1
11.442581,3.362533,-6.36416,0.13433495,-3.4626677,14.123215,19.611006,-6.767347,-1.2692379,-0.7914804,0.90746844,-1.7581146,0.5053819,0.60352486,-0.22991069,0.29660404,-0.73368,-0.3809989,0.727519,1.1880695,0.65898,1.3440717,-2.5117228,-1.3625925,-0.19654733,-1.0497409,1.1177238,-1.85466,0.2530956,-0.26494083,0.71550786,1.7551897,-0.3298985,-3.2093203,0.1588587,0.098965935,-0.4007145,0.8831719,0.63919646,1.0694547,0.94965005,-0.4867193,1.1851938,-0.74133,-1.6308026,-0.16021535,0.6245159,0.16732807,1.3902473,-0.11162731,NA19017,2,LWK,6,2,2,2
11.054708,2.5086625,-6.3587246,-0.93813974,-3.0405672,13.8680105,19.82479,-6.920592,0.10724006,-0.69626,-0.67341864,-1.3859833,0.18219481,1.0926754,-0.9875081,0.36105347,0.3614107,2.2338123,1.2335595,0.18625662,0.39293936,1.8932331,-1.778145,-0.1960963,0.24139518,0.29002318,-0.18511213,0.3775565,-0.44649637,0.3593398,2.5452733,-0.2984333,-0.114708394,1.1040336,1.3540325,-0.40914357,-0.16274874,-1.2532961,1.3783491,2.6406624,0.045364883,-0.69902885,1.2371169,0.6277914,-1.0020102,0.2905882,-1.3463396,0.37301725,-1.2810892,2.9567323,NA19441,2,LWK,6,2,2,2
11.874281,3.1334994,-6.8844395,0.087922506,-4.8710427,13.291987,18.903599,-6.5895395,-0.6751924,-1.2240169,-1.3523287,-0.10356521,-1.5548813,2.1412492,-1.0803727,0.5015472,0.14640404,-0.12294725,-1.3185722,-0.90411216,1.2409984,-0.74658406,-0.40654528,0.8462734,0.9983716,0.08353487,-1.0195047,0.4212969,-1.1703985,1.7519865,-1.5430684,-1.4877791,-0.79768676,0.68062603,-0.2994756,-0.78244054,-1.2961973,0.79845107,-1.7688562,1.2547361,-0.001064144,0.90360343,2.2127006,-1.5415578,-2.241307,1.5827224,0.29711184,-0.066869564,0.37224945,-0.4631105,NA19475,2,LWK,6,2,2,2
5.7123957,3.297391,-5.607685,1.2374927,-3.688584,13.478597,20.65828,-7.2294707,-1.7830977,-1.2662243,0.65191007,0.09274856,-1.1628551,-1.6622856,0.07657408,-1.24292,-0.45579728,1.2005068,0.8361469,0.5249822,0.7658936,-0.71817607,1.0992951,0.112505354,-0.6075548,0.8982646,-2.1997452,0.68673486,-1.0515321,0.289236,1.918461,0.05093082,0.63473755,-1.2099234,0.04770843,2.2909915,1.7667483,0.7772222,-0.2894867,0.31940576,-0.3492086,0.987125,-1.6331956,-1.0538181,0.32802215,2.2202954,0.50980455,-2.1614296,-0.7752797,-0.36761707,NA19026,1,LWK,6,1,1,1
12.634948,3.0987592,-5.5927362,-0.84013075,-3.7744641,12.8590975,19.232231,-7.30596,-0.4193409,-0.75874263,-0.9780015,0.32790175,-0.04297732,1.6070148,0.16882427,-0.562996,0.06840249,-0.08214943,0.8113513,-0.9362546,-0.51652026,0.033382405,-0.6472265,1.7392186,-0.037398867,-1.066294,0.16270025,-1.0585779,0.41553533,2.7011943,-0.007971602,-2.8906114,-1.319742,0.23512049,-1.0089059,0.9008018,-0.64357466,-0.6639536,1.204339,0.32411343,0.63544357,-1.600655,-0.008580998,1.2423778,-1.5201857,0.6083963,0.15497051,-1.0958233,-1.6981431,1.333476,NA19023,2,LWK,6,2,2,2
10.646129,2.9892025,-5.9318223,-0.17124388,-3.938208,12.886856,20.588478,-6.0649376,-0.6644423,-0.69205207,-0.9338281,-0.8920218,-0.57314026,0.909745,-0.28695396,0.97853714,1.1153368,0.20331609,-0.7493335,0.54418343,0.1685184,0.9314612,0.39399236,0.3372546,0.70451653,-0.122522384,0.4056222,-0.67958224,1.4498674,0.2351455,-1.0793601,-0.8163462,0.01458286,-0.11914162,-1.5822968,-0.22673939,0.42925084,1.3428004,1.1646639,-0.43937275,2.0227137,-1.3599682,1.0732658,0.34086812,-0.025308656,2.531903,-0.021469925,-0.9900582,0.13134383,-0.51909685,NA19378,2,LWK,6,2,2,2
6.715865,2.7165434,-4.671387,0.2083213,-3.313496,13.7142515,21.222368,-7.4707355,-1.0742306,0.03478287,1.6740503,0.6600739,-0.083570756,-0.9992164,0.59417486,0.51221275,0.5823078,-0.22985621,-0.34872338,-1.954924,-0.22950616,-0.08493586,0.5435117,-1.5890087,-1.6251863,-0.8662847,0.6327334,-0.6500453,0.25755513,-0.2200314,0.59827995,1.0104032,-0.11962292,1.6621501,-0.46247393,0.5087162,1.0249538,-1.3114942,0.96878904,1.3929399,-0.51421183,0.054209605,0.274022,-0.14567769,0.8812982,-2.2909536,0.052587617,0.55905944,1.5737116,-0.7489103,NA19025,1,LWK,6,1,1,1
11.98382,2.0537002,-6.8335505,-0.017974287,-5.5257225,14.532791,18.913004,-6.543091,-1.2855396,-0.064431354,0.23112018,-0.61510235,-0.062056877,2.4100912,-1.1449008,-1.2132099,0.3548526,-0.47568953,0.17121412,0.37305412,-1.9533486,1.01704,1.0109104,1.6269743,1.6514909,0.8216373,-1.8777138,-0.7034046,-0.014842828,0.09818858,1.8275794,0.03760323,-0.6013716,1.2798984,1.9514109,-0.2914309,-0.40290514,0.1958991,-1.2048957,0.13312991,0.074851826,-0.7028949,2.764151,-0.4220414,0.5502623,-1.2076705,-0.10648988,-1.390398,-0.80186456,-0.8034574,NA19030,2,LWK,6,2,2,2
11.048697,3.9718769,-5.3415303,-0.74634033,-4.1790943,14.522643,20.811857,-6.01172,-1.3263545,0.07132485,-0.21788822,1.6651111,-0.23017219,-0.15622082,0.30456802,-0.20071785,-0.6167725,0.45237893,0.8138925,0.37781852,0.7079781,-1.9095334,0.75837225,-0.38016075,2.049929,0.36773705,-1.1621759,0.39418566,-0.7763318,0.35957804,1.811206,-1.8847886,0.7255481,-0.2738539,1.0783612,-0.64098257,2.1779704,0.7962086,0.101283096,0.0886601,0.054441296,-1.5860361,1.8521315,-0.8229659,0.12812367,0.8113023,-0.19834885,-2.4152098,0.46493745,-0.50493735,NA19037,2,LWK,6,2,2,2
10.104363,3.9367113,-5.6309743,-0.38212702,-3.205611,14.1083975,21.209915,-6.1864815,-1.4157966,0.18591827,0.25495118,-1.7028804,0.028285548,0.93784046,-0.10955046,0.61495835,-0.5198688,0.51020056,2.508474,0.19794181,-0.6335814,0.9829289,1.3947996,1.3423158,-0.18071842,0.285834,0.30759716,-0.0726441,-0.94877595,1.7859329,0.1785335,0.48537025,1.5873399,-0.7774845,1.6535617,1.26854,0.47145575,-1.226877,1.536358,2.0153081,-0.43592772,-0.8364157,-2.0666463,0.25704598,-2.1504498,1.917894,-1.4493314,0.84002006,-2.189717,0.12926134,NA19039,2,LWK,6,2,2,2
5.820829,1.6670955,-5.672589,0.24985932,-3.1835182,13.37633,18.843262,-5.2805257,-0.6660825,-0.8602339,-0.6844694,0.053037044,0.89694154,-2.5517948,1.2622377,0.31781933,-1.0437415,-0.07745395,-0.17671166,-0.5342566,1.7046747,-2.3105805,0.39243233,0.06778551,0.008044502,0.6295682,-1.9902354,2.2941244,0.24085237,-0.56654084,0.21025012,-0.35262904,-0.18497264,-0.5007464,-0.41821253,0.69987434,1.383188,-0.22515845,1.9451042,-1.4699804,0.07533319,-1.0745745,-0.8718688,1.6497054,-0.57566816,1.4335078,1.1827716,0.27928048,2.2038918,-2.2567418,NA19043,1,LWK,6,1,1,1
5.457449,1.9850506,-4.912108,1.7983869,-3.5400274,14.998598,20.821333,-5.9494452,-0.686046,-1.1549447,0.8007938,2.1694086,-0.8185363,-3.6161966,-0.52888834,1.8885016,-2.321575,2.2542424,0.10188437,0.30561396,1.8824202,-2.1969583,-3.218599,1.2153118,-0.43273214,0.4386836,0.121728554,4.3204675,1.0987444,1.1740195,-0.39793307,0.7721498,-1.2061282,0.8742812,-2.037731,1.6440661,0.31011236,-0.019904492,-2.3509,-4.3583694,-2.204355,1.9038322,-0.24769506,0.24709433,0.26135278,-3.3635812,0.40115944,4.444182,-0.82318646,-1.6355073,NA19045,1,LWK,6,1,1,1
11.6445465,2.87826,-5.792893,-0.1329183,-4.6367044,13.13709,19.353443,-6.7076573,-0.6115757,-1.2468789,0.3057329,-0.8799691,-0.056250136,0.37403306,0.013366347,-0.91709816,-0.8756649,-0.87103343,0.09431228,0.95388824,0.09793651,-1.4011781,-1.6295105,2.2918277,1.0247508,-1.0455868,1.1555502,0.8787777,0.08731451,1.1579847,-0.23318335,-0.048129994,-1.0902189,0.20642231,0.9667489,-0.048520725,-1.468573,1.229775,0.03287459,1.3052963,0.73226076,0.95147157,-0.08863209,-2.2611954,-0.881747,-0.40865406,-1.1885446,0.78953516,0.7322839,0.2317675,NA19402,2,LWK,6,2,2,2
9.756219,3.2396736,-5.726239,-0.75916916,-4.2070866,13.4345875,19.40172,-6.2986565,0.07690265,0.028075526,-1.8471576,-1.7797815,-0.30961972,0.4915659,4.595361,0.33802956,1.8590994,-1.7050084,-0.17340712,0.06122393,0.58281916,4.565643,-3.5997994,0.42492995,-1.3325769,-2.4784312,7.3562007,-0.59769225,2.008765,-1.2711388,-4.2387323,3.9381232,-1.2452828,-0.25408697,-2.7628431,-0.1691189,-1.9908077,-0.03722158,-2.6982968,-4.230105,1.9435853,3.5624185,-6.216554,0.54378927,2.964602,-1.6219097,2.4079046,1.0401995,-7.1844234,0.22891352,NA19432,2,LWK,6,2,2,2
10.948653,3.878741,-5.4273796,-0.038235087,-3.3435245,13.248889,19.304033,-6.49315,-1.1383001,-1.3414825,0.5772175,-2.0402572,-0.32386214,0.11181419,-0.5960636,-1.6027064,1.415259,-0.71650475,0.31351778,0.19447094,0.8603592,1.0920367,0.46123186,0.12354383,2.0511818,1.728639,1.0798582,0.07372096,1.6833376,-1.3065184,-1.6357409,0.95409846,1.7437779,1.5854509,0.17927419,-0.82504606,-1.7347678,-0.18172906,-0.13910812,-0.3624697,0.6735097,0.05092597,0.6495768,-1.7384987,-1.1732229,-1.3042535,-1.3648257,1.658939,-1.1808993,-0.70563996,NA19024,2,LWK,6,2,2,2
11.2000675,3.0827086,-5.704531,-0.2580251,-4.318176,14.073866,19.458336,-6.3808637,0.50531536,-0.13518538,-1.4825996,-1.4238763,-0.31375754,0.47372466,0.3920549,-2.3716102,0.20833649,0.41251594,-1.8569554,-1.4572327,0.122052796,1.063499,0.1621962,-0.1836023,-0.82659245,-0.5347221,1.6697638,-0.29433757,-1.6138402,0.7514602,0.6038351,-1.2659118,1.7195547,-1.6941384,0.88427085,-1.1555172,-1.2118783,0.20592439,0.20767993,1.023072,1.6852767,-1.7857437,0.548851,3.115533,1.0466294,0.7225074,-0.26572797,0.09931108,-0.65855086,0.11280456,NA19323,2,LWK,6,2,2,2
7.8924003,-11.264293,20.5319,-5.1322336,0.68549603,-1.252132,1.3841757,-1.5850513,0.6956243,0.47699937,-1.5923998,-2.2268384,-1.002725,2.4592845,-0.23870106,1.1757345,-1.0684745,-0.117578246,0.57358855,-0.23337196,-1.1226634,1.1666151,-0.06821763,-0.41582495,-0.6512952,-0.5538144,-0.0709571,0.6830119,-0.58541095,-0.35160658,0.763108,-1.215157,-2.7045262,1.2206357,2.9900763,-1.719329,-0.20434193,-1.2011497,1.9286103,1.3055476,-1.3297467,-1.591737,-0.8236321,2.2918298,-1.2394135,0.067960426,0.38064247,-0.003822463,-1.6330116,-0.3292959,NA06989,2,CEU,1,2,2,2
2.0355256,-11.52965,23.09685,-3.9395068,-0.750077,0.47124377,1.7185953,-1.9173177,0.44205505,-0.9137586,1.3761867,3.0100727,1.5343891,-3.2876492,1.683656,0.30208355,-0.17191792,-2.406667,-1.5900933,2.2769213,-3.5437238,-2.3908525,-0.91664857,1.4748982,5.047815,1.4477241,-1.4769258,-0.61641914,3.5180829,0.3103629,6.231074,-4.458303,-5.65439,4.0280695,-6.349993,5.1919003,8.445685,0.25363758,2.01493,-0.12867297,1.8494378,2.760103,-1.6849332,1.1075811,1.3234863,1.064148,-2.2407007,0.907895,1.5917741,1.5929705,NA11891,1,CEU,1,1,1,1
1.9825866,-12.982364,21.585424,-4.4293313,-1.1424495,0.607694,1.7466186,-1.0023127,-0.7260282,-0.70163304,1.3573718,1.7707182,1.5836126,-4.196505,0.34167406,2.3790767,-1.7126794,1.9603968,-0.17604278,0.6448294,0.30851567,-1.1341606,0.61696464,-1.9929098,-3.0066488,1.0358622,-1.4587338,4.165956,-1.5687066,0.6697155,-0.44444007,0.13939522,0.060333386,2.1206412,-5.363488,-0.7067538,-3.378352,3.0098088,2.192896,0.9479558,-3.1469774,3.767779,0.52367634,1.3649982,1.9004822,-0.1572523,-3.1769907,2.578499,3.9111774,-3.170476,NA11843,1,CEU,1,1,1,1
6.307041,-11.017338,22.475794,-4.633147,-1.416474,0.3845707,0.8552923,-2.1475503,0.14307496,0.2656577,-1.696428,0.8530822,0.06490321,-0.91724116,0.5604443,1.3073914,-3.8894813,-2.0845625,1.7008884,-0.1475999,0.30410022,-1.0774347,-1.0980201,0.82040685,4.464981,-1.9927102,2.9827697,-3.1794763,0.95673525,-2.577958,0.55791855,-1.4788111,-0.6914897,4.746931,1.4974682,3.0331829,4.737119,0.29772508,-1.9611884,3.1696506,0.9501328,-5.523407,4.865889,-3.3965085,-5.7090497,1.1811773,-0.18110183,-1.9466395,0.07170701,6.5857215,NA12341,2,CEU,1,2,2,2
2.8451552,-13.73543,23.6575,-4.3236766,0.25410807,0.086543016,1.4772698,-1.3560811,-1.0230163,-0.1870728,1.9936825,2.299364,-1.2530624,-3.837704,1.9718975,-0.8072495,-2.7966242,-2.2745757,1.2427877,0.29097417,2.3069546,-0.66766113,-1.2912041,1.2617836,-2.1805947,3.5665488,-1.568573,4.165506,-1.210693,0.20775442,-3.5241718,1.3421981,2.4942565,5.9951324,1.3415896,4.803044,-3.2507687,2.9603336,-2.0226736,5.7187147,5.044976,-2.109595,0.97258973,2.350123,1.8574406,1.0869375,-4.5796914,-1.8459612,10.518749,5.2633214,NA12739,1,CEU,1,1,1,1
7.862182,-13.209081,21.224476,-4.795161,-0.008537983,-0.09266002,0.9405373,-1.5040543,0.104507,-0.061996993,-1.0619925,-1.3872262,-1.2786405,0.93528306,0.43855184,1.9939017,0.13396694,-1.3843452,-0.62324005,0.20687073,0.9270164,3.397206,-0.31271043,-0.58038014,0.8548416,-3.673066,1.4757688,1.866661,2.0739276,0.08990799,0.8798941,1.9284608,2.4975944,1.4669917,-0.84486175,-0.12775292,0.7077341,-2.3697479,-2.1245718,0.026408935,-0.8666501,1.8282394,-0.90067613,-2.784357,-3.4496624,2.5572762,1.9898604,-1.0391773,2.0516798,-0.2185187,NA10850,2,CEU,1,2,2,2
1.0481007,-11.759942,23.171438,-3.4443402,-0.3728009,-0.5692137,1.1499575,-1.2550061,-0.7532712,0.4605149,2.3770056,1.6183364,-0.51859885,-3.276989,1.8401479,-0.15531582,3.583222,0.5120358,1.3445395,-1.4870908,-0.47062084,-1.434492,2.6902485,-0.07755763,-0.082237534,0.43620273,-0.2971112,-1.3051568,2.716323,-0.034574766,-0.4758856,-1.9305152,0.42087975,-0.86980057,1.5652778,-0.29213923,-3.2184963,1.0018224,-1.1789151,-1.0799934,-1.5949259,2.8599334,-0.26954526,-1.6546801,1.3423167,-1.3046341,-1.6795257,-1.0353857,0.07926496,0.14182007,NA06984,1,CEU,1,1,1,1
4.0818024,-11.603408,21.42383,-3.486452,-0.37524295,-0.609578,1.9484146,-1.7083274,0.043660127,-0.86847585,0.86450136,-0.80674833,-1.4154372,-1.5902953,-2.3863654,1.9270804,-1.0599272,3.9281814,-2.9304848,-3.4563184,2.2148395,-2.4023173,1.2111672,1.4475331,-3.950645,5.97701,-2.152612,-2.3141115,-0.5044919,0.6858037,-0.5748023,-10.499978,-3.7480555,-5.315636,-1.8139468,-1.6252971,0.25495112,2.4169135,3.4313684,9.972829,1.2216082,-1.7842919,-0.09040024,7.173354,1.422965,2.2249036,-1.6600233,-2.0198977,-6.2598443,-2.3650045,NA12877,1,CEU,1,1,1,1
8.487624,-11.08798,20.522205,-5.66125,-0.21687919,-1.094901,0.7440707,-2.0451553,-0.10405451,-0.35940254,-2.9002774,-3.1383986,0.023264106,3.3854716,-2.694505,0.03286093,1.8045261,0.6052099,-3.1064875,-1.3765891,1.8722464,3.5375233,0.15921879,-2.4195125,-0.21185297,-3.8580608,-2.9331763,-4.2253814,-4.5940094,-1.0693214,4.3928914,5.8598204,1.1565833,3.364695,-6.1101203,1.7733217,4.5873814,-1.0116154,1.3478365,-1.6440954,-4.0740914,2.5724335,1.6808968,1.5237209,-2.0776613,1.3922935,3.451621,0.6493518,-2.1260664,-1.7676494,NA12275,2,CEU,1,2,2,2
4.415067,-12.53924,22.43949,-4.7922225,-0.28258285,0.27677894,1.779006,-1.9351462,-0.112888545,-0.18185833,-0.27219513,0.598704,0.48388067,-1.2846577,-1.4532572,0.36948872,-1.4033084,-0.86309224,-2.2035735,-1.8603379,1.2713072,2.5957696,-1.1365298,7.3899593,2.4041471,10.366878,-3.9663217,0.8780332,0.8549081,0.13598476,6.7435718,2.363041,1.9044547,-2.0038247,1.9272801,-2.0167036,1.233967,2.7446382,-2.849213,1.0106258,2.117759,1.2689667,0.55466723,-3.0337517,-6.186718,-2.3844955,-1.9906517,0.042057768,-2.5732992,-0.8186665,NA06986,1,CEU,1,1,1,1
1.5005237,-12.420699,21.80566,-3.9563794,0.023492282,-0.17475131,0.42140412,-1.7311805,0.49211422,0.7846249,-0.14471531,1.0801535,-0.42881474,-1.9488137,1.4411474,-1.5990056,-1.5257701,0.5287458,0.46812436,-1.3941199,-2.4937298,2.3040187,2.2475238,-4.5203347,-2.7281973,-2.3661911,-5.236809,2.2828052,-2.945057,-2.0124087,2.8837547,2.0318744,0.5935557,-1.26768,-3.5565696,-1.8933585,3.035614,-0.6078754,-4.665613,0.7915567,-2.21043,-1.3973048,-1.4453256,2.0158892,2.3840735,4.4297843,-0.45210755,0.69775987,-5.957504,2.7579195,NA12272,1,CEU,1,1,1,1
1.6100525,-11.972786,23.671804,-3.3490531,-0.8439454,-0.9968329,0.9521928,-2.3684423,0.046233688,-0.32785124,0.8934244,1.2833104,0.56247556,-1.2605182,1.5929488,3.2704744,-0.6330164,0.8929062,2.9009,-0.7827529,2.595275,-1.6745508,5.2961082,1.2035052,1.3584093,2.0574975,-1.8140887,1.99041,0.5121778,-10.0674515,3.7312462,-1.5132335,-4.1948833,0.5680891,6.0790815,-1.2327592,-4.088802,1.8414152,3.2778807,4.4919763,4.166744,-7.9285464,0.974836,3.5622866,-0.16494827,-0.36052752,-1.9990513,-0.3082785,0.07849021,-6.0267024,NA10845,1,CEU,1,1,1,1
6.746248,-12.842878,21.417828,-3.7614028,-0.7230592,-1.1497173,1.2115015,-1.2981495,0.32081816,-0.37664133,0.019733027,-0.11939781,0.5898129,1.2715378,-1.2550565,-2.3030577,-0.56915176,-2.5958815,-0.22814819,-2.0334368,1.2729666,-2.2948213,-2.4671335,-1.3116153,-0.47974357,3.027651,3.5123136,-0.11463064,0.7377541,-1.327625,1.3141538,-2.1587434,-2.6837873,-0.77808666,1.3718472,-1.0615706,-1.2616924,1.3379402,1.7677722,-2.1273189,-2.354943,-4.8334117,4.5587263,0.37798867,4.3312254,1.0725626,4.4324636,-9.096398,-2.5784135,1.1470256,NA10852,2,CEU,1,2,2,2
4.062369,-12.020382,22.246618,-3.7194672,-0.516603,-0.24650362,0.30010897,-2.0856283,0.21667737,0.18411148,0.011761451,-0.4296392,-0.32351232,0.41357544,-1.252966,-2.5964425,-0.8776087,0.02102816,0.6391781,0.28000894,0.42878217,2.3883133,-0.013824237,-7.122822,-1.941367,-1.4458466,-1.6429749,1.7722615,-0.3067896,0.05600498,-2.1540647,0.47421128,-1.3865634,3.013293,-0.4404109,-0.07402509,1.5927777,5.884196,5.0740523,0.9990216,1.6004428,4.782014,-0.60217744,-2.5162108,4.1764283,-1.1949245,1.8418024,1.6970645,1.6508375,4.263396,NA07051,1,CEU,1,1,1,1
8.7704525,-11.945299,20.322157,-5.0570273,-0.9692151,0.3389548,1.4108739,-0.8002903,0.3153847,-0.15177234,-1.4163396,-3.0094192,2.5820656,1.7156259,-0.30939955,0.88304096,0.4330013,3.8846023,2.1666808,3.627302,4.332683,-4.142639,-0.5691127,0.3460386,0.5651671,-0.69499,0.72078294,1.4405696,-3.2953637,5.063326,-1.5669006,-0.53622234,6.729349,-0.57908386,4.7320266,0.7290471,-3.071183,2.105146,-2.4827006,2.5918384,-0.8828629,3.4081872,-0.5441721,-2.452983,2.3220563,1.5055617,-1.731188,4.689744,-3.9816008,0.35843614,NA12400,2,CEU,1,2,2,2
3.5177977,-12.200334,22.482656,-5.1451135,-0.11455144,-0.23205568,1.3026793,-1.1588722,-0.30955622,-0.8922507,0.37744695,3.3150952,0.31484413,-1.243493,-1.3627313,2.408031,-3.245319,1.0744631,0.732734,1.7963464,4.2606926,0.2773569,5.798334,-0.8223377,-2.460188,-1.5442102,-2.1891918,3.5737321,-1.5889851,-1.5843208,4.1475844,-1.374892,-6.994064,-2.3547602,7.7153716,5.079854,-3.8668556,-2.6037953,-2.9078276,-1.4045483,0.24030066,-4.397204,0.46519062,-2.1930413,-0.47338316,-1.0872645,-2.1171305,-2.5655131,0.27821928,-6.45414,NA12344,1,CEU,1,1,1,1
3.7477014,-12.659425,23.251345,-3.808377,0.5225062,-0.325868,0.77163285,-2.0483525,0.7946442,0.9343371,-1.2121754,1.9469811,-0.92953414,-0.7082533,-0.9269356,0.42407078,-2.4010355,-0.61344373,4.088321,1.6990092,1.5466788,-0.23163667,1.5317146,0.23883617,1.3117667,-0.7391993,-0.93079,0.113332406,-0.9135773,2.5248628,-2.567361,3.4605868,3.183709,0.5348216,0.35213158,2.9245102,1.6073234,-3.804088,-1.2288438,-0.5638495,1.3991053,-2.9528136,-2.371591,3.4993112,-0.16261643,-1.5661592,-2.7891436,-3.5799787,0.9168222,2.6996775,NA12777,1,CEU,1,1,2,1
8.550581,-11.56637,21.973244,-4.1000752,-1.2123165,-0.7786145,1.4045575,-1.3555483,1.106085,-0.5739493,-0.6451786,-0.49155235,-0.46224695,1.838396,-1.1096733,-3.9634342,0.72314954,-0.45330128,-1.2528436,1.4895238,-4.341164,3.0642307,-2.4208133,0.40937114,-2.0420027,-1.9373299,0.04193358,-1.3745962,1.7883198,3.3521965,0.1669574,-0.0015212944,0.72372043,-0.8166247,-3.879794,-2.5913084,0.9613519,2.1970723,-1.5260875,-1.796112,5.417996,-6.2018228,0.5233028,-6.193346,-5.5157623,6.56043,0.80984175,1.5406406,4.2306194,-0.036085665,NA12287,2,CEU,1,2,2,2
2.4597683,-12.110323,21.92184,-4.0022397,-0.08016113,0.6017351,1.77393,-1.7109889,0.39715192,-0.09835273,0.864209,1.0397933,-0.3293787,-0.30218983,2.2424877,-0.7185756,-1.2735562,-0.16693282,-0.7579464,-1.6828892,-4.673067,1.5451533,2.580662,-8.845187,-4.165202,-2.6558259,-8.633268,5.469546,-3.7414443,-2.6958392,5.1727395,5.221638,-0.1492639,-3.465408,-4.5170584,-3.2961159,6.982245,0.35513315,-3.603261,-0.56073385,-5.063339,-1.9690841,-0.20597318,5.0057755,3.1283705,7.020832,-0.038662497,-1.0049005,-8.674046,2.3834,NA10837,1,CEU,1,1,1,1
7.409862,-12.51671,20.888697,-5.648176,-0.3245293,-1.30399,1.5477072,-1.5292534,0.2745045,0.3527007,0.40076825,0.04794368,-1.0579407,1.4173796,1.2082988,-0.85806173,-1.3101125,2.0978405,0.43260628,1.8350775,-1.296234,-0.43429232,2.2598748,-0.8328498,-0.422546,-4.353601,0.2636185,4.719008,2.1247957,-5.720852,0.9111435,5.838707,-2.1919236,-3.7350698,-5.1212673,-4.2974677,0.900099,-7.792172,-6.1500635,-2.045121,2.1129272,2.823866,-3.2224052,0.60206836,-1.191065,0.24979585,-4.319497,2.2715857,2.727185,1.2878109,NA12383,2,CEU,1,2,2,2
1.4229348,-12.717591,24.242678,-3.3904805,-0.9354545,0.6055572,2.0565567,-1.0962131,-0.11504406,0.8095079,0.09426648,1.8401265,0.6762157,-3.438756,0.81366736,1.7973504,-2.4424262,-1.5533104,1.1287913,-2.4163964,0.23170267,-3.5713735,0.6602848,5.070054,3.6609643,-1.5756856,1.1957886,-1.2026472,0.4057775,1.5448625,0.7996963,-1.8395994,4.174573,2.1560893,-0.22942872,1.4065814,1.8577513,2.3206182,1.9997134,1.0443575,-2.8046532,-3.612704,4.4297347,-2.9767134,-2.666626,-1.5362684,0.12631807,-0.51993626,-2.0003114,4.6079197,NA12340,1,CEU,1,1,1,1
9.58616,-11.783728,20.55825,-3.6046522,-0.30134377,-0.917365,1.1425923,-0.4990067,0.7698338,0.18195866,-1.9746901,-2.2208242,-2.4253597,3.7598505,-2.2343137,-0.8462162,-0.7420355,-1.5942739,1.696276,-0.28120327,-0.2524264,3.018742,0.26677674,-2.191231,-0.22249275,-1.8718935,-0.37851694,0.9627118,-2.0468364,-3.8045611,5.1755,1.4806612,-1.6325752,-1.7232479,0.7542124,-2.3528423,1.4294082,0.83273244,0.6576499,1.8336976,-0.42824543,1.982672,1.6138768,0.9458298,-0.2589616,1.769522,2.139369,6.7857766,-3.156241,0.37723705,NA12708,2,CEU,1,2,2,2
6.658068,-11.374307,21.310385,-4.6730776,-0.12971157,-0.65268165,1.895595,-0.9401997,0.027753975,-0.9149272,0.15359096,-1.1816611,0.07449296,3.2280462,1.7476246,0.557942,-0.21183409,-0.41093427,-0.9180496,-0.7603465,-3.3709078,0.1278657,1.8203402,-9.028952,-2.4670439,-3.104004,-6.538929,3.906288,-3.8569102,-0.35155603,2.967562,5.2065063,0.33338737,-3.7685,-2.0864646,-3.0603616,6.619509,0.4938429,-1.5790163,-0.61974394,-4.843368,-3.5235217,0.3494024,3.6489942,2.5515625,4.9474874,-0.31836802,-0.8418875,-5.973603,0.2320705,NA12273,2,CEU,1,2,2,2
6.1321235,-12.66489,22.245237,-4.3769035,-0.15721095,-0.39645785,0.1770801,-1.4613948,0.7529293,-0.49001074,0.25342304,2.026369,0.69303197,-2.135572,0.46912897,-2.1990952,1.5842162,0.9043374,0.62832475,-0.41194335,-3.0858266,-1.2701219,-2.1496937,0.28602332,4.6659,-0.5544972,1.3273829,-1.0332919,1.0321718,-1.1081398,3.0760942,-3.2884395,-2.5881703,0.6643944,-4.3103127,1.2255781,6.319828,-0.5341053,0.64046836,1.2048348,2.1751065,2.1411076,-1.5265633,2.4640954,-0.8724878,3.505471,0.49272358,0.70778877,2.4814494,3.6057484,NA11892,2,CEU,1,2,2,2
3.9602427,-11.319543,21.852972,-2.64848,0.13962857,0.13608404,1.5336934,-0.8604651,0.3780902,1.2771524,1.1853331,0.53396684,1.1960872,1.2437975,0.83430225,-3.5492632,-2.1277487,-0.46626368,-0.85552275,2.1584942,-2.2350793,-1.857262,2.3377674,-4.977885,1.1078894,1.0673854,0.8091115,-1.849516,0.4069472,-1.7387669,1.035586,-3.1802342,-5.4958277,2.0685139,-0.7209278,-4.3090243,-1.3109456,-2.168158,7.0790386,2.2081425,-6.47511,8.216858,-0.26349416,1.7764888,-1.8299234,4.0894823,-6.797802,0.8948034,-0.5964336,4.2125688,NA12546,1,CEU,1,1,1,1
9.344113,-11.144327,20.79627,-5.13668,0.17151885,-1.1036649,0.6901824,-1.8081511,-0.050771214,-0.08313544,-1.9292003,0.8237902,-0.77447987,2.8052692,-0.20774725,-2.094205,-0.5479692,-0.11810869,0.8241594,-0.29975137,-0.3296749,-0.53755915,0.05754264,3.8726175,1.3691939,-4.5457525,0.8851521,-2.184888,4.916909,-1.2697531,0.24611522,0.29659012,-1.6267047,0.8998245,1.5205557,-2.576374,1.856534,-3.9825745,-2.5770874,7.6536055,4.110752,1.7956618,-4.068846,-4.956222,-0.4534665,4.7602963,-2.8309093,-3.2188704,2.2055385,3.2959805,NA12843,2,CEU,1,2,2,2
5.71739,-13.007096,22.151052,-3.835221,-0.18885982,0.84534734,1.0767461,-1.9883139,-0.0074326545,0.110064164,-0.26077405,-0.41991934,0.78932405,-2.2823577,0.46993113,0.3691389,-0.17979324,1.1245003,2.6483943,-0.20769148,-0.03978135,-0.5720293,-4.1349115,-2.1586225,-2.9831715,1.239588,3.3760247,-1.8431453,-0.45550448,4.0110745,-3.1042085,-6.035959,2.004987,-3.2703996,3.6258883,-1.1725252,-2.7350173,2.8127358,2.6579075,1.2584331,5.5198755,-0.88814354,1.0632826,-3.6514683,-2.778337,1.9845095,-1.3163005,4.2635274,-7.1029735,5.7802095,NA12766,1,CEU,1,1,1,1
6.3693748,-12.231783,22.335205,-5.929805,-0.59261245,-0.17227751,2.0175383,-1.4212675,-0.10889134,-1.0364764,-0.005759353,1.664206,0.88751507,-0.5496839,-1.2114624,2.401665,-1.2598389,0.9308133,-0.13028476,1.0957913,3.0486944,0.49540943,4.111734,0.7859351,-2.9714282,-1.1999463,0.21127664,2.8072088,-1.2397285,-3.115424,4.670528,0.04399819,-6.8370013,-1.07666,4.573627,3.7166865,-0.75273424,-1.6470363,-2.1140518,-1.3744152,0.7247158,-2.7067373,0.9477043,-1.3548273,0.18558389,-1.3146029,-0.95646745,0.5629808,-0.05703361,-3.0615978,NA12348,2,CEU,1,1,1,1
3.1717763,-12.409007,22.703753,-4.3324866,0.21487036,-0.60986525,1.7318311,-2.094672,-0.14247864,-0.14167643,0.9303981,0.97332156,0.31457365,-3.529457,1.3896399,0.28534636,-1.6391143,-0.25913113,-0.7059517,-2.2529116,-1.0758312,-0.7105036,0.34680963,-2.5026717,-8.075336,-0.6077825,2.1990182,1.0836619,-4.4969163,-2.0569549,2.2968884,-2.4695873,-2.9163187,6.538343,1.8390586,3.4282691,-0.023710944,-3.45853,7.8798075,-7.963613,1.1085812,2.557524,1.7933108,9.0692215,-0.6764209,0.40492338,-1.4570825,-1.2396815,-1.9601177,-1.137964,NA12817,1,CEU,1,1,1,1
6.4258738,-11.442924,21.892847,-4.815516,-1.04352,-0.63937753,1.8353992,-0.65435696,0.17987233,-0.1874221,-2.0765474,1.3938507,0.21406588,2.354514,-2.1746807,-3.7921753,0.81029195,-0.40653226,-0.8592523,2.5728805,-2.8960233,2.925161,-2.9727848,-0.42460144,-1.3191749,-1.3418205,-2.3099592,1.7349406,1.7499638,5.936392,-1.8530779,1.2388206,-0.30026552,-0.7508947,-2.4672048,-3.116085,2.7040963,1.913675,-1.9992083,-2.5957665,7.255763,-9.233988,0.9110608,-11.024822,-8.479285,9.139248,2.563627,3.1634598,5.9917827,-0.14996743,NA10840,2,CEU,1,2,2,2
8.594087,-12.041095,22.59817,-4.7927146,-0.21347572,0.29249662,1.4472688,-2.26842,0.08613805,-0.34448692,-0.8174632,-1.6634228,1.4087474,0.40692684,-2.1159244,-0.29283872,-2.879035,-1.6918603,-3.7627695,-5.204836,2.7972922,5.5926356,-2.1387117,14.729191,5.0849442,19.708252,-3.6007566,1.4746555,0.88368475,2.0310423,8.123068,0.66304404,0.7775686,-3.2050595,0.5857802,-2.7095737,-1.158551,3.0440748,-1.9276248,-1.269312,1.9565456,5.070085,-0.8280031,-2.000837,-7.15197,-3.507804,0.43314868,-2.3524282,-2.2806308,0.7573441,NA06997,2,CEU,1,2,2,2
3.3055706,-12.020675,22.466362,-3.2527807,0.5496498,0.23863448,1.9673374,-0.62813944,-0.6718448,0.23384961,0.40689358,1.0668384,-0.8759076,0.2784908,1.5613743,0.38276288,-2.475407,1.4996777,-0.5764037,2.4024024,-0.5592896,-2.1656873,1.1766018,-0.6866017,1.8106747,0.5313765,0.31783855,-2.5111055,0.31891674,-0.89122677,0.2194764,-0.92231774,3.148568,-2.0719903,0.8917542,2.5862346,1.0479445,0.9234486,-1.3395298,-1.7936665,-3.3134627,0.7384472,-0.9063665,0.4420973,-2.239544,0.23045844,0.60208863,0.58204025,-0.31743056,2.4854364,NA11917,1,CEU,1,1,1,1
9.697724,-12.009321,21.634914,-4.755532,-0.61707413,-1.3673142,1.888678,-1.0088931,0.0050333277,-0.7043093,-1.5796748,-2.5511913,-1.934081,3.0177233,-2.4214382,0.21420917,-0.064825565,-1.5371399,1.7942505,-1.07148,0.42945084,3.1641126,-0.6265464,-1.184553,1.5296607,0.044343498,-0.9833026,0.93191874,-0.9360899,-3.8708239,3.805216,0.4213051,-1.5697367,-2.0084436,1.6780185,-2.3747435,0.34747112,-1.2009324,1.5089791,2.4708207,-0.75653493,0.3199422,0.6461247,0.7803456,0.88487405,2.6628642,1.8212034,5.3417625,-2.360326,2.0102837,NA12718,2,CEU,1,2,2,2
2.6460214,-11.351504,21.133099,-3.613608,0.19285278,-0.5702694,1.6072065,-0.8672707,0.20223953,-0.20104064,2.1140351,0.00017445622,-0.820149,-1.7648324,-0.65051556,0.7559838,0.16440846,0.31597346,0.3273798,-2.3979225,1.1391219,-0.95848143,0.0367754,-0.952519,0.22418267,0.18823723,-2.1831222,2.1703455,-2.0923426,-2.7748873,1.5938215,0.35107967,-0.43196833,0.6314162,-0.69974375,-1.253996,1.9448707,0.54209435,-1.0881981,0.27285755,1.7461743,1.2209651,0.7853457,0.049711112,-0.57234246,0.29273212,0.7641646,0.79946274,-2.0501587,-0.14542326,NA12282,1,CEU,1,1,1,1
9.232761,-12.25835,20.786596,-5.435971,-0.18448795,-1.5919724,1.8552824,-0.8610029,-0.37444827,-1.0893828,-0.28250235,-3.4244232,-0.22732817,0.6205952,-1.801175,0.6143967,0.6354713,2.4025366,-2.6642437,1.4744564,-2.0142465,2.6159763,0.45705009,1.6555912,2.7510657,-0.5752924,-2.9154692,0.75128764,1.1680373,6.345748,0.973559,-3.2842445,6.154025,-5.259002,-2.4947288,-3.8152978,-2.0353024,0.40356034,-2.3276594,-1.0996044,-5.276172,2.0418136,0.85217255,1.1594247,-2.0060518,-5.858972,-3.1327577,0.17660268,-2.3124874,-4.939478,NA11920,2,CEU,1,2,2,2
7.593655,-12.337731,21.541359,-4.673481,-0.8410425,-0.4407995,0.89880365,-2.143909,-0.41435534,-0.984517,-0.8867906,-1.1982996,0.63179123,0.2402165,0.83200413,-0.85892403,0.81850994,0.9766617,2.550164,1.480222,-0.3032623,-0.3017375,-3.598578,-2.3808517,-1.6257608,0.89341635,2.050871,-3.3695376,-0.78711176,2.5879474,-1.7482435,-3.3208644,2.2382352,-0.8607792,1.0773609,-1.7276016,-1.971634,1.6390625,3.7569673,-0.025341293,4.761181,2.5910878,0.8207048,-2.0362294,0.87635803,1.4024136,-1.6021582,5.10899,-5.333639,5.263234,NA12776,2,CEU,1,2,2,2
8.483973,-12.240988,22.300228,-4.6910505,-1.7867945,0.45123234,0.12768136,-2.010378,0.33227667,-0.08461447,1.7534461,-0.68571573,-0.2010437,0.27730206,0.723441,-0.2784467,0.2884409,-1.474958,-0.16234164,0.12591328,-1.5887985,-0.20499213,0.9428987,-1.478791,1.0658154,1.4108272,-0.74385697,0.45839673,2.2402308,1.1975173,-2.2518463,-2.4462535,3.6599507,-1.4257637,-0.38864914,1.387734,-2.5241518,0.31243062,0.012968253,1.2034597,-1.5934471,-1.2968458,-2.151827,-1.7967818,1.6111097,-1.0712811,-2.9618795,1.8340193,-1.1318903,-0.36941475,NA12283,2,CEU,1,2,2,2
1.5178293,-12.126743,21.962246,-3.3337815,-1.583079,-0.7388871,2.4100957,-2.3869982,1.0721688,0.27795193,1.2776387,3.139263,-1.4947969,-2.9565473,0.71411765,0.7106403,2.052801,-2.98821,-1.3536401,0.6735929,-1.6807388,-2.6608737,1.0051682,-1.7041601,-0.2773994,-3.4954844,-5.645154,0.9134601,2.7042518,6.394922,-0.80684775,-3.1366115,6.9815025,2.949747,-6.350224,4.1366653,1.6640075,-3.1254835,-2.7381613,1.2169148,-5.794555,-1.366814,-1.7563971,2.1369908,-2.948231,0.17961638,-1.3908982,-2.5419137,-4.060831,-5.3544064,NA07435,1,CEU,1,1,1,1
6.8780684,-11.4610195,21.85313,-5.2075953,-0.7803514,-1.4842836,0.26816076,-1.4967253,-0.2644882,-1.0326043,-1.1777886,-0.014804065,0.7660563,0.30834332,1.0276191,-0.5781502,-0.28418478,-0.58989394,0.10005661,-0.15990902,-2.9115174,0.11287391,-1.0124906,-2.5742815,-5.941741,-1.510269,0.7078791,1.8462554,-3.978507,-0.3355696,1.11073,-0.16184531,-3.0050964,6.0404205,0.74674207,3.375608,2.0899308,-0.27507213,6.5873566,-5.746381,1.0406485,1.205235,1.9864141,9.615609,-0.0023539464,0.07505608,-1.02856,-0.04096727,0.020697236,-0.12985277,NA12828,2,CEU,1,2,2,2
9.026692,-11.447744,22.857895,-4.1530466,-0.42749456,-0.5557798,1.4149145,-1.2850469,0.4642645,0.19964506,-0.845865,-3.0792663,0.97266024,0.16991007,-1.0547985,-1.3176543,-2.3924348,-2.926264,-3.2916596,-5.3056808,2.126952,7.023165,-3.2234735,15.372756,5.303318,19.865267,-0.7923696,0.28249514,0.12912647,2.3437078,5.7451153,-1.4538171,-1.9540751,-2.1713817,-1.1757164,-2.4678774,-3.4999013,2.3728037,0.11362103,-3.012191,-0.5541528,7.2017984,-0.9465156,-0.36297104,-3.6811833,-1.8337228,3.3063302,-2.686436,-3.1518888,5.1695952,NA07045,2,CEU,1,2,2,2
8.876299,-11.666973,21.7717,-4.6967316,-1.4241732,-1.5964413,1.6308236,-1.4028504,-0.5047139,-0.1562007,-0.50205344,-0.81210756,0.82590955,4.6408553,-1.6982523,-2.7582002,1.3039109,1.8005178,-0.29199028,0.22851425,-1.3805805,2.7458355,-1.4058719,-7.7489724,-0.1751775,-2.7045748,0.8533207,0.09582931,-1.2318972,3.2308455,-2.7206335,0.056878768,-0.95321697,4.840389,0.627765,-0.5904038,3.5981007,4.0081487,4.943032,1.0785701,0.41210288,3.6072278,-1.7416879,-0.6449016,1.949745,-1.9870777,5.280327,2.4033265,1.2711302,4.6500673,NA07031,2,CEU,1,2,2,2
8.542873,-11.824408,21.5207,-5.2543483,1.260604,-0.83033913,1.8520972,-0.7187043,-0.086034,0.12648478,-0.32906365,-2.6427467,-0.051412,1.4825165,1.9024527,0.3302586,-2.4352944,1.1404257,0.3100012,2.7931528,4.7059345,-1.9712842,-0.4445068,-2.167021,-3.5665238,3.0261948,1.8895886,0.6248808,0.0429219,0.066741474,-1.9065309,6.797849,7.586174,-5.3157325,6.9259295,-7.1817107,-6.2883277,4.4576397,-4.6648145,0.46062443,0.16669913,3.7402663,0.68935204,0.30088204,2.8068304,-2.0279634,5.270675,1.5071794,-2.1369972,-1.0444986,NA12336,2,CEU,1,2,2,2
0.96924627,-13.497544,22.258211,-2.5040584,-0.86717266,-0.50081956,1.1736747,-0.27527854,-0.28050205,-0.8884337,0.212889,3.9910023,0.7592667,-4.304093,-2.1492205,-0.9959285,0.10422037,-1.0204233,-3.048838,-4.939424,3.5824237,-1.7621402,-5.6848454,-0.15633273,-1.4992908,6.201302,-2.075727,0.03100653,-7.1134186,0.8396727,-2.5549846,-7.7371883,2.12942,-2.839167,1.6848056,0.990995,-5.991252,1.373346,-6.7572885,-4.9409776,-1.4499058,-1.6273792,3.4166262,1.6109532,10.684203,5.132876,-2.7877414,-4.032843,0.19342867,-3.4504776,NA07349,1,CEU,1,1,1,1
0.91267014,-12.337724,22.78197,-3.5810506,-0.26139903,-0.18755876,2.2128134,-1.8116757,-0.04082275,0.43640286,2.2078462,2.281247,1.4952719,-4.9339795,0.5633238,0.12984793,-0.97627455,0.6675599,-0.7540587,-1.7711323,0.81307214,-0.8323209,0.90296274,-1.1888467,-4.6830764,0.40433654,4.323149,0.2350832,-3.2397995,-1.5590576,2.6503072,-3.3785057,-0.33037588,4.8915553,-0.26130053,2.1267192,-0.23789215,-3.058181,5.057748,-6.129524,0.57045937,2.2586703,1.8686204,3.5209813,-1.756926,0.7391476,-1.7558402,-1.8251308,-2.2118804,-0.71260047,NA12827,1,CEU,1,1,1,1
4.6373634,-11.871555,20.989153,-5.2877307,-0.89392024,-1.5293247,1.2694823,-2.0775664,-0.003025564,-0.19135423,1.2848537,-0.90415174,-0.38611048,1.1664168,1.6516173,-0.92090034,0.044834875,1.7500608,0.06581497,1.3305885,-2.0269217,-1.021643,2.4743624,-1.4542284,-0.5920736,-3.6448426,-0.18995377,6.088044,1.5183331,-4.548854,0.47858635,6.8515124,-2.2439187,-2.8574545,-5.0011477,-4.5110235,1.6215602,-9.069622,-5.2412357,-2.6716561,0.27894893,3.9471054,-2.3213873,0.853761,-1.6229086,0.43324336,-3.2822971,2.02352,2.1320782,0.26340148,NA12375,1,CEU,1,1,1,1
9.325989,-11.5580845,21.835436,-5.342524,0.23815416,-1.8335991,1.937833,-0.3938003,-0.15560353,0.22073106,-0.83811057,-2.0636191,0.99059355,4.06532,0.7251167,0.33594638,-1.303483,1.4207612,-0.3413192,1.9393415,2.3589792,-0.026918603,-0.25008878,-2.4404194,-2.538114,0.25193512,1.188278,-0.55696416,-2.124645,1.3525634,-4.1468697,6.8978477,7.1121454,-4.093104,7.231471,-5.2094884,-6.644206,1.8948287,-0.948454,0.5944291,-1.6285442,4.539374,0.18085334,0.5618373,2.2864904,-1.3582121,2.548202,2.6264393,-3.2728572,-0.44021198,NA12343,2,CEU,1,2,2,2
3.1092365,-11.242143,23.356491,-3.71348,-0.81310606,0.79449195,1.0417383,-1.748989,0.114277065,1.1685404,-0.9611425,1.5839568,1.2744147,-3.1551204,1.6523358,2.650421,-3.8228996,-2.9434738,2.4685428,-1.0388144,1.0247139,-3.816441,0.19284834,3.703635,6.066153,-3.1624382,2.4955268,-2.5690577,1.0227369,0.022587482,0.39603996,-1.7429397,2.1314683,3.9337096,1.4181441,3.2446556,4.7033725,1.7479919,0.5642012,3.0744593,-1.8556741,-5.9968653,6.4254575,-4.7098346,-6.334461,-0.6254829,-0.5116013,-1.756528,-1.274847,7.954216,NA12335,1,CEU,1,1,1,1
7.073417,-12.034292,21.54044,-4.188106,-0.35781267,-0.77311945,0.6320235,-1.7855017,0.4530839,0.57129246,-0.22530085,-2.30881,0.40182915,1.3610935,-0.32532793,-2.5603032,0.07607095,-0.055484306,0.19817473,-1.1306207,1.5241097,1.8403995,-2.3439503,-0.6406412,1.2767015,0.71298736,-0.17746717,-6.826962,0.2526055,5.245164,-0.2172921,0.9183437,6.216469,0.8688249,0.1545931,5.0623226,-0.5999436,-4.0571337,-2.7261639,-2.0861385,2.7072906,-0.55294657,-2.4806242,-0.19573009,1.2061343,1.2219962,-3.3839893,-4.123489,1.9441817,3.5750208,NA12778,2,CEU,1,2,2,2
8.218977,-11.085042,21.813822,-3.9845283,-0.67645705,-0.84247065,1.2117951,-0.65588886,-0.3307578,0.27989325,-2.3355052,0.57144076,-0.7718449,1.7984142,1.1452682,0.05284349,-0.8355377,0.73304874,-0.47817457,0.477297,-1.805316,0.5366075,0.6788478,5.9696975,2.6388705,-9.091046,-0.5015231,-2.264909,4.7358627,-1.399944,3.2145243,2.207005,-2.7773578,1.0948082,-0.25279015,-2.5393713,1.0004967,-4.549947,-3.0683951,6.326465,6.4464684,0.46150625,-5.661976,-5.417268,-0.1868107,6.1530323,-3.2474747,-4.5682077,0.4170149,4.7715964,NA12832,2,CEU,1,2,2,2
0.8436919,-11.694983,23.578495,-3.0656812,-0.16463561,-0.76033574,1.1772443,-1.0808223,-0.30934057,-0.42443678,0.9507382,1.8718907,-0.7833714,-3.1245213,2.465587,2.238335,-0.7834946,0.154113,2.2491446,-0.6018354,2.4047365,-4.1470985,2.9066522,2.6829915,2.457176,1.7597133,-0.82515824,0.8940258,2.5600665,-6.4622393,3.8268225,-0.625301,-4.1134934,0.36360937,4.20239,-0.8665971,-2.7721908,1.0984825,2.5004745,2.2331057,3.769092,-6.1095405,-0.68322366,0.12757728,-1.3983681,-0.731508,-1.0158328,-0.15328847,-1.2203777,-3.796755,NA11930,1,CEU,1,1,1,1
7.4246345,-11.7850895,20.90764,-4.1005187,-0.6611413,-1.0094907,1.1157322,-1.6420366,-0.13480175,-0.18987752,1.1397506,-3.2785373,-0.0024115525,0.9678108,-1.4209797,0.57232165,0.34544626,1.5109035,-2.2895398,-2.2515047,2.6663277,-1.7177992,-0.50019705,-1.7370833,-1.914288,5.015886,-1.2421619,-2.4298894,-0.20759116,0.794753,-1.9609655,-8.140717,-1.8524642,-2.729805,0.81685615,-1.6882342,-0.98766387,1.9846563,6.624625,7.947457,-1.1015216,-0.1372923,-0.02946779,7.2307434,0.558633,2.191724,-1.2164923,0.12991458,-3.5862865,-0.6543835,NA12890,2,CEU,1,2,2,2
6.2338605,-11.739283,21.812037,-4.755085,0.053118937,-0.8487029,1.7368159,-1.8102566,-0.6548969,-0.9073992,-0.13709456,-1.6077608,-3.0357132,1.0545222,1.067127,0.6429224,1.1485528,-2.4309142,0.117863044,1.1120371,0.46553844,-2.9162347,1.6691092,-1.2432768,0.7087372,-2.6020586,-4.481367,1.4333016,4.1234164,3.918995,-2.6957755,-2.7478313,7.946658,-0.6607146,-1.1611174,0.34974504,0.22925803,-2.6748307,-1.1220937,-1.6127305,-2.4041011,0.71568286,-2.7001252,2.038706,-0.85299647,-1.5525641,-1.6635402,1.1125923,-3.1855068,-3.2540617,NA07037,2,CEU,1,2,2,2
0.55082816,-13.91309,22.683449,-1.9995862,-0.07654067,-0.09453965,0.9339028,-0.98904103,-0.041554984,-0.91125995,2.2619085,4.5860577,0.073314525,-4.698163,-0.87866145,0.33853716,-1.6184845,1.3005704,-1.8962362,-3.232577,2.1469452,-1.3461852,-3.7798426,0.03539138,0.2832925,4.0542765,-0.1291156,-1.9507918,-4.507449,-0.37263942,-1.1767007,-5.4131494,1.0937496,-2.5606728,-0.9734486,0.16025543,-4.5548725,0.61387336,-6.368763,-4.2669625,-1.2870784,-3.3381798,1.7853638,2.0905762,6.9142647,2.34057,-2.9822798,-3.8892126,-0.15361643,-3.3064497,NA07347,1,CEU,1,1,1,1
3.2988894,-11.564661,21.865942,-2.8456,-0.5928735,-1.1009448,1.3279876,-1.7568275,0.7034644,-0.33459708,-0.9884384,0.23100577,0.5456257,1.6131415,0.8233312,-1.2762634,0.61782604,-2.1432135,-3.1968844,-0.15713723,1.9294469,-3.1305041,2.171449,3.2990441,-0.5306009,-1.5008732,0.28912434,7.1212325,-2.2004328,5.8458023,-1.7785168,1.3192091,1.7609926,0.5825472,-2.474848,1.809264,0.46508187,-0.9150666,-2.2029269,1.7178545,4.6642647,-4.6078167,0.19424771,0.3528986,8.4666605,-3.048978,5.6278625,0.02069271,2.2799976,2.6768715,NA12829,1,CEU,1,2,2,2
6.5996065,-13.463435,22.533503,-4.594557,0.7209311,-0.20177202,0.5871715,-1.6511819,-0.21266142,-0.2748072,0.88997805,-0.08985446,-1.3561847,-1.5106472,-0.8025845,-1.3372892,-1.4442196,-2.7061367,0.6801624,0.3825553,1.8493661,-0.54141045,-0.99436885,1.7559737,-1.1285305,2.812628,-1.0441834,1.4534824,-1.272227,-0.21931018,-0.21518785,0.48310104,2.889624,5.618044,-0.24341168,1.8016586,-2.3097792,0.8077923,-3.564778,4.523223,3.6855304,-2.4698496,2.591788,1.6738265,3.390238,-0.3347254,-2.5700514,-2.9076378,6.1053395,3.714715,NA12749,2,CEU,1,2,2,2
8.896229,-11.90905,21.357002,-4.8048964,-0.49997815,-1.3729237,1.7344499,-2.5851836,-0.26433477,-0.6033923,-3.0729053,-3.1151972,0.71717215,1.005199,-0.46994758,2.1754754,2.714824,-1.5190805,1.8756013,2.7993758,-1.1518141,3.4599323,-2.4605298,-1.288869,0.3626494,-2.1362584,2.4855793,-2.1150975,-0.17048861,-5.7619696,3.6371074,2.2064633,-0.869454,3.1581488,1.4142511,-0.71872973,0.10658112,-2.2530057,-0.02031952,-2.3002136,1.9355602,-3.650935,2.8839512,-2.7409704,-3.9027193,-4.8916,3.9783285,0.16093142,0.5560225,-2.7079825,NA11894,2,CEU,1,2,2,2
2.1585271,-11.299961,22.162863,-4.7209473,-0.50032604,-0.6285829,1.709395,-0.51428676,-0.20461752,-0.1914416,-0.25486234,2.2726345,0.4138987,0.36500415,-0.29043728,-0.7557807,1.1343569,0.39636087,-0.9919309,2.231226,-0.1690067,0.51762664,-0.85223347,-2.865267,-0.58396804,0.3171886,-3.3284214,4.509452,-0.68497247,2.3009672,-4.8061366,1.3346287,-0.47265163,-1.0650043,-0.7271727,-2.5784018,2.6303937,1.1170424,-0.7551953,-2.2975934,5.1920547,-6.563492,0.43727586,-9.581283,-6.1822686,6.387818,2.5522006,3.4374652,5.486201,-1.5555139,NA12286,1,CEU,1,1,1,1
2.5665743,-12.176971,23.425543,-4.0790505,-1.1387165,-0.06027223,0.33528832,-1.7317908,0.33572328,-0.83942306,1.8843817,3.5581522,1.7408148,-3.6292002,2.6805382,-1.0195808,0.34567538,-2.083633,1.0672323,1.2285099,-4.0769343,-3.5472736,-2.4139376,1.0732675,6.2750964,0.33259052,0.0692787,0.03742977,2.8833055,-0.4107559,6.725603,-5.2774153,-5.633473,4.139422,-7.14015,5.8570123,9.169132,-0.92418396,1.6726387,1.3027574,2.3853688,2.8150399,-1.9730465,2.9681342,0.17305669,3.2140508,-1.4709572,0.4065433,3.0090187,3.9096413,NA10865,1,CEU,1,1,1,1
7.3155074,-12.585588,21.400705,-5.221844,-0.5286443,-0.74581707,1.4659978,-2.355467,-0.25901848,-0.019414406,-3.4989798,-2.4560158,0.85376036,0.058347695,-0.81457704,1.366881,0.2997028,-3.0944784,2.2715812,1.8608371,-2.1760564,5.3300767,-1.8041903,-1.6000917,0.3190145,-2.425626,2.29665,-3.2917898,0.29420578,-7.4813743,5.3916187,1.6744233,-1.6565986,4.7793145,-0.11290882,-0.8923667,2.455259,-3.947168,-3.2893093,-4.1869607,0.6639775,-2.067923,1.9688495,-1.4976091,-6.6367154,-6.0892224,5.17124,-1.4634972,0.6539495,-0.7279753,NA10864,2,CEU,1,2,2,2
2.5187752,-13.177189,22.55868,-3.2328894,0.17634751,0.24260095,1.0311172,-1.1412557,-1.6560227,-0.06273059,1.1042765,1.0715848,0.6815325,-3.0838325,0.12213759,1.8683476,-0.5089384,2.3126888,-0.57968146,-0.30782795,-0.84944034,0.831184,-0.59254557,-0.69609046,-1.9619871,0.5876444,-2.8079674,4.35642,-1.9001607,0.6360789,-0.2045168,-0.40149352,0.8098732,0.5487737,-3.7811365,-0.7398987,-3.3725083,2.9442773,0.77698034,1.5986217,-1.3679811,1.0383338,1.3683182,0.85394734,2.271501,0.028225875,-3.448649,1.3249441,5.543467,-2.5186286,NA10853,1,CEU,1,1,1,1
7.687378,-11.37346,21.475187,-5.1395392,-0.26824114,-1.2140503,1.19766,-0.8804378,0.95855004,0.41809952,-0.89443415,-1.222348,0.75965714,1.23029,0.75714296,-1.2654299,1.098993,-0.4617135,-1.6480457,-0.36707357,-1.3698406,1.0537392,2.050742,0.55439055,0.3832892,-1.1058695,-1.0780374,-0.6576038,0.9393773,1.2442423,0.29256305,0.3687342,1.7299616,0.55872077,-0.754686,0.016588118,-0.9845002,-0.14416225,-1.443343,-1.0983671,-1.2352512,1.6896839,-2.105879,0.59160525,-1.8105879,1.1047559,0.51558477,0.6820102,0.39994782,-1.5676762,NA11918,2,CEU,1,2,2,2
9.856587,-12.11801,22.8337,-4.852625,0.8850177,-0.9021369,1.7323308,-1.4636388,-0.40964478,-0.64561254,-1.5121312,-2.8687186,1.2577956,3.896681,0.23239693,-0.8331345,1.5379256,-1.1316228,-2.6725557,-0.8170271,1.4039993,-1.8553283,1.8558979,2.1089501,-1.4715824,-0.09211468,0.71686447,4.6024017,-4.401071,6.558325,-3.3927345,1.6316925,0.6489959,4.4003186,-0.44445026,-0.20522517,0.8891506,-2.4571228,-1.2130884,-2.7826908,3.4312546,1.0952262,-1.1955395,6.1670723,7.7056766,-4.058529,4.1957736,0.5349083,4.80146,2.1613138,NA12830,2,CEU,1,2,2,2
7.761928,-12.081383,22.45199,-3.9646738,0.23891999,-0.5543111,2.2159152,-1.8568361,-0.104313605,-0.95957845,-1.8944385,-1.9502527,1.045799,4.5267615,1.4817951,-1.7313478,1.4079111,-1.8561511,-3.4500709,-0.30030796,1.9596403,-2.7278874,2.9491186,4.869979,-1.4832541,-1.5111794,1.416638,7.712838,-4.7115245,9.636588,-4.3200364,2.585263,1.1845012,4.340363,-1.1654176,1.1538919,1.1079271,-3.02993,-1.7498664,-0.76306665,4.1935563,-2.5161614,-0.6200484,4.0474734,10.187525,-5.6454296,8.06626,0.26767972,4.5174737,2.5431895,NA12818,2,CEU,1,2,2,2
9.168261,-11.007539,20.797016,-4.8249435,-0.52246195,-0.76048017,2.2430182,-1.3959211,-0.73304,0.34952965,-2.661176,-3.5342054,-0.26790407,3.1794286,-2.9888134,0.14113092,0.8464329,0.41148382,-2.1284757,-2.1701124,2.0303552,3.3677309,0.9849604,0.5198354,0.79984653,-2.740319,-1.1694813,-4.5489664,-3.0613093,-0.088537686,5.3410497,3.520699,-0.40731502,3.033159,-6.3391843,2.579946,3.8617241,0.56167394,0.5370908,-0.3806067,-5.1612964,2.1008668,1.7285826,1.8880358,-2.0571947,0.6636174,2.8735967,0.9312112,-3.9775124,-1.8202409,NA10836,2,CEU,1,2,2,2
3.5360162,-12.323763,21.832502,-4.221479,0.08456294,-0.99395776,0.74576914,-2.0874023,-0.16980487,0.012089119,-1.4992449,-0.5298321,1.3741872,0.1543406,-0.57862794,0.70604646,-1.7287654,-2.893429,0.7910227,0.87445706,-1.0730758,3.0799177,-0.37909785,0.11033623,0.39044568,-0.74475425,0.15135168,-1.7873241,0.35447395,-4.2213416,4.506747,1.9148263,-0.35202327,4.5919695,-1.2958447,-0.09981932,3.3955913,-1.8530332,-3.80982,-3.9656324,0.057955448,0.49279058,-0.26622537,-0.100981414,-4.440282,-4.470002,2.1606483,-3.2987044,1.1988819,0.5924174,NA11893,1,CEU,1,2,2,2
3.9194176,-12.178631,22.0099,-4.4598527,-0.7830983,0.15553267,2.1209877,-1.6980972,-0.2333098,0.039390866,0.9693458,0.91646904,-0.01817288,-1.0902296,2.131179,-0.71421283,1.3392165,0.8577533,-1.1617726,-1.3360307,-0.08108112,0.36162877,2.066309,2.8121777,3.7062256,-2.0686457,-3.468214,0.46121922,1.3861933,2.9339,2.7744708,-4.2283525,4.8943496,-5.2602277,-2.6204643,-3.9850888,-3.3183918,-0.91024226,-3.9676507,0.73186773,-8.01992,3.6089282,1.741461,0.5507291,-2.5686064,-6.752074,-1.9300839,-0.32213607,-0.5330425,-1.4737383,NA11919,1,CEU,1,1,1,1
8.438075,-10.5991125,22.065575,-5.288538,-0.50375414,-0.69226056,0.85953325,-1.1564492,1.2195171,0.31808615,-1.1671796,-1.6217958,0.19314072,2.6766908,2.5450227,-2.5528681,0.47635505,-0.87479126,-1.3629584,1.4679805,-1.1088002,-0.88116664,-0.9087928,-2.1486323,-0.008644426,-1.6936537,-2.082284,0.12842123,0.10481926,-0.3629929,-0.37575522,3.0413435,-3.8657641,3.909223,-0.1142904,-0.5711742,-1.055228,-0.43275076,2.1548896,-0.97466147,-0.7182159,5.564551,-0.40716785,0.14175656,-1.2733654,1.4007843,-5.642861,2.8088527,0.5511674,0.7498494,NA12489,2,CEU,1,2,2,2
3.7556388,-12.635472,22.225483,-4.0518074,-0.8669749,-1.1010761,1.2532151,-2.0003576,-0.22202204,0.43886727,-0.39741322,1.7101114,2.5862074,-1.0590404,-1.5793812,-1.0267879,-0.10549476,2.0342164,1.4778455,1.1418346,3.0498497,-1.3855308,-0.7107527,0.7391446,0.055103887,0.35359776,-0.2957788,0.4659867,-2.0954704,1.6811486,1.0796815,-2.0331938,4.421638,-0.80910504,5.165591,3.3227646,-1.0440377,2.5349054,-2.2165556,1.4137259,-3.0212467,-0.65518296,3.1685078,-4.7971053,0.7000262,2.8086276,0.42769086,5.24184,-3.812976,-1.5944949,NA12399,1,CEU,1,1,1,1
2.5667207,-11.296536,21.600004,-3.3383164,0.2086763,-0.66032106,0.79854417,0.54018414,0.08330802,-1.0624614,-0.42485902,0.9563961,0.06568462,-0.24431624,-0.010507565,1.2023396,0.9688279,-2.8044105,-0.2809092,-0.18950646,-0.21341665,-0.9481831,1.7139616,0.25088096,-1.7004033,0.4980709,-1.5447563,1.4722133,0.08870096,-1.4332279,-2.8606594,-2.1846204,-1.0399758,2.1724389,0.2086061,-0.9585011,1.4841408,1.8290236,-0.29085255,3.1882603,-2.2730875,-3.3664386,-0.44079715,-1.3637013,2.9095201,0.32500443,1.685802,-1.077845,-2.3746095,-0.32570264,NA12413,1,CEU,1,1,1,1
7.1308675,-12.537965,21.216097,-6.120242,-0.010413888,-1.4131145,1.3953592,-1.2951937,0.2894771,-0.831928,-1.3526237,-1.5269169,-0.5949576,-0.30976447,0.36315647,-0.08381778,0.255787,3.1377902,-2.2655277,0.9149821,-1.3027158,3.023154,1.4626529,3.0934706,4.5908413,-0.99769884,-4.5036035,0.7231938,-0.1955427,6.3771577,2.6852622,-4.3013825,7.8348713,-6.8163447,-2.9696565,-5.94758,-4.366476,-0.1879451,-3.4917696,0.53036267,-9.707579,3.1559172,1.0473489,1.2665633,-4.1699233,-8.039098,-3.0312834,0.91302854,-1.3329906,-5.697106,NA10843,2,CEU,1,2,2,2
3.1232722,-11.355525,21.735245,-2.5239236,-0.5199871,-1.335769,2.2744951,-1.1750367,-0.16724211,-0.07342022,-0.6053366,1.3551623,-1.8554602,-0.4981914,1.4978365,1.2032353,-0.02230824,-0.29086426,0.19553947,1.6096418,-1.6725835,-0.5207935,-0.1357012,5.1281085,1.7843486,-7.7832355,0.21348478,-0.18020855,2.5327415,-2.1439457,4.02278,3.4258618,-2.497913,1.0405842,-1.2998539,1.3204732,0.84122336,-4.153966,-1.8898834,1.7352786,7.5560265,-0.6090676,-3.624773,-2.3932254,1.378899,2.3451269,-2.3422754,-4.212999,-1.6333815,3.9702046,NA12842,1,CEU,1,1,2,1
1.7290968,-11.960185,22.145737,-3.999565,-0.057313398,-1.2311747,0.8903941,-0.8426804,-0.06574717,-0.070595354,0.8809518,3.4214966,0.5049614,-1.7731676,-0.806256,1.801966,-3.046344,2.3171792,0.4020518,1.6521213,2.7903297,0.007251816,4.4423532,-0.46853292,-0.45818046,0.49446544,-2.8700469,1.328311,-0.3037058,0.5169844,0.9405209,-2.7903402,-1.9774216,-3.1739192,4.9798784,3.0613036,-3.4854932,-2.2702925,-3.2023315,-1.1680396,-0.8740012,-2.1056807,-0.30857822,-1.2092855,-0.9546578,-1.9912405,-1.1590141,-3.380627,0.8560234,-3.9657655,NA12347,1,CEU,1,1,1,1
5.3018217,-12.589884,22.123814,-5.3316574,-1.2193255,-1.3241386,0.99439806,-0.1829711,-0.21676005,-0.44842234,-1.6799059,-0.015243334,1.0305431,-1.1994405,-2.0382943,-1.5258794,1.1124935,-2.0519724,-1.1744665,-3.5648527,1.9689993,-0.031219194,-3.9890246,0.92854875,-1.0199207,3.6970336,-1.0118654,2.5305223,-5.5865064,1.7529671,-3.1310568,-4.1894426,2.1599746,-2.694614,3.5668266,0.83604527,-4.0710716,1.2257437,-3.5551155,-4.325034,-1.3096997,0.16646603,3.7274346,-0.50855774,7.522475,2.6107843,-1.9166992,-1.0500386,1.2991589,-2.348236,NA07346,2,CEU,1,1,2,1
3.084477,-12.968866,23.040356,-2.4338858,-0.016087828,-0.053650714,0.9199544,-0.94744754,-0.18565321,-0.280979,0.40060356,-0.16524018,-0.40163183,-2.3894036,0.43908155,1.1911409,-1.6944766,0.9741187,0.44848487,-0.24104188,1.5755563,-0.48992047,-2.0844347,0.30627957,-1.8748221,1.6391073,3.280116,1.1384364,0.3301401,2.8770537,-1.751074,-4.9161243,1.2702175,-4.201153,3.4573529,-0.33841372,-1.7771738,1.6894269,-0.36456752,2.8305547,4.5836296,-2.005185,0.75875044,-3.5479593,-4.2746897,0.42868683,-3.1281648,2.5025823,-4.623531,3.1664271,NA12775,1,CEU,1,1,1,1
8.453152,-12.672471,22.331446,-3.871494,-1.0546628,-1.5455983,0.61226404,-1.6643896,-0.1907047,-0.25935408,-0.48540664,-0.92602307,1.9652574,4.367946,-2.1159966,-3.168332,0.12067599,0.9128168,0.35602424,0.53723055,-0.5677827,3.6417477,0.2094033,-10.006906,-2.046887,-3.6605794,-0.16965723,1.825824,-0.33365127,1.2759529,-3.746801,0.871846,-2.422135,6.129388,1.437206,-0.005590541,2.5145059,6.272589,7.766618,2.0807703,0.33687103,7.401747,-1.3241132,-2.060979,4.5628915,-1.1249447,4.7037573,3.1350904,1.4370686,5.542975,NA07014,2,CEU,1,2,2,2
6.3717976,-11.610379,21.267372,-4.1280384,0.28330955,-1.0588377,0.30270526,-2.2696786,0.7982729,1.1154518,-1.2569584,-0.6727423,0.4956673,1.1854305,0.54299986,-1.8625714,-1.1590832,-0.31715763,3.464632,0.92718166,2.2214677,0.7045774,-1.4743927,0.36588302,1.9300892,-0.66757953,-0.5312199,-3.636327,-0.69395465,5.904756,-1.0448757,3.4220412,7.229618,1.153005,0.02847589,4.490416,1.0192944,-5.0095134,-2.9056602,-3.0025077,2.2921999,-2.406241,-3.0346875,1.2765292,0.5408464,-0.55882823,-4.3899264,-4.552931,1.1876206,4.8103623,NA12767,2,CEU,1,2,2,2
2.326557,-11.430328,20.95594,-3.611842,-0.24156742,-0.86953104,1.6153089,-0.95736057,0.4498738,-1.5112972,0.30447146,1.6024396,-1.5726423,-2.2979543,-2.8797166,0.93314266,-0.5049733,3.8982341,-1.9996994,-2.047336,0.52266616,-1.2003326,2.044629,2.6870923,-4.2425365,2.4830391,-0.61887217,-1.7723324,1.424151,-0.912395,0.48235378,-7.9407635,-4.416214,-3.5824082,-2.870038,-0.05599173,1.7700943,1.2312322,-0.25986966,5.112642,3.6104386,-1.6756904,-0.7198144,2.2765028,-1.0290103,2.4765677,-1.2058995,-2.3786888,-4.232384,-2.6863394,NA12889,1,CEU,1,1,1,1
7.085827,-12.397912,21.127527,-4.9907174,-1.4271137,-0.80467767,1.0324101,-1.6782358,0.096159294,0.3940764,-1.2226553,-0.3327507,3.4074295,0.33361486,-1.5131328,-0.5870124,0.25712216,4.6813593,2.6426451,2.7858849,5.289883,-4.3639426,-1.0226238,0.16294639,-0.61511767,0.32004988,0.8787037,0.74946004,-4.254816,5.1203074,-0.88413036,-2.1149044,8.09213,-0.8391042,6.5528893,3.6996064,-3.168106,3.4217768,-2.0254226,2.4664814,-2.4519708,1.2053988,2.4669507,-4.663451,2.241292,1.3425035,-0.8273426,6.6071773,-6.0841336,-0.07581773,NA12386,2,CEU,1,2,2,2
2.7718992,-12.833932,22.725052,-4.324221,-0.44300973,-0.8936923,1.3177682,-2.0180466,-0.32984757,-0.6879069,1.2622043,1.77934,-3.4145722,-1.8905861,2.1162107,-0.050884627,1.8980715,-3.6311288,-0.8901375,1.894604,-1.0545037,-4.160239,2.0646138,-2.4311247,1.2144952,-4.1584888,-6.29487,1.717307,4.0156136,7.7970653,-1.3415097,-3.6218934,10.5989,2.543273,-5.29144,3.902509,2.2106872,-4.126681,-2.5516715,-0.5805333,-6.560815,-2.3868506,-2.6292725,2.6178448,-3.3387146,0.21801162,-2.3465173,-1.6684071,-4.258334,-5.803877,NA06995,1,CEU,1,1,1,1
7.411098,-11.696241,22.059475,-4.7954755,-0.46168956,-0.46199268,1.8028849,-1.0127997,0.61668235,0.55986315,-0.20822084,-0.49242958,1.829604,3.333787,2.158918,-3.3194692,-1.122863,-1.4819964,-1.895351,3.3582568,-1.8396771,-0.9018905,0.7130917,-5.218256,0.576893,-0.8046741,-0.9988277,-0.58958375,-0.67208296,-1.6164079,0.73941076,0.61663777,-5.438785,4.9415283,-0.51106423,-4.4330587,-1.277923,-3.9389274,5.960771,1.1767472,-4.950027,9.296716,0.2703332,1.3000766,-2.0625908,3.2891972,-8.385156,2.6751952,-0.11516217,3.6630661,NA12376,2,CEU,1,2,2,2
4.2209144,-12.532671,22.261232,-4.52928,0.88426286,-0.08031638,1.30615,-1.6304485,0.3021543,-0.23258412,0.0054867514,-1.6643012,-1.2195493,-1.4503571,3.1470098,-0.073111944,-1.7803093,1.353178,0.99453586,1.9113195,4.7868633,-3.8841374,-1.4091692,-0.815006,-1.9047487,3.776315,-0.65846986,0.8783899,1.0740734,-1.3555908,0.03564985,4.5623236,4.5888557,-4.3627834,4.173374,-4.8985577,-3.455559,3.9583771,-5.168507,0.6514302,2.511245,1.0733746,0.08731409,-0.7220556,2.2817497,-2.124866,5.012162,0.9758826,-0.9583798,-0.5033808,NA12342,1,CEU,1,1,1,1
1.8128473,-12.430978,23.394495,-4.479585,0.21870999,-0.8471536,2.3440006,-1.5007852,-0.7451605,0.6833035,1.5891557,1.782679,-1.3377337,-4.2106304,1.2957332,-0.14199077,-3.61857,-1.6867069,1.6138128,0.28631532,1.6622933,-0.07087139,-0.74111164,-1.185233,-2.196482,2.8656032,-0.614978,3.9970703,-1.0004852,0.16687766,-3.275939,-0.27894524,-0.18586221,2.8303537,1.8721567,3.440264,-1.3490183,3.0106246,1.1983095,2.4838,4.5965424,-2.0533195,1.0052017,1.976944,0.98016834,2.3725224,-2.9380097,-1.1958588,7.399446,1.9743135,NA12748,1,CEU,1,1,1,1
5.925385,-12.481826,22.150652,-3.5197651,-0.9055401,-1.1192124,0.23291418,-1.5917202,-0.22763261,-0.29392877,-0.18861362,0.04799764,0.36475587,1.4024148,0.6426833,2.5888064,-0.16868433,-0.29822403,0.4851303,-0.5277509,1.6882486,0.06198367,4.452851,1.9700865,-0.7635414,2.5684211,-1.6847585,1.3405582,-0.44155958,-6.224904,0.66407406,-1.5062609,-1.5381596,-0.87774867,4.4029503,-0.0049752453,-2.3317127,1.6070799,2.8337402,4.0511084,2.501375,-3.7770042,2.0995529,4.104456,0.34083772,-0.3692863,-1.0667527,1.2024626,2.973957,-3.8107617,NA11931,2,CEU,1,2,2,2
4.3859243,-11.70378,21.26667,-4.0745907,-0.08753847,-1.0650356,0.6581597,-1.0116814,0.62099355,-0.49079776,0.8835488,1.6376498,0.05286001,-0.2851859,-1.4077119,-1.622263,-1.4950002,-1.9390012,-0.6968326,-0.4418385,1.4235891,-2.295964,-1.881398,-1.8601432,-0.67301154,1.593817,3.672609,0.21360834,0.38870358,-2.0141253,0.53242487,-0.9598088,-2.618896,-0.43641338,0.4136242,-2.3440557,-0.7239641,1.359312,1.1758983,-1.5709149,-2.539157,-4.772975,3.0860476,-0.49030226,3.5917556,1.4417689,3.2568817,-8.032936,-1.2129815,-0.032669626,NA12045,1,CEU,1,1,1,1
3.8386667,-11.716553,21.793644,-4.6467996,0.37032896,0.41835332,1.0871974,-1.4778458,-0.2839174,-0.21185096,0.58755654,-0.20585215,-1.9921142,-2.3954573,1.9345626,0.9684251,-1.320408,1.5260812,-0.31815958,-0.17674872,0.3068601,-0.30448744,-1.5063188,-3.9729397,3.5353243,2.3173087,4.3388114,-2.059497,4.299734,1.4732721,-3.2008445,0.71675414,-0.28750843,0.6576136,4.9798317,0.29075125,-3.2195597,0.7037748,1.8557057,-0.3040732,1.6519532,0.64625406,-3.0787218,-2.462177,-2.1488378,5.8010864,1.9056543,1.190435,2.3714063,-0.8500944,NA12750,1,CEU,1,1,1,1
4.4571586,-12.242325,23.422869,-3.7287674,0.34789434,-0.7903913,1.2198694,-0.75106347,-0.27970278,0.20387933,0.65464765,-1.3563733,-0.112169996,1.4294065,0.0054925857,1.8789644,2.3513675,0.3072099,2.529651,1.6502409,0.2772425,-2.2166085,-2.314364,3.750975,1.9176818,-0.5444017,1.8531308,-1.2012373,-0.8816083,-2.9055338,-6.6107364,-0.1727367,-5.1068354,0.8658938,3.922185,-2.7951083,-1.6224074,4.4732003,-0.79216045,3.164744,0.092773646,-1.8871784,3.4760358,-4.501664,2.146432,-1.7627487,2.288255,-0.75841755,0.3184065,0.56608856,NA11831,1,CEU,1,1,1,1
4.3479676,-11.986999,21.983482,-3.837693,-0.3460615,-0.85620105,1.3031826,-1.0038685,0.75555265,-0.56750846,1.6082659,1.2373888,0.3291285,0.8247218,-1.0477166,-2.8025272,2.5159454,0.82102704,-1.1250212,0.98169744,-2.7994945,-4.3605514,0.47296792,1.7677937,2.341323,-1.4901017,-2.5333443,-0.03502445,-1.9329079,1.0039297,1.7736719,1.1658127,0.41194913,-2.0548272,-1.5956992,2.2010758,-1.4263287,1.1918948,0.93244123,-2.6034598,-1.8058901,0.27202576,3.3979938,-0.57756084,-0.551417,1.2230724,-0.8329948,0.16283135,2.5411224,-4.459811,NA12146,1,CEU,1,1,1,1
8.948625,-12.57143,21.961397,-4.435071,-0.36089942,-0.6625948,1.8325756,-1.4366282,0.4489626,0.18840083,-1.1034918,-0.45646426,0.3989793,1.0766069,-0.59739786,0.15578601,0.9578967,-1.1866217,-1.2658755,-2.3244243,-2.0425406,2.0818968,-2.4769614,-2.3512173,0.30136687,-0.7342096,0.29071295,-4.262072,-1.7047359,-4.3508205,-3.814377,-0.19560222,-2.8273308,-3.6559026,-2.8248796,-0.4916863,-4.227,-0.8749274,-0.42302564,-0.93023074,6.1324005,2.478543,2.7683551,2.6507614,8.366033,-1.0188127,-4.305231,3.316273,-0.6613953,0.5865857,NA11882,2,CEU,1,2,2,2
7.1484284,-11.878101,21.356447,-4.608006,-0.11335836,-0.29335743,1.3002324,-1.750115,0.42667365,0.8394543,-0.8265779,-0.65074456,1.4251386,0.08106957,0.43848357,1.828574,1.4767493,0.6548162,0.30322242,-0.10959505,1.4682063,-0.5355505,-2.2887032,-5.418465,-2.7369115,2.4418595,0.110342406,0.32290798,-1.2178876,0.5840039,-3.6738973,-1.9860083,2.6342134,2.1807323,2.9368286,3.255681,-0.73383296,-1.1491901,2.2225833,-3.4639063,0.07548275,-0.91924804,-1.7625613,-0.9098933,-1.3356407,1.4025046,0.5629614,2.221115,-1.9920583,0.6184087,NA07056,2,CEU,1,2,2,2
1.8744166,-12.183258,23.136166,-2.6861281,0.30825633,-0.5533839,2.398235,-1.4235406,1.2556401,-0.15102075,-0.14485282,3.2985861,-1.6702096,-5.038863,0.20855579,-0.34792987,-1.8432661,-1.778533,2.1403484,-1.6885262,0.33591303,-2.615234,-1.0619488,3.4574258,2.303364,0.8016236,1.0805411,-2.6740372,-0.16142084,-2.6499918,-0.007926901,1.7823727,0.35227683,2.3502364,-3.0145743,-0.3768333,2.9505613,-4.977906,-5.671252,4.0523515,-3.7465854,-1.3368216,-1.0226314,-3.0255713,-0.04739328,0.77567303,2.9761782,-6.854007,-6.015022,2.8021579,NA12707,1,CEU,1,1,1,1
1.0867277,-12.060809,23.552956,-3.8055346,0.065145895,-1.3627163,1.890228,-1.9026047,-0.07210996,-0.095709436,1.1771135,1.4068838,-0.22192755,-0.86393076,2.350567,0.60246825,-0.44957322,-2.1460278,0.7924239,3.9116745,1.5470556,-2.8558881,2.3491642,0.11079221,0.16474946,-0.813762,1.1603224,0.53015554,0.30850086,-2.5958536,2.7508283,3.0262244,-3.36851,4.3166556,0.49271548,2.0637717,-2.4236379,-2.287916,-2.6661608,1.2057009,-2.6968217,0.28371575,3.931991,1.172278,1.2516826,-3.709775,1.9178535,2.2771628,0.727256,1.0399352,NA12154,1,CEU,1,1,1,1
8.138498,-11.855843,21.84595,-4.4051304,-1.0740535,-1.5223296,0.83994496,-1.1380985,0.119547255,-0.6680353,2.0319607,-2.1770058,-0.28982875,5.211621,0.16645177,-0.8575162,1.9353179,5.0214067,2.193637,1.5157143,-2.9655297,3.156384,4.773387,-0.23700571,-1.4033254,-7.9684215,-2.0512567,6.7268806,0.96192795,-0.92528164,-3.2932436,1.7509611,1.988338,-11.32203,-2.5815344,-0.306291,1.3527246,-1.1622546,-0.14349815,2.0100267,4.2451825,1.1854442,1.655292,4.624526,6.7350125,1.5366203,-4.752788,-1.1504223,5.021945,2.558455,NA12753,2,CEU,1,2,2,2
4.2974005,-11.448224,22.789349,-4.150951,-0.35770488,-0.7245798,1.6661627,-0.99347436,-0.37886813,-0.7095153,-0.010556304,-0.24015608,-0.59799707,0.37735707,-3.0169635,-1.184653,1.4014764,2.8750803,1.0553435,2.211119,-1.5359851,-1.6473373,-0.1450832,0.2737223,1.3771408,-0.23650251,2.0791638,0.08670987,-3.654437,3.4263287,-3.779218,-3.1265574,-5.7384377,1.5581506,-1.3049641,-3.501528,-1.723223,0.98606044,3.616326,0.5081435,0.5023985,4.241445,-4.7793736,-2.1550357,-2.4582095,-5.6495857,0.46347332,1.6065484,-0.59842086,0.7319478,NA11839,1,CEU,1,1,1,1
7.432906,-11.88852,21.75004,-4.6314454,-0.97640085,-0.5561379,1.0988352,-1.1958688,-0.03091199,-0.4749308,-1.3474641,0.3349517,1.5826807,1.3185332,-0.016946642,2.4526114,1.6128316,-0.74147534,-1.7187778,-2.0147102,-5.3296294,3.0057287,-2.4953136,-5.2201614,0.3017448,-2.148108,1.6567882,-5.3649406,-0.6922185,-5.08086,-5.6205583,0.54111695,-3.0295146,-6.331798,-5.6814218,-2.214031,-5.152475,-2.3802807,-1.8523229,0.33497784,7.7635384,3.7114215,4.1193333,1.7071922,7.994194,-1.4851629,-4.70863,0.7580595,-0.53136706,2.6666403,NA10859,2,CEU,1,2,2,2
7.6664853,-10.65288,21.12732,-5.330511,-1.234204,-1.3681116,1.6811206,-1.0413134,0.26317704,-0.42461485,0.35936186,-1.950503,-0.06626082,2.696377,-3.6427286,-0.019477231,1.5901324,0.7116608,1.3129592,-0.019838091,-4.5704165,2.982071,1.5450786,-3.3020313,-1.0422286,-0.88803476,0.4681322,-3.1206837,-0.3319537,1.048512,3.706811,-0.95320016,-5.242047,-0.83107173,-4.2669363,-4.0484576,3.152415,1.5537992,-0.6291569,-3.684856,-1.1804099,-0.17615907,-3.5818932,-0.15891917,-2.1170902,3.8160708,3.7332292,-3.963381,-1.4782102,-0.9666437,NA12875,2,CEU,1,2,2,2
7.483126,-12.482056,22.512724,-4.73698,-1.1226915,-1.8901001,1.8400476,-1.0679985,0.26898643,-0.19471338,-0.29002225,-2.965702,-1.3681645,1.9046794,-1.0911766,-2.8826783,-1.9689473,0.71497446,-2.1175992,2.8403945,-0.14797826,3.0779037,-1.2487656,-8.034469,-2.9799101,-0.5341725,-1.027629,-4.6094546,7.1726723,-4.9354067,1.3520756,-6.5953135,4.2315607,-0.78201187,3.710423,-0.50797933,3.9457343,-7.1998725,2.9557571,4.1592402,-2.0918531,-3.2610817,0.7560478,0.65646476,-2.6720424,3.1152606,7.217354,-1.5013748,0.7028964,-1.6833508,NA07348,2,CEU,1,2,2,2
7.8395815,-11.883262,20.567465,-5.5999646,-0.5248673,-1.1019694,1.0208085,-1.8680108,-0.07947946,-0.8453932,0.17674495,-1.4016593,1.1617088,2.7742872,-0.85527,-1.8325619,1.2512397,-0.20229721,-1.0706621,-1.3174016,-0.27998233,-0.7015902,-0.19905128,1.9279135,-1.5873713,4.5202165,2.744342,0.5801464,3.549153,0.31992346,6.5505066,-1.8654693,-0.30752772,-2.0124464,5.2862973,-2.406814,-0.019661147,-2.7727115,-0.64455646,-4.430148,-2.6639237,6.92482,1.2529306,-3.6701899,-3.214872,3.6221611,0.77781755,-0.2342919,-0.9139781,0.8709335,NA12156,2,CEU,1,2,2,2
8.351859,-11.806634,21.665148,-3.8332996,0.105011754,-1.2603667,2.440049,-1.8149823,0.04513952,0.37042508,-0.73071724,-1.9241265,-1.2523069,2.5196419,0.11383561,1.622563,0.94661987,0.6820065,0.04355303,-0.19956608,-1.0232334,-1.8508198,0.29152682,2.86965,1.1823021,-1.0660597,-0.11428189,-0.18265186,-0.15204293,-1.1808587,2.419837,0.667075,-2.4363394,-1.8872175,2.2376344,-1.501591,-1.5000856,-1.7953342,0.40694243,0.43154797,-0.42207068,1.1235605,0.05863499,-0.81179357,1.2494022,-1.125037,-1.5370891,0.15386331,-0.16329953,-0.44887552,NA12044,2,CEU,1,2,2,2
3.2293303,-12.37419,21.390633,-3.634131,-0.38993046,0.19165726,1.4213766,-1.6386353,-0.2866039,-0.42251995,0.73734784,0.8041921,-0.062876664,-2.0767326,-0.801508,0.5004047,-0.6479885,-0.054070015,0.52046776,-1.8665725,0.3088838,-0.7737113,1.0891435,2.1995504,1.126758,0.8386489,-1.0208468,-1.0154701,-1.5828792,-1.8453889,0.52367616,-1.301318,-0.3926875,3.9485588,0.48313,0.48709422,0.69019294,0.858763,-3.657797,2.157016,-2.0359917,-1.7583774,-0.37364197,-0.5095394,-1.8477491,0.71431017,-0.89452875,1.5078149,-0.6777706,-1.7116617,NA11992,1,CEU,1,1,1,1
2.2587535,-13.700134,22.84502,-3.1264124,-0.005520749,-0.6808732,0.6429577,-1.9382836,0.1456657,-1.0364225,2.3467267,2.442981,-1.2423978,-2.792376,0.9112161,0.89610213,-2.0628033,-0.1978943,-1.4405028,-0.78243905,-2.3949924,-2.2959616,-0.98076886,-1.5958568,1.8372003,2.8718913,1.6356516,-5.7533817,3.754743,-2.8216915,1.3438417,-1.8793936,3.6826844,-1.3907058,-1.8600252,0.52810246,6.321649,2.8737504,-5.125256,-1.4889884,-0.7582108,-4.3556113,-2.1744967,-6.562537,2.84937,-5.4729214,-0.4608353,-1.5823888,0.54137164,-2.4137836,NA11829,1,CEU,1,1,1,1
8.470899,-12.60589,21.262182,-4.6990695,-0.9551546,-1.1505224,0.97512907,-1.5600739,0.3552006,-0.16079853,-1.0082365,-1.9468828,1.1122537,0.7231482,-1.3941187,-0.15049525,3.0027158,-0.19002524,-0.8587785,-0.118227154,-2.5010934,-1.0591766,1.0482553,-1.1370891,2.5213766,-3.0112357,1.7734367,-0.3438946,0.9047514,-1.7437431,0.83798176,-0.45700693,-3.3430636,2.0525613,-2.2864096,-1.2579805,0.75742906,1.8805927,-0.15835832,1.3182392,-3.0841959,2.1131465,5.2913384,3.1671925,0.938261,-0.7113004,1.7946225,-0.12792599,0.55628526,-3.0033925,NA12239,2,CEU,1,2,2,2
4.1973767,-12.497111,22.304537,-4.247591,-0.2932556,-1.401341,1.0670831,-2.1050491,-0.26996493,-0.23056217,3.3282948,0.023357669,-0.26883164,2.8386219,1.449934,-1.6517706,2.1187456,2.6850111,0.29789078,0.49269086,-2.4605398,0.79149467,4.321249,-0.116634026,-0.53672826,-7.023478,-1.8864875,7.038778,1.4677867,-0.8980976,0.40292263,0.9871873,-0.40171015,-7.630528,-1.6910369,1.0606987,0.9761425,-1.3000491,-0.40289643,1.1686586,1.4857194,2.2667592,0.7750656,4.2095785,4.8901296,1.950601,-3.9310238,-1.3049631,3.744645,3.8353171,NA12762,1,CEU,1,1,1,1
1.6071537,-12.362673,22.043938,-2.8615215,0.41333485,-0.5695976,1.9518838,-1.2375333,0.28191838,-0.12135148,0.7837819,2.5462708,-1.4865657,-5.010589,0.6602825,-0.65674466,-1.4731582,-2.2541544,2.1978877,-1.5161648,1.0120676,-3.2513952,-0.57735294,2.02257,2.0289195,0.067945294,1.8760252,-1.3031983,-1.1485064,-1.1356683,-0.47697872,2.6221986,1.3764346,1.6756123,-1.9606429,0.35305706,2.4680853,-4.1613235,-7.1558623,5.643792,-4.165318,-2.6090107,-0.37367663,-3.5088475,-0.54347557,2.0973854,2.5658774,-4.826877,-5.684178,1.0187591,NA12716,1,CEU,1,1,1,1
7.3187275,-12.650249,22.78703,-4.82754,-0.09848604,-1.5704161,1.3944811,-1.448608,-1.7558177,-0.6409982,-3.2679825,-1.8601102,-1.4234762,1.9188433,0.6103139,-1.0256671,-0.76018894,-2.4101813,4.1875014,0.7566766,0.03220667,0.71895957,-3.5137951,5.799794,1.7648792,1.867366,2.3692672,0.83369136,2.111689,1.4687177,-2.0801597,3.9035573,-7.4425488,4.888225,-5.3167067,5.0432944,6.8024664,6.144719,-0.24448751,13.968808,3.3580086,-6.5139275,-0.22157508,-3.3958552,-0.021223066,-6.5206656,-2.3685284,3.6869338,-6.5938635,1.6676477,NA12878,2,CEU,1,2,2,2
2.7830381,-13.640388,23.07702,-3.50845,-0.03127068,-0.3060737,0.5900884,-1.7573453,0.1856894,-0.7001098,2.5989416,1.8773905,-0.96449816,-2.1582158,-0.114749834,0.7380671,-1.8109152,-0.6985779,-0.38981417,0.12615174,-2.9718373,-1.3008564,1.5377445,-2.460702,1.3714693,1.393072,3.304625,-7.4388857,5.0266533,-4.4863415,1.9814994,-2.052936,5.5313916,-3.3394315,-4.3114395,-0.8225548,10.6856785,2.0938563,-6.757647,-4.0294104,-1.48879,-4.9538727,-3.726187,-10.804532,1.4673821,-6.1105394,-1.2025924,-3.4325361,1.8995322,-2.9088035,NA10856,1,CEU,1,1,1,1
4.7162447,-12.401213,22.851345,-5.003628,0.4963838,-0.070358194,1.6722385,-0.48053056,-1.5639575,-0.22948733,1.074362,-2.0537775,-1.6583184,-0.18129046,-4.6897883,0.09572312,2.0908158,4.0223384,0.73802817,0.26577497,0.54823554,-1.1690692,0.4991832,-1.313523,0.18695733,-7.4699736,1.3014853,-5.455984,2.6248126,4.250527,4.3204036,-4.8581185,-1.7435808,-3.2540545,-8.316263,-4.989826,2.8414516,5.933561,3.081093,-3.2080786,0.79108644,1.4219468,-5.3482723,4.46915,-0.45756552,-2.2625415,3.8832388,-3.900941,-0.61166996,-2.0009334,NA12874,1,CEU,1,1,2,1
1.1407405,-11.5244465,23.996584,-4.384018,-0.20121051,-0.42290002,2.450401,-1.6496472,1.1923678,-0.00998923,2.2942686,3.3590727,2.5220013,-3.3908722,0.5017875,0.5522349,-0.008841724,1.0355608,-0.3969009,-1.7421973,2.3688262,4.776351,-0.25934303,3.723252,-1.5672102,-1.0057211,1.6010401,2.2324045,-2.7961829,3.1782472,-3.9457004,6.0970006,4.8750057,-0.6040564,-5.0711536,3.4971366,3.8549764,-5.045374,1.9254313,-0.40648437,-0.064077154,1.5630518,1.9986858,4.760692,-0.29751343,-1.7808437,2.9426875,-2.4476116,6.7188816,0.6979726,NA12760,1,CEU,1,1,1,1
8.6233,-12.376773,21.389029,-4.786445,-0.39384654,-0.8899067,0.5214732,-1.6767908,-0.046895385,0.43714213,-0.93411666,-2.0036533,1.3893342,2.5497832,-0.67125195,0.11136334,-1.9068732,-0.11883226,0.42166972,0.5429064,1.005968,1.7883083,2.1200864,-5.8004746,-2.7636333,2.8002136,0.9013166,-4.5016727,0.87861127,-3.5085952,-0.06455804,-4.163987,-2.5179698,-2.3062396,2.5679138,5.3413944,-2.7855952,0.2890207,4.7795477,-2.3739989,3.4329317,3.3194194,1.3576123,2.4890058,-0.5146953,0.3947318,-1.4733132,-1.0896428,1.7276838,0.74739844,NA06985,2,CEU,1,2,2,2
2.8553786,-12.390112,23.031681,-3.6131911,-0.8638284,-0.94446063,-0.3816031,-2.2432964,-0.9563418,-0.060259886,1.2540871,4.5329165,-1.4558698,-4.528517,1.478741,0.76976794,0.50633603,0.48494664,0.0039586937,0.6226719,-0.06863525,1.0468405,0.4552934,-0.94265914,-0.28264847,-2.9015894,1.2918781,2.6957777,1.2511575,-2.3322935,-1.2219405,4.4983835,2.0672665,-1.8768184,5.7321467,-2.2940142,-6.187553,0.8977206,-5.5735617,4.5008216,3.0672066,0.3671119,2.90474,1.0480173,-1.5265193,4.5741706,-4.211521,-0.3163571,2.4255705,0.45817697,NA12003,1,CEU,1,1,1,1
2.6010308,-11.376582,22.22617,-3.9302323,-0.49617207,-0.53169906,1.4546597,-1.957525,-0.10153039,-1.53711,1.5364453,-0.046446934,-0.7103145,-1.0695757,0.78429407,1.4323612,1.843052,0.10190939,0.8474195,2.065425,-1.7049764,-0.1302974,0.5902148,4.053336,-6.7648873,4.488418,-1.2958174,1.6460773,-2.197808,0.9337096,-3.7688322,4.996523,-2.7061384,-3.1562364,0.034480453,1.6136527,-1.4814941,0.11375755,3.5881016,-2.3136792,1.2326021,3.8612947,-4.1886363,-1.5980052,-1.745743,-2.4338553,-4.9664617,9.145711,-2.0668848,-5.7860193,NA10835,1,CEU,1,1,1,1
1.9072,-11.718203,21.39899,-2.972227,-1.0289911,-1.2807105,0.63372296,-1.3010186,-1.0442586,-0.07612476,0.75042105,2.0114124,0.3629725,-1.0799625,1.3682599,-0.35504067,-1.4079123,-0.63355744,-0.17323828,0.21624692,0.92000204,-2.4516,-0.15398075,1.9417267,-1.5733976,-0.14958651,-1.7762032,-0.2931316,0.5685801,-1.3424063,-0.1325663,2.0882542,-1.1654638,3.4358308,-0.6569534,2.8477232,-0.44785842,-0.5991546,-2.228635,0.4900625,-1.7970095,0.029355511,-0.74333304,0.7671974,-2.5896015,-3.895524,-0.5314357,0.098171905,2.4576507,-0.50565034,NA07022,1,CEU,1,1,1,1
8.443716,-12.126802,21.869528,-3.8650796,-0.77755356,-1.1604311,1.11815,-1.8821633,0.35591397,-0.5711413,-0.88217753,-2.628744,1.805644,0.3255514,-1.80528,-1.9602042,-1.3930835,-3.3013134,-2.9182937,-4.5781727,1.6703745,6.434024,-3.439016,13.341325,6.3832645,18.833134,-0.66833586,2.0973728,-0.9358763,3.8468995,6.0548368,-0.23147935,-3.3817458,-2.464889,-1.461331,-3.6064084,-3.1383612,3.993478,1.9644754,-4.851915,-0.49370307,5.1689334,0.24549301,1.8802389,-1.258693,0.7192445,3.4870036,-2.390331,-0.75460964,4.0793586,NA12813,2,CEU,1,2,2,2
8.564826,-11.818659,21.487879,-4.67223,0.25440904,-0.55149204,1.66415,-1.6583747,-0.13519767,-0.7782848,-1.6600958,-1.1923709,2.6504092,-0.73942685,-0.11674034,0.017940018,-0.19228539,-3.782219,-2.5155416,0.30596828,-1.7583215,3.5455914,2.9766073,-5.6408315,-1.8304687,3.655607,-4.4605403,-7.551226,-1.8119425,-0.68185693,1.6959012,-0.6954446,-1.6335514,1.5843797,-1.9622619,3.1863985,1.8009851,2.4324152,12.896589,-8.486327,-0.07807184,-1.1223888,-5.4681563,1.5959976,1.9794751,1.678269,3.6904833,1.9244034,1.002647,-7.255449,NA10839,2,CEU,1,2,2,2
6.97651,-12.805454,22.860659,-4.433417,-0.79689026,-0.27723137,1.3742359,-1.8054311,0.33554366,-0.5780067,0.365367,0.63731986,-0.6332302,-0.37658134,0.670819,1.0945971,0.37975124,2.0380363,1.9544814,0.92415845,1.2562854,1.8714964,-0.39116257,-0.011846429,-0.6941642,-2.7954617,-0.57249546,0.3528367,-0.37258226,-1.1211329,-3.1293771,1.7706321,0.0066371593,0.29566702,0.44011948,0.3148569,0.4072036,0.53999037,1.4031044,-0.84944123,1.8701966,-2.4377358,-1.782281,-0.34852788,-2.247305,-0.89962834,0.19688854,0.512344,1.7677305,-0.8920181,NA07055,2,CEU,1,2,2,2
3.303438,-12.309884,24.043554,-3.0123448,-0.06934957,-0.6781213,2.0394166,-1.0032219,0.49583822,0.12823369,1.5125144,1.2266219,0.61150235,-1.5909405,0.40002677,-1.4412495,0.3695467,-0.5043261,0.26316896,-1.9314592,-2.1256304,0.5891119,1.0568124,0.32233912,1.1725957,0.15090527,2.4582474,0.27817562,-0.5210758,0.7340689,-2.0946896,0.48945546,-1.3802285,-0.07536437,-0.5504674,2.5125186,-0.017919656,-0.2538244,-0.7219994,-0.87633604,-1.2521207,-0.8006969,-1.8464245,0.7245874,1.8335433,-2.8655741,-0.13856804,-3.7253451,-0.58843803,1.7365232,NA12056,1,CEU,1,1,1,1
8.419912,-11.536399,20.764837,-4.3896694,-0.72055423,-0.6882286,1.1539258,-1.9033186,0.48832542,0.9119638,0.1244475,-0.5960046,0.07427169,2.6871712,1.4014131,-2.4253962,-0.3116182,-0.5697074,-1.895484,-3.267433,-1.869546,-1.1236105,-1.7496157,-8.458315,-0.9085626,-1.2968107,0.18846586,-0.99903953,-3.401269,-3.976072,1.5603801,0.20773989,0.8888863,3.1145895,4.195373,-7.863186,0.8641168,-5.196337,3.5694923,-1.9144658,-5.331232,-0.52899253,-2.995357,-4.8466077,7.8262815,4.401521,3.116925,1.205629,-5.1762333,9.915865,NA10863,2,CEU,1,2,2,2
6.357258,-11.264885,20.814508,-5.112786,-1.2433672,-1.593833,1.8176495,-1.9090759,-0.16740415,1.3272233,1.8022499,1.7534366,-2.4437108,-1.4892454,1.4845678,0.1515893,0.8812552,-0.29033196,0.08786232,-0.28359216,1.3147348,-0.44464844,-0.5944047,-0.5658103,-0.75112414,1.2117487,1.9338901,-4.5189404,1.9042668,-2.6531856,-3.8797035,2.2862608,2.3907087,-1.7498956,-4.1379156,3.666865,-1.2345507,0.35201296,0.39798856,-2.1736324,3.0774934,1.0565895,-0.1734182,-0.43877596,-2.8277204,-4.7756815,4.576679,2.9903228,2.7907557,-0.51469934,NA12145,2,CEU,1,2,2,2
5.4489636,-12.2046385,21.657366,-4.652188,-0.75295717,-1.1026024,1.0977887,-1.456819,0.25866634,0.91144234,-0.58331954,-0.46439022,1.8789774,1.0021598,2.1773615,-0.8072891,-0.05733342,-1.2223959,-2.55242,2.2226608,0.9298794,1.7467182,0.47166157,2.3128755,0.79026216,-1.348485,-4.7445197,2.672235,1.9122232,3.973037,-2.8449092,3.471114,3.5590985,5.155072,1.9219382,-1.1847545,-2.481784,-1.4571285,-0.6559923,-1.4308418,-0.88887286,-0.0065745455,-0.0015190048,0.25722414,-4.9024005,-3.0459146,-5.900984,-1.7589973,1.928308,-1.6803179,NA12814,1,CEU,1,2,2,2
6.743221,-11.727989,21.976824,-4.5924363,-0.6047554,-1.3332324,1.010296,-1.5543052,0.59730065,-0.7632338,0.8338326,-0.35263363,1.2206576,1.4417627,-1.493323,-2.5059648,3.9399037,0.04788203,-1.9673554,0.6179107,-4.0864134,-3.0905523,0.85291284,1.4623017,3.7659516,-3.503355,-0.9684357,0.57154864,-0.7915829,-0.23738928,0.62079036,1.085783,-2.0146053,0.06502197,-2.2927244,0.30608678,-0.9620515,3.1365817,-0.08232899,-2.3058758,-4.344625,2.1326327,5.8495455,1.0920315,1.0316647,-0.64145476,1.3442322,0.7020399,2.5964544,-5.3655157,NA10847,2,CEU,1,2,2,2
8.516296,-11.6897745,21.847963,-5.022743,0.7478084,-2.1918325,1.0915239,-1.4339596,-0.54607046,-0.29181847,-1.6253976,-2.2316937,2.1912882,0.22152981,-0.94016546,0.45292926,0.105367385,-1.1820046,-2.0835717,-0.18974361,-3.3131156,3.4012306,0.88269514,-2.718157,-2.4630606,1.9944761,-3.080079,-3.6548834,-2.2693698,2.5075612,1.3665346,0.29384553,0.55456376,2.5021856,-1.754436,0.69108695,2.0656404,3.263299,9.640642,-6.084413,0.7042345,-0.8679602,-3.3547778,1.9903736,0.8217777,1.7425907,2.1086004,0.20515062,0.10930869,-5.3533177,NA12006,2,CEU,1,2,2,2
10.025181,-11.183883,22.009026,-5.3671455,-0.22151794,-0.6376841,2.1812847,-0.77702546,-0.18978412,-0.56846523,-0.19224204,-3.4128797,-0.66715693,4.104029,-1.4395969,0.13063133,0.43814915,3.5766537,3.5603724,1.5463691,-2.3504567,3.4627304,2.0378454,-0.5419709,-2.1603675,-5.1057982,-0.55073065,4.0630937,0.23436879,0.46748027,-4.0552,1.7349122,1.7578453,-7.328432,-2.1364195,-0.5986704,1.4842962,-1.2148798,-0.3846757,1.0170205,5.2966723,-0.52346647,0.25443098,2.4036999,3.9911015,-0.23364936,-3.5421383,-1.4798944,3.6454613,1.6718521,NA12763,2,CEU,1,2,2,2
4.368619,-11.674916,21.990358,-3.6515968,0.08219502,-1.6674005,2.070032,-0.735706,-0.7263968,1.1640303,0.9503693,-1.1525632,-0.23358594,0.80544585,-0.6389281,-1.6102203,-1.3993815,0.9912274,-2.171543,2.039776,0.5267672,0.14191695,-0.16936396,-5.9183416,-1.5915854,-1.1467329,-2.3916836,-3.5528114,5.955097,-4.150767,2.3267837,-5.5733447,1.5944165,-2.280437,3.8786917,-1.6752963,3.3056517,-2.1382458,2.1655002,3.138505,-2.5493886,-1.6670111,0.30398893,0.29787886,-0.8137541,1.9175547,6.1408787,-1.1183103,-0.05310444,-1.3614781,NA07357,1,CEU,1,2,2,2
1.2122672,-12.206395,22.33586,-3.161909,0.84804434,0.057716273,1.9522264,-0.62823373,-0.54975045,0.21698797,1.7087976,3.6413972,-3.3637276,-2.785892,0.29015404,1.3928357,2.3943188,1.4190747,1.4965731,1.8066967,0.8732227,-0.45468548,-0.1591821,1.836057,-1.104793,0.081103764,1.6303945,-5.2554207,0.59137195,-4.3595862,-0.320929,3.622812,-1.9710668,-2.088259,-0.44921684,3.6471756,-0.025502382,2.6950405,4.1324344,-1.389448,3.4161875,1.9666392,-1.5273253,-1.4154707,-0.5753203,-8.484623,7.2359242,0.5743566,0.68009835,-0.107927755,NA12144,1,CEU,1,1,1,1
6.429031,-12.531496,21.026922,-4.4461465,0.35726368,-0.69107264,1.1299089,-3.0348756,-0.5132265,0.18715447,0.53273994,-0.17670609,0.28422165,2.7334602,-0.47468728,0.14545675,0.80923784,-1.0663791,-1.4475346,-4.152043,-0.03310705,-2.3324003,0.8952073,2.1937532,-2.7422628,3.5211775,3.4660728,1.4228309,3.95394,-4.6294284,9.401669,-1.3689181,-1.4355594,-0.051063243,4.256517,-2.3817487,0.914788,-3.2867208,-1.495811,-3.7145321,-2.771415,8.408643,2.4674828,-1.502215,-1.0450186,3.6322222,1.4137167,-0.5062092,0.59282714,-0.5248369,NA10831,2,CEU,1,2,2,2
7.1714754,-11.681932,22.290445,-4.5896,-1.1640369,-1.1631496,1.7966017,-2.7223506,-0.77827764,-0.23616658,0.26855844,1.463284,0.17656168,-0.2014661,-1.0759156,0.9199943,1.7597876,-0.00070795754,0.12093969,0.8961527,-0.58792305,0.77171504,0.21653363,1.5706937,0.14652054,-6.659134,4.2991867,3.5950484,-4.406499,-1.8075662,5.871838,4.4066854,-2.347161,2.8747766,-2.6049798,-0.48997796,4.2033505,0.84907126,-3.0080054,-7.584524,-1.6368738,-2.0422575,10.278074,0.9761446,-2.2973468,-0.7999232,-0.09024248,3.7266464,6.0253377,-1.4846892,NA07000,2,CEU,1,2,2,2
8.491649,-11.6521225,20.993992,-6.2497907,-1.4782922,-0.83899575,1.1880077,-1.0874848,0.2982715,-0.8734709,-0.967567,-3.3087401,0.5121099,3.0779285,0.398153,2.4435441,2.824154,1.2113816,0.8644211,1.1835887,0.57608896,0.5299622,-2.6733062,1.3222834,1.4559774,-1.9202505,2.5186565,1.3227496,-2.1220345,0.42173076,-4.5161247,0.8014426,-5.47557,1.6303431,2.9557104,-2.7804174,-4.238096,2.1930497,4.311564,2.460308,0.1436728,-0.8400548,-0.91708755,0.098734,-0.29601076,-4.8202434,-2.7739277,-0.3163174,-3.6719444,0.763742,NA11832,2,CEU,1,2,2,2
8.653595,-12.934031,21.905333,-3.9250343,-0.51495045,-1.8021183,1.3928218,-1.7980332,-0.61751056,0.70408076,-1.2299682,-1.7605276,1.253334,1.9882685,-0.22241114,-0.60490555,-1.3868481,0.44542503,0.744084,0.7621063,1.7142397,0.9815257,0.57800287,-7.477318,-5.5141425,2.7554257,-0.27548766,-5.3754144,2.658796,-4.056236,-3.220201,-3.6747458,-1.3827724,-0.52226937,5.322285,7.8514895,-3.7704074,-2.1336777,4.3283443,-6.153838,2.9343688,2.3931913,-0.68380916,1.8288021,0.32013753,-0.42837173,-1.275331,-0.0825245,-0.40727577,-0.12744103,NA06991,2,CEU,1,2,2,2
8.481129,-11.8401785,20.543169,-4.357273,-1.3014795,0.021742145,0.8502824,-0.89384514,-0.49555093,1.1062721,-0.8457995,-1.8862736,0.94712245,0.6862422,-1.2540783,0.4050321,0.8004529,3.8711033,-1.2987397,0.7981857,1.1716428,-0.5368559,-0.75983936,-0.40796617,-1.9742221,-1.9722481,0.5666328,1.5440552,-1.8557847,-0.5876541,-4.8489337,-5.386467,-3.0643091,3.022081,0.05523275,-6.348373,0.77997607,3.825625,0.95372677,4.7823277,3.8000748,-0.1296488,-3.0201685,-2.4409814,0.6467293,-5.152396,-4.5267773,2.6302574,-0.00383107,-2.5840735,NA11840,2,CEU,1,2,2,2
8.237259,-12.352028,21.37148,-5.722164,-0.64448404,-2.2677276,0.9343791,-1.1739491,-0.8715494,0.16419601,-2.5549386,-1.1571118,3.342691,3.1810393,1.0318834,-0.45608652,1.8133864,1.157924,-3.256398,3.9312968,0.8760355,3.2719135,-0.5562014,5.185057,1.2014581,-2.1485276,-2.0005689,6.5953636,0.28983983,6.5214367,-3.102456,6.87164,3.0183995,5.2012234,2.8522682,-3.26358,-5.137803,-2.0552146,-0.577625,-2.348877,-2.2093647,1.9953388,-2.1474023,2.2970717,-1.9330363,-5.175888,-7.92164,-2.3157175,1.0150834,-3.0174105,NA12802,2,CEU,1,2,2,2
5.1048837,-11.640641,21.40603,-3.8283172,-0.40220773,0.38152784,1.1731398,-1.8386023,0.23833682,0.076097056,-0.487281,-1.9714048,0.44129455,-0.13515727,-2.1122456,-1.2847116,-0.8569258,3.1033187,2.403889,-2.0534153,2.0019505,5.154324,-1.5638721,1.7570735,0.8472387,-1.9614323,0.43069088,2.1162872,-1.8427678,3.610353,-4.553461,4.0655847,6.516131,-1.269758,-4.5012145,2.3360274,2.3083484,-4.9356194,-1.6102448,3.0705729,0.84759915,0.5649026,3.9964058,1.8296396,-5.2942567,-0.42156392,-1.16835,-2.4317732,1.5227581,2.9811554,NA12761,2,CEU,1,2,2,2
1.7758034,-12.216529,22.268858,-4.0825577,0.96420896,-0.5979667,3.056068,-1.9892937,0.24288273,-0.7439555,1.3317899,1.024128,-1.35133,-1.6140208,0.615737,1.4607333,-0.05565244,-3.880736,0.08595289,2.7944818,1.0064176,-2.67632,1.9468129,0.9395269,1.00157,-1.6101866,0.98895705,-0.9503114,-0.58871615,-2.5390868,3.1855779,1.790003,-3.4497228,2.645686,-0.041107904,0.48708713,-0.6554644,-2.7421062,-2.8461144,0.4415604,-2.1033547,0.79196084,2.471497,-0.79449415,1.8792399,-3.5377183,3.4021378,0.9071866,-0.31912562,2.130786,NA10830,1,CEU,1,1,1,1
7.9938674,-10.931129,22.013683,-5.8659716,-1.5096663,-0.35209748,2.3613534,-1.5899185,-0.45743012,-0.5775336,-0.09901793,-3.355424,-0.2575406,3.8326764,1.0651282,2.266786,2.4063194,0.490032,2.9015937,1.6615354,1.2725935,-1.3985949,-4.4382596,3.8184972,2.5687888,-1.7345243,2.6753023,0.18671633,-0.8392825,-2.4433732,-8.025173,0.9695035,-8.335044,2.0589876,4.6923504,-3.0443747,-4.853754,3.988558,2.0521922,5.2464437,0.19609022,-2.4907234,1.7734097,-3.013301,1.4961183,-5.4829054,-0.37749824,-0.1748967,-1.6540548,1.1230294,NA10855,2,CEU,1,2,2,2
3.1423156,-12.137846,22.83082,-2.3926876,-0.06798525,-1.0428231,1.4819599,-1.6082495,-0.25702164,-0.16904093,2.598105,2.1503441,-3.720963,-1.4414899,0.12922794,3.0369549,-0.1541408,-0.14817856,0.19410819,-1.1154703,3.7989821,-0.92119086,0.23788813,2.7226765,0.14649685,-5.1988554,1.1027826,2.517432,-1.7748075,-6.2419415,3.725821,4.207667,0.31534678,1.6492375,-4.1660147,-0.6991752,0.44735655,4.070632,-2.780592,-1.7314895,0.16559637,-5.4542027,10.008517,1.0447842,0.21927448,-2.96918,1.8243607,2.6184304,2.8332925,-1.7643574,NA06994,1,CEU,1,1,1,1
7.498443,-11.551835,22.499346,-5.2726235,0.22965689,-1.1410114,2.2681534,-1.4437817,-1.0803272,0.14671436,-1.4782778,-1.2161968,0.85420746,0.11042657,-0.1789504,-0.8728053,1.7365264,0.10847386,-0.16165525,0.38404238,0.5979686,0.65107733,-0.061702486,4.03126,-0.6815227,-2.4221146,1.3623257,-0.46422175,-1.0818431,0.99624354,0.10723946,1.6360967,3.388878,-0.38331363,3.6206646,0.34197056,-1.0712135,-1.1594915,-2.2722406,1.5529882,0.5261698,-0.090393186,-2.698587,-0.7157577,-0.8007377,-4.602598,-0.4146604,-1.8177147,-0.79764235,-1.4733943,NA11993,2,CEU,1,2,2,2
9.575598,-12.158192,20.995127,-5.239989,-0.6218723,-0.34028256,0.86104834,-2.1617906,0.36803985,-0.074041784,-1.3929793,-0.3484284,0.30212566,2.0197427,0.35220236,-1.1014285,0.8277822,-0.93676144,0.98188376,-1.049292,-1.4241576,-1.8572057,-0.93878734,-0.12978877,3.1865928,-4.683706,3.5293064,-1.1290048,-0.22554348,6.2851653,-2.2225842,3.3148766,0.3056007,0.6155903,6.572991,3.9288573,-0.2116035,2.2323673,2.0853102,-1.6508492,-6.2293205,-3.559057,0.05960692,-0.74442136,0.9145568,6.0284324,2.8724697,2.8276677,-0.4736008,-1.7273588,NA11995,2,CEU,1,2,2,2
2.9553027,-12.898379,23.322908,-3.6292567,-0.4775313,-0.3555401,2.145896,-1.9241326,-0.012893117,-0.33901748,0.29144612,-1.5005884,-1.530895,-1.1320559,2.1585844,0.094360605,-2.4120176,-2.167853,3.3067114,1.1835674,0.53058827,-1.2233268,-2.5533144,2.047576,0.3865749,1.0248331,0.75628877,-0.41714388,2.089459,-1.0408494,-0.9407191,2.8012133,-4.132856,3.7060163,-4.582665,2.6213837,4.6961927,2.473529,-2.3426201,11.091797,2.6350832,-6.171862,0.8970382,-1.8701696,1.1773299,-5.071945,-1.2474205,-0.053075813,-4.798993,2.5669816,NA12891,1,CEU,1,1,1,1
2.5828016,-11.806679,23.20993,-2.511838,0.28996736,-1.0180815,0.79186314,-1.7092502,0.0009796291,-1.1795952,1.0355344,1.7935266,-2.290368,-3.5031343,2.173955,4.430927,-4.0982327,-2.3129034,1.8850148,-2.351075,4.3640776,-7.801579,0.99008495,0.44490764,3.9278324,5.833886,0.20049766,-0.22171886,5.87867,-3.2853973,-7.394926,-4.7251067,4.5248055,-5.286168,2.7359376,4.7283864,-3.0746698,-3.9521725,0.11787747,5.134253,-3.1558642,-2.2082603,-3.9279368,-1.2245479,0.21657673,1.0137484,1.7008319,-1.9742488,-0.05927523,-3.2695396,NA12864,1,CEU,1,1,1,1
8.979114,-11.171331,22.031487,-5.0393157,-1.3119503,-1.2720356,1.0223517,-2.1986377,0.22131829,0.6401509,-0.26679158,-1.3463236,-0.5715105,0.8077542,-2.3507242,0.5336147,2.3673475,2.1480808,1.1173424,-0.9179636,-1.4075563,1.6996617,2.1700144,-3.5548804,0.034701098,-3.19983,2.3987284,-2.878561,4.6979213,1.6965642,0.79241836,-0.6089598,0.057331134,-1.3930038,4.175436,-2.5689185,-2.0433316,0.4417211,1.9018954,0.102619395,2.2322676,4.643617,-4.1423836,-0.32236418,-2.7545938,5.5016437,4.456677,1.4791616,1.5134696,-0.37724397,NA12751,2,CEU,1,2,2,2
7.2094884,-12.458073,21.230124,-4.83694,-1.0105795,-0.42282692,0.939218,-1.9946488,0.6953708,-0.27081314,-1.0557952,1.1566006,-0.3196104,1.4830384,-0.04170541,-0.84339565,2.5551345,-1.8002932,0.71870255,-0.2735814,-0.9593493,-4.1346984,-3.3148358,0.95090556,4.896454,-4.878641,6.2823825,-1.938273,0.012829892,8.8008795,-1.8743446,2.4423137,1.8586422,1.1129229,10.300254,9.042335,-1.9471512,2.0499187,3.5049918,-5.076922,-8.082045,-7.071591,-2.6415615,1.298022,-0.14185534,8.921464,1.4739867,2.836318,0.73393697,-2.5406752,NA10861,2,CEU,1,2,2,2
4.609555,-12.470802,21.941559,-4.257728,0.37797007,-0.31570986,1.9429176,-1.4636993,0.22309403,-0.9792106,0.5628528,-0.27929014,1.4758116,-2.1791394,1.1054566,0.63516927,0.36227453,-2.7716868,-0.49416783,0.22541937,-0.3859922,1.8214167,3.105461,-4.3757043,-1.2531896,2.5215428,-2.4687247,-6.4148498,-1.9768196,-3.5596952,-1.1137234,-1.271834,-2.8559906,-1.296653,-2.6617696,3.083087,0.93625516,0.4217922,9.836099,-5.7965827,-0.6674746,-0.16490142,-3.348939,-0.15640308,2.808467,1.0025524,3.3177817,1.2339896,-0.17492366,-4.1413007,NA12005,1,CEU,1,1,1,1
9.338193,-12.328577,21.850597,-4.4208474,-0.10542383,-1.5040753,0.07551973,-1.9881499,0.82210296,0.5949324,-1.1017053,-1.5668288,1.6964618,2.55746,0.88661444,-2.1183279,0.2602705,0.6238241,-0.7800506,-0.07640924,-1.8147644,-0.23487516,-1.1810573,-4.4683323,-0.045483954,-2.254965,-0.09652976,0.32121244,-1.7082729,-0.24694182,0.13467824,-0.4539153,0.7630469,3.2319443,1.4536499,-4.9192924,1.9521266,-6.598036,1.2214202,-1.0309762,-5.116602,-0.49917197,-2.3002126,-3.537072,3.6481943,2.947229,-0.11838951,1.4933028,-3.1616666,7.984014,NA12234,2,CEU,1,2,2,2
8.717873,-11.269333,21.124378,-6.2466784,-0.83962095,-0.8158601,1.4820964,-1.371746,1.0926917,-1.2298485,0.108486764,-2.593391,-1.4392347,1.7276587,-1.4203968,-1.6114438,-0.67614937,-0.013331585,-1.9030243,1.1880617,-1.0398808,2.7205596,-1.292617,-4.5333805,-2.7433634,1.3337778,0.31215268,-3.2009218,4.892371,-3.2684393,-1.4940085,-4.958506,4.520666,1.1220806,2.8047523,0.58431256,2.9104843,-6.0037117,1.7637374,3.848326,-2.30892,-2.3908613,1.0175915,0.5488838,-2.2562191,2.2288792,4.3570986,-0.878912,0.91302437,-0.9604908,NA07345,2,CEU,1,2,2,2
4.1571198,-12.137182,22.506943,-2.958368,-1.5130994,-0.4655883,1.4010938,-2.0856814,0.4908076,0.0028947447,2.2219238,2.6049337,-2.3423965,-1.4591616,-0.18269242,2.1994035,0.26737237,-1.2658035,0.5201695,0.48402715,1.8460633,-0.1180362,0.37738594,2.6509538,0.5103626,-7.668131,3.4369092,4.3843513,-5.0644536,-6.178927,7.0399284,5.7449884,-2.396875,3.3771574,-4.4401603,-0.53024024,2.8928158,3.6129367,-3.0545638,-7.209686,-0.009253915,-6.292799,14.730831,1.3598377,-2.0373957,-2.4759183,1.2605381,3.9309099,5.9772477,-3.0834422,NA07029,1,CEU,1,1,1,1
9.40421,-11.990043,22.593822,-4.8508515,-1.0828028,-1.5568318,0.2518599,-0.76722795,-1.9620824,-0.90996915,-3.083946,-1.450003,-0.9533807,3.2676485,-0.8181118,-1.519648,1.2121066,-0.11633819,2.9165692,0.049954515,-1.6297529,1.4382346,-2.9517465,5.1434503,2.4943635,0.95178246,1.7848724,0.4592394,1.0823308,2.6786873,-2.277196,3.8889172,-6.186857,1.5627704,-4.1992817,5.0088105,3.9469538,5.4945683,0.87188905,9.919211,1.2826021,-3.3736904,-0.99808437,-2.5750043,0.4285773,-3.0103207,-1.8738135,1.7333618,-4.005112,-0.4513227,NA12892,2,CEU,1,2,2,2
-0.15389201,-11.124748,22.544865,-2.9880435,-0.16658787,-0.25890964,1.3938246,-1.4650989,0.13125832,-1.346691,1.353615,0.59225214,-0.956866,-1.9461225,1.2462084,0.9809772,1.0987022,1.2281761,1.0777162,1.7711512,-1.9578447,-0.08328526,2.8506157,2.3525805,-3.180053,1.8055562,-0.76353264,2.8669786,-0.9124907,-0.6083398,-3.3611987,2.4950428,0.23558652,-2.7424376,0.50579566,-1.2747233,-1.539857,0.27566215,1.6822716,-2.6170585,0.7003376,3.0702026,-3.1623585,-2.2127185,0.6204184,-2.8523176,-4.618823,7.010703,-1.0738866,-1.3791114,NA12248,1,CEU,1,1,1,1
2.7678592,-11.919454,21.402409,-4.272562,0.04574915,-0.75585616,2.27775,-1.4570723,0.13290913,0.6002567,1.8049313,3.1454391,-3.0408635,-2.4968364,1.3816471,1.9876791,2.4822743,1.3283818,0.1907322,1.4622396,1.7772051,-0.7811903,-0.8721188,1.6691271,-1.6390254,-0.057206903,1.8528304,-7.058993,2.5667539,-5.2321634,-2.1009924,3.6053674,0.067545004,-3.0552828,-4.0494986,4.516326,0.7624682,2.129096,3.8585339,-2.4657435,4.338647,2.530339,-1.731806,-1.810129,-3.0561604,-8.498817,8.960272,2.7911463,3.1361504,0.19605124,NA10846,1,CEU,1,1,1,1
3.8457806,-12.868714,21.61726,-3.4666991,-0.87631166,-0.024620267,0.5689023,-1.521391,-0.40226582,-0.8055775,2.4216828,0.31627524,1.6521374,-1.972472,-2.4444153,-2.642118,-0.96594214,-2.5175638,-0.16449821,-5.723174,-0.7122433,6.042252,-3.584137,12.87166,5.3772287,15.993421,-2.4161394,3.3352635,0.40853485,5.7367373,4.6379185,-2.1232307,-5.1579275,-3.346661,-1.8820374,-2.7425466,-3.2700555,5.55044,1.6034524,-5.39999,1.8828442,3.3631604,0.3748902,1.9933794,-3.3252869,6.1540723,3.9745977,-1.9376072,0.48305607,4.088785,NA12801,1,CEU,1,1,1,1
2.2680848,-12.020284,23.309254,-3.602417,-0.36844027,-1.3485119,0.9200035,-1.359806,-0.56829405,-0.29314348,2.8162694,0.19087996,-2.0725899,-3.4420478,0.9981864,3.1101325,-2.7539124,-3.0354388,0.50873834,-1.9060999,1.9038779,-5.5453835,1.171973,1.899996,2.5868886,5.561246,0.7456235,-2.4121883,4.2817345,-1.8419864,-5.802777,-5.8278313,2.9758973,-4.6392965,2.625465,4.1520557,-3.1764684,-3.8212783,0.29563156,4.7921658,-2.7905228,-2.8426692,-2.9133081,-0.11191431,-1.0377743,1.0836174,-0.26080626,-0.575396,1.2175615,-1.348113,NA12872,1,CEU,1,1,1,1
2.5917242,-13.097294,22.316105,-3.290084,-0.3544145,-0.4639783,0.9690572,-2.3004508,-0.72499925,0.504625,0.73316,1.8631108,-1.2900052,1.3120295,0.23031776,1.6743861,1.4305183,0.18006133,-0.8199567,-4.286236,-0.57051104,-2.0981333,1.9765017,2.2039816,-2.7790751,1.067234,0.45493227,2.286732,0.68488866,-4.7824063,6.4412894,-0.8058742,-2.5617497,2.1160996,2.3289194,-1.9986858,-0.40086702,0.616632,-1.3350147,-0.03864955,-2.020122,5.7668233,3.279331,2.6218147,2.3066666,1.2798051,1.4649229,-0.6522909,1.7403777,-2.2917829,NA12155,1,CEU,1,1,1,1
4.453292,-12.129843,21.879875,-3.1368737,-0.023724675,-0.8809019,2.0011928,-1.6402925,-1.4272246,-0.4262491,0.09475397,1.0041628,0.3194134,-0.40251008,0.2710712,-0.7684313,-0.8261436,1.4543582,0.29180643,1.232205,0.66643935,0.07639877,-0.29485852,-5.242964,-5.1122513,0.23444246,-1.1823305,-3.3031616,2.2256987,-2.4590611,-6.2454324,-1.622499,0.18155123,1.5007014,5.161097,5.813972,-3.0613139,-2.1613944,3.0515757,-5.936674,0.97609055,0.55337214,-1.9771512,0.40606013,0.74383783,-1.509339,-0.8905171,1.6352845,-1.6895813,-0.05510902,NA06993,1,CEU,1,1,2,1
7.31069,-12.647059,21.646265,-4.776104,-0.38111627,-0.09092233,0.7403717,-1.7165005,0.40621254,0.32817602,1.2073071,-0.35585627,-0.0071471147,1.9611318,-0.093810305,-0.19573872,0.41182423,1.0973756,-0.017387222,1.2432697,-2.8564856,0.71037745,1.5302262,-1.844512,-0.53518647,-1.6756358,2.9283772,-5.3633323,3.3747582,-4.134515,0.21246149,-2.617921,2.6116977,-4.247841,-2.8212721,-3.2023106,8.359077,0.12655705,-3.3091729,-4.8342295,-1.4648786,-0.43359306,-2.519026,-8.293246,1.8654004,-2.7571213,-0.14728862,-2.2068107,2.3664086,-0.20456794,NA11830,2,CEU,1,2,2,2
1.3933326,-12.9171095,23.551174,-2.8702118,0.1369825,-0.8797543,1.0320008,-0.4317377,0.016163284,-0.10281646,2.0250905,4.035398,-1.1815206,-4.692432,1.4327998,0.49919766,1.5540024,1.2260208,-0.7599092,0.19110768,0.444457,-0.8525594,0.4350136,0.9653653,-0.40828672,-2.2343588,0.33092886,1.8460027,3.0199785,-0.45837367,-0.8656653,3.2429297,1.9497186,-2.856713,3.6358488,-2.5884962,-7.779372,1.2289386,-6.256825,4.846045,2.7500994,0.19370116,1.683833,0.3756141,-1.6125926,5.3804975,-4.929108,0.05064227,2.9259264,-0.9917286,NA10838,1,CEU,1,1,1,1
6.568027,-11.4238405,21.253786,-5.588429,-0.22630468,-1.131552,1.9091815,-1.9741634,-0.004717333,-1.2753536,0.0992428,-1.6989206,0.5894618,-0.08692453,0.056625508,0.85222584,1.1880624,-1.0068656,0.1294539,1.9063718,0.11020362,0.05492794,-0.8190528,1.8500555,-5.9011116,4.1645994,-1.0851345,-0.44021773,-1.6559877,3.9215481,-1.4852737,3.739161,-2.9769394,-1.4297175,-0.4635659,2.9338999,-1.21602,0.48306277,1.3041326,-0.8631413,-0.010383359,2.8052685,-2.4875176,-0.79618275,-2.9865804,-1.4291608,-2.531194,5.951148,-0.78621924,-7.6145015,NA12249,2,CEU,1,2,2,2
8.284277,-11.0582905,21.65195,-4.1389046,1.0091388,-1.2475529,0.8908831,-1.0671371,1.0556753,-0.07911889,-0.8864344,-1.8954744,1.0115609,2.2251236,0.3699339,-1.3340776,0.1577187,-0.89189506,0.22175857,-0.9192751,-0.31793615,0.41512638,2.422941,-0.91577226,-0.3427579,-0.18821777,0.93340755,0.5279751,-0.39398518,1.3740206,0.46101576,2.3798606,0.953227,1.4191865,-0.6812661,-0.313218,0.7180468,-0.8563438,-0.46773955,2.4691553,0.3660982,1.5266813,-1.4401884,2.4763896,-0.8731477,-2.132391,-1.4669633,-0.34900516,0.5242219,-1.4163111,NA12057,2,CEU,1,2,2,2
2.6705155,-11.494199,21.325325,-3.6149228,-0.76665634,-0.46826863,1.2526808,-1.4632152,-0.14482798,-0.4553889,3.6899827,2.78719,1.1758466,-1.4108875,-1.1091881,-1.945109,0.40501916,0.11872054,2.6947043,-2.3623085,-1.8504514,3.072279,-0.0042799916,4.7947874,1.1199926,3.9442625,-2.557813,3.274574,0.2114503,3.0031967,1.7827257,-1.2072238,-3.761189,-1.3237569,-0.5944886,-1.1870044,-1.9795964,3.8166878,1.2716548,-3.8885202,2.5278547,1.3469423,0.90041435,0.81081027,-2.5345387,5.527116,3.3424635,-0.39718854,2.060841,0.85420007,NA12812,1,CEU,1,1,1,1
4.228888,-12.080699,22.80706,-5.2868505,-0.87374157,-1.2043,1.3293346,-1.2425573,0.7552413,-0.96686345,-0.41879308,1.0162945,2.0314612,0.5409576,1.3974605,3.4094143,0.7479559,-0.68443125,-1.9313447,-0.33711827,-4.102312,0.8785348,-0.8257639,-3.628456,0.89204264,-2.4907641,1.9154239,-2.6285002,-0.3750449,-2.0608807,-4.479005,0.26094502,-0.9599894,-4.631134,-6.49958,-2.019985,-2.075785,-1.6802338,-3.8607774,0.99828184,4.8454328,1.9042474,1.8891174,1.6499732,2.8653908,-3.015974,-2.791469,-1.4315076,0.9370256,3.665656,NA11881,1,CEU,1,1,1,1
3.0847306,-13.170158,22.672052,-3.9534402,-1.0677899,-0.95738137,1.0834094,-0.8660304,0.86734515,-0.37156248,-0.5684185,1.0795103,-0.6548014,-0.6250913,-0.17996386,-0.4443817,1.9705658,-0.12398882,0.07218228,2.2559853,-0.22084053,-3.5259569,-3.0638092,1.6865875,4.0690374,-2.6396468,4.9578414,-1.1728054,0.5268328,6.63927,-0.97422224,-0.33253944,2.58263,0.064703286,6.896703,8.227385,-2.3436456,1.1101792,1.6038971,-3.415295,-6.0282955,-6.5429506,-4.3326135,3.6118,-0.4490266,5.355157,-1.8020127,0.38656706,0.6543277,-3.574656,NA11994,1,CEU,1,1,1,1
4.89438,-11.846032,22.189703,-3.126082,-0.49717388,-0.7945106,0.11472839,-0.6731037,0.87098473,-1.0708152,-1.2647746,0.22649203,-1.833228,-0.40053552,1.8591954,3.435113,-2.705437,-0.060891397,-0.5227691,-0.5480242,3.0340142,-5.0784774,0.27614403,-0.7257137,2.587993,2.9811926,-0.16403395,1.9246988,4.0800524,-1.7082986,-4.899203,-1.8121017,3.5234265,-2.9422665,1.8337604,2.7795484,-2.7181065,-1.5057116,-0.83795834,3.5340166,-3.1964552,-0.5658207,-2.3777056,-2.6089437,1.7768888,0.62325144,2.89476,-2.3609712,0.14398758,-4.668172,NA12873,2,CEU,1,2,2,2
8.997954,-12.393156,21.48516,-4.7383995,-0.014306309,-2.5697665,1.0796956,-0.42024985,-1.5685005,-0.19966532,-2.3476768,-1.5621171,2.2764876,3.643217,-0.24528334,0.8179776,3.1944396,1.751605,-2.347346,3.42534,1.0792261,2.6766193,-0.76547414,3.7738657,0.63682365,-1.8512145,0.65265423,5.90355,-1.5554209,5.9227777,-1.5166427,5.9041166,2.7433965,2.5843422,0.8986645,-3.1105914,-4.769005,-2.2198896,-0.8943724,-2.2872677,-1.9718304,0.48416746,-2.5894158,3.4735365,0.42745525,-5.08386,-4.5106483,-1.4466534,-0.35100728,-2.4035068,NA12815,2,CEU,1,2,2,2
7.805148,-12.09851,21.568417,-4.7844567,-0.87755275,0.05947706,1.6406387,-2.2305634,-0.19840382,0.5487831,-0.2637758,-0.1684858,-1.4905617,-0.25492358,-0.70313877,1.078544,1.5924077,1.1440557,0.89183676,0.40773597,-0.8349832,0.5615364,1.3667269,-5.684614,2.0983984,-1.3518887,4.1943574,-3.243915,6.6226735,1.9134597,-1.2830038,0.34850293,0.61219674,0.34175664,6.1669955,-2.8227706,-3.6813755,0.8786513,2.0405107,-0.6537065,2.6437144,3.9354398,-5.6047297,-0.8127756,-4.172427,8.57333,5.3368683,2.4797518,3.2118542,-0.6260865,NA12740,2,CEU,1,2,2,2
1.8095342,-11.201832,23.185684,-3.9018073,-0.045093622,0.03645144,2.196816,-1.8581076,0.4275925,0.86905223,1.3589598,0.87544084,1.8795335,-2.0198352,-0.50917184,-0.7253247,-0.76934487,1.3709608,1.8086303,-1.6153072,4.1754417,6.651071,-0.7955885,3.6439018,-0.5656474,-1.9058859,2.231436,3.726506,-2.6449623,5.6518836,-5.5714455,6.9844003,8.055081,-1.3093238,-6.928311,5.2891335,4.5771646,-7.7292323,-0.106875405,1.6314112,-0.18444675,1.2376968,4.023888,5.2747173,-3.927344,-1.8038105,1.1744286,-3.826676,6.9722757,2.8565898,NA12752,1,CEU,1,1,2,1
3.219585,-11.339409,22.188639,-3.8445947,-0.35749587,-0.5264287,1.4914494,-1.6265839,-0.36729607,-0.22250935,0.95971876,1.546478,0.556141,-2.7262084,0.2357301,-0.22392486,0.6575731,0.042112038,1.7016392,0.48300007,0.3345194,-0.218549,1.3744872,-2.3759196,1.1347699,0.8688573,0.87880516,-1.2167217,-0.6995856,-0.037921764,-1.542117,-1.2492597,0.32062915,0.68116444,-1.6746076,0.92334825,1.7239062,1.4643075,0.2963505,-1.1122621,1.9398068,0.77880144,0.9676492,1.6512291,-1.7784821,2.5445158,1.0596764,1.4463824,2.535779,1.6342901,NA12043,1,CEU,1,1,1,1
4.414753,-11.076663,22.293713,-3.1070006,-0.14937343,-0.22352013,2.4679756,-1.6574174,-0.10554543,-0.19791685,2.0732992,1.0176964,-0.9962149,0.51803476,0.036108196,-0.3640864,0.06277401,-0.2497299,-1.4424472,-1.6740301,-0.4896539,-1.2931585,-0.10008397,-4.1904707,-0.8555835,-0.27506876,0.45612797,-1.5729312,-1.8262995,-4.0688896,1.675104,1.4297041,-0.46898246,0.8961874,3.9811702,-5.468819,-0.901062,-1.7940277,2.6518142,-2.8509164,-3.4493942,-1.4881448,-2.0444095,-2.964022,5.4798865,2.8001225,3.114153,1.3027822,-3.518582,6.665147,NA12264,1,CEU,1,1,1,1
7.591206,-11.323611,22.002388,-5.3538427,-0.60033727,-0.57909316,1.0398805,-1.1596031,-0.6420061,0.04772168,-0.7219358,-1.9109715,-0.23674525,1.0695015,-2.6211455,-1.9343075,1.3836802,4.1903734,-0.951797,1.9800297,-0.5043123,-1.341986,-0.9682153,-0.9110193,-0.3221063,-1.1057519,1.9687408,0.07977175,-3.97087,2.0106473,-6.239508,-6.177105,-6.456712,3.4111571,-0.8681023,-7.2469587,-0.25140572,2.7470481,2.9321992,4.408727,3.398112,2.1209064,-5.2342463,-4.3472476,-1.486794,-6.444686,-1.8793277,1.6184034,-0.5240126,-1.7882662,NA10854,2,CEU,1,2,2,2
8.2787485,-11.642657,22.486052,-5.864219,-0.5211806,-1.3246969,1.9302225,-0.95578915,-0.98809004,0.526376,0.6313504,-2.4928663,-0.40447807,2.124691,-5.2372003,0.21454144,2.1718132,2.0394316,2.4407268,0.7677643,-2.6449034,0.8338643,0.9312337,-2.399422,-0.33036244,-5.583338,1.5973943,-4.386605,0.82558393,3.7806761,4.9554253,-3.3674753,-5.50516,-2.389834,-8.334413,-6.4818416,4.530346,4.85249,1.570996,-3.9082134,-0.6296847,0.6813171,-6.2437725,3.3582,-0.8598934,1.3420101,5.038444,-5.7611074,-1.5666957,-2.2231708,NA12865,2,CEU,1,2,2,2
-8.344599,19.873478,6.474443,-8.58837,-0.6370035,-2.7651958,-1.5852622,-0.22584103,-0.26811504,-0.7234031,0.03649186,-2.9869452,1.1732297,1.394096,-0.17868786,1.2218827,-1.8975616,1.8777801,0.49357092,-0.34190974,-1.7413911,-0.11824289,-2.6730204,0.5217407,0.059527192,-1.1489927,0.6849881,2.5792267,-1.8537655,1.0189449,-0.59961456,-1.1348753,1.6437443,1.6634711,2.1317515,1.3844796,-0.7747064,-0.8489446,-1.8320111,0.2924635,2.1640384,-0.22647877,0.65748495,-0.036289692,-0.39636672,0.73592335,0.15619615,0.2811038,-0.36209923,-1.6450902,NA21297,2,MKK,8,2,2,2
-7.1224594,20.962795,5.8055835,-8.599362,-0.8400831,-2.679735,-2.309353,-0.27200028,-0.55961263,-2.2883751,-5.068506,-3.9984577,-0.8007127,2.8154569,-0.28662685,1.1104422,0.6520983,-1.31982,-0.4333801,-2.3873239,1.518814,0.010052208,-2.682808,-0.9288358,0.9646721,1.9937167,0.7983682,0.7819291,2.7100286,-4.220384,-2.9821622,-0.5151543,-0.4752866,-2.356533,-1.9807339,0.2751208,1.2981644,0.39140815,-1.7045263,-1.8260114,3.4850864,-3.0391195,3.2214692,4.076763,0.73517853,-0.24904686,2.5746837,-0.9264268,-3.7492106,-1.5960691,NA21379,2,MKK,8,2,2,2
-13.22678,21.681948,7.0722013,-6.5182085,-0.6667529,-1.8791151,-1.1164973,-0.7261227,-0.70365167,0.349174,0.10168914,2.7573924,-4.308008,1.3622048,10.523024,7.704708,4.2286444,8.468657,-9.981146,6.7370715,-2.5627854,-2.231935,-8.912662,-4.293253,4.814467,2.9387336,5.643,5.3151274,2.9149656,0.7249149,2.2175753,1.7697921,1.7924517,-0.20111823,1.164339,1.0185294,4.7210026,2.0332851,-2.6933837,-0.85584027,-1.1464657,0.25729984,0.3813367,-1.1124997,-2.4350762,1.6157031,-2.142026,0.31493673,0.36910006,3.2581363,NA21528,1,MKK,8,1,1,1
-12.808456,20.579365,6.997794,-7.3180118,0.53228164,-2.3636503,-0.52988976,-0.9534163,-1.601676,0.4689709,2.6720915,2.9881392,-7.015969,-3.5376651,-2.23681,7.312784,5.461479,0.004232882,4.5941753,0.91970456,-9.059512,6.8543997,-2.4860144,5.016245,-1.7031877,0.0980738,-5.1041503,-1.7002983,-3.7907948,-3.3671837,-0.36563012,-0.7550975,-0.69896406,4.66136,-2.4173005,4.6235194,-0.08153642,-0.88642657,2.7835853,1.8895466,-2.375011,3.4660234,-0.034979038,3.3805497,-0.59777886,5.8661504,2.4042718,0.46930134,-3.6716895,2.7157495,NA21423,1,MKK,8,1,1,1
-12.746482,21.021698,5.727966,-6.6067023,-0.507149,-2.1694024,-1.9305693,-2.5810816,-0.047869373,-0.9510764,-1.1133772,-2.0990603,-2.1574569,-5.7128787,-3.388561,0.665754,-5.6428494,-1.4356065,-1.7004576,2.0886624,-2.3862112,1.6723552,3.1871164,3.6970468,-13.786265,2.9085402,-2.3716688,1.6833999,9.73193,-1.3159691,-4.7612762,-1.3825383,1.6012973,9.35933,2.6985266,-4.7825413,3.18024,5.608274,3.2819688,1.5092152,-0.89916813,-3.7945573,3.9622467,-1.1661825,2.0212207,1.0376778,-2.606562,4.1622386,1.3426199,3.9345906,NA21634,1,MKK,8,1,1,1
-11.000691,20.511057,6.262422,-8.409257,-0.0782692,-0.7777701,-1.4197907,-0.41081864,-1.4201669,-0.1185042,12.703931,12.817956,2.1914527,16.486187,2.7072887,-5.358914,-4.6027803,2.270948,-1.7091336,0.98074734,-0.40108877,5.8237886,-2.7986379,-1.9635259,-0.33633816,5.2661633,2.9145226,-6.5373335,0.6267963,-2.7354581,0.9529523,3.761262,3.6976674,3.2312188,-0.78270024,0.115552254,-2.7796304,-0.029586688,-4.2466707,5.931343,-0.98793393,0.18621066,-2.750941,1.9326586,-0.23762597,2.8923242,0.23274972,1.5481999,-0.39284474,-0.082798295,NA21302,2,MKK,8,1,1,1
-13.655104,21.287542,6.8046837,-7.211489,-0.5707565,-2.6102026,-1.1253287,-0.46846092,0.68008417,-0.19142503,0.6638853,2.5404904,-2.02468,-3.8525429,-0.57137734,3.171908,-1.1007432,3.5312452,3.2786496,-0.87615955,-10.142947,3.9140675,-9.699167,0.3619384,-0.13627182,5.007423,-2.8380404,1.1538354,-3.3747842,-8.265315,-2.4613898,5.2465587,0.21375316,1.3887074,-2.5908763,1.7416447,2.5293958,0.81751925,4.263807,0.72363394,-2.1602173,1.3097637,-1.8629774,6.3671103,-0.83115655,2.4096172,0.50000507,0.9749479,1.0751498,4.0872865,NA21447,1,MKK,8,1,1,1
-8.41028,21.407396,6.0997233,-8.632193,-0.8307785,-1.6854814,-2.0747325,-2.2544658,-0.43316656,-0.76320577,-1.1019584,-3.5184972,-9.707938,-0.44494623,8.551375,-17.75332,-6.5014024,-6.9162083,1.9543563,0.55566823,6.446105,-1.0549991,-0.25917524,-0.060039125,-1.7829211,-1.8803473,-3.270683,-0.36107406,-0.5429154,-1.8377368,1.6477393,-0.80221564,3.3410485,-2.1722577,-0.87860215,0.8592709,-0.32194933,0.119076826,-0.9559038,-0.884157,0.39943212,3.2652981,-0.3368441,2.3695214,-2.9367008,-0.17175846,-2.278474,4.0318418,0.50934404,-0.015208433,NA21513,2,MKK,8,2,2,2
-7.742715,20.28891,5.4277067,-7.10506,-0.3243215,-2.3083382,-2.3844519,-0.7998157,-0.23308463,-1.0140423,-1.2624326,-1.5142401,2.3413334,4.595168,-9.3737135,-1.1457283,0.98913896,0.02760971,-1.8790035,-6.4763746,7.986288,-5.825056,-0.057206195,1.1487557,-0.6207642,-3.4120188,-2.007151,0.696068,-1.4629765,1.4132376,-2.1237934,-2.267028,0.22863525,1.066542,0.18353775,1.4783744,3.9009826,-0.20617023,3.3067014,-0.24802911,-2.3247042,1.8699788,-1.5259255,-3.3707194,-0.53502226,-1.7521507,-0.9032505,-1.0527865,3.7544036,2.2369413,NA21400,2,MKK,8,2,2,2
-7.588038,21.783306,5.876038,-7.8255987,0.23601848,-1.5975648,-0.47781152,0.9923224,-0.06674713,-0.9251616,1.3726019,-1.6852361,9.213386,2.0683029,-0.46477687,-3.6468651,-3.152666,2.6165504,-3.967659,1.9206657,1.075461,2.3932722,-3.4215143,-0.020228785,0.23005234,-0.9326898,-2.9464705,-3.5558043,-3.229924,-3.420939,-0.5465624,2.3961158,-2.1448536,-2.6886222,1.7055691,0.8117105,-1.551466,-0.93969643,-1.8620381,0.95988137,-0.9674967,-5.5897217,0.07121746,-3.1661925,0.42076108,1.5989454,-0.7947095,2.461782,0.14409894,-3.6837814,NA21454,2,MKK,8,2,2,2
-7.6357923,20.641037,5.5867896,-9.756106,0.2990419,-1.8597795,-0.6983229,-0.49035528,-1.3294436,-1.5416586,-3.1248152,-2.7640624,9.78165,-0.33997685,-0.8298784,-5.778884,-1.1992086,0.6250695,-0.27769247,4.2497888,3.549058,-2.6070764,6.4911385,3.0824292,-8.819834,2.5729938,-4.283144,-2.051823,-0.25420767,2.96154,-8.067555,3.8312166,-2.158942,-2.2470455,-2.390839,-3.7275298,-0.97963667,-5.9448123,3.9087865,0.40111524,-1.4790202,-3.8494089,3.0732486,-1.4481295,-6.6152053,2.4529645,3.7814276,-3.1447253,-0.10739916,1.0639181,NA21480,2,MKK,8,2,2,2
-13.069145,21.758104,6.6599536,-7.131702,-0.40661666,-1.8438728,-1.5364907,-2.3504229,-0.6266839,0.1775702,3.9862776,3.9548233,-8.114141,4.8700275,6.819773,-18.730309,-8.1224,-6.337614,2.6579695,2.09035,3.0623286,-0.084261805,-2.6972141,1.9638157,5.2477074,-8.280512,-6.649124,5.17719,-5.6702952,0.8775199,4.2971015,-3.1683006,0.7248952,-0.63281786,1.3091441,4.612176,-0.98704493,-0.98436373,2.7361157,-3.208314,1.5137694,-2.090597,2.165494,-0.8024909,-0.30899382,-3.0767517,1.3795316,-1.2519484,-1.9787527,1.5481123,NA21608,1,MKK,8,1,1,1
-9.221963,20.131962,5.9380765,-7.498656,0.34263107,-1.7240262,-2.3096364,0.09141729,-0.088786565,0.031895,-0.89754796,0.24355221,-4.43332,4.062501,-2.89405,-2.6148765,-1.9225633,0.67099196,-0.55188483,1.2720023,-5.777129,2.1356742,-2.6536498,0.68790686,3.643504,-8.894106,-4.365624,6.1447096,2.197056,0.44696507,1.7685024,-3.9158514,-1.8185952,-3.6010644,7.622747,-2.7195716,-4.6299977,0.85780096,5.2137604,-1.4915797,1.6574252,-2.5669835,0.6316006,-3.4115336,0.48951173,-6.81011,-1.7471274,-4.9656644,2.714293,0.5876121,NA21717,2,MKK,8,2,2,2
-8.750307,20.354574,5.151095,-9.298161,-0.28013316,-1.452536,-1.0486441,-0.65570486,-0.9304305,-0.925982,-1.8697488,-0.23223479,4.814322,1.4332688,-9.719213,-0.040862087,7.4535108,-4.1484275,3.8278778,-1.9382789,4.7654433,-3.2896287,-1.0103921,-0.58059806,6.5165067,-0.39805332,1.8620776,0.5172651,-1.3173025,-0.6223254,3.4989328,4.211608,4.065934,-1.6838757,-1.1230509,1.9592013,-1.1196935,-0.4138024,2.064747,0.45244893,-0.22085035,0.12661669,-1.9275656,3.3033042,-4.1245065,3.1011634,1.3768563,1.4891168,3.0956244,2.741457,NA21476,2,MKK,8,2,2,2
-12.2262335,20.43685,6.4055347,-7.590189,-0.018470809,-3.096427,-0.6881594,0.29327515,-0.5433947,-1.7796633,0.09997061,-0.048506062,15.998165,2.1788158,28.726051,5.967613,14.943954,-4.8018947,4.0920076,-10.334801,1.489091,-2.331611,8.334742,4.2945166,-0.29917386,-4.859255,0.8578141,-1.8779526,-1.4039252,4.2063007,1.959782,-3.4954846,-0.11823822,-1.5018134,-0.66696537,-0.29974553,0.3343277,3.623211,5.6997833,-0.6613828,1.5963984,-1.2242086,1.4108176,-0.17174238,-1.3349401,-0.2641018,-0.35874957,-0.2245804,1.6604489,2.7029293,NA21384,1,MKK,8,1,1,1
-8.104612,20.65661,5.2508607,-8.5761175,0.0012259926,-1.9574778,-1.2512406,-0.8922352,-0.55695045,-0.7146728,-0.75714785,-0.3141597,12.106945,-0.047048293,-1.2091081,-3.4119444,-0.25140932,-1.9197055,2.6037633,4.3706403,2.918637,3.8602476,-5.1853685,0.5824601,-0.7052415,-0.80563474,-3.8379364,3.670704,3.837451,-0.089796126,-3.1624303,-2.81863,-3.0950174,-0.34030268,0.43823078,3.0316896,0.3323122,-0.90087587,2.3249314,2.4374087,2.0285594,0.870704,0.890808,-2.3733175,3.3200183,0.65755725,-0.0051826295,-4.183444,0.6980527,-3.6436064,NA21391,2,MKK,8,2,2,2
-13.784265,20.205254,5.794078,-7.7983346,0.60582083,-2.5831275,-0.36439732,-0.59234816,-1.0206494,0.1250387,1.6231315,2.4332213,0.6634081,-2.2940469,-6.1910596,0.8461431,-2.9807456,2.880737,-1.1088942,2.3681495,-3.188128,-0.7754401,-0.5825475,3.6488562,2.3016791,-6.1252046,-2.5386763,1.7369814,1.5448208,0.6961399,2.5409446,-4.6615357,4.8907356,-5.5340257,5.6529803,-5.9803457,-2.0283055,2.4173498,2.6694098,-5.912765,2.1144423,3.39902,-4.6955414,-1.6124169,-1.163187,-2.3615932,-0.36033687,-4.4353857,5.492627,-0.16235536,NA21716,1,MKK,8,1,1,1
-13.813119,20.806614,6.5796523,-7.594708,-0.3637493,-1.6527089,-0.6586759,-0.22332613,-0.98736095,-0.91616815,-0.07342547,1.7045624,18.910461,-8.689954,-11.117865,-2.6488585,5.400552,-9.296798,8.439177,8.693607,4.6979537,-0.82076234,-3.0298195,-2.4853246,4.7627797,1.7703775,2.271187,1.0594314,-1.9917662,-2.3793855,4.5525575,2.7748551,4.8633547,-1.3244938,1.4141302,0.59899896,1.7298974,0.6540194,-2.43535,0.6540216,0.51622903,2.0428407,-2.1645172,4.0127535,-1.5721174,2.901065,-0.3580156,2.9788032,-0.80210304,4.0779147,NA21477,1,MKK,8,1,1,1
-10.285437,20.319862,5.82098,-8.222704,0.38940188,-2.264833,-1.6678455,-0.41362146,0.017214596,-0.8749523,-2.1022515,-0.5184684,10.525997,1.039036,12.084074,3.3433437,6.661239,-1.7187296,-2.0755203,-6.153702,1.2165229,-4.1964364,2.0763803,1.0564064,-1.1018323,-1.7668877,-2.158786,0.7555217,3.921408,-1.0702575,-2.5100691,-2.2812767,-3.5863094,1.4097795,0.22035922,0.7614476,-2.378963,-2.191646,2.480484,3.1923993,0.92567194,1.4680297,0.60182405,-1.517307,-0.06061817,2.255784,1.4454018,-2.0532746,0.7837624,-0.9585352,NA21382,2,MKK,8,2,1,2
-9.385871,20.890217,4.8283052,-8.174164,-0.9884801,-1.3139348,-0.8759634,-1.5381694,-0.26174426,-0.5537938,-0.26898062,-1.861874,-11.882002,2.2069314,9.846527,-18.255617,-4.58863,-9.495449,3.9004886,-1.153462,7.5317817,1.1441592,0.9875606,2.5411553,-2.0328946,-1.0149065,-1.8940926,-2.2899704,-0.7973321,-3.6073751,1.0362469,0.23172832,2.5036824,-2.7777638,-0.21191715,2.5230181,0.59356356,3.9691377,0.44796854,-2.0685713,2.112785,3.5467994,-2.939454,0.4284636,-0.5189619,3.0876627,1.2718756,3.788542,2.642677,1.600942,NA21686,2,MKK,8,2,2,2
-7.2978587,20.827044,6.4251647,-9.02869,0.41472632,-1.9798046,-1.2966046,-0.21211727,0.76091295,-0.25301334,-1.5415703,-3.9199789,0.9401971,0.29893118,0.5748482,1.9139205,0.40428507,0.6866316,0.47171724,-3.035115,-0.43339875,2.3245802,-0.07216566,2.187303,1.0680933,-0.50608593,-1.0250002,-1.5119255,-0.821033,1.5690414,-1.4077015,2.0604184,-0.6776488,-0.18114862,-2.375262,-0.09571677,-1.3354867,0.704583,-0.67958885,0.6862215,-2.6889758,-1.1929183,-0.9292379,-2.8186538,1.2671727,-2.030217,0.7585681,0.63706297,0.80745876,-0.3091725,NA21336,2,MKK,8,2,2,2
-13.202795,20.197515,7.10571,-7.682502,-0.3044389,-2.176271,-0.080333136,-0.51439697,0.5363562,-1.330221,0.80167544,0.4893268,0.45146322,-2.995762,-1.7219517,1.1579664,-2.5023236,0.90367347,-0.070546746,1.1848794,-3.4937048,-0.4133286,-0.14204055,1.9805423,0.8611482,-3.016246,-1.1985879,0.9551721,0.1011103,0.29170662,0.7825632,-3.4374092,4.319712,-1.8497584,1.59997,-4.285634,-0.85614616,1.4534531,0.75054586,-2.7740076,0.22907457,2.9348435,-3.5903044,-0.121622555,-0.2870375,-2.1848962,-1.4926401,-3.5950506,1.7088519,2.1873157,NA21741,1,MKK,8,1,1,1
-6.135288,20.854818,6.1904287,-6.531914,-1.2076187,-2.3861268,-2.2460096,-1.0396769,0.07413847,-1.4468361,-2.5002596,-1.3581959,-1.386843,3.1564596,-5.3199754,0.52348983,3.3464444,-3.6208985,-0.16267347,-3.5100646,2.9785085,-3.1733506,-0.969247,-1.585815,1.0496197,-1.5944691,1.9996569,-0.10307498,-1.2088629,-0.92095006,-1.6360662,2.0052133,2.2027724,-1.7891324,0.16369614,-0.9755198,-0.17157933,-0.2981126,0.5572068,-1.1822441,1.356199,-1.1251944,0.18497695,1.4798023,-1.632037,-1.0655278,-0.21063375,2.406451,0.40529674,0.0732513,NA21576,2,MKK,8,2,2,2
-12.214512,20.369854,7.0633397,-8.011618,0.7250152,-2.3713765,-0.72429514,-0.2670846,-0.22086053,-1.054716,0.60081214,0.15766469,0.81785077,-0.23983933,-4.284197,2.1807835,-4.452454,4.9150486,-4.098191,0.36216757,2.7398982,-0.29259306,4.445149,2.6915627,-2.2323456,-0.29595512,-2.2762518,-2.9483507,-3.4380267,0.102826156,-2.4042969,1.6489464,0.31998062,-1.280633,-1.6357045,-1.0422045,-1.2931198,-1.8906385,0.10603625,-0.7366882,-0.29969573,-0.65440315,0.46326336,-0.12388258,-1.9279041,-0.6475248,1.8654022,-0.49233204,1.7108186,0.1899464,NA21740,1,MKK,8,1,1,1
-6.5956097,20.37428,6.408798,-8.4792385,-0.24987772,-1.692368,-1.1073915,-0.029449433,0.60029584,-0.701977,-3.6348848,-3.6653962,0.99920243,2.598285,-0.25990793,0.43688986,1.3052257,-0.941131,0.25387892,-1.60546,-2.8955956,-0.21635912,-1.2195836,-0.42368278,-0.6354262,2.660092,-1.8395602,3.3934445,2.9137473,-1.9715021,-3.1192079,-1.2161717,1.1719627,0.013215578,-0.52278304,2.2105596,-0.30655196,-0.29053003,-3.514799,-0.5852874,1.17013,1.9145106,1.922075,1.729183,1.7296326,-1.0528214,0.91958547,-0.6706262,-0.06406418,-2.9253287,NA21451,2,MKK,8,2,2,2
-5.713637,21.720127,5.35878,-7.592554,-1.76353,-1.3480432,-0.91484994,0.019572841,-0.38611373,-1.2277153,-3.4411168,-3.4261475,-2.929721,2.855411,-5.542744,-0.6730364,3.1644244,0.4246846,1.7013623,-5.2162604,2.9402993,-4.854552,-0.08423901,-2.9833229,-0.4886633,0.033270285,1.2499355,2.7397008,0.08940538,-0.031691186,0.3846871,0.45119628,-0.6123472,-1.6066815,-0.12711535,-0.17150924,-0.58382463,-0.12667818,0.93808633,1.4669759,-1.5868249,1.163779,-1.5093852,-1.6279155,-0.07937092,0.59910345,-0.8471503,-2.1031802,-1.3364834,1.0410488,NA21733,2,MKK,8,2,2,2
-13.203495,21.102955,6.2983427,-7.240911,-0.18354468,-1.8222512,-0.9409533,-1.0538433,0.51402646,-0.9355446,0.60803545,0.5917462,0.42593932,-1.0974544,-1.8229207,1.987399,-0.09401468,1.3325387,-0.84036356,-1.6764487,-1.1717627,-0.6413039,0.3592577,2.0683224,1.6261562,0.10247593,0.55585986,1.2810259,1.00136,-0.23070335,-2.2121837,-2.3519177,-0.4116434,0.1725716,-4.6111727,0.93329716,-0.5540806,-1.0608377,-2.083477,-1.0658653,1.3535653,0.8967266,-0.059162844,-0.05588518,-0.115522325,1.4348028,0.6135361,-1.92407,0.26817584,-0.45053753,NA21616,1,MKK,8,1,1,1
-10.286741,21.464811,5.4301567,-8.191865,-0.7037251,-1.9129597,-0.7741538,-1.463364,-1.0410203,-1.1497208,-1.0872204,-3.0322733,0.50296,-1.351341,-2.7836561,-1.302396,-4.1075535,0.010355608,1.3599144,0.047908228,-2.576355,0.44089726,-0.23815942,-2.897294,0.048300393,-1.8761159,3.4538112,3.643206,-2.794063,-3.0726087,2.719172,-0.821132,1.056825,1.0442177,1.7687073,-1.206573,-0.18779051,4.38488,0.5970529,-1.1207974,0.75119966,-0.4044419,-0.9533716,0.90092695,4.2878103,-1.4742998,0.5713615,-4.185732,-1.2961618,-4.707393,NA21434,2,MKK,8,1,2,1
-7.990103,21.301773,5.7995477,-9.220798,-0.3041721,-1.4224721,-1.159961,-0.9330049,-1.0717262,-0.76078826,-2.3379853,-2.7395844,1.989295,2.0657496,-2.008421,-1.1337608,3.7875066,-1.6358771,-0.62705576,0.00777601,3.260251,-1.4372363,-4.2391124,0.38009027,-0.096261784,0.97989357,-1.5154953,0.7618252,0.22912459,3.4979248,0.6276025,-1.4031206,-1.4195696,0.18813758,0.20079811,0.60424495,1.6596092,-0.015976513,2.6336827,0.06979813,-3.4120066,1.8331394,-1.3036253,-0.47666603,2.0352871,-1.5743264,-2.0414617,-1.8551892,0.26803514,0.8721506,NA21784,2,MKK,8,2,2,2
-7.5410028,20.657028,5.059635,-8.597347,-0.26556742,-2.4224038,-0.97361916,-0.8698702,-0.10533255,1.4511374,-3.1284485,-6.7246175,-9.077318,-1.4676304,3.916857,-4.979455,0.35504735,-3.3791082,4.1595016,5.1606035,3.9933248,7.414933,1.8006338,-3.083337,-0.8386799,3.0912411,2.6971703,-3.2614355,0.8478701,-0.1562998,-1.0321263,0.87566143,-5.7095413,-0.69197494,0.92816114,-3.4471884,-2.11121,-0.44145396,1.0928967,4.71988,-2.3630342,1.5230426,0.04217252,-3.7244005,2.1117542,-0.09080347,-0.59306735,-2.4656382,3.892761,-3.4005497,NA21300,2,MKK,8,2,2,2
-11.917269,21.347202,5.3165503,-7.5154867,-0.10631263,-3.2293808,-1.125436,-1.1074985,-0.8138996,-1.2541573,-0.24224526,-2.4697278,-4.5144377,0.09155398,-3.6555226,0.93517363,-0.32568184,0.6067161,-4.0312557,4.2846146,0.5976684,-0.74068266,3.410173,2.6996884,-9.763794,1.8764246,-4.010318,-0.66194195,3.5405493,-1.3664914,-3.4632444,0.96332276,0.7897681,3.7956545,0.5683081,-3.824114,0.025518117,4.6128006,-0.05328126,1.6613442,2.2214143,-3.6592176,0.361368,1.3964947,1.0957565,0.70142835,-0.31191704,5.01572,-1.2896361,0.7289706,NA21435,1,MKK,8,1,1,1
-7.677331,21.391932,6.7354136,-8.439192,-0.29090762,-2.100565,-2.2793763,0.017337356,-0.9087271,-1.633122,-3.3128269,0.7203651,-1.5076612,6.472861,-10.33035,1.331325,7.7119837,-6.3442445,1.747126,-7.808698,9.435772,-8.121284,-1.0251548,-2.6599276,1.6734858,-0.34578106,3.1419094,6.7622375,-0.15425621,-2.3792791,2.584496,0.4670959,0.40999702,-1.3535401,0.94808966,0.2862926,1.5815498,1.9161059,3.310827,-0.33991754,-2.7139993,0.38682902,-3.3137872,-0.971864,-1.138285,-1.9196273,-0.6036839,-0.45463517,1.7472198,5.488575,NA21357,2,MKK,8,2,2,2
-13.076462,20.77151,5.6933966,-6.745354,-0.81779927,-1.7874049,-0.64758265,-1.3297328,-0.4457471,-0.7613415,1.6714212,-0.3513287,-0.6832144,-3.6746364,2.0022178,1.6351292,-3.5320508,1.1875509,-1.1237888,-0.5112602,-2.2745996,-2.4743552,0.2676612,-0.11626938,-0.82924914,1.158087,1.9774777,-0.5683779,-0.9198437,-0.30759296,0.43453127,-0.0013370279,-3.1937294,1.7974912,-2.6643157,-0.2944688,2.8932974,-0.36830336,0.046364274,0.7207016,0.88400286,0.13080694,-0.6837258,-0.36704078,1.6768554,-0.6015812,0.24309286,-0.03867236,-1.8232329,-0.18865877,NA21355,1,MKK,8,1,1,1
-8.503799,22.2258,5.981746,-8.682865,0.10981616,-1.861884,-2.2724895,-0.40616474,0.09179625,-0.65831816,-1.8062416,-0.64430624,-1.3944185,3.222221,-1.5251396,-1.2972909,-2.608225,0.9293468,-3.1374083,-0.5059435,-2.5711544,0.98815894,-2.377662,-0.55992466,0.68689525,-3.3704286,-1.6558294,3.225202,1.0519489,-1.4793321,1.1491812,-1.6820691,-2.3834,-1.8366244,3.8455043,0.8076672,-2.4188766,0.81926566,1.5507339,-1.1517104,0.8584828,-1.4119536,0.5935648,-0.99986875,-0.01023033,-4.6829185,2.3024857,-0.50062776,2.1263134,0.38464606,NA21578,2,MKK,8,2,2,2
-13.068331,20.960262,5.4481087,-6.3983974,-0.3029439,-2.0697691,-1.216804,0.37422073,-1.3969846,-0.53327584,0.8947377,-0.20193139,-1.0517333,-2.2598486,-0.91368735,-1.5223994,-5.5611567,3.8315716,0.29843903,-0.83565867,-1.9954022,-2.2986045,-2.70823,-1.3436167,0.56688726,3.4285734,0.71785754,0.060558103,0.8948591,2.514537,3.8850198,-0.6487622,-0.009422562,-1.1917094,-0.94914883,2.1578937,-3.6473315,-1.609428,0.807267,3.950469,1.3453019,-0.33190054,-1.5574834,1.2585661,-1.6631864,1.27823,-1.70964,-1.4865032,3.0474842,2.3012626,NA21414,1,MKK,8,1,1,1
-7.6225863,20.48137,5.3358483,-8.257126,0.45872876,-0.7481023,-1.0479702,-1.5431002,-0.2303563,0.0796427,-2.480379,-3.5513606,0.6527267,2.8034081,-0.44432056,-0.13678695,2.6495607,0.59764135,-0.91025597,0.08903713,-1.1688786,-0.029926846,-0.70640904,0.10000213,0.10809412,-0.75760686,-0.18997487,-1.7497147,-1.5836673,1.1369467,-0.60663307,1.6596912,-1.6879544,-1.4993196,1.1613331,0.5750183,0.3658919,-1.4110498,0.4852834,-0.7367038,0.71421814,-0.8818082,-0.062020056,-0.31992888,1.3763508,-1.267085,-0.68318933,0.29004583,0.94292706,-2.4381328,NA21491,2,MKK,8,2,2,2
-15.849196,21.244677,7.0783434,-6.9182115,0.5736572,-1.4170331,-1.051247,-0.94285554,-1.15289,-0.9431097,1.9935844,0.51244235,-0.2506691,-7.981284,-2.5830834,8.932338,-9.761235,11.290002,3.145387,-12.042403,20.103508,12.237141,3.3962286,-4.3514805,5.899573,-3.7041256,2.4042625,-0.4139213,3.4063544,5.39399,3.8740237,1.01815,-1.4164981,2.2105825,-0.53764623,-2.776659,-0.45254883,-0.41898057,0.89184374,-1.56964,0.9085445,1.8601196,3.1732345,-0.26670957,-0.7068994,-0.73368996,-0.6063174,2.7149436,-0.9231675,2.2883174,NA21405,1,MKK,8,1,1,1
-12.3796,21.222326,6.859884,-7.0988703,-0.64192146,-1.8370701,-0.80623555,-1.0119877,-0.61424357,0.050606884,0.11041247,0.20842849,-9.781289,-6.5966415,5.81329,8.186659,13.427748,-1.856745,5.636212,8.684968,-4.289704,14.456312,0.14130785,-4.7965617,2.5802531,5.522671,1.192269,-2.4656332,-2.13182,5.0072165,0.19704406,0.75100493,-2.1678805,-2.5716953,4.144295,-3.3634286,-0.6123289,-2.8420618,-1.2688732,1.7340193,-6.36234,-3.5777044,1.9697258,-3.505098,2.883369,-2.7969968,-1.843835,0.65029484,3.1661649,-2.9715033,NA21313,1,MKK,8,1,1,1
-6.0062547,20.867384,5.06635,-9.140367,-0.2360058,-0.8699758,-1.5678395,-0.085011594,0.5842182,-1.3564855,-4.705402,-3.433461,6.4214363,2.2737453,-1.9609033,0.89764386,3.2985106,-1.7638294,-0.19677025,-1.6526829,2.455595,-0.7957891,-4.635181,-0.51459646,2.121614,2.6824386,0.031537592,4.2875414,5.9223404,-2.3119407,-5.3666778,-0.6402937,-1.7150621,-0.5766215,-3.5338478,3.3215857,2.0485287,-0.91347456,-3.8123205,0.002450616,-0.9949264,2.0977435,2.4578748,4.6235013,1.6051815,-2.427397,0.6413086,-1.4261382,2.8538573,-2.2809904,NA21486,2,MKK,8,2,2,2
-12.589111,20.400736,5.95091,-8.266221,-0.67829585,-1.9974775,-0.10353,-0.9648822,-0.8719605,-0.70447147,-0.0048901946,0.44983494,8.521737,1.9517529,-3.0519447,-1.337378,-0.8689987,9.279149,-14.258311,11.935404,5.6882467,-3.07029,7.939806,4.268296,-1.3552027,3.4885297,-5.2349625,-10.448034,-10.9980135,-0.50642836,-0.13464586,7.040777,-2.5843427,-2.3279674,-1.5105861,0.5443697,-1.5105668,-3.124984,2.682114,-0.18305811,0.3954728,-6.430944,-0.09373739,-1.1577222,1.5971531,-2.8960147,0.49990752,0.06603764,1.0350823,1.0739307,NA21453,1,MKK,8,1,1,1
-9.004978,20.527967,5.942449,-9.201374,-0.770587,-3.0490847,-0.2843152,-1.2619432,-0.18261538,-0.7216523,-2.5652864,-1.3226173,10.795709,4.6174893,23.973661,5.1299458,11.625739,-2.0614736,1.9114418,-8.437528,-2.006891,1.6316624,5.9534874,1.8096827,1.0138748,-1.4980847,3.2246222,-1.6785951,-1.969298,1.6705747,3.0889635,-1.3016336,2.1909814,-0.7511312,0.8834314,-2.592664,1.7141434,2.5712066,1.5452547,-3.648015,-0.53360146,-1.9198575,0.21095525,0.7134165,-0.35889766,1.913072,-2.717894,-0.8236075,-0.5369437,2.5983143,NA21386,2,MKK,8,2,2,2
-13.372052,21.361277,5.3433285,-7.3274965,-0.31125775,-2.475803,-0.30018544,-1.8054553,-0.6136221,-0.9458983,3.074823,2.0153248,-10.843336,2.8992488,10.465168,-17.909399,-6.393735,-5.7351875,0.90393716,-0.25068033,7.5908546,-1.1971574,0.737811,3.1492085,3.022174,-2.547731,-3.2979763,-3.051474,-5.297728,-3.0227237,2.9535851,-0.05343352,1.1826514,-0.6013722,-1.1194723,3.463033,0.10167162,0.4434998,1.6890243,-0.9449879,-0.5152492,1.1781282,-3.2613256,1.8368489,-1.7184972,-0.547959,0.9539083,2.1972115,0.68968266,1.3965667,NA21614,1,MKK,8,1,1,1
-11.817502,20.094198,6.1943536,-7.577203,-0.064592585,-1.8976406,-0.715478,-0.22365697,-0.11820465,-1.2800713,-0.6223207,0.23522164,1.9933369,0.5974613,-2.0256553,0.5968811,0.52917063,2.1526883,-3.212895,1.8850328,-1.8441142,-0.7075852,-0.06885731,-0.0458204,0.61869496,1.9083872,-0.4943699,1.3676662,-1.7324352,-1.9651439,-1.6168648,0.9821749,-2.4484348,-1.6997682,0.07028617,-0.6119083,0.5529467,-1.632578,-1.6984354,-0.6281849,-2.1093137,-2.1005769,0.04034847,-1.2310243,1.7440678,0.31981885,-1.1364247,-3.4577396,-0.27879453,-0.74067575,NA21390,1,MKK,8,1,1,1
-5.8710427,20.624432,5.337611,-7.2843575,0.1187508,-1.8917652,-2.2444928,0.5191174,-0.013658919,-0.7560403,-3.1149898,-3.929278,-0.44915125,-0.2808102,-0.85555816,-0.5011097,0.08062694,-1.8902887,-1.9253056,-4.1787405,-2.3446577,-1.8483307,-3.5200784,4.8173327,3.5036879,-2.6135113,-3.4973567,-1.5878757,-0.28146648,0.96488553,-1.1975796,2.0237832,-4.2649083,2.8506372,-1.8128599,0.3484451,-2.4921646,-1.0954647,0.79022783,2.035454,-1.8762704,0.75668496,1.281787,-1.9881628,2.4897742,3.6985207,2.4533265,-1.4513803,-0.046835124,-5.1469517,NA21600,2,MKK,8,2,2,2
-10.505376,21.223764,6.2747073,-8.223342,-0.4848963,-2.554617,-0.050945368,0.08276051,-0.9462211,-0.60758686,-1.9536183,1.0510201,-0.7677007,3.4307098,3.9583092,1.8313532,2.1869967,12.436216,-19.374207,19.298313,6.0254645,-10.204662,-4.854289,-0.77432865,2.9034145,2.124411,0.82403463,3.0599978,-0.8238161,2.231228,5.054116,-0.7636843,-1.1776636,1.3195252,-0.2905102,2.535506,2.1677659,0.07195931,2.2463977,0.10429102,2.923874,2.5644321,-1.0617164,2.1918368,-0.8352776,1.541602,1.4729741,-2.4220462,-4.876804,4.533653,NA21494,2,MKK,8,1,1,1
-12.877036,21.750116,6.2155814,-7.245689,-0.19603035,-2.1621583,-0.6111632,0.14698742,-0.99668884,-0.27534506,0.20384578,2.4878595,-6.4203863,-1.9265814,7.7845516,6.5593433,4.17356,10.93272,-14.229644,16.133232,5.895951,-7.6922264,-10.901164,-6.4651566,2.99651,1.1836237,7.41688,9.873829,6.9361553,2.546694,3.473811,-1.6963836,-1.0345255,0.47509494,1.5460237,3.3547697,3.79684,3.2981198,1.6016873,-1.4548962,3.1130269,5.222702,0.71898353,2.5116458,-2.3685634,2.4946883,1.4671987,-1.6939124,-4.4459753,3.8977375,NA21522,1,MKK,8,1,1,1
-14.45583,21.715767,7.0612435,-7.665121,-0.15505046,-2.6868513,-1.544183,-0.48361522,-1.0475748,-0.9654521,0.87789124,0.601581,25.702507,-10.52758,-2.386423,-5.573937,1.8683559,-6.5763297,6.114595,11.840648,4.485649,2.4849217,-4.37929,-1.3942761,0.49429375,0.42175788,-0.7633367,0.6491588,2.713801,-5.2326083,1.5135161,-2.4785168,-0.7571407,-1.2040428,2.3339386,0.25980458,0.9407248,-1.500732,-0.71308905,1.6852357,-1.0114479,1.4438903,-1.2291771,-1.2004789,0.9172875,1.0017326,2.4463878,1.7476472,-0.8626932,-0.47266114,NA21488,1,MKK,8,1,1,1
-9.1253,21.673449,6.2901316,-7.799384,-1.2317722,-2.2068157,-1.2490431,-0.97712284,-1.6804994,-0.5312786,-0.85834867,-0.8177652,1.4100755,0.53639984,6.4536843,4.4861803,5.5917645,1.6927541,0.6590001,1.6229516,-9.423584,7.514943,-6.5130887,-4.9809804,4.543715,4.934363,1.572635,0.44892326,-0.24053147,1.737786,-0.39443177,4.680832,1.3092239,-1.9321715,4.429061,-2.960033,-0.49443972,-0.25361583,-0.8984089,-0.5749629,-5.101432,-6.0757513,0.24354409,-1.2110631,0.089188345,-2.1016884,-5.352959,3.2480848,3.5269854,-1.9340949,NA21362,2,MKK,8,2,2,2
-12.843497,20.624226,6.600415,-6.6018615,0.6512746,-1.6757809,-1.9161882,0.15310906,-0.32929143,-0.99150777,1.2762601,1.6935937,3.3670423,-2.6260436,-7.330514,4.4098763,-7.7728167,6.9333744,-1.2956982,-10.118132,17.176403,1.9279006,2.9168017,-1.7243755,1.1643924,-5.446496,0.45513776,0.25991738,-0.09299751,3.8019,0.45460933,-1.726142,-2.2832139,2.7679558,-0.37758657,0.29971942,2.0132766,-0.2615413,3.937741,0.508818,-0.03258492,4.6652255,-0.06314982,-4.3158803,-1.1669905,-2.6116772,-2.0344222,-0.31981954,3.0829177,3.0551207,NA21401,1,MKK,8,1,1,1
-6.608942,21.165224,5.7899733,-9.602931,0.5088856,-2.1881337,-0.87376034,-0.49951765,-1.4726906,0.30569145,-0.58530074,-4.239731,5.478737,2.0520625,-1.332853,-3.6855597,-2.3489358,1.1685044,-3.0439558,1.3940649,2.6387172,-2.244645,5.6784325,2.7922392,-5.180449,-0.09302996,-2.9084861,-2.2228844,-3.7914941,0.34625936,-5.9040694,2.6034737,-0.99066216,-0.9436022,-2.4109056,-1.8956013,0.3521354,-4.392644,1.0557446,0.14784509,-1.7953892,-2.960276,0.0074927397,-2.2420642,-5.7135034,3.4327536,2.9469628,-0.4481684,1.1721042,-0.3284167,NA21479,2,MKK,8,2,2,2
-13.646664,20.937178,6.669923,-7.6353273,0.0786664,-3.2755933,-0.7421949,-0.24214186,-0.6051677,-0.50521106,1.4859796,1.5826504,14.586325,2.5051916,24.991777,4.878344,13.853218,-3.5793226,3.4412138,-9.001198,1.8736006,-3.0944896,8.322091,5.5272455,0.06541542,-5.4646125,0.42912695,-1.4978391,-2.5657318,3.5110254,1.8962121,-3.673193,1.7547983,0.2039234,0.60146946,-0.7087842,0.759008,4.152483,4.506638,0.54402965,2.4569125,-1.1886654,0.15803786,-1.1552559,-1.3820337,0.98583096,-1.3196906,0.85488564,4.0289664,2.4245157,NA21389,1,MKK,8,1,1,1
-7.536138,21.60232,5.964701,-8.878698,0.312438,-2.35636,-2.0394983,-0.23905645,-0.5822887,-0.9616795,-3.4304621,-3.561496,-1.2554742,4.0075083,2.9997535,2.0759609,0.16748753,2.388866,-1.8968091,-1.172685,-1.3187231,-0.0967339,1.1456951,-0.8063765,-0.80458415,4.3477006,1.9049717,-2.7614396,0.033981018,-3.3726192,-2.1045966,1.2912105,2.3226109,1.8548394,1.3001723,-4.04587,2.4316936,-0.9932283,-1.842126,-4.238356,-2.873121,-2.43164,-0.9742978,-1.1950469,2.021595,2.3742976,-1.9668509,-0.5912495,-1.8058312,0.23481362,NA21650,2,MKK,8,2,2,2
-7.5403605,20.777493,5.799484,-9.369504,-0.7214449,-1.5909623,-1.5926051,-0.33648783,-0.6730709,-0.64173126,-2.6500242,-3.124875,0.62218064,1.4812315,-0.2367737,-0.45920286,-1.0430746,1.0115035,-0.6698529,-0.34115764,-2.576061,1.146558,1.7470727,0.2201776,-0.013706406,-0.448047,-1.3709663,0.087485805,0.96142435,0.403462,-1.9305428,-0.15339738,0.73861265,0.7229852,0.8046943,-0.55301756,1.6990956,0.15584078,-0.88222444,-1.382512,-1.9789997,0.5112524,0.36605617,-2.9156275,0.35284424,-1.01928,1.9876893,0.8413386,1.2684395,-3.856712,NA21768,2,MKK,8,2,2,2
-12.512886,21.583256,6.609183,-7.0882487,-1.0892825,-2.3030984,-1.726384,-1.0670973,-0.592862,-0.7865062,-0.28314862,1.5933287,-1.0723597,-1.3036708,-0.073928334,0.6102621,-0.3499155,0.09654905,0.16716844,0.025271019,-1.3305426,-1.3754536,-2.4099307,0.33366778,1.1598868,-0.9441337,0.86672765,-0.5704946,0.31051242,1.502262,-0.23858158,0.2742174,-1.5855864,-0.5278735,-2.6779058,-0.11700469,0.42936307,1.9025483,2.0374873,0.2125378,2.4141576,-2.563771,0.24381958,-1.5908915,1.1526166,0.8871744,0.4926503,-1.8505517,0.10660443,-0.24660909,NA21582,1,MKK,8,1,1,1
-7.159758,20.534613,5.9510775,-8.351734,-0.7934688,-2.4812284,-0.3912827,-0.80235976,-0.3141941,-0.7731611,-2.9159446,-2.8409183,-0.41663253,0.8285319,1.0649419,0.64197963,1.7833189,3.3789573,-2.04803,-2.2942345,0.13594933,0.33379436,-0.8156569,0.1323244,2.72355,-0.9322599,-0.8093252,-1.0681156,2.05935,-1.4406499,0.7528947,-4.4709053,-1.5696254,1.8257554,1.5004524,-1.8775305,0.7018265,0.31557956,-0.77479887,1.804193,0.26486933,-0.36592627,-0.9308302,-1.8049113,-1.2552791,-0.1281792,1.5673627,-0.7236473,1.6063061,-2.5655081,NA21776,2,MKK,8,2,2,2
-10.683337,20.636246,5.5145936,-8.376407,-0.6463383,-1.333092,-0.7041168,0.18977094,0.8036959,0.24498835,-0.7153333,-1.6604801,0.35609514,-0.5549236,-1.1555666,1.6317604,-2.777032,1.2374107,-0.22242337,-2.8440375,-3.6166823,-0.25409263,-3.7770512,-1.4380349,-0.28425598,-4.753243,3.0691218,8.379433,1.4515245,-1.9091612,0.75992715,-3.6665971,3.0061953,4.0331364,-0.5602976,-2.1292675,1.0908978,3.8758514,-3.624214,0.3684468,0.21692967,5.1477857,0.6785515,-4.638769,0.013195325,-0.61352265,1.9190662,-4.621127,2.373187,-2.990994,NA21575,1,MKK,8,2,2,2
-7.820966,21.266953,4.8758817,-8.57194,-0.72046787,-2.932047,-0.7082069,-0.065509684,-0.10489259,-0.5165732,-1.6139354,-3.1371248,-1.0147687,3.468396,-2.606993,-1.0418633,0.08149621,1.043472,-3.7065372,4.715809,1.1105739,-4.813914,-1.3645582,2.267883,-2.5366478,1.5500604,-2.5415587,-0.31150928,-0.54208016,-2.4202132,-2.886303,2.18564,-2.1692226,1.9590166,-0.57099974,-2.0618823,1.046428,2.3500047,-0.46548837,1.5755074,1.8118863,-1.3401297,0.044991486,1.3000907,0.86634105,1.2953651,-0.9235247,1.3277283,-1.1268146,-2.487476,NA21825,2,MKK,8,2,2,2
-11.065824,20.15836,6.3871436,-7.970572,-0.58524704,-1.4542022,-1.3003749,-1.1112857,-1.0164205,1.2761229,0.865898,0.20749226,1.66057,0.90601426,-0.27211672,1.865687,-2.432226,3.1191041,-2.9600446,-2.1825616,-2.481421,1.1356426,-0.37341765,0.44622433,-0.077905,-2.3321204,-1.0058326,0.35871503,1.3267665,0.12533867,-0.85132736,-2.4753835,0.8167086,0.45761374,-2.3637884,-0.4016299,0.5709226,0.35750312,-3.0429392,-0.32960218,-1.1966275,0.38229364,0.9771095,-4.9740286,0.17637262,0.5400842,-2.0186615,-0.19110216,2.8044617,-3.3968818,NA21719,1,MKK,8,1,1,1
-13.841764,20.524036,5.8035946,-8.009183,-0.8626004,-1.9505426,-0.022748617,-0.7630219,0.022087103,0.17339577,1.2663571,2.457471,2.6371894,3.9312093,-2.2353222,-1.8355247,0.4225101,9.611979,-11.702861,12.633418,3.7960265,-4.693512,5.9911394,6.179042,-0.14650764,1.8921516,-5.724597,-9.114669,-11.265144,0.37062111,3.484299,4.4871817,-0.4986724,-1.2845618,-0.6889369,1.6076343,0.32773474,-2.5684528,4.240675,-0.02021636,0.005805709,-2.7968347,-0.8158666,-0.7903408,-0.50979906,-0.22712557,1.5788972,0.39538783,0.41180474,2.2427764,NA21378,1,MKK,8,1,1,1
-7.613697,20.566628,6.439933,-8.110521,-1.4043038,-1.8585285,-1.7107221,0.026191808,1.0075369,-0.011543262,-1.9702741,-3.018705,-2.8753974,0.9212104,-3.5975428,-1.7033412,1.6570686,-1.4296889,-1.3997822,-2.460829,2.069995,-2.1600726,-0.4191475,1.4186307,1.0483456,1.1203891,-0.8159829,1.6521573,-3.165995,0.21691209,1.1334984,0.5427139,-2.9015381,-1.3356272,0.023900758,2.7338655,1.1599536,0.6239161,-0.051839318,1.2828269,-2.107041,1.1175989,-0.5372674,-1.9262298,-0.6732021,-1.8524145,-0.16436924,-0.0021747286,-0.49735817,0.68924266,NA21368,2,MKK,8,2,2,2
-13.9316435,21.697842,5.993987,-7.758232,-0.74804217,-1.8393228,-0.19532244,-0.016798617,-0.07554144,-0.46375462,1.428783,0.7255077,0.20613858,-2.5905092,-0.8800865,4.567871,-0.37225187,1.6830915,-0.7025011,-6.9683075,-3.323243,-2.9160395,-2.7776833,-1.4370228,3.3270113,-1.7132527,1.1154336,-0.5639464,2.836899,-5.3011026,-0.39559376,-3.8614411,-4.006207,2.1142325,0.0062941774,3.7658074,-3.7966402,-4.5084114,-1.7986617,-2.2330499,3.865047,-2.4640567,-0.19676861,3.4105153,-1.278664,-4.8780203,4.574575,5.0064974,2.7925246,0.6073127,NA21573,1,MKK,8,1,1,1
-10.227217,20.927086,5.9247727,-7.9305496,-1.1383784,-1.1964302,-1.8282089,-0.65424293,-0.70033306,0.04180652,-1.1779269,0.30909774,-14.4980345,-0.44048908,-10.462632,7.93504,20.701443,-8.990316,6.1849003,2.7828257,3.8977928,1.5994549,6.712739,0.16430117,1.185665,-2.1792808,-4.2826514,-1.8819094,-2.3141775,2.4342265,1.8063686,-1.2464818,1.4386398,-0.40936553,-1.3705101,3.550933,-3.1516054,-1.7516707,-2.7640998,-0.54748136,1.1111434,-0.12499771,1.6439826,4.3278575,-2.4294226,2.7005146,0.7022725,2.1005166,-2.0005054,5.4383683,NA21320,2,MKK,8,2,2,2
-12.483132,21.294926,6.9304576,-8.635883,0.30343458,-1.5373985,-1.4164802,0.20610341,-0.17049828,0.1877492,1.6701747,2.0925586,-0.50138,-3.2489607,-1.5560565,-2.6177895,-4.4608884,-6.707408,1.0567439,1.9226495,-4.8736563,-7.824177,7.7136483,-1.2327961,-6.8832464,3.6082957,4.3182874,-0.7852624,7.317405,3.8887477,-1.9733406,2.126923,-0.32738107,-0.9966548,-0.84681296,0.6238117,-0.1959842,1.2692648,-2.1178334,-3.510483,2.5756745,3.5704153,7.3026342,3.2815108,-3.6900198,-2.0219333,-5.775126,1.9538444,-1.2415352,0.639433,NA21678,1,MKK,8,1,1,1
-13.124005,20.28909,6.808373,-6.6637177,-0.19233128,-2.0726674,-1.3540473,0.26665315,-0.915388,-1.0603836,-0.58034223,1.3570864,-7.2576175,-2.7504544,7.565421,4.290528,1.4761068,8.586865,-10.521845,11.389136,3.2598839,-5.6087027,-8.471539,-6.648161,1.5461091,2.0126638,6.5891767,6.6204348,6.6822166,2.9098773,4.3451414,-1.952331,-0.8464325,-0.67366785,0.98669183,3.6219928,0.2975752,3.7654176,-0.7517779,-0.16338684,2.1689863,4.36625,1.3364159,0.6056496,-2.5065641,1.6663978,0.17931722,-1.4320759,-1.7929695,4.5277696,NA21682,1,MKK,8,1,1,1
-7.0868964,21.349052,5.342138,-7.629916,-1.3814002,-2.155664,-1.0249987,-0.1067829,-0.3933974,-0.12855569,-3.424459,-2.6083312,-3.2971356,4.4768457,-5.053019,0.2266914,4.2624373,0.37206176,1.946722,-4.117103,1.7351451,-5.1924806,-2.641336,-2.4711728,-1.3613969,0.18445759,1.0810812,3.6484985,-0.9056039,-2.1611972,2.407265,0.8131353,-2.6755319,-0.99423414,0.5000409,0.59775984,-0.6911628,-0.78103733,1.7436317,1.8476596,-1.1065366,1.1778418,-2.0457985,-1.5860884,-1.2895565,-0.21152835,-1.6068519,-2.242044,-0.026966918,0.44638535,NA21723,2,MKK,8,2,2,2
-13.012489,19.70335,6.8364086,-7.5031786,-0.8558251,-1.7016734,-1.5952871,-1.5821573,-0.017944057,-0.6958838,0.5465335,-1.4094491,0.6809549,-1.9032394,-1.7221931,2.8263433,-1.8751125,0.46072084,-2.0297341,-3.0449667,-0.94979095,-4.4287467,0.51594806,1.5662166,-3.018679,-0.7896394,-2.4469028,0.26099688,1.6844479,0.9659678,0.99669933,1.7437012,-2.4952142,-0.27450728,-2.3716505,-1.0061083,-1.15374,-1.6629382,0.45308563,4.297114,0.35997605,3.595424,-1.9852865,-1.6707691,-1.5716951,3.1103604,0.52263355,0.49668384,0.35930663,-4.8797517,NA21356,1,MKK,8,1,1,1
-11.3308115,20.784363,6.4142528,-7.0775127,-1.0276433,-2.4237506,-1.0598586,-0.92937225,-1.0556098,0.23299402,-1.0766788,-2.0962873,1.5606188,-2.3522074,1.6057215,1.6279461,-1.818933,1.5436925,0.8390906,-2.0449436,-2.350858,-1.1697257,2.0176842,1.0797206,-1.7641505,-0.4666816,0.3650186,-0.37743083,1.9830711,-3.633495,-3.511183,1.1962107,-2.1431475,0.6630453,-2.1210396,0.03873042,-0.6993537,0.60826653,-1.7415899,0.37068292,-0.9165655,-0.4613693,-1.8260801,-2.1783824,-3.4793763,2.798629,2.3689418,0.9715367,1.2726434,0.83047277,NA21685,1,MKK,8,1,1,1
-8.852073,21.867462,5.6230016,-8.717745,-0.42355475,-2.2477357,-1.6036623,-1.6687709,-0.44409657,-0.36411896,-3.575227,-1.3736022,-1.1096457,1.5196106,-1.6867851,2.0850074,-1.6668799,-1.79352,-0.6918948,-2.2940366,0.38570043,0.9862663,1.6988736,4.0561447,-1.3963566,-1.9511589,-2.8682995,-2.3126993,0.42401677,3.2215226,0.7077221,-2.368436,-1.0233711,2.4854672,0.11128763,-1.4731836,-3.822692,0.2953077,0.7970489,1.2073946,-0.071327634,0.43191692,-0.5282746,-1.2190341,1.7572366,1.1952063,-0.6654629,1.8954471,0.36446214,0.1382921,NA21339,2,MKK,8,2,2,2
-8.46098,19.41235,5.2297325,-8.777443,0.21420147,-1.6389519,-1.5519834,-0.52407515,0.20858587,0.050063487,-1.6816088,-3.1651268,1.9958642,0.2843039,-1.6728659,1.646891,-2.065732,2.8344316,-0.71063316,-2.0525024,-2.4016585,-0.16938779,-3.103553,-2.4305618,0.61437,-4.911713,1.3383617,7.7986903,0.54506516,-0.22004293,-0.052931096,-4.796119,3.4854293,4.852624,-0.8986597,-2.537162,1.7075295,1.9029981,-3.8945303,-0.036337465,0.06923383,5.253308,-1.1089482,-4.876046,0.11065348,0.4025622,1.3778265,-2.5767066,2.4869952,-2.6859088,NA21574,2,MKK,8,2,2,2
-7.901371,19.699087,5.4488115,-8.606412,0.269959,-2.276175,-0.99197304,-1.0176307,-0.75308555,0.08916316,-0.5889643,-2.4755034,1.4841788,2.5415328,-2.909201,2.6880286,0.08169764,2.7804031,-0.2815078,-1.7251358,-3.290706,0.23212005,-3.3057187,-1.0960675,-0.88052636,-1.0290539,-0.7741478,-0.66100717,-0.28108573,1.1502786,-1.4218875,-2.2909126,1.3146267,0.82910067,-0.38727087,2.4309974,-1.6367743,-1.1245438,-0.58118474,-1.6806525,-0.47083116,1.6994884,-0.8788105,-1.2375044,1.5317849,-1.7810719,0.027851526,-0.4148135,3.1327412,-2.2180467,NA21826,2,MKK,8,2,2,2
-13.287046,20.990137,6.626686,-6.033434,-1.0471859,-1.2181653,-0.5971235,-0.2835532,0.21849187,-1.3903534,4.421737,2.0362704,0.19003434,-3.0153172,-4.8845434,1.4051701,-8.074383,-4.803223,-2.2831328,-4.762265,-11.044603,-3.617252,7.7321696,-1.9063256,1.8829075,0.77636606,10.166351,-3.7590415,-0.46621987,9.601078,4.229014,6.1139445,-0.3711793,-1.8990427,4.6775813,0.5814181,0.6891715,1.7064822,-0.90207326,2.412091,2.6877136,0.8429629,-1.3141708,0.2218215,-1.4367067,-1.780069,1.128354,3.6166682,0.35373783,-0.4036039,NA21519,1,MKK,8,1,1,1
-7.6900926,20.688522,5.935035,-8.604928,-0.77792,-1.6482937,-1.6851615,-0.99148697,-0.14015564,-1.2784066,-1.674084,-4.451604,-0.45657036,0.7338554,1.4285553,-0.10819025,-0.8697209,1.076515,-1.8893892,-1.566504,-2.1191633,-0.9841351,1.059112,-0.2954065,-0.16954249,-0.35112917,-0.29968762,1.71607,-0.7688396,0.40537834,0.4077703,-0.6343872,-0.66048354,-1.6047225,-0.7230355,-2.668818,-1.35808,-0.52988076,0.0018725556,1.2105652,-0.6501906,0.23541547,0.553571,-0.7278975,-0.15941451,-0.048815466,-0.52699995,0.6063134,0.051221684,-0.23072286,NA21611,2,MKK,8,2,2,2
-8.520912,21.28379,5.8283696,-7.5966625,-0.32806355,-2.5072892,-0.8968825,-0.15995188,-0.644571,-0.11811183,-0.5436657,-2.4027448,-0.10308466,2.1325653,-0.07938414,1.155836,-1.0087925,0.7376972,-0.25815642,-2.14306,-1.8749211,0.12838808,-0.22784619,-1.0674601,-0.1545804,2.0022566,0.7623892,-1.2813185,-0.9677299,-1.3857708,-0.93062747,-0.65881974,2.0978298,-1.7345805,-0.46461245,-3.7838056,-0.4759658,-2.3409927,-2.2747588,-2.280016,-0.90530276,-0.8352134,-0.08344527,0.32843938,0.4915693,-0.27407297,-1.1059446,0.00988338,1.217297,-0.33048517,NA21632,2,MKK,8,2,2,2
-11.244443,21.410088,5.655327,-7.4491973,-1.1494898,-2.215547,-0.44268054,-0.6649542,-0.764319,-0.10975678,-0.026802558,0.8883782,14.987934,-9.646242,-7.514431,-2.9987392,0.41031307,-8.998805,8.300144,9.055958,0.12687396,2.3184052,0.45169276,-3.0515501,-0.8222753,-0.8726007,2.0354025,0.8682399,-5.6116233,-1.3034803,3.556538,-1.1538525,3.800993,0.21062379,4.159959,-0.5530563,4.1912155,1.7980835,-4.9526587,-0.48421982,0.711482,2.3642626,-2.9552357,1.3887266,-0.5588321,1.2150108,-3.549822,1.4347992,-3.868204,2.81248,NA21489,2,MKK,8,2,2,2
-13.926546,21.894863,5.5827994,-7.9911704,-0.6753018,-1.8669766,-0.67778325,-0.15873496,-1.7672324,-0.6361415,0.67230684,1.3850411,24.993618,-14.413279,-5.7670927,-5.237591,1.4770004,-9.956289,10.517,14.006166,3.31813,3.5966172,-2.5529282,-3.6500897,0.7439379,1.2885168,1.402046,0.95553964,-3.7288444,-4.5075617,3.7431402,-1.526323,2.7708023,-1.3739917,4.287792,-0.7232,2.416527,0.42516962,-4.2939982,0.5499724,1.1323173,2.3657718,-3.277073,0.79475164,0.5003632,1.0127137,-0.9064374,2.103276,-2.8471553,0.99691767,NA21490,1,MKK,8,1,1,1
-8.56489,20.186703,6.009091,-8.097894,0.8332461,-1.0935179,-0.69859433,0.28738332,-1.8830367,-1.0831305,-0.426174,-4.3016963,3.0227563,-2.948646,-1.4419627,10.249862,-11.461946,12.959703,2.7397099,-11.13135,14.372061,9.80447,2.5819442,-3.8536508,1.8899223,-1.8133985,1.1102751,-2.4335961,-1.4708196,2.9629614,2.921098,-0.13055211,-2.224238,1.2096189,-0.5793637,-3.4320824,1.1346855,-0.53840333,-0.20534742,-1.5960125,-2.7971268,-1.4691054,5.200994,1.4261643,0.9320957,0.20745696,0.91210383,2.819007,-3.302307,-0.50895786,NA21404,2,MKK,8,1,1,1
-12.09855,19.969421,6.8208513,-6.292019,-0.15292767,-1.8290448,-1.4493378,0.03646606,-1.0136845,-1.7803705,0.57539105,0.2515859,6.839522,1.2161881,9.848775,4.936846,3.5617218,-2.3119416,-1.8139373,-8.72844,-0.14783598,-5.609422,1.5989311,-1.2333403,-1.9863011,-0.09834597,-2.4184277,0.77573836,3.3452415,-4.634047,-4.3188205,-0.086870335,-2.1352074,3.303769,-0.6005453,0.8075981,-5.7436714,-2.7495086,0.4459548,6.25801,-0.2765072,0.9454769,-0.15818019,-3.4605803,1.1612016,0.32095364,4.538309,-1.1917253,-0.76748526,-1.6340597,NA21383,1,MKK,8,1,1,1
-8.073502,21.542107,6.734615,-7.264249,-0.6062615,-3.0464904,-1.1704975,0.35104698,-0.29010823,0.0383458,-3.3818045,-3.1706123,-1.1863227,1.9871091,4.045981,1.6182562,-1.4399403,4.317824,0.19514972,-3.8411012,-4.89242,1.1328547,0.5151065,-2.6850395,1.9741399,3.8725166,0.64360505,-2.6511874,-3.7704475,-3.7893,1.6287299,0.8030151,3.7410653,1.5148253,-0.004905712,-4.2023315,3.6401405,-0.85517555,-4.5592833,-4.7538724,-2.8102744,-3.1658711,1.8058822,-1.0312215,3.5012481,0.29574004,-0.79248667,-0.13682465,-5.840525,-0.8240299,NA21526,2,MKK,8,2,2,2
-14.322936,20.272005,7.2845516,-7.780119,-1.0856425,-1.4212552,-0.6147732,-0.49267536,-0.8064924,-0.5366377,1.5960846,-1.0403544,-1.1981118,-5.1138587,-1.2099334,0.114634864,-5.8773675,3.3286092,0.52394456,-4.103082,-4.5322485,-0.47679666,0.8496406,-2.3431983,-1.8499427,3.2444632,1.8077059,-2.922506,-6.2090416,-1.8361081,3.6650035,2.4899473,4.0732865,4.0494814,0.92888546,-1.9459114,-2.1048796,-4.3703995,-5.407053,-0.3102213,-3.007831,-1.5782969,0.8043379,0.2395849,1.7329727,-2.9568715,-2.231412,-3.3865762,-2.1020494,1.3881462,NA21583,1,MKK,8,1,1,1
-6.372243,20.81803,5.8306394,-9.20606,-0.40737936,-2.0262375,-1.7411551,-1.3911824,-0.33636785,0.07026477,0.088472106,-1.3105705,-1.2741826,3.4194417,6.8672624,-7.0724406,-5.9125514,2.6864674,-2.782612,-1.6299496,-1.3669534,1.321581,-5.636654,-2.5459466,2.1635602,3.4228725,2.5480788,-6.5174527,-0.22650883,-3.6117191,3.3826149,3.4287996,4.992334,1.8975878,-2.7684498,2.9202185,-3.6881225,-1.0729635,-2.344819,5.18326,-0.9087253,-1.5634055,-4.8764715,3.5405033,-1.9677043,4.4602394,-1.7686723,0.26901966,1.711092,2.8180363,NA21303,2,MKK,8,2,2,2
-13.830621,20.320845,6.741501,-8.017458,0.809305,-2.589005,-2.0740156,-0.356868,-0.59881234,-0.21578941,0.74752724,0.96251595,-3.4292495,-3.8007522,-0.0797007,1.7945135,-0.9514703,1.623274,1.9088674,-4.9132524,-5.06283,0.77966493,-5.5921774,1.4926664,0.40818775,-0.69922423,-0.7769472,0.43019202,-1.5013787,-2.3635614,-3.3902688,2.855523,0.39373672,-0.12325698,-5.372374,-0.4780196,-1.4558437,0.088705406,3.137394,-0.542157,1.7904098,-2.3317642,-4.519166,1.1804316,-0.01969647,1.6306409,-0.16437666,-4.51378,-2.0422196,0.74815834,NA21440,1,MKK,8,1,1,1
-6.754077,20.563768,6.422753,-9.233763,-0.53703195,-1.7807697,-1.2891089,-1.2476263,0.36372668,-1.0831153,-3.389109,-2.6971204,2.6111667,4.0346975,10.421746,0.34312108,5.00671,0.88521516,-1.6197859,-3.454593,-4.5748982,1.650385,1.2824059,-0.5028179,1.7182603,2.009337,2.623901,-0.9555545,-3.446331,-2.037136,0.93733686,1.6956409,3.815653,1.4327093,1.9941826,-4.6775055,2.4986658,0.31709272,-3.8872607,-4.9206333,-2.0080717,-2.4694006,-1.9067856,0.13103953,-0.31908652,2.9243956,-3.4373949,-1.6331987,-3.0491931,0.10368021,NA21385,2,MKK,8,2,2,2
-11.288026,21.255682,6.8099914,-7.7748575,0.2685237,-1.6738282,-1.9904295,-0.94613904,-0.36753494,0.14235592,3.298296,3.9032102,-2.247813,4.3537188,0.43140072,-10.833823,-6.5918236,-4.582263,2.8398616,2.2455056,-3.589118,1.0768603,-3.7922797,0.20980324,4.961697,-10.837118,-7.589759,9.900515,-1.982157,4.1796594,3.5148072,-5.184761,-1.0599902,-0.040514167,4.2433915,4.577288,-0.8823002,-0.15078549,3.1108825,-2.3095496,1.7716217,-3.8817801,6.0052276,-2.1668286,0.18055603,-3.9636133,0.57157415,-2.3852735,-3.83808,0.66795003,NA21615,2,MKK,8,2,2,2
-9.826334,20.282988,5.930844,-8.757244,-0.2690832,-1.5803698,-0.9182904,-0.1750335,-0.49975115,-0.53187406,0.9080779,-1.5024307,11.692536,3.671081,-1.4749398,-3.8272052,-2.53471,7.841412,-11.8730345,8.484933,5.1529737,0.030003551,3.9839375,4.044285,-0.2849134,1.9149776,-5.354857,-9.081492,-9.02314,-2.6425529,-1.1922191,7.22265,-2.4100842,-3.881963,0.70755196,0.18283303,-2.454972,-3.0987344,0.71429217,-0.6343942,-0.015600535,-8.61822,0.34005055,-2.2047124,1.1605339,0.33013266,0.6715734,2.4716861,0.8571751,-1.5052568,NA21455,2,MKK,8,2,2,2
-10.375395,20.066118,6.048605,-7.314409,-0.8221347,-1.7573334,-0.7698741,0.1006998,0.13220558,-1.1360719,-4.066053,0.58455706,-6.48101,1.2746307,-12.007368,2.527842,9.506975,-7.758601,1.2923933,-4.191699,4.587768,-10.7251625,-4.835934,1.3029063,-2.0376868,1.037045,0.5198529,-0.76024663,0.77104497,-0.5869441,-0.5276736,0.5157199,-0.81903696,-0.8121454,-3.106961,-1.9020064,3.0727901,1.3795675,-0.052321956,-0.103754245,-1.8548083,-3.219082,-1.2210876,0.61408776,-0.07152119,-1.6482202,-4.9573975,-0.8648027,0.7579631,-4.2498217,NA21525,1,MKK,8,1,1,1
-14.784481,21.12075,7.3915105,-7.116314,-0.053152554,-1.1756616,-1.4511387,-0.6134958,-0.7736314,-0.1418397,2.133108,1.2180879,0.28413916,-6.820642,-2.996133,7.3417153,-10.367026,9.455267,0.9637906,-10.308739,20.210363,8.190668,4.134595,-4.7232337,3.1421554,-4.0596895,2.327416,0.7731378,1.2229979,4.659409,2.2873685,-0.7189953,-2.5829017,3.4734218,-0.34325057,-0.53452945,-1.3483179,0.09772038,2.3490171,1.5478059,1.6835068,4.440714,0.8472173,-2.6635215,-1.1817728,-1.9883988,-1.7003864,1.639364,1.5004797,1.0629363,NA21399,1,MKK,8,1,1,1
-10.576003,21.407297,5.775362,-7.364023,0.37853265,-1.909679,-0.83826846,-0.72412544,-0.9200174,-0.72266126,-0.05558815,-1.0699089,11.7532215,3.000706,21.27444,4.1391797,12.165339,-3.5984318,3.1934204,-5.505371,0.7937862,0.22493602,5.022692,2.643319,-0.0347395,-2.4639444,4.2696133,-0.97749454,-1.8748553,1.7123995,1.5335296,-2.4625869,1.5410672,-0.9458316,0.8824209,-0.16397472,2.4786506,4.6011806,5.464819,0.3448569,1.5703331,-0.7912862,0.834758,-0.75740814,-0.47185537,-1.4612509,0.5497299,-0.10114286,2.0864923,3.6916816,NA21388,2,MKK,8,2,2,2
-12.552654,20.315323,7.040578,-7.6804028,0.18537883,-1.8743491,-1.1199764,-1.0980668,-0.8782306,-1.1235272,0.28474045,-1.5425849,-0.39384884,-0.722385,-5.1492133,-0.08355092,-0.4008242,-2.5777798,-2.0850527,-2.52045,0.4960581,-7.3339396,0.12116765,3.0068421,-0.30758634,-2.8445482,-2.4767046,-4.498808,-0.87676585,0.7597393,-0.82094187,1.8311316,-5.874005,5.106516,-4.3601017,-2.347061,-3.8586738,-3.6102433,3.1759243,5.4132323,-0.8636335,4.0855336,1.2513236,-2.2917132,-2.349209,7.0699058,0.30313432,-1.389453,1.0825776,-7.9189878,NA21599,1,MKK,8,1,1,1
-14.2804785,19.8735,6.2234297,-6.811684,0.39807382,-2.7987232,-0.97790825,-0.8816499,0.5611008,-1.212811,0.97239107,-2.0674484,-2.2042701,-3.897252,0.9042422,-2.0652554,-4.5746512,-0.42901757,-0.46714872,0.6356661,2.572962,1.0087855,2.5687754,3.292517,-8.942287,0.5111936,-3.184695,-0.11061465,5.671679,-0.27702996,-1.9583262,-1.2807477,3.9592712,6.716046,3.5115645,-4.6932254,2.3032794,5.075835,3.1081536,1.2786914,-0.89550483,-2.9145012,0.17424715,1.4364791,0.92112553,1.7063704,2.8114917,4.3556237,1.0727687,2.1026645,NA21647,1,MKK,8,1,1,1
-14.394358,20.877174,7.142767,-7.0697904,0.6041449,-2.5881858,-0.6760395,-0.53338516,-0.77966774,1.0600392,0.08598378,-0.09318381,-18.241203,-9.400489,1.7555218,10.395688,18.69353,-4.410289,7.519183,13.035366,0.46422657,14.607209,8.028315,-0.6104441,0.5175203,0.9532059,-1.7172484,-4.732579,-3.7544336,6.0904217,1.7215649,-3.505231,-3.7485056,0.069485694,0.55770326,1.0702113,-1.0611656,-4.074703,-3.2115903,2.142961,-5.0596256,1.2674122,3.5805585,-1.529336,2.6478748,-0.7050601,2.2652833,-1.1388496,0.17094338,0.31720954,NA21312,1,MKK,8,1,1,1
-8.48657,21.713808,6.4631834,-8.415261,-0.4720233,-1.6811838,-1.5698607,-0.23104192,-0.13030487,-0.18665645,-0.883919,-1.495082,4.6440983,-1.5460577,3.69731,1.0828477,1.7792324,2.7688901,4.8450217,0.117783055,-10.105376,8.055341,-8.006951,-3.146961,3.0947237,5.4372077,-0.6104753,2.0885408,-0.17210962,-0.5947768,-3.670981,5.705665,-0.24681176,-3.7669778,4.135693,0.24967319,-1.2137094,-1.5334674,0.73138964,0.73417354,-3.8464348,-4.2808046,1.4355822,2.0798378,-0.099725135,-2.2432199,-3.000835,4.569731,2.848265,-2.3770082,NA21438,2,MKK,8,2,2,2
-9.376658,20.958302,6.634449,-7.60396,0.14323871,-1.7754682,-1.5800554,0.32334417,-0.42065597,-1.1181854,-3.4366148,1.4710628,-2.4611495,5.7008643,-10.275631,0.7750909,8.535309,-7.0723414,1.8136744,-7.5722637,8.735421,-8.630236,-0.40193105,-2.4555354,2.2324781,-0.4117979,3.3680763,5.471927,-0.31438553,-2.7826355,3.1967053,0.46337143,0.2062099,-1.5687946,0.61482257,0.54463804,0.7040537,1.7424707,3.2041159,-0.6695266,-2.7889996,-0.100270554,-3.7933998,-0.93700135,-1.5591823,-2.0762951,-0.2866573,-0.8887815,0.7565339,5.2740684,NA21509,1,MKK,8,1,1,1
-7.5680323,21.098452,6.0177083,-7.615469,0.17931947,-1.8340887,-1.375722,-0.8678609,-0.4077384,-0.37091437,-2.168479,-2.5348797,-8.924612,1.152371,5.2301197,-7.7711425,-1.7321757,-3.97832,2.8498445,-0.6157659,4.126837,-0.013269334,1.2395192,-0.15691979,-0.41495615,1.7411318,-1.454907,-1.4533489,-0.8880391,-2.9676752,1.2562234,-0.4056481,1.8953279,-1.6697679,-0.844636,1.7315358,-1.22094,0.12376061,-3.8830512,-0.789816,1.7622151,0.5367008,-0.6449668,2.0086186,-2.9937253,0.26089132,-0.018545765,0.45672113,1.3135713,-0.22026412,NA21473,2,MKK,8,2,2,2
-13.554373,20.42564,7.82462,-6.78546,-0.44034177,-1.5230294,-1.6167157,-1.0646504,0.31658503,-1.5953941,-1.951159,0.6478165,-3.2831213,-1.0599203,-0.7537412,1.0024233,-1.2581929,-0.5689299,-0.84097534,-0.54028827,-2.8594177,0.46081385,-1.9427413,0.61449575,0.99294585,2.3263464,-0.29208443,-1.6218594,-2.205367,-4.7402205,-1.1346465,0.39555064,0.50791377,0.9145976,0.45008665,2.9738472,-1.1043938,3.8464243,0.16640285,1.18314,0.008060845,-0.2900578,-0.82990533,2.4413657,1.3554454,0.743933,-0.81151706,-0.24757057,-1.0022244,1.95242,NA21408,1,MKK,8,1,1,1
-8.340048,21.692583,5.9484396,-9.457518,-2.0102654,-2.6846297,-1.77849,-1.1370406,-0.03162902,-1.1301905,-2.1115773,-1.9483436,2.0700567,0.50914156,-1.8077955,-0.60341316,-2.42758,0.7016805,-2.3174431,3.5567129,-3.3924832,-0.8210245,0.804923,0.12101945,-1.6952615,2.6395795,-0.25887996,-0.12100449,-2.1118157,-0.35092387,-1.4140923,0.42526695,0.036424283,-1.3246955,-1.427572,-0.79879534,-1.454413,-0.22604468,-1.6949033,0.12514658,-1.6438166,-1.5689896,0.5853962,0.6064847,1.7017379,-0.7835589,-2.336031,-1.9358151,-2.0648696,-0.7260002,NA21510,2,MKK,8,2,2,2
-13.445307,21.067993,5.6633887,-7.320507,-0.4686656,-1.6036532,-0.68677247,0.40570387,-2.0213263,-0.28890336,1.6039729,-1.5672932,-1.0887518,-3.596985,0.50457317,-1.5032101,-5.3208103,4.2635674,0.39308038,-2.5555315,-2.4618099,-1.3540753,-3.4541533,-3.419853,0.59330285,4.109113,1.7280052,-4.8683414,-2.7497156,-0.6028378,5.3805933,2.7331796,4.5337796,2.8100455,-2.602973,1.4737154,-4.5363126,-3.71703,-2.8392482,4.0215163,-0.22810048,0.28509432,-0.7514927,2.3106334,-1.7017564,2.5424776,-3.1144695,-2.2761242,2.318454,3.0005214,NA21352,1,MKK,8,1,1,1
-9.037811,20.688683,6.3380756,-7.55503,0.22843167,-2.006284,-1.1778606,-0.98779553,-0.25140592,-0.3689346,-3.1005034,-3.816343,-16.108381,-3.4362395,5.547798,-1.2111672,7.75138,-4.257922,4.6233087,9.456487,6.55403,5.142296,3.8231173,-4.274616,-2.9689443,4.5803404,3.2605815,-4.2226744,0.0283304,1.7783761,-1.8257362,-0.24834816,-4.8847795,-3.224723,0.8563035,-4.8829308,1.112049,-1.0404426,-0.75709426,0.64130884,-3.569401,0.16369626,2.4452128,-2.5882661,2.9401112,-1.7330123,-1.4722145,-1.3824216,2.517589,-3.3591025,NA21617,2,MKK,8,2,2,2
-10.399308,20.693274,4.6310797,-7.444323,-1.0413346,-1.7033949,-0.13468282,-1.7440261,-0.6198217,0.32506862,-1.2628685,-5.5980225,-17.371077,-2.3287733,14.209448,-16.918472,-4.5017905,-8.603632,5.812847,4.3451543,9.649305,6.615648,2.5431235,-0.22309855,0.022244396,2.5719323,2.0093532,-4.4401674,-0.8138869,-2.1189718,-0.244851,0.4285084,-3.542821,-3.1828609,-1.1221433,-0.4129955,0.9090336,1.0170959,-0.7299885,2.0568683,-1.4463493,2.812174,-3.2515001,-2.1273966,1.0401331,0.67273754,-0.23585607,-0.21155483,3.1953697,-1.2942704,NA21520,1,MKK,8,1,1,1
-6.78199,20.918886,6.1710277,-8.204122,-1.0192288,-1.5524036,-1.8274702,0.1859342,-0.5578279,-0.9793477,-3.3737879,-2.3817575,-1.1354988,2.0322402,-0.34805134,-1.7426198,-0.3415069,-0.46390188,-0.4360272,-2.1994069,-1.6456149,-0.27718416,-1.4079696,-0.23405908,1.0154568,-0.12574635,0.32592243,1.2145348,-1.975941,1.0218139,0.6812972,-1.4514568,-0.33609897,-2.2726612,0.8796234,1.3020269,1.2005222,-2.046393,0.6473619,2.6134725,-0.27061817,0.6662536,-1.6514841,-0.2086826,-0.07243241,0.48154724,-0.2936216,0.29457402,0.6571526,-1.1646897,NA21418,2,MKK,8,2,2,2
-11.641954,20.344038,6.4926615,-7.617562,-0.6070804,-2.1940317,-0.86426866,-0.578026,0.6576529,0.019215297,0.023552138,1.3028005,-2.3333476,-2.768574,-1.9998815,2.9778323,2.2741714,2.2338414,-2.0782268,5.070072,-2.0530057,-1.4228367,3.2544158,0.73643947,0.68726003,-1.4822693,-1.3455411,-1.0656688,-3.0920453,1.8974377,2.6428175,-1.7531692,0.84149903,0.33530748,-0.4295552,4.3670616,-0.77009195,-0.93331456,-0.52207005,2.609294,-0.11049545,3.8101778,-0.48428982,-1.6634026,0.6931862,0.19768406,2.269259,0.477246,-1.5675666,0.16392326,NA21367,1,MKK,8,1,1,1
-13.946739,20.728619,5.974287,-7.18572,0.14874674,-1.5075893,-1.3908095,-1.3095304,-0.58605146,-0.70997673,2.0488904,1.7745,3.0933614,2.7590933,-0.59849995,-2.999687,-1.209104,6.608841,-9.013242,8.20866,2.042043,-2.2040963,5.681221,6.14477,-0.7590716,2.4175897,-4.808326,-8.880734,-8.645703,0.5172567,0.010461897,5.8164606,-0.846273,-1.8634089,-0.6733838,-1.5623362,0.7719621,-2.079045,2.8755455,-1.4549915,-0.105028756,-4.8650117,-1.1646112,-0.7264493,0.4683246,-1.1839374,0.7958419,0.8078462,1.8035545,1.1348478,NA21448,1,MKK,8,1,1,1
-7.8637834,21.207521,4.759732,-8.2558565,-0.5986954,-1.5431714,-1.5000314,-0.39479503,-1.4154695,-0.34063587,-2.162982,-5.092304,-3.0730033,-0.08503598,2.1681795,-2.2525063,-2.638136,1.2020124,0.2417165,-2.9002845,8.485959,2.6076555,-1.7537017,-0.82509357,-1.4239942,1.499028,-1.1018527,0.37571153,1.0365204,-0.26764253,-0.027054429,-0.3776873,3.5075753,-0.9413721,-2.0293207,3.2221966,-4.4089985,0.97114044,-1.7649045,-1.3924762,0.08047605,3.1661203,-1.9172239,1.9645709,-1.0738394,-0.568313,2.1566725,4.247331,0.60714644,2.6868987,NA21683,2,MKK,8,2,2,2
-12.0262375,19.839296,5.9417048,-8.326497,-0.7406121,-1.9285859,0.43688092,0.45786133,-0.9961378,-0.8207547,-2.1264715,-0.647212,-0.9067561,-0.7423146,1.6004169,-0.34715563,0.13220723,-0.3651812,-1.2964088,0.57365,-0.52014965,-2.0513227,-0.66871953,0.7747329,-0.3831085,-1.8393767,-0.7311971,-0.69732976,-2.130628,0.4202212,-0.9803119,-0.1572295,-2.6676404,-0.863826,1.3000805,-0.21416199,-0.013897636,-0.85327667,-2.5405087,0.461469,0.8789955,2.175091,-1.9024397,-2.6842968,-0.5295094,-0.9771751,0.96195555,0.019483969,-1.0864992,-2.2748585,NA21738,1,MKK,8,1,1,1
-11.008282,20.788622,6.5081997,-7.452047,-0.38270244,-2.031345,-1.1894877,-1.0743945,-0.55439997,0.2386763,-1.74345,-0.14022438,-0.66888773,-1.5518217,0.53445977,0.5798862,-0.03662741,-0.41633436,-1.0740008,-0.6895048,-1.2319942,-1.2479833,-0.8932894,2.1751723,0.28223938,0.84205,0.44263116,1.1298296,-0.11709718,-0.16842218,-0.650594,-1.0330197,-2.2382402,0.26402134,-3.0056505,0.4066232,0.07777167,-1.3362249,-0.55570203,-0.5420317,-0.36341777,-1.7301335,1.5743454,-0.6971001,0.1490795,-0.5170861,0.21786784,-4.036199,1.6889896,0.9619257,NA21739,1,MKK,8,1,1,1
-11.591913,20.415417,6.694626,-7.9621124,-0.33259058,-2.431505,-1.4266827,-1.195591,-0.43806508,-0.16910557,3.01491,2.8304608,-1.3524991,-0.4959183,-2.004569,1.1434041,-1.1199539,0.43003902,0.71820325,0.40293035,-2.3321314,0.4451766,-1.2587605,0.75077486,-0.21603474,-1.1986578,-1.1715358,0.37464154,-0.84811515,0.3283638,-2.279918,-2.0713918,-0.4548768,1.0738698,0.65928483,1.2865477,0.27738363,3.0523252,-1.5100121,0.84700686,1.9782287,2.8134577,-2.2096925,-3.239387,1.5670742,-0.31165984,0.07917115,-2.7139797,-0.12228326,-1.6652561,NA21417,1,MKK,8,1,1,1
-6.799147,20.75303,5.384434,-8.721212,-0.049998365,-1.7740021,-0.50286263,0.4728365,-0.8567172,-0.95664436,-4.395557,-3.5867589,0.76105446,2.762434,-0.017582234,1.7034016,-0.85368186,2.480956,0.30202404,-2.3658504,1.3965054,6.8901653,4.1331615,0.13627812,4.3536396,3.6148663,2.504895,-2.9603322,0.71872056,-1.4473515,-1.9041641,3.1575818,0.71079415,-2.886057,0.27247074,-1.9486411,-0.19831048,-1.0507027,-1.7947276,-4.6154523,-0.18036294,-0.3749966,1.9263779,1.5336583,2.4502661,-1.3918648,-1.7920504,0.25781167,-5.1108117,-1.3157419,NA21415,2,MKK,8,2,2,2
-12.7275,20.146893,6.1762342,-7.6622114,-0.5316483,-2.1362321,0.015558261,-0.9919837,-1.4225192,-1.31915,0.6901733,-0.7304385,0.01846422,-1.545674,-2.8596525,0.71456164,0.026890952,-0.19386959,-2.1482604,-1.132066,-1.7228134,-5.921474,-0.21812928,1.2704806,0.06394293,-0.9121725,-1.202104,-1.5142974,-1.1465578,-1.5686324,1.7830192,1.0748062,-4.969826,2.8171728,-1.4929032,-2.2476504,-1.1832421,-0.93527734,-0.60219246,3.8742738,0.548615,2.0515661,0.36987048,-0.26925552,-2.045424,2.5358112,-1.6279486,-1.3780032,2.0460477,-3.5184484,NA21521,1,MKK,8,1,1,1
-10.014405,20.910627,6.11612,-7.6727715,-1.9439934,-0.49972168,-2.5468953,0.095900945,-0.41699997,-0.44065848,-4.058685,0.75670284,-8.349395,6.909736,-19.057072,2.154463,16.524675,-10.565442,2.6692429,-5.475651,10.327993,-13.797185,-2.9539366,-2.4144263,0.12759426,1.1989925,0.24621618,-0.16268404,-0.3466566,-2.5767407,0.22785692,3.011506,2.2347343,-3.4778183,-1.7419373,-1.542155,1.063959,0.19049428,1.9923797,-1.2465085,1.7257406,-3.3073838,-1.850795,2.5285618,-2.5313349,1.5705514,-5.087029,-0.19374533,2.3176575,0.38449565,NA21523,1,MKK,8,1,1,1
-8.933886,21.118925,7.4412446,-7.7763934,0.10002063,-2.2873764,-0.4498884,0.34598452,-1.2819557,0.41391307,-1.7369002,-1.9124945,0.0006258321,-0.72568244,-1.5824022,-1.9530451,-2.3329117,-2.1717663,1.5813594,-3.8814044,-7.0988817,-1.4340992,0.16844691,-4.7469864,2.5677774,-0.8596647,7.7614164,1.391639,-0.51632917,3.8501604,2.679893,1.63599,-1.9878315,-3.9027987,0.31932846,0.13104847,1.8067122,1.6295716,0.46467364,2.3787904,-0.35656926,0.70938545,1.6909498,1.1466634,3.756461,-3.7552059,3.0158725,-3.200885,-0.51744986,-1.1277692,NA21580,2,MKK,8,2,2,2
-12.923935,21.113075,7.033883,-7.547343,0.796399,-3.083888,-0.7839668,0.35495263,-1.5070704,-0.0033649686,2.3245273,0.8530613,-10.963117,-7.0200095,-2.4520452,7.555032,11.121457,-1.5682818,4.1674814,8.674907,-3.3894496,8.702086,8.117913,2.696293,-2.090152,-0.699811,-5.061143,-2.9839947,-1.9159912,4.1263223,2.4114256,-4.375013,0.26988417,1.4322568,0.8555161,5.0655212,-2.2383246,-2.9975815,-2.3097637,2.2180495,-3.169164,1.9478303,1.4904337,-0.14648287,2.0046403,0.081196405,3.6396182,0.96215296,-3.3706467,4.0625467,NA21311,1,MKK,8,1,1,1
-10.0056925,20.592396,4.4528418,-7.7404466,0.07489182,-1.7017908,-1.9090472,-0.68334556,-0.30558094,-1.1389148,-1.6882176,-1.3482808,0.8616755,-3.5040727,-2.7702816,-0.76300985,-6.199541,-4.218903,-1.5285481,3.3598483,-4.1259155,-3.5827866,7.375121,2.1410167,-14.842587,5.7087374,1.6398917,1.112455,12.757657,1.0419052,-5.751694,0.13294545,-0.86886275,4.9875007,-0.101602964,-3.5832965,3.9796255,3.67077,1.5430462,-2.6340945,-0.23571405,-1.6241502,10.264226,1.5576636,-2.5654552,-0.63759154,-6.6603594,2.9437969,-0.267738,3.230149,NA21636,2,MKK,8,2,2,2
-7.4703336,20.853687,6.3170347,-7.3682284,-0.17064573,-2.8587928,-1.3396212,-1.0389522,-0.26783672,-0.42398998,-0.8840153,-0.7292831,0.8052112,-0.6872486,-5.061675,1.3781567,-4.588,2.4892807,-1.1823499,0.084605195,-0.71875554,0.67445683,1.5496553,2.7493877,-0.7404214,-2.7969282,-1.7871231,0.5798788,-1.5883077,3.3267512,-1.391706,-5.6568513,6.17764,-1.4578092,1.1915025,2.3444,4.5503335,1.6223884,1.9037262,-2.3311367,0.17984776,2.9937317,-6.4219127,-2.9476895,1.2129796,-2.0368967,1.4438562,-4.1971426,-0.047393307,3.2228212,NA21360,2,MKK,8,2,2,2
-17.294239,20.412695,6.9953413,-6.144972,-0.14532469,-0.5782225,-0.6896781,-0.009097418,-1.8795165,0.106963515,22.075994,25.847162,2.6099327,21.734528,-0.6493548,-1.3434701,-1.4012288,0.8321005,2.8334754,1.6381354,-0.26304248,7.7529726,0.25367558,0.27782077,-1.9471684,3.7514799,1.8578202,-0.87759364,1.9759562,0.6034161,-1.6710702,-0.25299245,-1.0336841,3.7077692,0.5506111,-1.9123182,-0.92648244,1.4933276,-3.1566558,2.0861716,-0.51845646,2.573639,0.21166976,-0.7924854,0.8560194,0.21801312,2.5124218,0.842689,-0.34806684,-2.1210558,NA21301,1,MKK,8,1,1,1
-12.43954,20.726343,5.598657,-7.2565837,-0.68122095,-2.051926,-0.5092305,-0.9188858,-0.2901276,-0.5962557,0.7567625,-2.0500557,-8.800165,-0.52062756,7.9254613,-12.541946,-7.112463,-6.1567216,1.9840047,-0.98023194,6.7213197,0.7047111,2.6283567,3.8330631,-6.8173246,-0.8262564,-3.649325,-1.5784614,3.9064314,-3.0118754,-0.94953847,-2.2801335,4.695509,3.191647,1.6914964,-0.56167144,1.7294368,5.6068735,1.716911,-0.69495046,1.3477807,0.27824736,-1.4162494,2.3780043,0.014236505,3.50433,3.5553014,5.828687,1.5813482,2.023947,NA21648,1,MKK,8,1,1,1
-9.283543,21.9365,5.742911,-8.547977,-0.38181323,-2.192969,-1.5321546,-0.86531615,0.29296175,-0.4910479,0.9964663,-0.7533484,-1.3624878,-3.6482284,1.6747597,4.1224713,-0.051659018,3.4390278,2.3140163,-4.2314186,-3.9906483,3.5985463,-4.5139194,2.6126435,-1.6580509,0.5628858,-1.4230045,-0.9719637,-5.3050766,-3.1701362,-4.362639,3.4388955,2.0764422,1.1326228,-0.18872125,1.7720782,0.40256953,1.3788791,6.1661663,-1.1626359,0.9960759,-1.5403684,-4.341659,5.2781844,-0.17760742,1.2315667,-1.027917,-1.9570595,-0.7347077,2.3977735,NA21441,2,MKK,8,2,2,2
-11.781614,21.96579,6.8099236,-6.9600344,-0.48484513,-2.503346,-0.625621,-0.62057996,-0.5532192,0.43009633,-0.41499257,0.45057714,-1.205004,-2.849246,-5.2966547,4.8901825,-0.4062684,1.9809372,1.0357499,0.40398866,-1.9287043,4.806582,5.579609,6.075035,-3.0976257,-1.8134295,-2.0754793,0.44319725,3.8268833,1.3196689,-1.0026563,-1.9401188,2.9442608,-2.9741051,2.8334367,1.0925184,3.9459,1.5964345,0.71272665,1.1099446,0.5732419,2.83106,-4.4033523,-4.2243323,0.790263,-0.87117136,0.7556134,-1.038431,-1.8790746,0.44477636,NA21359,1,MKK,8,1,1,1
-8.997816,21.890142,5.550868,-8.247409,-0.46536237,-2.327277,-2.3291962,-1.0604013,-0.6944573,-0.99542797,-1.49514,-2.6041045,-4.4966908,-1.8244535,-3.9181972,3.7305005,-3.262315,1.1225581,0.19485502,2.0988686,-7.69616,3.17929,1.0017297,8.161895,-8.356247,-2.7646952,-4.352866,2.5380254,6.5507565,-1.5271869,-2.5534716,-2.926777,4.119402,4.835183,0.42360947,-0.9699803,2.2931821,1.9599457,3.1124308,1.6721797,2.419344,3.226812,-0.9316637,-3.93208,-0.0644682,2.6330526,-1.1334827,0.43659732,-0.13491729,0.8223841,NA21424,2,MKK,8,2,2,2
-8.493725,21.36032,5.926962,-7.3682594,-0.7686461,-2.2674177,-0.7197883,-1.1176717,-0.83661157,-0.020443004,-1.5381343,-1.4663931,-1.7125677,-3.2160013,-7.6617336,4.3025637,-4.0552316,1.2869838,-0.6800235,-0.3397407,-1.2889227,3.0713973,5.2098613,6.1820703,-4.0046334,-2.2632442,-2.1179929,1.1083845,1.9839201,3.306533,-0.9436624,-6.1427507,5.624415,-2.6721234,2.5327444,2.487882,5.6779203,3.3762348,1.5494664,-1.3525248,-0.17607495,3.02284,-6.95063,-4.851486,0.6753628,-1.9077464,0.98173916,-3.9266913,-0.60223925,2.9887514,NA21361,2,MKK,8,2,2,2
-12.093344,21.072392,7.0109935,-7.3730054,-1.007148,-1.4852895,-1.8190448,-0.7310525,-0.30231598,-0.6853048,1.4054744,0.45863914,-6.6855173,0.27853987,6.5412107,-18.1941,-7.9109035,-5.5828576,2.4771001,3.6870487,0.43698475,-1.2233293,-3.0985675,-1.9317504,1.8510925,-8.86482,-8.149472,6.4455676,-3.0220187,1.8623253,5.1352367,-4.8149424,3.389228,1.2621524,2.7391422,3.182625,-2.605011,-0.6368601,0.35005173,-1.8497258,-0.37579265,-0.90849483,3.346013,-0.8732836,-2.2690413,-3.4833486,-2.0013845,2.5017664,-1.2010729,-0.69252396,NA21514,1,MKK,8,1,1,1
-11.854481,20.352545,5.8853645,-7.4639153,0.4042572,-1.9449611,-1.372758,-0.24647225,-0.6886076,-0.80748844,-2.7931762,0.50147015,13.766406,-4.0983944,0.44516405,-5.4651995,0.23256925,-2.57342,3.813525,5.9452024,2.311693,-1.6549464,1.9829236,1.0431825,-6.902618,2.713379,-1.7977122,-0.87224936,4.1814036,1.7957094,-4.439794,1.5723126,-1.9862378,-2.5580413,-0.4107009,-2.630809,-0.28818703,-4.5133677,1.2073797,1.1412395,-0.98361236,-1.3048108,3.6152713,0.17780973,-4.3028927,0.92788166,1.1853664,-3.3877954,-1.3182772,1.6242979,NA21478,1,MKK,8,1,1,1
-13.926926,20.702848,6.1289687,-7.733207,-0.38646996,-1.7808233,-1.9049393,0.4189555,-0.8370896,-0.4182676,14.111445,18.125704,-2.6730995,20.72203,-10.179898,1.1693892,10.051901,-4.7065187,4.1825504,-2.861451,7.927703,-1.4378419,-1.9926118,-1.1230294,-1.6738833,3.9573739,-0.3838163,2.3311353,1.7496387,-2.8006823,-1.620813,0.2753893,2.5776458,-0.89042604,0.048974648,-3.6810873,1.0135435,0.8606145,-0.6239586,-2.7255828,1.8025112,-3.3697877,-0.80436975,2.4850218,-0.7546948,0.5108194,-2.7630143,1.3828927,-1.1905475,-0.7501186,NA21366,1,MKK,8,1,1,1
-14.437261,21.203564,7.927626,-6.7758584,-0.18778981,-1.3641882,-1.6220978,-0.3311419,-1.4540886,-1.0140846,1.1481634,-1.6848661,0.18982112,-7.376196,-1.1013545,9.976745,-10.867693,12.919612,3.1793308,-12.330415,19.112648,12.429895,2.7788217,-3.6284776,6.391964,-2.9461043,2.7732337,-0.69011897,1.8352696,5.35919,3.0347247,1.0762426,-2.0108013,2.7380242,0.2524439,-4.157548,-1.0535301,-0.14115803,0.58127886,-1.699339,0.043865323,1.2691913,3.9822266,0.77552533,-0.44277945,-0.30603278,0.31634274,2.9729548,-0.8278812,0.88511246,NA21402,1,MKK,8,1,1,1
-18.73075,20.639091,7.038194,-6.3055916,-0.06279901,-0.9358533,-0.5971719,0.20679966,-2.1776867,0.30391845,25.837223,31.43747,1.7312949,25.84051,-0.6411583,-1.2441055,0.18011111,0.07088026,3.89736,1.4842173,0.85001296,7.3015676,-0.23180178,0.4745649,-2.037973,4.1461987,1.6041409,0.22043508,2.3918557,0.37673882,-1.6735222,-2.082556,-1.6344097,3.4847703,0.57407963,-1.7563608,0.7164245,1.2888693,-2.6682096,-0.17791663,-0.6170628,2.4153929,0.08940603,-0.58127904,1.2459309,0.5054393,1.011166,-0.09697843,-2.222065,-2.5159562,NA21344,1,MKK,8,1,1,1
-8.292997,20.902063,6.0537357,-7.848811,-0.98119247,-1.5197212,-2.4298735,-0.51280123,-0.1354857,-1.6143041,-3.4059587,0.1289451,-8.277615,9.414263,-15.678159,2.008024,17.742716,-9.471461,3.362311,-5.1746316,12.182884,-11.264063,-1.1361295,-2.803509,-0.22174868,1.9521612,-0.7176334,1.546115,-1.0612075,-3.369801,-0.503312,2.6001472,3.9780936,-3.1742973,-1.3441952,-2.4782891,0.37451112,1.0352739,1.0654203,-2.7759674,3.1665804,-4.9225283,-2.2813027,5.086407,-1.9357324,0.9281939,-4.9697833,1.3955089,1.0680066,2.6300375,NA21365,2,MKK,8,2,2,2
-13.58344,20.870768,7.0227695,-7.010652,-0.03144769,-1.8754508,-0.75876623,0.14530279,-0.84744656,-0.18722036,4.1348104,1.7921696,-0.2140554,-2.701338,-4.5132675,-0.5539741,-5.149073,-4.8074007,-1.6436014,-7.492413,-14.825788,-5.672792,5.4315734,-5.9728193,3.3922348,0.19780031,14.3911495,-3.1613598,-2.7016659,11.298335,4.339837,6.486777,-1.9609104,-4.376579,2.9971058,2.1288476,2.1721666,0.5983214,0.716523,5.7423935,2.7399611,1.4023647,-0.2624491,0.76967007,0.93222487,-3.9851072,2.2735572,0.9751665,0.383971,-2.1158078,NA21317,1,MKK,8,1,1,1
-12.820635,20.230179,7.8162203,-7.1870103,-0.48368105,-2.015893,-0.7265109,-0.20993717,-0.6438867,-0.9896797,-0.49514553,-1.4455801,-0.9401958,-1.7602444,0.8158281,1.3511196,-3.9565454,4.917074,1.3159254,-4.5480924,-6.7696247,-0.4472041,2.1089568,-2.7312033,-0.80524087,4.9845676,1.0628369,-3.9775484,-7.0328627,-4.0198445,3.1889946,2.2237992,4.4721146,3.456687,1.0991644,-4.3643646,0.98679787,-3.0386417,-7.2161746,-4.4217606,-4.5462513,-3.8079765,2.7279623,0.09086462,4.186561,-2.3282695,-1.440266,-2.4628096,-6.7123775,0.99613863,NA21527,1,MKK,8,1,1,1
-11.446119,20.261644,6.6889744,-7.318092,-0.35692534,-1.3227229,-1.5418532,-1.2253433,0.20944993,-1.154626,-1.6687082,-1.4258225,0.22346883,-0.53385556,-0.5602921,-0.49014857,-2.798065,2.5050557,-0.8212264,-2.456297,-3.1466818,-1.95943,-1.7511508,1.9177258,3.6094198,-2.7271554,-1.3831526,3.8123662,-1.3217629,-1.132319,-1.2422062,-1.5666413,0.82593954,-0.68362325,-2.4936025,1.5497721,-0.10493084,-0.57688606,-3.6479285,1.5128411,2.9951608,-3.3731246,0.6050001,1.5187643,2.2142587,1.6293449,3.9621396,1.2304353,-1.6060638,0.08815141,NA21307,1,MKK,8,2,1,2
-13.490652,20.650303,6.595255,-7.565489,0.13411829,-1.5093435,-0.5011451,-0.5290346,-0.10510153,-0.23321205,3.4333956,4.403922,-1.6600803,2.4925137,2.7932537,-9.79337,-6.2038107,-2.0518386,2.016701,3.4545054,-4.3121634,1.8146352,-3.1035614,-1.7098694,4.6904745,-11.029604,-7.7736225,8.711576,-2.9429405,4.8873363,5.6422515,-5.6299663,0.7708769,2.49811,4.156696,3.0465853,-2.6942208,-0.719649,2.0687284,-0.8587886,-0.038030118,-3.7153504,4.751867,-2.5054832,-0.7151447,-4.0335097,0.066192545,0.98353463,-2.2776833,-0.05311682,NA21512,1,MKK,8,1,1,1
-11.9565,20.652746,6.111849,-7.744342,0.09126731,-2.1054637,-1.1570041,-0.6575145,-0.20374052,1.1829371,-0.017309055,2.1013615,-3.209915,0.8124447,-5.0839944,-0.754743,-3.1332624,2.771338,-0.24464026,2.4395955,-4.9353256,2.1546395,-3.1717167,2.582542,4.2115407,-10.167295,-5.2525926,4.407121,2.6652558,0.3718556,3.0062172,-5.651039,1.709279,-6.4273825,8.726831,-5.347798,-4.364513,1.7656418,5.188442,-5.2186384,2.6980646,-0.09605411,-2.39522,-3.3433025,-0.15918262,-4.9561167,-0.6953973,-6.9773307,5.070184,0.18897982,NA21718,1,MKK,8,2,2,2
-5.8945265,21.348951,5.671417,-8.19597,0.12079573,-2.1544142,-1.8678547,-1.3781711,-0.1690035,-0.5897444,-4.6968827,-3.7543705,-3.4539416,4.625736,4.406236,-2.906757,-0.8307815,-0.4517145,2.5442505,-1.9245126,3.3485212,4.605471,2.5489972,0.17608653,3.184659,5.5915966,2.0650706,-3.4909244,1.4349551,-3.3191056,-1.4540565,3.593311,2.1552625,-3.1278212,-1.6804001,0.29638582,-0.56260985,-0.7969697,-4.2595057,-3.1641324,1.4035469,-0.71743965,1.6646763,5.1088204,0.5783407,-0.41422367,-2.7922149,1.2045722,-3.571307,-0.947095,NA21363,2,MKK,8,2,2,2
-14.05595,20.710333,7.667421,-7.26753,0.02766961,-3.1026487,-0.55711436,0.48711076,-0.33571252,-1.4727815,1.6897659,2.2641587,11.320173,0.45107242,20.136185,5.6488004,9.640046,-3.2556193,2.372308,-9.255939,1.4427358,-4.1967893,6.5535274,4.640215,0.29257813,-5.4757686,-2.2242682,-0.9874079,-1.457332,3.0886512,1.8655756,-3.6034095,0.1709704,0.7113166,-0.45378128,-0.15534298,-1.2693603,2.122152,2.9254127,-1.1858656,1.6196212,-1.3409169,0.5124625,-0.38982728,-0.9202445,2.4951868,-1.8382272,1.550101,2.7077928,-0.35375988,NA21387,1,MKK,8,1,1,1
-11.687876,21.123322,5.2784495,-6.9680614,-0.5265009,-1.9128429,-1.866708,-0.36298734,-0.11996509,-0.11291168,-0.20172136,-1.5721819,-3.787166,-2.5181072,-3.787155,2.359557,-2.790388,-0.009061366,-0.99356747,1.8077394,-4.544367,1.4030651,1.4692703,6.887258,-6.5194044,-1.6885048,-3.0106223,-0.36328754,4.6735196,-1.101238,-2.9288018,-3.1147404,4.53359,5.6833115,-0.61150885,0.23336478,1.6419686,0.82328224,1.6544607,0.6583345,2.0933323,2.8852084,-1.1029382,-4.2997565,-0.5352479,1.8962878,-3.4974651,1.0479032,0.3998164,-0.56009626,NA21596,1,MKK,8,1,1,1
-6.791232,20.301657,5.874862,-8.117881,-0.30811077,-2.598307,-0.8747804,-0.29255238,0.10426888,-1.4935037,-3.3403592,-4.0946426,0.53594255,4.071518,2.152719,-2.1860757,0.054024752,0.06440406,-0.5881582,-2.9745069,0.58413094,-0.56968135,1.5339054,-1.061843,-2.3751154,0.88729,-1.0653784,-1.9109148,-0.15306616,1.1324135,-5.6693244,0.8964447,0.2833236,1.3474174,-0.3835369,-3.146195,-0.8665262,-0.9403422,-1.5435811,1.6420047,-3.1997132,-1.0078856,-0.056508776,-1.6899946,-3.544043,-0.29150584,1.711102,-2.8186944,1.881296,-1.0725243,NA21693,2,MKK,8,2,2,2
-12.688128,21.719633,7.3656263,-7.747438,-0.6924591,-1.8121849,-0.9612201,-1.0078951,-0.977204,0.4318311,-1.1460601,1.9208151,-4.948955,1.348137,10.3742,6.741522,3.6508698,8.077053,-9.607588,7.7575603,-2.4150076,-4.238208,-9.179357,-4.8385696,4.0011744,3.8112683,5.131358,4.0341315,2.254935,0.034380477,1.6556065,3.7231026,1.9211656,-0.083727196,0.35027725,0.7702917,3.588799,0.34608337,-0.66754353,-1.4927372,-0.42200875,-0.47502023,-2.6473567,-0.7483278,-3.2002296,2.6621766,-2.9590824,0.047273096,0.7563434,3.060535,NA21587,1,MKK,8,1,1,1
-8.026632,20.887968,6.5899334,-8.156457,-1.6655066,-2.46096,-2.4268909,-0.047408562,-0.6388106,-0.4448339,-3.621891,-3.213765,4.0426674,2.0486145,0.5901572,-1.2736897,1.0644021,-1.18336,-2.6796892,0.17057739,-0.646541,0.5119484,-0.65426683,-0.8184954,-0.44016042,-1.1625192,1.2168901,-1.1782387,0.73343074,0.20009065,-0.7047119,-1.1545238,-2.8719769,-3.2883105,-2.5147328,-1.2273972,0.16890858,0.5665106,-2.8227289,1.85133,-1.8832281,-0.7600172,-2.0068812,-1.152214,2.9510698,-0.15397343,-1.9737737,-0.4389639,0.45661905,-3.041137,NA21529,2,MKK,8,2,2,2
-8.566562,20.11719,7.283784,-8.661304,-0.40153512,-1.6491845,-2.2018895,0.13230574,-0.7228392,0.098003365,-0.0949639,-0.82210964,-0.19534752,2.4794095,-1.1334062,0.7737415,-0.015593157,-0.37362522,0.5835532,1.1383431,-3.2637205,0.5522144,-0.3477102,-1.2056369,-1.5023395,0.49087784,0.4531087,-0.016795132,-0.3621326,1.65063,0.91170317,-1.9239981,0.46423852,-2.9474695,0.29514235,1.548094,0.3665938,0.21309198,1.9193474,-1.2788211,-0.36830068,-0.42793477,1.0388471,1.7877525,1.8080258,0.05438877,0.19646144,-0.8056949,-2.9466174,-0.6193152,NA21436,2,MKK,8,2,2,2
-14.574743,21.390614,7.3984137,-6.9347982,-0.64967775,-2.2972598,-0.69522625,-0.28037032,-1.0465642,-0.78590834,3.4928632,2.896173,-1.6663454,-0.38192177,-3.1259885,1.1860883,-0.8048969,-2.8657627,-1.0445431,-1.9392556,-7.1346474,-3.2457209,3.6701171,-1.4192063,0.46640223,2.4081144,4.832102,-3.6780684,-0.46981034,2.712234,1.583563,2.336688,-2.1564054,-0.29085097,1.359161,-2.2465894,-2.0446386,0.68046683,1.5561687,2.1949778,0.2057549,2.0847545,1.4150252,1.2229288,-0.24888898,-1.721348,0.00090089085,-1.6248076,-0.16109231,-1.2349309,NA21420,1,MKK,8,1,1,1
-7.126788,20.918428,5.9073076,-8.268936,-1.5454499,-2.7578323,-1.569508,-0.64437324,-0.17940602,-0.8690472,-1.9088533,-3.7811797,0.028177856,-0.18261002,2.1713836,-0.5161894,-0.07151976,1.3174943,-1.2533567,0.05507892,-1.6540539,-1.876427,-0.11563184,-0.8223269,-0.342295,-0.4778816,0.56808937,0.42125443,-0.5717631,-1.6208994,-0.86262906,-0.66250926,0.2908293,2.7304974,-1.1853119,-2.085514,1.0168873,-2.1308866,-1.1127185,-1.6469495,-0.23227991,1.9603001,0.15809667,-0.32386664,0.47126293,-1.4708999,-2.399906,2.0819874,0.24446385,-0.7250163,NA21364,2,MKK,8,2,2,2
-13.093296,20.062471,5.3111696,-7.348264,0.1690415,-0.93825084,-0.9424034,-1.0626024,-0.14781286,0.54277235,1.3908122,-0.07793056,-0.50362164,-0.9598969,-2.6697237,0.6993123,-1.2668359,0.4875217,1.067631,-1.3758281,-0.21944314,1.8190022,-0.05790284,-0.109467566,1.5731888,-1.6964571,-1.3767953,0.2870646,0.79972094,0.29742697,-2.2180007,0.7489899,1.8928944,2.4251409,0.15099046,0.033196967,-1.8413826,-1.2989352,1.2192816,0.27931118,0.020008134,2.4127245,-0.40323552,-0.8724479,1.9073819,0.17898259,-2.6748383,-0.06891072,2.1975636,-0.78817624,NA21689,1,MKK,8,1,1,1
-8.0529175,21.144924,5.46551,-7.48279,-0.6036686,-1.4451392,-1.1869974,-0.47657898,-0.9617285,-0.6367413,-1.5121592,-0.91212696,-2.8747387,3.3514073,-7.9076433,-0.7008949,1.0493038,-7.4984245,1.6117194,-1.7372904,-0.9293856,-4.771976,2.1942549,-2.9027867,-0.32265303,-0.82294536,5.8553286,-0.60371536,-0.98261344,3.7679229,0.04799163,4.209305,0.14612515,-4.1781764,1.0170512,1.5483849,-0.6034698,-2.305751,-1.0792439,0.39285597,2.328917,-2.6180663,1.1084582,3.5154727,-3.314884,-0.6223907,-0.4025607,0.9292343,0.2784828,3.4209511,NA21597,2,MKK,8,2,2,2
-7.93447,20.996428,5.7195134,-8.177136,-0.019676473,-1.4776403,-1.3950467,-1.1027535,-0.5527196,-0.39259666,-1.3367203,-1.5937871,2.1218643,0.9045694,-1.5050132,-0.18977809,-1.023073,-0.18314335,1.1837898,-3.4469235,-0.16630255,2.4195023,0.4552552,0.98439443,0.55432355,0.2151624,0.82704407,0.45433363,1.509448,-0.029313123,-2.68278,-0.31489462,-1.464812,1.8134714,1.1049627,-0.7229085,0.68245804,-0.67874116,-1.0864376,-0.61859477,-2.439869,0.685458,0.5031771,0.68184114,0.7646731,1.2436714,4.2676435,0.47180045,0.25816143,0.3082013,NA21353,2,MKK,8,2,2,2
-8.349269,21.212587,5.457046,-9.229152,-0.029709797,-2.351121,-1.3265373,0.41612184,-0.37532654,-1.1493864,-2.1724353,-1.8249135,0.6747019,-1.6036195,-1.4379483,-1.931129,-3.4690478,-4.8578134,0.5443672,3.059434,-2.8250277,-7.2152166,8.538954,-0.6829226,-11.642039,6.179662,3.9439285,-0.12321231,11.859301,2.4065254,-4.2668495,1.5559057,-1.6903654,-0.4730768,-2.0343583,-0.8122203,1.2731973,0.6780344,-2.2931342,-5.711715,2.3572435,1.0803444,10.368752,4.2436433,-4.9652047,-1.7995597,-6.8571596,1.8187451,-2.1695185,1.8177866,NA21635,2,MKK,8,2,2,2
-12.695296,21.807495,7.3418913,-8.059896,0.092223495,-1.8138434,-1.3273532,-0.17953014,0.04033082,-0.1441086,0.11519212,1.692458,0.5609634,-3.3204017,1.6461747,3.759318,0.058455873,4.526751,4.7400017,-2.3503554,-13.017377,7.8665113,-12.751444,-1.2460815,3.410042,7.038616,-1.9881122,2.762702,-1.153741,-5.435567,-4.246241,6.493579,0.077108674,-2.3210814,0.9221255,2.0465395,0.8748406,-0.11964736,3.47098,0.81795317,-3.0332956,-1.7739342,0.28153518,5.8484545,-0.83842385,0.1222176,-1.4415903,4.3882084,2.022964,1.7119927,NA21439,1,MKK,8,1,2,1
-5.6067843,20.570084,5.537216,-8.552029,-1.0668398,-2.3582938,-0.66710144,-0.21870942,-1.2148883,-0.23984955,-1.0849487,-5.4406796,2.518164,0.48218024,-1.294854,5.1970778,-6.412523,6.586346,0.63818127,-6.100705,3.058746,2.420097,0.7999365,-3.0883465,-2.2849636,0.49312532,0.2025736,-2.492612,-1.7217703,-0.16147307,0.77987725,-0.6380838,-1.3801466,-0.5540049,-0.13846235,-1.7579793,1.1297743,-0.4246836,-1.3800484,-1.8372267,-3.2673266,-2.299737,2.5660977,0.5454496,1.9777732,0.28408736,0.14456983,1.8012755,-2.7695103,-1.7477,NA21403,2,MKK,8,2,2,2
-7.66807,20.982025,5.886745,-7.359333,-0.091554105,-1.6197457,-1.5611782,-0.26681402,-0.34050688,-0.73478585,-2.5662785,-3.4792907,0.42979634,-0.3399544,-4.2473006,-0.82637876,0.28870624,-3.2563112,-1.7591547,-3.684133,-1.0206933,-4.52389,-2.5662215,3.6568577,2.0456693,-3.3496656,-3.304084,-4.1744337,-1.0395775,1.5620513,-0.82517695,2.9554117,-6.8644185,5.2798853,-4.7154303,0.26396102,-4.314256,-3.811961,1.7801515,5.1415434,-2.6633956,3.4260116,1.7772653,-2.9770513,0.9769129,5.7868996,1.9069221,-2.460849,1.1701565,-9.259172,NA21601,2,MKK,8,2,2,2
-5.265729,21.451057,5.9191213,-8.342572,-0.2403584,-3.232875,-1.7346432,-1.3752044,-0.54516155,-1.9953262,-5.52228,-4.324927,-2.163443,3.746994,-0.35183996,-0.9681459,-0.4957724,-1.0839977,2.9701898,-2.1760972,0.32273242,-2.1694283,-2.0606813,0.8086746,1.9159611,0.39614987,0.8141616,2.5235677,1.5771153,-3.36433,-1.9354508,-0.44800228,2.0220315,-5.897197,-1.0958992,-0.31046033,3.6142025,0.90158856,-0.48328122,-3.8342655,5.859372,-2.939836,3.3930902,3.383769,1.7019882,1.3397818,4.239844,-0.9807851,-4.501374,-1.2946551,NA21308,2,MKK,8,2,2,2
-6.8461967,20.05722,4.57391,-8.828725,-0.46726367,-2.3517184,-1.3377876,-1.256417,0.08959804,1.0272381,-4.1947985,-8.845172,-14.066309,-0.6649908,10.431924,-12.723171,-3.3905423,-6.8749104,4.947619,4.546454,7.5461736,5.982495,2.7926173,-2.501587,-1.5437626,4.5229697,4.494675,-4.317554,1.2405505,-3.0538888,-1.9778501,2.5782392,-3.1381369,-1.4524935,-1.470975,-0.9384454,-0.32158047,2.3527653,-3.4031901,1.572494,-0.35687217,0.058469202,0.1341642,-0.7794561,1.4284292,-0.25060025,-2.6534972,0.22202483,3.0790749,-2.0109322,NA21613,2,MKK,8,2,2,2
-8.231526,21.625626,4.8684053,-9.338737,-0.025968028,-2.865886,-1.3822569,-0.51345336,0.110590726,-0.24723502,-3.0487027,-3.203247,2.3949118,1.964529,-0.50163364,-2.4447162,-1.3861382,-0.4977983,0.6888027,-0.74075377,-1.9460555,3.2847674,-3.9744127,0.89163303,2.5551682,-2.8092237,-3.5297163,3.5106835,3.860697,-0.6819578,-4.260046,-1.4223578,-3.4013214,-2.588081,-0.11704543,2.5819628,-0.8052859,-0.39610437,1.7102584,0.08326986,3.6487894,2.8250487,-1.2637978,-1.7744632,3.5347304,-1.7743981,2.5786178,-2.6163301,0.46857443,-3.6026375,NA21421,2,MKK,8,2,2,2
-12.132064,20.681173,6.650589,-8.444693,-1.0439414,-2.3154652,-1.1067828,-0.7636711,-1.5657107,-1.0484425,-0.8708689,1.3508517,0.32210094,-1.9632578,-1.1605175,-0.60039216,-1.4828339,3.5760722,-0.76186365,-0.76693124,3.1813362,2.143822,0.35047838,0.2505393,-1.6992732,-3.1994045,-1.4862514,-3.1029236,-0.2022981,0.8321784,-1.031693,0.11638605,-2.8908677,1.4297936,-2.7606113,-2.8969574,-1.3678063,-1.5219761,3.3543367,0.73551154,1.0037059,-0.61869776,-1.6090584,-0.3065796,-2.4352734,0.18331298,-0.93366915,-0.34003723,-1.2419589,1.0753123,NA21631,1,MKK,8,1,1,1
-6.1227994,20.278126,6.392391,-7.267398,-0.59722495,-2.0104077,-1.628635,-2.0077298,0.14321347,-1.3067281,-4.5961123,-4.5406566,-1.662237,4.0203886,-0.97402364,-1.3566806,-0.2568829,0.37092465,2.6636426,-3.7776728,-1.8064067,-2.7043045,-1.8218124,2.3556,4.7341547,-2.6739872,-0.31978032,4.9678106,0.64946944,-4.1666265,-1.692538,-1.2269049,2.1069703,-4.751244,-2.5460954,0.8377548,2.820423,0.56979704,-2.892423,-2.156089,6.227606,-3.8284366,3.149011,2.6994536,2.7827702,2.4027498,5.176088,-0.050938506,-4.2296033,-0.7324207,NA21309,2,MKK,8,2,2,2
-8.946927,20.274084,5.121445,-7.7055664,0.22497697,-2.1348205,-0.82654816,-0.9262449,-0.6326082,-0.3764747,-0.15107343,-0.4885628,0.59155685,-0.17897324,-2.3068674,-0.2638738,-5.3922243,0.6507211,-2.3337102,-3.1242933,-2.941743,-0.6802068,1.6620704,-1.2036531,0.7889799,-0.22047651,-1.5179092,1.1449203,-0.54407716,3.3475752,1.578898,-0.94847476,1.4861275,1.0675377,-2.1555123,1.4941745,-0.29918107,-1.6625253,-1.7457523,-1.8995031,-0.95297545,1.3182484,-0.40486825,-4.2776527,0.40855652,1.0424598,-1.2479126,0.65841734,-0.13268025,-1.4513596,NA21620,2,MKK,8,2,2,2
-10.199241,21.352678,6.601501,-8.755783,0.1532111,-3.0115848,-1.3412744,-1.5087742,-1.0148672,-0.07363758,-0.0058729574,0.12342341,-7.9841094,-4.953663,-3.1590908,6.5046635,1.5140953,0.5469695,3.6230712,2.5368423,-11.383576,7.7827,-1.0484143,8.226494,-6.904532,-2.2703393,-6.223995,1.2088594,1.6985058,-1.2686892,-2.0656896,-3.0920188,3.42431,6.137799,-1.5606704,2.573895,1.1340826,0.6678638,3.8927844,1.6434336,-0.13724667,4.23261,-0.12247906,0.3397994,-0.77054065,6.409639,1.6120933,2.0314198,-3.1571264,2.2005622,NA21425,2,MKK,8,2,2,2
-16.424498,21.659863,6.3958254,-6.6031985,-0.62076426,-1.0568509,-0.7256294,-0.14815764,-0.27170333,-1.23167,7.6896667,5.067511,0.625062,-3.5420609,-5.226637,0.2763144,-7.3310933,-5.8542542,-2.5000372,-5.2980165,-15.731557,-5.92718,9.6141405,-4.2818584,2.4308262,2.0716603,15.193252,-5.8423133,-1.1620677,13.605039,4.4017673,8.663715,-0.6738836,-3.1734438,5.379347,2.4800308,0.63400006,1.0584552,1.0471704,3.895153,4.8432198,0.988243,-0.72423846,0.18798238,-2.1051388,-3.1806118,0.6579655,4.2665205,0.9070946,-2.0724506,NA21316,1,MKK,8,1,1,1
-6.6085463,20.657093,5.124478,-8.339765,0.463253,-0.7472626,-0.41890612,-0.6039446,0.15906473,-0.9069786,-4.468524,-3.3513126,16.396034,-2.3663664,-0.7713286,-1.7528274,3.2290661,-3.0456016,2.97917,3.4445643,4.7749524,3.3770273,-7.595387,-0.7916618,2.2653556,3.5540793,0.37359986,2.7889686,9.474096,-1.56347,-5.5660386,-2.1923122,-4.1334267,-1.1115497,-2.4776902,3.465946,2.1092856,-2.470614,-1.3341357,1.9854237,-2.3625252,2.2465968,2.299081,3.9807327,4.5130663,-1.9581968,3.3835516,-3.2041054,2.0705464,-2.7903411,NA21487,2,MKK,8,2,2,2
-10.635559,21.64279,6.368672,-8.381903,0.71044374,-1.964417,-1.1503587,-0.037317973,-0.27814463,-1.2472895,-2.364074,-2.2304606,15.996012,-3.9312267,-0.03178096,-3.0952368,0.53846157,-2.2325046,3.126957,4.538878,3.7347665,4.2563653,-4.950111,-1.326461,2.54126,0.80726194,-0.9759007,1.966181,7.811346,-0.50035894,-4.098054,-3.3376179,-4.200435,-1.8606508,-1.6539097,2.8233645,1.0721831,-2.2248528,0.92223686,2.058468,-1.6628654,3.1418831,0.57675934,1.6223518,4.8877053,-0.736959,3.2366762,-2.784971,0.33670345,-2.8999016,NA21485,1,MKK,8,2,2,2
-13.511438,19.913858,7.5870867,-5.8620768,-0.56996167,-1.2073122,-0.78017926,0.42211592,-1.2345695,-1.6644878,3.9938397,1.7513314,1.441734,1.7415181,3.1398714,3.529538,-1.2677053,-0.91257334,-1.9201843,-6.003855,-0.90232104,-4.4920225,0.8527291,-2.1566718,-1.6209345,1.895044,0.016035765,0.4176284,1.6545111,-5.47063,-3.4782515,1.8383442,-0.8013432,2.7961233,-1.6533587,1.504774,-4.8588047,-3.246121,-0.6118047,4.1960344,-2.09828,0.57352805,-0.13570665,-2.9177432,1.5583642,-0.55952895,5.906043,1.020329,-1.6575034,-1.5992241,NA21381,1,MKK,8,1,1,1
-12.557526,21.121473,6.3272977,-7.646049,0.17694245,-2.6452987,-1.3273915,-1.0887653,-0.18997563,0.14026879,1.4731872,0.4788769,-1.481116,-5.3972178,0.43001184,3.975423,-1.392564,3.3406334,2.9880269,-4.8879404,-7.099506,1.8131856,-6.650017,3.3806326,-0.5024867,-0.22539383,-2.41134,-0.061948225,-4.314929,-3.2392588,-4.076007,4.7827506,2.1969678,1.0064466,-3.6578374,1.1191251,-0.27756113,1.7635192,6.471683,-0.59650755,1.9340076,-3.7152033,-6.5513167,3.8669074,-0.28500667,2.2866707,-0.6240499,-4.6321635,-2.2684863,1.6489391,NA21442,1,MKK,8,1,1,1
-11.639576,20.571709,5.28786,-8.350351,-0.35506222,-1.9360479,-0.39890212,-0.19657408,-0.52105176,-0.41624507,-0.24439561,-0.572953,-2.2611222,-1.922138,-0.04695694,-1.120826,-2.0464838,-2.546746,1.7112144,0.5153193,0.7362608,-4.9609694,4.9372034,-1.7459522,-5.0155005,2.8199074,0.4432127,0.36678976,6.648491,-0.4356124,-2.6628425,-1.6970079,-0.30054227,-0.2687159,-2.6666665,2.1473358,-0.05718748,-0.092759535,-3.3437219,-3.0647418,3.1266844,1.9328139,6.3332424,2.9982624,-2.3263535,-2.589573,-2.6759353,2.72029,-0.9139742,0.23091634,NA21619,1,MKK,8,1,1,1
-13.283222,20.57538,6.526151,-6.706705,-0.6262974,-1.714185,-1.4982061,-1.1883423,-0.061278194,-0.5338372,1.0430814,0.28446007,-2.0215523,-1.7726623,-1.082442,1.2057915,-0.7252116,0.91524804,0.055227306,-2.6663814,-0.055931494,1.1374812,0.05233522,0.1136524,1.5018809,-1.8871168,0.43834615,0.5627624,-1.4683939,-0.95491695,0.827983,-0.39508337,-0.06597195,0.89258575,-1.0570192,-0.48195258,-2.3023002,0.29751796,-1.5250974,-2.6536906,-0.1611289,2.1036396,-0.7190114,-0.0958499,-0.74622875,-0.57933074,-0.9839323,1.9916214,-0.5993609,-3.1704588,NA21295,1,MKK,8,1,1,1
-8.226651,20.904789,5.530393,-8.778127,-0.24886207,-1.966661,-0.771592,-1.0252279,-0.7064202,-0.39430812,-0.38786513,-2.8750522,-0.58065206,2.1030288,2.3793275,-0.08349828,-0.17619465,0.99131566,0.18642844,-0.6122095,-3.4750087,-1.0199274,-2.2270765,-0.40382728,1.3595234,-0.8899112,1.4245454,0.8062838,-0.037022192,0.37901047,1.9541508,-1.4760221,1.9677726,-1.4584259,-0.59218687,-2.659439,1.410443,1.7691443,-1.1969137,-1.54069,1.3322833,-0.22112954,0.9742113,-0.7263658,-0.42240408,2.3285606,1.7356898,-3.3261185,-2.0057304,-0.6629616,NA21517,2,MKK,8,2,2,2
-13.375223,21.472654,6.606801,-7.530466,0.1660974,-2.0614326,-0.8658442,-0.6041,-0.9397735,0.6583844,2.3136716,1.1975794,-13.834948,-7.458839,-2.9899635,10.793658,16.058691,-3.3441224,6.5453196,10.229644,-3.5880039,11.952937,9.695297,2.8431416,-0.04550125,-2.5901368,-6.9104333,-3.5580208,-4.229805,6.073711,3.4527323,-5.9325743,0.3017022,2.162858,-1.0191302,6.3007283,-2.7925484,-4.0122247,-4.391432,1.4202969,-2.1187332,2.758978,2.232863,0.6603936,-0.0017907249,2.087166,4.2424664,2.3472867,-4.0966563,4.150841,NA21314,1,MKK,8,1,1,1
-7.6006207,21.259777,5.077485,-8.603766,-0.15855555,-3.4536297,-1.8105606,-0.65105635,-1.5728232,-0.82013583,-2.9271727,-2.6108115,0.010808447,0.6183999,-3.235303,1.3891593,-2.506801,1.1678541,-1.9495348,-2.1630569,-3.8608286,-0.09128731,-0.32006848,-0.600246,-4.3240333,2.6510184,0.68364173,1.9199753,4.9831195,0.95178854,-2.761315,-1.8781148,-0.5059143,2.1151073,-0.31682706,-1.684382,-0.43850112,3.7085645,-1.0055116,0.6770828,-0.3565852,-1.7986532,-1.0923526,-0.00093595986,2.624653,-1.7354637,-0.7072237,1.0441552,-1.9673954,0.10028456,NA21333,2,MKK,8,2,2,2
-8.305536,21.2731,5.4479933,-8.544338,0.5107935,-1.8569949,-0.7662913,-1.3416282,-0.7614982,-0.8744167,-1.3619286,-4.0198984,-2.1711566,0.5613609,2.0704815,-0.43521228,-3.6701674,1.4979448,-0.46773472,-2.5615075,5.6390347,4.3345385,-1.7230214,-0.6234902,-1.012812,1.6080016,0.33129773,-0.28838462,-0.04928446,-1.2155867,1.2868601,1.0464836,3.8517013,-0.16211197,-2.2097223,1.4839833,-3.560589,1.361837,-1.2692013,-0.8290984,0.64511484,3.1017363,-2.3965929,2.6393535,0.6270104,-0.31164694,1.0301299,3.7264857,0.544946,3.1188314,NA21457,2,MKK,8,2,2,2
-14.502484,21.258484,6.585199,-6.4027143,-0.3486027,-1.1027946,-1.9996684,-0.0012001665,-0.8065183,-0.9534671,4.2651215,6.4995565,0.06286134,3.1186182,-0.6345753,0.11742062,-0.41196504,2.0707085,1.1970954,1.3666912,0.72199494,1.9392728,-2.5489788,-0.22564419,0.2488475,0.22720687,-0.83119714,2.679661,2.9017243,1.0980167,-3.6331472,-2.386471,-1.1773875,-1.3877727,-1.0572385,-1.4932876,-0.18945695,0.781562,-1.1325741,-1.5883698,2.535448,-1.4700172,0.36494887,-1.2483917,2.8940568,-0.31009114,-0.93055725,-4.042648,1.4942931,-0.28952703,NA21722,1,MKK,8,1,1,1
-15.075792,21.660011,6.630652,-6.591723,-0.7552008,-1.1595106,0.16741931,0.088706866,-0.4266662,-1.0297503,5.4158864,3.5953503,0.49162328,-4.4735637,-4.8936386,-1.0559477,-7.0159254,-5.585929,-1.8496989,-2.821939,-12.386304,-4.1763945,7.0362477,-4.0582957,1.7179133,-0.007486507,12.657994,-4.3653526,-1.689545,10.059308,4.5164375,8.222702,-1.7817271,-4.0007215,4.017347,3.7512305,-0.24429162,0.7840353,1.0587772,2.901723,4.780884,-0.84950244,-0.6453341,1.0934825,-3.536953,-1.2020258,1.442531,2.764333,0.43429676,-1.9806135,NA21318,1,MKK,8,1,1,1
-13.175378,21.61224,7.04347,-6.11778,-0.18800041,-1.6263593,-0.49873435,0.12929115,-0.99414957,0.5073012,-0.17656337,0.41704282,-14.741708,-3.8959746,7.0542197,7.033937,10.223286,4.8265343,-6.13641,14.96159,6.2142873,-1.2714121,-5.659832,-6.042101,2.4502509,2.6421344,5.578343,3.6708593,4.265946,3.3872151,0.8040126,-1.3362784,-2.808325,-2.154605,1.6278207,-0.46055457,4.2068334,1.1682501,1.3764819,-0.11643461,0.5710753,3.8249807,2.6966863,-0.034941755,0.6359063,-0.12080466,1.1663402,-3.4377186,-0.87926245,0.97039425,NA21370,1,MKK,8,1,1,1
-15.737869,21.179935,6.6815596,-6.999314,-0.46381882,-1.8682612,-0.091786236,-0.7085033,-0.95262647,-0.9363882,2.1185856,3.2261336,27.780762,-14.821002,-8.094563,-6.3526196,1.7484939,-10.154742,10.78345,16.866047,2.7682915,2.9622622,-3.1082735,-3.586402,0.029031625,1.6142786,1.824195,0.772026,-1.4275733,-4.095547,4.4333262,-1.130449,3.0182834,-0.6893671,4.0385,-0.5778618,3.6751885,-0.12651332,-4.957385,-0.1550219,-0.09093148,2.620987,-2.3100653,1.3763353,0.1276913,1.6370856,-1.7326481,2.9097638,-2.4933805,1.90935,NA21475,1,MKK,8,1,1,1
-7.949866,20.525448,4.955226,-8.572479,-0.7262468,-2.5375588,-0.9771949,0.57416767,-0.30197933,-1.5574291,-3.5832555,-1.4924531,-3.7920916,-0.74720263,-1.8220173,3.2506206,2.8070917,-2.2688327,2.2341774,-1.8151294,-0.53888005,-2.2031364,-2.815008,2.3820283,-1.6636608,-0.12757441,1.0891365,-0.04843029,1.0077997,0.81833196,-0.07127594,-0.7195637,-0.81768656,0.65294737,-1.2895218,-2.5492072,2.1770256,1.7707087,-2.0042365,0.06804361,-4.423407,-1.4512607,-0.52819294,-0.016221914,1.4383891,-3.0342202,-2.725821,-1.0643111,-0.7399925,-5.247853,NA21524,2,MKK,8,2,2,2
-9.475156,20.713749,5.980519,-7.815845,-0.3460209,-2.4255857,-0.7778162,-0.62795085,-1.0547194,-0.47484368,-2.8654416,1.2359266,2.8347905,5.722981,-1.5082151,-1.7506323,1.1006949,10.248442,-17.10528,15.949204,5.592277,-8.2603655,3.576706,4.1564875,0.9981777,2.128612,-4.693141,-4.995337,-8.255134,0.8545245,4.2005835,3.1303756,-1.589721,-0.53052646,-1.3590095,1.1961125,1.2937912,-1.8206701,4.0274467,0.32074982,0.995328,-2.2470794,-0.54933345,1.0204347,1.4140422,-0.3982293,0.86489546,-1.4242693,-0.9449844,2.2705946,NA21493,2,MKK,8,1,2,1
-14.247213,21.54775,6.209944,-6.987789,-0.23025249,-2.3505862,-0.7907301,-0.11181767,-0.40934497,0.025805185,2.4045684,1.3782879,0.38872913,-2.803289,-1.0401318,5.4027934,-0.06972183,0.8538931,-0.6787372,-7.2567544,-4.149679,-1.9177066,-2.306015,-0.6700818,3.762728,-2.0550315,1.3476024,-1.3341074,2.6777327,-4.566686,-1.0950229,-3.7512805,-4.194519,1.3749044,0.031072412,3.8417659,-3.7231565,-5.375961,-2.4252832,-2.6853788,4.0419006,-1.5734158,-0.20499387,1.7896817,-0.8441686,-5.2760897,4.4841247,6.296433,2.551786,0.06175922,NA21577,1,MKK,8,1,1,1
-7.5644217,19.877258,6.1882334,-8.332989,-0.41778532,-2.715515,-0.95309865,-0.8877203,-0.19890411,-0.60095483,-2.2137756,-3.3497076,-0.48591647,-0.26994702,-1.428126,0.4446441,-1.5662198,1.9779085,-1.6197798,-1.9805474,-1.9238507,0.040991444,0.027496226,2.3598945,0.16562235,-0.93966377,-1.7863489,1.3157536,-1.1016908,0.8895011,-0.44333673,-1.2692097,-1.2890779,-0.20826423,0.096743114,-1.2559661,-0.099768095,0.5212487,-2.4565291,-0.32241812,-0.9500344,0.26184222,1.0622362,-1.0212854,-1.3196865,-1.8956145,1.974487,-0.40944105,-1.070488,-4.1492386,NA21371,2,MKK,8,2,2,2
-8.552037,20.980827,5.7845206,-8.699387,-1.443194,-2.5038605,-1.8596326,-0.48772952,-0.33615178,-0.3036475,-2.7257636,-3.128111,-0.12328035,2.261776,-0.61650676,-0.9772807,-1.3903491,-0.98275465,1.3302044,-2.6621447,-1.2997328,-1.9158373,-1.4626031,1.1913012,0.72909874,0.05223462,1.8511695,0.41649032,1.6959223,2.6984074,-1.5050087,-1.4676958,-0.19241267,-2.1234646,-0.18409629,-1.3900454,-0.46907762,-0.58483773,-0.9057155,0.09204325,0.19706744,-2.2088552,-0.0495056,-1.2947327,0.95877874,1.4863937,2.512667,-0.0780041,1.5868084,-1.6723953,NA21409,2,MKK,8,2,2,2
-13.232812,20.576681,6.9674735,-8.398743,-0.6942687,-2.1342952,-2.074992,-0.12174099,0.6338141,-0.8966507,1.551575,0.53225654,-1.1371027,-0.8576554,-1.5550776,-0.74156964,-2.8211539,-1.7938366,-1.2503427,0.15924488,-4.087705,-1.3630875,-1.949976,0.12388977,1.8124133,-5.879365,-4.9416986,3.296969,-0.515504,0.9087581,4.0428824,-3.3106308,-1.5810744,0.18843059,2.2720501,1.8142954,-1.6353828,-1.6438181,1.1680945,0.4597495,-1.4607277,-0.7443386,0.89592516,-0.070234284,-0.22796893,-1.5170884,-0.23427548,2.2580354,-0.1823073,-1.326494,NA21298,1,MKK,8,1,1,1
-13.274798,21.366081,6.399567,-6.9315896,-0.61810154,-1.9885896,-0.70967036,-0.5463991,0.29966068,-0.7645251,-0.6341174,1.0895557,-1.2976818,-2.000627,-1.0504138,-1.1819425,-3.2359126,1.9391686,-0.5858315,1.1185443,-2.4315608,-0.61634773,0.46096486,-1.063868,2.9396763,-1.1680503,-0.73637336,-0.49227774,-2.1537287,2.00394,1.1416286,-0.9140472,-0.410189,1.9676021,-1.6351218,0.841731,0.0016358368,-1.5320393,-2.2676148,-0.6429951,-1.682945,-0.9740701,0.39600286,-0.04184039,-0.9232468,-0.23741922,-0.25353083,2.021396,-1.4228953,-0.91476977,NA21304,1,MKK,8,1,1,1
-11.523556,21.147734,6.1839237,-6.8406444,-0.47593582,-0.95092803,-1.8058286,-0.17045711,-0.75070655,-1.0892591,1.3532782,-1.8437681,-4.9461246,0.74685836,7.219881,-8.5191345,-6.005047,1.3332164,-0.4898377,-0.64444405,2.009656,-2.4256828,-4.3777237,-2.301918,2.187836,3.603339,1.8736198,-4.111246,-0.36004293,-1.9924555,4.522615,2.2225893,2.35814,1.219959,-4.2939587,1.7982855,-3.5758758,-1.2831923,-2.8383138,3.451107,0.47316086,-0.16593988,-3.2915194,4.4200487,-1.9351822,3.1446664,-3.4031332,-0.19403838,2.6850939,0.6352894,NA21351,1,MKK,8,1,1,1
-11.228008,21.565735,5.681867,-7.2483134,-0.40946624,-2.2156634,-0.60116124,-0.5038754,-0.8425817,-1.2152004,-1.0625807,-2.2775373,-0.03393085,-2.7045367,-1.4590704,-0.1033884,-4.2625585,0.28745273,3.3295276,-0.74084675,-1.0715683,0.9187194,1.4585962,-3.2668912,0.21816716,-1.6613475,3.62473,3.841211,-2.481905,-2.2952516,2.581019,-1.0800751,-0.5616404,0.5311863,0.62302184,-1.072944,1.9897952,5.7301855,1.8737496,-2.126448,0.64572614,-0.347114,-1.0941693,0.110932395,6.4373155,-1.6243029,-0.20064512,-4.4468265,-1.7666885,-3.0456557,NA21410,1,MKK,8,1,1,1
-14.033064,20.553148,6.18106,-7.1854753,-0.51374537,-1.326357,-1.5754324,-0.2159029,-1.0808338,-1.2365984,-0.8828208,1.4516526,2.5745902,-3.7077744,-0.9352757,-1.0329556,-0.7714274,-0.12855175,-0.74607646,-1.6020342,-4.203883,-1.4379123,-0.41771775,-0.38946027,0.93626285,0.7726387,0.24053183,-0.878085,-2.0426931,-2.1595516,-0.6729336,-0.38412943,0.28146166,0.45962498,-0.43429667,0.71142036,-1.3036301,-1.7040904,-4.1912456,0.21180722,0.88873255,-3.5047085,-0.1684008,0.41420814,0.7197185,-0.15328388,0.496762,1.2116492,0.16359974,-2.5652463,NA21515,1,MKK,8,1,1,1
-8.263732,20.638845,5.924361,-8.640877,-0.77980024,-1.9071226,-0.96675974,-0.38523114,-0.6361981,-0.70680404,-0.90869826,-0.6812017,-4.8772087,-0.36298734,4.309135,5.316132,2.6754482,4.7124996,-5.873168,3.498545,-3.1789136,0.16348659,-3.4168298,-1.142139,4.061309,0.52958053,1.5164362,4.0707607,0.45325437,1.299971,0.3966345,0.46127298,0.5074846,-0.025774155,1.91994,4.052085,0.48470575,0.6809624,0.0040560933,-0.08158539,0.7075705,1.1926205,0.15155749,0.9626964,0.71143687,2.7062244,-0.27728817,2.0736318,-2.049813,1.2103348,NA21622,2,MKK,8,2,2,2
-12.881374,20.363533,6.6923904,-7.94899,-0.9637052,-1.7514347,-0.96962684,-0.5351477,0.3461826,-0.6844654,-1.8598293,0.5287975,-2.2414443,-2.7642941,-0.6499175,0.9805844,-1.4293376,2.6610847,-2.4114432,0.69689626,-0.646375,0.3798261,-2.5811365,0.767645,0.33160546,2.4279099,-1.702338,-2.8497312,-3.5088618,-6.748505,-0.6058086,2.9720604,0.24424243,1.442101,-1.5733907,1.0880086,-0.044865564,2.9215577,0.2631307,1.143397,-1.6510965,-2.1420639,-2.4057739,2.4664347,0.99733514,-0.3963587,-0.7874824,1.064418,1.7258034,1.48472,NA21450,1,MKK,8,1,1,1
-12.185786,20.332748,6.4343967,-7.3834143,-0.72791976,-1.9769664,-1.1629084,-0.25126055,-0.33774608,-0.31535503,-0.09993181,0.11901828,-1.0969285,-2.8162189,0.1603088,0.25319836,-1.9358088,-1.9350047,-0.18651147,-1.8671359,-1.7820337,-1.7618877,2.3670278,-2.2693534,1.1927434,-0.0031902965,0.27055225,-0.7241191,0.57441765,0.6068308,1.8841381,1.1510917,-2.4228618,-1.0495143,0.5502887,2.6347299,-0.9758237,-1.551562,0.525299,-1.7234452,-0.76033646,-2.1679583,0.23874831,-0.36694637,0.37824878,-0.31881493,1.8376993,-1.6964792,-1.4034237,2.3566096,NA21584,1,MKK,8,1,1,1
-18.762236,20.195927,6.7991886,-6.1554146,0.026405325,-1.2751104,-0.60436386,0.08919802,-2.0542114,0.17784786,25.738976,31.32112,1.63321,25.81006,-0.74475163,-1.2203932,0.2792785,0.22364865,3.8505867,1.5506495,0.919243,7.2221274,-0.28774568,0.35288277,-1.9515188,4.0992684,1.5832154,0.26808935,2.4460216,0.45054764,-1.7013527,-2.0970151,-1.8200637,3.5197675,0.50668585,-1.8634404,0.52356017,1.0680969,-2.760899,-0.2329355,-0.5329093,2.3610404,0.08294276,-0.49385673,1.2972801,0.6168745,1.2933692,-0.15971234,-2.1834388,-2.5053682,NA21737,1,MKK,8,1,1,1
-8.072084,20.198896,5.710441,-7.7886863,-0.1133111,-1.9222674,-0.38862503,-1.1123613,-0.8639137,-1.3075577,-2.0402386,-3.0306044,2.5403454,0.625912,-2.0059218,2.0508819,0.47722688,-0.014752345,0.13202237,-1.1296436,-1.3839175,1.1539993,0.71767676,0.01365818,0.92431295,0.25836033,0.30367264,2.504456,1.6590003,-0.15300481,-1.9926353,-1.510698,-1.2385755,1.14125,1.1570493,0.25525463,0.7872487,-1.9988133,-0.28957424,-0.10971269,0.87409836,0.99854004,1.5104266,0.23683724,-1.1557224,0.75591743,0.9061266,1.6398119,0.22066264,-0.0077059907,NA21769,2,MKK,8,2,2,2
-7.3477936,20.490541,5.371851,-8.487953,-0.9886115,-1.8078277,-1.3162478,-1.28464,-0.5054661,-1.0202862,-1.4836458,-3.188435,2.379938,1.6036099,-0.9781489,1.1368982,1.9120947,2.2733986,-1.6422948,-0.8033773,1.1096878,0.5378164,1.6841977,2.6465995,1.698462,-1.7085209,0.92341137,-1.4392663,4.865431,0.1064732,-0.53129923,-0.513283,1.4510409,1.9189007,-1.3069715,-1.5102865,-2.0909624,-0.852111,2.0054502,-0.3195343,-1.5629232,0.83191305,-0.40762925,-2.5372605,-0.50449646,1.7745357,0.6156768,1.3590072,2.6802654,-0.030769676,NA21770,2,MKK,8,2,2,2
-11.795072,20.328821,6.890465,-7.0063133,0.29664344,-1.8496325,-0.5407,-0.19349878,-0.25591037,-1.0434272,-2.0458555,-1.8321078,0.4836146,-2.093648,-1.572095,1.6877562,-0.9729302,1.8129138,0.80629045,-1.3576344,-3.4458475,-2.1483428,0.4342694,-0.46293783,0.41893852,-0.10697715,2.5777223,1.3487208,-0.2327274,-2.7323768,1.3318378,-2.1425693,0.23966834,0.66310966,-0.024198422,-1.0689535,-0.020507744,-0.07071477,-2.2512884,-0.6748659,-2.015377,-1.657307,-0.06584397,2.3516586,-0.24534924,-0.9813167,1.2123948,-1.4404389,0.2604002,-1.0031205,NA21341,1,MKK,8,1,1,1
-0.67759854,-0.7647572,-2.2434154,2.2114458,1.8811013,3.6213756,-3.0803514,5.717472,0.98317623,27.266157,1.2137928,3.425277,1.4679549,-4.128076,-1.930829,-2.6217217,2.1930776,4.469357,0.5550967,-1.0506389,-0.40274858,2.9870186,-0.91294557,1.6014601,-3.0221713,-2.9778554,3.5739295,0.22374794,-3.3433564,0.6796472,-3.6524491,2.31846,-1.4251428,-4.3540525,0.6526248,6.091598,0.28180614,2.3653882,1.1365739,-0.2542998,1.1984595,1.5709474,-1.3725228,2.9631119,3.3609316,-0.86243933,4.509891,0.1557199,2.7175493,-3.3570187,NA19919,1,ASW,0,1,1,1
-0.70668006,0.10866726,-1.586292,2.4513462,1.9879863,3.0398772,-1.8569098,5.5716276,0.35772946,25.96426,1.6593904,1.7161106,-0.71668535,-4.2718425,-0.33797675,-1.9724457,3.1303575,2.8291676,-0.08160534,2.0358946,3.0309186,0.73298365,-0.42095315,-0.047330838,-3.3554888,2.3963885,-0.27319548,-0.9843261,-1.0917696,-0.27787894,-0.525273,-0.7615389,-1.9765972,1.6086481,0.6372724,-1.8788445,1.340168,1.7802658,0.9596483,-3.1190712,-2.55707,-1.7154511,0.29588944,-0.115646034,0.5644872,4.5091677,2.644096,1.5408082,5.351684,0.09700122,NA19916,1,ASW,0,1,1,1
7.334272,-0.75897336,-3.912388,0.42950624,0.7527423,1.6460407,-2.1793985,6.1867895,1.2067806,26.02265,-0.8494452,-1.4685919,-0.061972193,2.4569635,1.0378274,-1.1216196,0.29320464,-0.29010186,-0.929377,-1.5684931,0.292501,-1.5166868,3.0025795,-1.0258716,1.3871468,1.33801,-2.2479162,2.8240483,-0.30508807,1.5190536,-1.629049,-5.663292,-3.5696733,0.8718401,1.1869934,-3.631974,-0.2768626,-2.297967,-1.6852702,-0.27856255,-0.08063909,-1.3950285,-3.2636776,1.6760159,-1.9978336,-0.046389908,-2.1691751,2.5678642,0.08024369,4.9695344,NA19835,2,ASW,0,2,2,2
4.710762,-0.26167113,-3.0741856,2.1648612,2.0833662,2.0591216,-1.595925,5.8196607,0.22699216,26.177616,0.56312627,-4.0319934,-0.46693572,10.875429,4.7935433,19.585218,-16.34026,-6.9473443,14.15588,11.025718,3.675656,-6.1155114,-8.304555,7.875604,-5.3064246,-8.085738,3.062796,-8.02373,-1.7297126,2.372653,1.9747814,2.068204,2.6909418,-4.0977316,-3.663277,-3.298194,0.33231506,-0.665717,2.120465,-0.04329194,-2.2547498,3.2510998,-0.7858388,1.4665043,2.5623877,3.965323,0.97027403,-3.597517,0.19014227,-0.9462901,NA20282,2,ASW,0,2,2,2
0.17624103,-0.30802518,-2.4441962,3.2116487,2.6330895,3.0272431,-2.528653,6.1873493,0.2202239,26.7884,1.2924457,2.8087294,0.8818208,-3.249556,0.47432047,0.86061907,1.1397984,1.5815285,-0.22931689,0.070251,-0.54540974,-0.571232,1.3954016,-0.4061504,-5.7138834,0.1769724,3.7960665,2.4642086,-1.7323872,-0.03920401,1.1989444,-2.9023678,-4.0654936,-2.5619,1.2732204,-1.1155078,2.3258379,2.7916539,-1.9096789,-2.3445654,0.6286406,-0.37342474,-2.4340081,-2.990113,-2.8769464,0.69601375,-0.90793896,-2.9731028,4.9100266,2.194416,NA19703,1,ASW,0,1,1,1
4.6855125,-0.7929555,-3.1218712,1.702179,1.9146388,3.3827014,-2.217663,4.919755,-0.34719262,24.932667,0.7533037,-0.41378373,-0.390929,-1.879974,3.1409376,-8.763678,2.4656508,2.8442156,-4.384955,-0.8080074,0.0041588475,1.0312778,3.95991,2.1353376,-2.8537047,-1.6332622,4.30337,2.2729764,5.7263613,0.28398857,-2.1518764,-1.7258824,-0.6131818,-3.6772609,1.0691293,0.001416183,-2.598558,-5.982938,-2.9044597,2.0162678,-1.5741515,-6.6968393,-6.0426235,-1.9367478,-1.4512436,2.764599,-3.4365907,-0.6092017,-5.013446,-3.1660256,NA19902,2,ASW,0,1,2,1
5.6905723,-0.14103462,-3.6298058,1.1483499,1.3291013,3.4707277,-1.299948,4.506818,0.386082,25.348833,-0.61324024,-0.16849057,-0.17449115,-1.4415362,0.59543437,-8.429953,3.07358,1.1969701,-4.645092,-0.82208204,-1.1885859,2.9946187,1.884046,1.0546591,-2.7908196,-2.6825476,4.103903,3.0045404,5.885499,-0.24896598,-0.8724955,-1.2963016,0.7708143,-0.7363853,1.2005112,0.57398766,-2.0438433,-3.214478,-0.86734855,2.4188547,-1.1916018,-4.2955356,-2.7292626,-3.3450315,-1.0717587,2.1343524,-2.2423198,-0.6805038,-3.8090818,-2.919966,NA19901,2,ASW,0,2,2,2
-0.5338173,0.014583964,-2.3698647,2.0778487,1.9722036,3.381698,-1.4581757,4.446565,1.7914145,27.045135,2.2323425,4.608598,-0.5162347,-5.102162,-1.6017326,-2.4056566,2.2535763,3.7697787,-1.4002242,-0.8090737,-0.3275382,0.732807,0.7951891,1.7452803,-0.86011934,-3.018119,2.9041195,0.77489007,-1.3888513,0.3471441,-2.7021003,2.9231894,0.4993907,-3.1590006,-0.723956,3.075118,-1.4218606,2.7019258,1.4811742,-0.53156406,1.8490671,1.4372212,-1.5652078,2.0179014,1.8566787,-1.4529301,3.7756996,0.7159809,2.515612,-2.6064587,NA19908,1,ASW,0,1,1,1
4.286991,-0.31791362,-2.4626217,2.0453444,2.7037854,3.6053333,-2.3266778,5.6098113,-0.77309304,24.729597,0.9377504,-0.3357506,-0.7803748,-2.1083112,1.691917,0.26384336,1.5229623,0.11815127,-1.1742613,-2.9408097,1.3414207,0.31110317,3.4688263,0.4673366,2.3630362,1.4151629,-0.5945879,1.4377185,-0.269996,-1.843343,1.4275366,1.0191219,2.6664503,1.8572093,0.41112944,0.1873589,0.8546469,0.5498552,3.8709712,0.9404441,1.8156356,2.744949,-4.197653,-0.5932769,-1.3379097,4.749681,-1.9459865,1.9709895,2.8503363,-3.9322088,NA19914,2,ASW,0,1,1,1
3.2596886,-0.14416964,-2.4523623,2.3810143,2.9903378,2.8274117,-1.6040244,5.168462,0.9649904,26.760237,0.42293945,0.3242919,1.8213965,0.4436438,-1.052319,-4.0425096,4.0120497,2.307757,-1.608033,0.34391114,0.16967236,1.4229232,0.43556264,5.3842015,-3.5120919,-3.5560167,2.2252362,2.4212813,3.5340083,-0.26570454,0.56741714,3.1388686,-1.3389304,5.511033,-2.491337,-0.9990938,0.3635769,-0.109684214,3.1752038,4.3614583,0.17134123,-0.76379025,-2.2155733,-1.0716388,-1.1526481,1.9195307,3.458033,-4.5187535,-1.4376363,-0.0887432,NA20287,2,ASW,0,2,2,2
3.2491803,0.3533643,-3.4228096,1.8311027,1.0021837,2.3837993,-1.8384566,5.0125113,0.087944865,26.601904,-2.0569239,-2.5697577,-0.39876205,0.39708456,-1.403499,-0.8372546,-2.8650928,-1.7641916,-0.60364246,3.01003,-1.4897671,-1.579588,13.539188,-0.25011796,11.333006,4.9698515,4.5633965,8.379146,0.65872115,-8.121175,-0.91593057,2.088309,4.563746,4.661798,-2.7167356,3.06944,2.0934303,0.95661765,2.976024,3.896553,-2.010314,1.543551,1.4252534,-2.8018699,8.031029,0.37970844,-1.0505894,-0.7556866,-0.3657813,-0.014370755,NA20335,1,ASW,0,1,1,1
8.651546,0.562828,-3.142105,0.70719844,1.2565105,2.6769187,-1.432413,6.0871773,0.73585486,25.418365,-3.5923898,-3.6667426,2.9758468,7.667806,-0.66719544,4.3714094,0.5760948,1.302894,-0.87401646,-4.3609242,-4.7296453,0.79773885,-0.27342483,-5.1548495,-4.5051174,6.4878244,-8.275756,-5.419314,1.6921321,-2.2097943,5.0656605,2.6248405,6.472765,-0.9847748,0.74239546,13.467536,-5.591194,0.1783655,-0.99393106,-1.2801319,3.2445898,0.14854346,3.24083,-5.7918077,-3.2768695,-4.406925,-4.542109,-2.4613554,1.9025638,6.885352,NA19713,2,ASW,0,2,2,2
1.1220723,-0.50293565,-2.1297278,2.0646331,1.1304064,4.655919,-2.0447679,6.7337093,0.56365156,25.560162,1.3331835,0.30286297,-0.20026343,-3.520985,-1.5518917,-0.60180247,0.604211,2.0381567,-2.2229617,-1.7361557,-0.82074076,1.663718,0.6003171,2.4079177,-1.4560374,0.5466429,-0.00017855807,2.932326,-1.548271,1.32491,-0.6476125,0.037567023,1.5292227,-1.566779,-0.9325885,-2.539842,-0.99857014,0.25614652,2.5611167,-0.902617,-1.827556,-0.87491935,-0.2555279,1.1970727,2.3143325,1.1424834,2.8443296,2.8329496,-1.4727622,1.2978967,NA19904,1,ASW,0,1,1,1
4.327836,0.1338643,-2.3021452,2.7978048,2.0270367,2.838955,-1.8560516,6.551409,0.4902803,25.545628,0.14935888,0.025121568,1.3495114,-1.8110075,-2.2418828,-3.4993222,4.325055,2.061434,-0.3075446,-1.0653783,1.2732008,1.0939488,-0.3931694,2.7784247,-2.726351,-0.16444384,0.9899131,-1.6955416,-1.0423712,-0.19661509,-0.7208016,-0.6420087,-3.5231023,1.5218618,0.37533963,0.6704313,1.4348505,1.6462717,0.21953787,-0.5497993,-3.734103,0.16561362,3.5936682,-0.24894442,0.6908849,3.8656337,2.4800909,0.6290983,4.4371877,-0.04126594,NA19917,2,ASW,0,2,2,2
1.0792111,0.8815486,-1.7820292,2.8353803,2.0229123,3.411878,-2.3353035,4.414092,0.18708478,26.36953,-0.36694923,1.5182614,1.6500534,-0.41170317,-1.3260094,2.3593156,1.8357517,0.7708577,-2.1897,-2.1644166,-2.4995558,0.6884161,-1.0057296,-3.162923,-4.073638,0.6330753,-4.272278,-0.84301937,-0.37400174,-3.0967395,5.391347,-0.35035035,3.8769686,-0.9271882,-1.173184,6.375916,-3.8825834,-0.037219107,1.5379411,1.9031866,3.1267397,1.1593081,0.99545187,-5.4225936,-4.6197734,-3.29241,-2.7491717,-4.1032495,-0.7747012,2.7562735,NA19982,1,ASW,0,1,1,1
-0.19126533,-0.42715728,-1.6731019,3.5680008,1.0250019,2.6816492,-2.320152,4.762005,0.08752894,26.753935,2.3349771,2.7746904,-0.6998252,-5.2901144,-0.011597081,-4.498244,5.7333446,1.5166086,-0.61961424,-1.7101493,1.1746508,-2.0820262,-2.7212985,-0.73004943,1.7211915,-0.19217741,0.1132884,-2.966208,2.7353158,0.968171,-0.23488757,2.1104143,0.5724627,1.009564,1.7272022,-2.6295502,0.63321376,-0.049295407,1.3106823,-1.4341037,-0.19611423,3.0971282,3.8163862,-0.7505732,1.8113465,-0.66230357,-2.0432105,-1.4457607,-1.3754606,-0.72021997,NA20340,1,ASW,0,1,1,1
0.8062231,0.35833606,-2.5020862,2.702333,1.4946578,3.758538,-2.1024737,6.104405,1.2934927,26.119865,0.70590836,2.1444075,0.21291009,-2.2162428,-1.5046191,-1.6202241,2.2629752,2.0045996,-0.8972849,-2.1888757,-0.15943189,1.8114442,1.0204384,0.9035399,-1.9602016,0.41231793,-0.06623466,1.1575574,0.5605095,-1.8186482,0.06788838,-0.64723635,1.3709941,0.12079155,-0.5527989,0.3614413,0.026502332,0.37606293,-0.8512304,1.2426574,0.95095557,-0.5094047,1.1880537,-1.8192097,-1.3222498,-1.1242143,0.71104825,0.29085314,-0.76985043,0.74387425,NA20297,1,ASW,0,1,1,1
3.2511895,-0.15397479,-2.2367868,1.2947502,1.9895734,2.9833188,-2.950493,6.235106,-0.0127865225,25.951468,-1.0581964,0.20894288,2.6202343,-0.82563823,-1.3651463,-1.5317795,0.37675542,2.813634,1.1094966,0.073632844,-0.09050639,2.9949143,-1.9769013,1.4492768,-4.4365067,-1.2305869,2.3392053,-1.6674371,-2.0282104,-0.82836986,-1.7143023,1.2264826,-2.5477493,-2.133255,1.4765362,5.9590516,0.49792773,1.1108176,-1.1895308,-0.20146286,-0.21087694,1.428801,-0.3311255,2.3933582,4.0920825,-0.06690518,2.2087734,0.14022712,1.3379964,-2.2641547,NA19909,2,ASW,0,2,2,2
3.000986,-0.06711003,-1.4839981,1.9800286,2.454632,2.6325073,-2.5018487,4.3929286,0.77548736,24.754768,-0.10222302,1.1597346,0.20991285,-0.24681355,0.51082516,0.58885586,-1.7918923,0.03659469,-1.496277,1.7490666,-0.6745659,-1.4559301,2.3701763,-0.85525185,3.0645735,1.1973767,-2.4531572,1.6432414,-0.5567779,3.4854379,-2.4909856,-5.8596807,-5.2179866,2.2725163,3.632583,-3.126361,-2.871245,-1.0266762,-2.591725,0.90180767,0.015790215,-2.5430596,2.0537744,0.56515026,0.95167303,0.5646082,0.21194819,2.6720467,-0.33432087,5.6780934,NA19834,1,ASW,0,1,1,1
6.822025,0.103526,-3.0736375,1.7478473,0.6615971,2.00251,-2.8223102,6.025659,0.07008746,25.73334,-1.0146902,-4.0260286,0.4382636,5.484485,0.82882744,3.9201896,-3.684227,-3.4366183,0.917216,1.3122064,-1.9489921,-1.9759315,0.81970894,-6.7524996,3.4599195,1.0011286,-2.583929,2.339695,-1.571368,2.3752131,-1.316226,-3.4633548,-4.6891046,1.2016684,1.3851482,-1.3662546,1.3640233,0.9217678,-3.1382742,-2.2644792,-3.2288666,2.8809054,1.1472611,4.0803313,-5.2265058,-1.054201,-5.4319634,1.5248501,2.9005558,2.8431842,NA20317,2,ASW,0,2,2,2
0.23786682,0.22047135,-1.318731,2.369834,1.3696834,2.9954581,-2.4406123,6.0785794,0.054997068,24.915018,0.060350478,-2.06701,-0.59958637,2.34081,2.4178486,10.224282,-8.583479,-5.550185,3.293394,2.357043,-0.9657436,-5.5149703,1.8854551,-4.0994906,5.0496874,3.0131416,-8.160655,0.41794994,-2.8143384,0.18053451,-2.2208934,-2.492485,-6.303067,1.527959,3.2424607,-0.4110759,1.4946003,2.0703888,-0.6588915,-4.8254256,-1.4602515,-5.448816,-0.6158115,3.1753004,-5.7662134,-0.45438835,-0.4850324,0.3740642,2.14411,0.1945468,NA19818,1,ASW,0,1,1,1
6.1988616,0.5779484,-3.101661,0.8859404,0.72805065,2.7218118,-2.7212112,5.0298424,-0.70634246,27.004162,-1.3240662,-0.66646284,-0.0058098803,0.8308894,-4.3807783,-6.1378937,1.6127663,1.5673609,-5.264565,-1.5307851,0.9975512,3.9705393,-0.32757437,6.960356,-2.8214962,-6.279505,13.489072,-0.7572262,-0.9449636,-3.9469247,-1.699523,-2.7723737,-3.918615,-0.7394278,1.1168032,3.692876,2.3998516,-4.24599,-2.1046283,-2.670763,1.2248147,-4.6225314,2.5373666,0.9937932,-4.9903,2.3058877,-0.98765284,-0.18594645,-4.1335726,0.31421456,NA20290,2,ASW,0,2,2,2
1.6673853,0.52976364,-2.2153144,2.5471215,1.3573905,1.4865656,-1.3089833,5.8476186,0.9042127,25.529583,0.6273375,1.4339536,-0.75572115,-3.5774684,-1.0088403,-2.8318253,1.1751341,2.2358608,-2.2873511,-1.8275567,2.1460242,3.625133,-2.288045,3.705075,-2.1215494,-1.5272325,1.6443205,-0.38626748,-3.5052254,0.13314834,-1.6285667,1.4688973,0.7762816,-1.9378873,-0.8356717,-1.1914625,1.9859129,1.3381633,2.9407177,-0.2041488,-1.1343803,-2.485324,0.1896921,0.65128946,1.0961721,-2.3916066,3.260807,0.9283539,-1.8571503,-0.5125903,NA20295,1,ASW,0,1,1,1
-0.3975913,-0.6197162,-1.9222143,2.9286575,1.8422636,2.7768302,-1.9988378,5.365515,0.10279994,27.098452,0.9335497,2.8214297,-2.1639147,-6.408847,0.22645779,-3.1515946,4.350149,-0.8553077,-2.2556078,-2.255886,0.64664435,-2.0397656,-1.3145257,-4.3009887,2.8340738,-0.684252,-3.9715466,-0.9258399,2.7331986,1.5040333,0.6558924,4.072969,2.439469,1.0105157,-3.2777388,-2.8945708,0.8945382,1.1964707,1.10596,-3.6455324,-0.6929568,1.0445389,-0.6390191,2.390117,-0.9584125,-1.4149709,1.2286917,1.6864783,-0.29387888,-3.4887905,NA20346,1,ASW,0,1,1,1
7.2626767,0.044152535,-3.738195,1.7456928,0.09001498,1.9796507,-2.3304384,5.6598635,1.1678799,26.112211,-0.7040863,-2.5349805,-0.16087265,3.590938,-1.2823839,1.3537439,-1.1804436,-0.6450263,1.4907608,0.4677135,1.8841944,2.124151,-0.090211116,-2.3408027,0.083116226,-0.8302978,0.50605947,1.9752831,3.082118,-0.48748404,1.7024306,-0.9907125,-0.06203088,1.3686227,1.1198019,1.7726564,-1.3237584,0.33280078,-1.939689,-1.5033528,-1.3418531,1.2218945,1.545086,-2.13896,-0.8667632,2.3317928,-3.2262201,2.0043445,1.4552193,-0.24977547,NA19921,2,ASW,0,2,2,2
1.2668117,-0.894286,-2.473416,2.6266155,2.123836,2.597565,-1.9371928,5.641786,0.8812657,25.79326,1.4280845,2.5191233,-1.3089751,-3.1209679,0.65321255,-0.835415,1.9139941,2.3461092,-0.409731,-2.9642353,-0.4132009,-0.21308693,-1.1659653,0.31577897,-2.408629,-0.9925787,2.297558,-0.17422275,-0.17272086,-1.389018,0.2693261,-1.3177682,1.9616933,-1.9989879,0.065146185,1.3536891,-1.8332173,-0.5067948,0.5012451,-0.37245414,-1.6081512,-2.0859044,0.70931095,-0.74414605,-1.3009953,2.7347932,-0.5950771,2.0769582,-1.1946312,-1.0177125,NA20281,1,ASW,0,1,1,1
5.103014,-0.9061272,-3.0700471,2.093699,1.6926272,3.697434,-3.3374012,6.4034843,0.9014068,25.865545,0.42861378,-2.5253973,1.277426,-0.0067071086,0.28632748,0.52094096,-2.561304,-4.289722,1.8075528,-0.73744106,-1.2929493,-0.75656384,-3.685527,-5.2844505,7.4362197,5.045385,-9.948587,3.7170253,-0.58096343,5.417973,-4.754854,1.2852073,-5.4384174,0.14784819,-0.6104588,-5.6169567,5.2562294,-3.679089,-2.7419467,4.492718,8.840522,-1.5977436,-1.473023,-2.502664,-0.48745343,-2.0295193,5.675253,3.6840277,0.39858344,-2.047988,NA20359,2,ASW,0,2,2,2
5.5820193,-0.50400907,-3.389388,1.6114442,2.1301935,2.3860343,-2.3963206,5.281231,-0.14217122,25.801092,1.2186713,-5.1352654,0.06158908,10.071489,4.3837996,17.332966,-15.151783,-5.6054997,13.069683,9.793503,4.100709,-6.145968,-7.54401,7.914718,-5.6579027,-5.7776265,2.7884305,-6.557453,-2.079505,1.7456148,1.7178296,1.648342,3.9695592,-4.0770273,-3.0890372,-1.5583539,-0.63047695,0.3162396,1.6767094,0.115515605,-2.7571595,2.0953634,-2.2173786,2.0017023,2.2007928,3.459797,0.29796633,-1.4443883,1.0842438,-2.1413434,NA20301,2,ASW,0,2,2,2
-1.5293908,0.43337154,-0.8220454,2.4849,0.9382873,3.040294,-2.5250473,6.4260607,0.98157275,26.675865,2.5417347,4.4839444,-0.45856094,-9.733354,-0.16684543,-7.225374,7.708958,-0.32683653,-0.4366517,-3.6534052,0.4694383,-4.9425,-5.9255776,-3.505903,3.4623706,-1.692565,-6.9377203,-8.867463,8.3581,4.3727465,1.4938477,11.0970335,3.384082,7.263058,1.4682204,-6.0288625,-2.2722745,0.999682,1.8664819,-1.6778148,2.7104723,4.691293,6.6129766,-3.6519547,5.7522335,-0.86620045,0.2790606,-7.5358624,-4.5976005,-3.4770324,NA20349,1,ASW,0,1,1,1
3.7379441,-0.25210777,-2.629553,2.4734335,1.1558133,3.3605206,-1.9656156,5.679959,0.41157466,25.55775,-0.006798753,0.08958039,-0.5330397,-2.2487097,-0.7513752,-3.5216255,1.4002942,2.1244721,-2.7063954,-2.3081725,0.86647856,3.0058846,-3.2633977,2.7342527,-3.5174623,-1.5282441,1.234832,0.15264028,-2.635065,-0.06186431,0.010800288,1.5893916,-0.3765108,-2.5158381,-1.0624264,-0.61155057,1.8321369,2.5098386,2.5134702,0.75096613,-2.1607726,-2.1760416,-0.3730807,0.6547989,0.22156847,0.043277938,2.557896,2.1796908,-1.8404825,1.1174989,NA20294,2,ASW,0,2,2,2
7.794556,2.109618,-2.34605,1.2328911,0.2568423,3.6463864,-3.0148184,6.592376,-0.46643576,25.800169,-0.9410847,-3.4739125,2.0226393,4.3717165,-1.4186783,2.4961023,-1.7170514,-1.5339731,-1.3725392,4.7450438,-1.5970229,-2.1919003,13.575239,0.8546699,9.592398,5.8224382,3.6660085,7.9256077,2.6648629,-6.1128764,1.5215696,0.46591198,5.1215887,5.694947,-2.7472928,1.9316651,-1.6823354,-1.6237265,2.4539256,1.04556,-2.5837297,1.9320809,-1.8809572,-2.4091148,7.5924077,1.1040606,3.0672565,0.35031322,0.4358276,0.54151684,NA20337,2,ASW,0,2,2,2
3.8013055,0.5353978,-2.822419,2.62548,1.0584639,3.0340135,-2.9617052,6.57612,-0.7339233,25.004902,0.45912534,-1.0597469,0.14584407,-2.032823,-0.77628756,-3.9061306,3.2885625,2.7752376,0.6400659,-2.5921,-0.40280962,0.45011693,0.023436237,0.4892853,-3.8834555,0.24199247,3.1627622,0.837348,-6.088061,-0.6962312,-0.5698095,-2.4084492,2.5607,-3.181739,-0.8993122,-0.68078756,-1.8188058,0.8608606,-2.3127077,4.405496,0.18461277,2.9556751,0.49420622,-1.1744583,-2.1378376,-1.4088862,-3.1543293,-1.5661768,-1.4222767,-0.9632551,NA20357,2,ASW,0,2,2,2
2.541201,-0.07410135,-1.9035845,2.5859773,2.0814703,3.1095889,-2.3120975,5.6457467,0.31841052,24.57596,1.3298371,0.075347155,0.50635684,-0.488211,3.6315923,-2.342735,0.4544486,2.2851012,-0.66517735,-0.4036027,1.3489846,-0.2775071,2.8603816,1.9074967,-1.486218,-0.819581,3.2478282,0.81025296,3.0614552,1.0069073,-3.423671,-1.0902368,-2.2347434,-3.8148968,0.21962816,-0.24157462,-2.2836463,-4.924805,-1.7531669,0.28400365,-0.83136684,-4.1183915,-6.3893924,2.308572,-0.45738053,2.3086157,-2.4982722,-1.9379008,-3.1277235,-1.7464577,NA19900,1,ASW,0,1,1,1
5.8205624,0.7453021,-2.7494025,0.9975377,1.535285,3.2168796,-3.2902918,5.2580986,-0.7925854,25.314192,-1.6875821,0.11751343,-0.8912348,1.3434415,-0.33622876,0.46154103,-0.64628017,1.1479728,-0.039620202,0.21155524,0.23694329,2.1335738,2.479077,-0.9702167,3.4230993,-2.550402,1.1076521,0.13702302,-0.9359604,-5.3073707,1.1706471,2.9130876,2.055985,-2.6290646,0.3578659,0.34884176,0.12976868,3.982111,2.4673393,-0.14172347,2.5431566,3.9317334,3.8476818,-1.5630475,-2.9882016,-3.3891118,-4.12214,7.198185,-3.617548,-3.680355,NA20128,2,ASW,0,2,2,2
-0.28309485,0.051800266,-2.1159384,1.6372122,2.3007698,3.755043,-1.2974367,5.735185,0.47270855,27.007406,0.61275876,3.001885,0.20979606,-2.0814536,-0.6128987,-4.5055356,2.597161,2.88572,-1.4787705,-1.2985525,-0.09174534,0.53790635,0.5329944,3.0025132,-0.65080863,-3.0078537,3.4942338,-0.52598554,0.74479663,-0.9579039,1.3429992,0.39380234,0.3617846,-0.59733117,-2.1359155,-0.6544877,-3.305169,-1.3723717,2.4097338,0.803949,-0.47033158,0.18735375,-0.021347098,0.3966482,-1.2887653,1.5151614,2.3787172,-0.3546533,-0.6670877,0.2339045,NA20348,1,ASW,0,1,1,1
6.3944964,0.365206,-2.9971838,1.3914087,0.57095975,1.6713752,-2.5281453,4.8770156,-0.40578356,26.238781,-2.778728,-0.98748773,-0.7954685,1.2289644,-4.85374,-4.0524044,1.9194554,0.4764428,-4.787357,-0.7772406,0.63465744,4.3371515,-0.16358635,8.708278,-2.243609,-8.916814,17.692797,-0.3583339,-3.399074,-6.189276,-1.9670589,-2.7828028,-4.6893167,-1.5083137,1.1260184,3.6917665,3.3957732,-6.554742,-2.0524979,-2.9202433,0.9533474,-5.569548,4.1282125,0.4654338,-4.892062,2.8178298,-0.030433115,-0.02379677,-3.612422,0.24041237,NA20289,2,ASW,0,2,2,2
1.570509,-0.0021927855,-1.5469437,2.0243573,1.5574834,3.0918784,-2.0498435,7.441829,0.89624065,26.26747,1.7047708,4.374321,-0.6598567,-7.7761073,-0.22148062,-7.01366,7.0053234,-0.6710163,-1.2047899,-3.747112,0.14498521,-5.22584,-5.791887,-3.5167727,3.3621545,-1.6924913,-6.7277884,-8.934591,8.552314,5.221353,0.12603994,10.970765,3.9738872,8.123585,2.8229928,-6.0086784,-2.6784327,0.46032947,1.3260871,-3.6045682,3.3809016,5.6164875,7.3092074,-4.2141294,5.9227576,0.60268444,-1.5109867,-8.650641,-3.4372673,-2.8966374,NA20344,2,ASW,0,2,2,2
7.200388,-0.2779792,-2.4616892,1.4817556,2.3331888,2.9224257,-2.1520555,5.6009474,0.2436811,26.490583,-1.2290689,-1.514222,0.21937545,3.073863,-0.6829519,-3.0147793,1.335035,0.13597421,-3.2648597,-0.8279759,-0.596396,-0.60412747,-2.083807,3.0056114,-1.0199671,1.1453843,1.1528951,2.7450542,3.060547,3.1344397,-0.75358975,1.9025643,0.57826453,2.4808545,0.049414974,0.29879972,3.3451731,-3.2211173,1.6552783,-3.3738322,-5.0938907,0.8650883,-3.6678429,7.9354444,-1.494839,0.27131507,-0.35319176,-1.2717278,0.45011923,-0.8254948,NA20333,2,ASW,0,2,2,2
6.8836293,1.0177648,-2.753022,1.7444366,0.036899287,2.56351,-3.1996453,5.72302,0.062403604,26.089058,-1.4342127,-1.3219709,-1.2709091,5.181719,-0.8028824,-1.1585807,0.08488589,-1.5065327,0.6291215,0.49660915,-1.4540612,5.713392,-1.3138472,0.24083349,2.328605,2.937042,0.9301962,-1.0587937,1.8201338,0.7721955,-2.343653,1.0141569,-1.8678602,0.9503961,-2.9242067,4.0359282,-3.6773,-3.7270126,1.0013949,0.07760195,0.5529632,-0.9696335,1.8945135,-0.65561116,-3.8525167,-2.9818716,-1.1439915,1.4304277,-5.6941624,0.18276452,NA20277,2,ASW,0,2,2,2
5.9829454,0.38303423,-2.9424443,0.74173075,1.8617902,2.2466257,-2.7513795,5.248017,-0.20871472,26.11843,0.39501736,0.22345188,1.0658059,1.6036992,0.9222423,-0.56563646,-0.7451837,1.5258824,-0.27477002,0.21353677,-0.8554444,1.6655971,0.8856414,-2.5121298,0.20358229,-0.20304897,0.7548266,-0.85075885,-0.562661,-1.7318712,0.1567456,-2.2431827,-1.9583068,-3.183602,0.54091924,-0.037262745,-3.2479188,0.77583873,1.3845016,0.007874449,-2.5008852,1.0597609,-0.11997104,-1.5872989,-0.25310197,2.492321,-1.2821674,0.8381465,-0.6190019,0.2938409,NA20300,2,ASW,0,2,2,2
5.7967,-0.024675772,-2.4383147,1.4425651,0.8898147,1.8780557,-1.9744781,7.147748,1.2133968,25.291067,-1.0669097,-0.25692955,-1.6029733,0.59285665,2.9206643,3.438753,-4.3403525,-3.1585565,1.6144698,2.1901088,-2.6555986,-2.2920802,1.3201095,-1.1453449,2.7623558,1.0355796,0.98739666,0.26885632,-3.5006716,1.0147393,-3.365769,-4.4655213,-6.2977695,-1.0919212,3.7410061,0.4729671,0.9028688,1.1128769,-6.4355865,-5.69599,-2.4536164,-5.301382,-0.25994918,0.53925985,-5.9410343,-0.59373826,-2.1000614,1.1128083,-0.9690938,-2.385919,NA19819,2,ASW,0,2,2,2
1.1149257,0.069499336,-1.1434782,3.5694323,2.6643126,2.5921888,-2.1667325,6.2039847,0.55159473,25.398193,0.7698777,-0.41521862,0.077596575,-0.3122093,1.255911,-0.27311563,-1.7855526,-1.8573267,-2.8067014,1.920857,3.0243907,-2.0599928,-0.56459814,1.5399189,1.733598,1.3923389,-0.32607815,1.5088778,2.128148,4.6140494,-0.71831703,-0.17320566,2.1174023,0.72538275,-3.5313406,-3.62782,5.5930347,-1.9042184,3.0778685,-0.84301925,-6.2622366,1.755842,-2.9412184,12.021513,3.0516663,-5.055033,2.8437345,1.4102663,2.9855964,-1.244621,NA20343,1,ASW,0,1,1,1
5.3483653,-0.18801637,-3.8852043,2.00862,2.0574772,2.5916545,-2.7336667,6.1193137,-0.13913673,25.62654,-0.99310446,-0.41408372,-0.10120965,1.0254551,0.014108836,0.21184383,-0.029334024,0.084956676,-1.5625124,1.1344053,-1.0192834,0.7913768,2.014434,1.1533446,-0.18394932,-0.28033423,-0.03822182,-0.2740971,-0.26527342,-1.9361122,-0.5830666,-1.824438,-0.60095096,-2.527035,1.3495828,-1.6501412,-1.3860945,-1.2949468,-2.8459451,1.7018983,-2.0914588,-0.9217393,-1.2173685,1.7841958,-1.0072,0.46778134,-0.9530541,-0.3986945,2.8910034,1.5041535,NA19625,2,ASW,0,2,2,2
6.3169346,-0.45739532,-2.497601,1.8611631,1.8709472,1.5822091,-1.7351481,5.658088,0.5374829,25.492365,-0.48839703,-1.5497861,0.7563241,2.8125472,0.0563777,-2.1341605,1.4207906,-0.1534204,-3.7122724,0.0723146,-0.7141126,0.31507805,-1.3485452,2.535798,-0.83600366,0.989681,-0.26463807,3.4199018,3.085336,3.9290912,-0.7816615,2.455284,1.1985435,2.1286469,-0.6092403,-1.3548898,4.595991,-3.0427866,1.759972,-2.8601444,-5.9772506,2.7521434,-4.190621,9.609924,-1.6384133,-1.7222056,-0.053177074,-1.0740651,2.6110756,1.0183674,NA20332,2,ASW,0,2,2,2
-0.46802077,-0.093884565,-3.0321584,3.4660342,1.9851755,3.1171556,-2.7639015,6.1315174,0.17781638,26.129389,1.2997386,3.103364,0.45526165,-3.0824127,0.0652023,-0.015056518,-0.39060408,1.818163,-0.76965004,-0.40081763,0.97626936,-0.78704774,-3.3574889,-1.974247,-0.8780277,-1.5480236,-1.4839581,2.2598612,-4.166138,0.6840902,1.5711601,-5.6828957,-0.5561615,-6.0212107,2.1776202,-0.54434764,-0.124252796,1.1787839,-1.0931113,3.0034268,1.5954065,0.08746686,-1.2255285,1.05718,2.4093683,2.2395363,1.4416426,1.2445296,1.5927737,1.284204,NA19700,1,ASW,0,1,1,1
0.9487443,1.0241456,-1.4833199,2.4808042,2.8463979,3.1027043,-1.6924784,4.656045,0.90010875,25.911375,0.13358533,3.4648516,-0.6191115,-2.3625228,0.20554978,-2.4529333,3.9587448,1.6864471,1.7037266,-3.2573118,-1.8081648,2.4254682,-2.9095807,0.35503426,-4.4862866,4.2207236,-1.2744256,-0.5223904,0.7660287,1.1310933,2.9159298,-1.1644412,2.1531715,-1.0271136,0.76707304,1.5215772,0.51087713,5.156044,1.7743225,0.45092294,1.2622766,-4.152187,-1.6482966,3.8180664,-0.2074901,-1.8256776,-0.820147,-0.73128337,0.3204685,-1.2709496,NA20291,1,ASW,0,1,1,1
-0.4596645,-0.034361713,-1.978837,3.319059,2.5513217,2.7437177,-2.1618223,6.0070324,0.7484373,25.045155,1.134104,1.3675305,0.15295981,-1.5914007,1.8247061,-0.45993808,-2.3008115,-2.5440183,-1.5560665,2.0898712,3.9372334,-1.2259265,0.5901172,1.2004579,2.2573617,0.75849324,-0.022222057,-0.17756478,1.8354886,1.855347,-0.3365255,-1.2466578,0.9625462,0.017136129,-2.8286114,-2.014443,3.4598594,-1.1141868,3.3039753,1.5529395,-4.1339884,-0.28940356,-0.089157924,6.252226,4.0432253,-3.6469245,2.9822183,2.0801592,2.9765306,-2.596606,NA20342,1,ASW,0,1,1,1
7.024967,0.6847372,-3.03705,1.1465658,1.2243319,2.5640345,-3.3452368,4.7494593,-0.081340894,25.107422,-2.0578887,-5.0039654,0.526105,3.301227,-1.1326191,-0.74314153,-2.4128108,-3.6420155,-2.917921,5.9147763,-1.3102503,-0.9733461,17.975662,-0.5079962,14.861641,7.86787,4.664191,12.30718,2.6037738,-9.734537,1.2540952,2.6184978,7.6865106,6.2297297,-3.931499,2.37906,0.24030994,-1.1361731,4.588455,4.5832853,-2.4351182,2.3118544,-0.25812218,-4.068482,10.176648,1.8767097,-0.115423806,0.3538034,-0.42800778,-1.4700209,NA20334,2,ASW,0,2,2,2
-0.6954609,0.114805624,-2.2038167,3.3392584,2.7378762,3.1058626,-1.9502493,5.3289533,0.0108404,26.079084,1.3372649,3.942112,0.7260775,-5.3168597,-0.5845607,-4.222551,3.3851,5.3377223,1.797036,-2.7813616,1.5291904,0.028571658,-1.4173586,0.1906092,-4.655944,-0.79694486,4.2918186,-1.0503869,-5.773474,-1.3545128,1.908807,-3.863993,2.120952,-4.4055967,-2.2180777,-2.5103507,-0.81243986,1.903621,-1.5156733,4.6452594,3.6157358,1.9935853,0.84901667,-0.5127836,-2.6388142,-1.5714763,-3.028467,0.6875471,-3.0422034,-0.2957441,NA20356,1,ASW,0,1,1,1
4.560423,0.7470329,-2.7635195,1.8690724,2.506397,2.7971117,-1.7962651,4.2778397,0.7933479,25.866173,0.16629575,2.4062426,-0.25489265,0.120225236,1.8452156,-0.10108211,1.4316431,0.101265326,1.8151544,-1.1505854,-1.7116826,1.2112507,-2.4261403,-1.3521463,-4.3506308,5.358445,-2.20082,-0.9597409,-0.4902004,2.8486435,3.084061,-1.4389129,2.159596,-0.3306068,0.5952279,0.67176825,0.9221365,5.3400445,0.48287725,-0.28551582,1.7552949,-3.580068,-2.0268788,4.7383733,0.7051829,-0.88374335,-1.9960903,0.485791,0.6919422,-2.2517912,NA20292,2,ASW,0,2,2,2
-0.9033935,0.47255751,-1.7801996,2.8710926,1.7137852,3.1426299,-2.7300014,6.108437,1.3599428,26.137419,2.000348,4.99031,1.365816,-8.4139385,-0.57363385,-9.301166,8.5084095,1.3691356,-1.2517239,-5.319859,0.83684194,-2.0084126,-5.528509,-1.478868,1.6408793,-3.68699,-4.308624,-7.0353765,5.429163,3.7166986,-0.25513855,7.666958,1.4888617,4.954094,1.7059436,-5.4168115,-2.093095,1.529387,0.9119014,-0.20045263,1.9533095,2.400478,4.1437173,-1.6023833,3.0834594,-1.6183239,0.988095,-6.325942,-3.6483378,-2.054379,NA20350,1,ASW,0,1,1,1
6.1828203,0.1775367,-2.948403,1.285361,1.2588962,3.4160883,-1.458294,5.7554965,0.62464684,25.798513,-2.856642,-2.2459877,2.507365,4.8975945,-0.99709874,5.4976482,1.1625807,-0.012504259,-1.7405909,-4.3410764,-4.481908,0.63544905,-1.0979605,-5.6085486,-6.0961695,3.5181339,-8.509969,-3.8754296,1.1967003,-2.507211,6.551509,2.2811866,8.042058,-0.45931256,-0.57111615,12.414814,-5.8315783,-0.5515864,-0.090065815,0.28202623,3.173182,1.3573033,2.6645648,-6.4722457,-6.3275123,-4.853019,-6.2021933,-4.650031,0.7251252,6.661546,NA19983,2,ASW,0,2,2,2
2.7273877,-0.3817456,-2.0871522,3.234186,1.9281137,1.5867609,-1.7516347,6.9588227,0.5548919,25.320362,1.5741438,-2.5423737,-0.26208958,6.65483,2.2319193,13.62226,-11.4519205,-4.767052,9.674623,8.61631,3.204158,-5.4764643,-3.6818159,4.8723707,-2.8078542,-5.3104005,0.75413895,-4.4731812,-0.7030423,1.5643559,1.1005498,2.2730083,1.3659366,-2.4986475,-3.5556076,-4.0185275,1.1188799,-0.3110126,2.40686,-1.1983602,-1.3719472,2.7727194,-0.6937778,1.091142,2.7227128,3.1060214,1.1887467,-3.099131,0.28558528,-0.039242227,NA20279,1,ASW,0,1,1,1
1.4636688,0.034553926,-2.607136,2.6883214,2.4273689,3.8201964,-1.5678432,5.954463,0.08079681,26.659754,0.5852417,1.5758104,0.575282,0.1285036,-1.1535474,-3.6421468,2.9609294,2.9603016,-1.2470113,0.5403596,0.8025478,1.9350892,0.2512162,5.15122,-3.473841,-3.0806992,2.7874954,2.9720798,2.6772838,0.8685517,0.09473652,2.026228,-1.2533576,4.577874,-2.3787591,-1.2682154,1.4128921,-0.79110706,1.4357328,4.1760263,-0.030533336,-0.4501021,-2.7524922,-0.60291797,-0.5656066,1.728564,4.3092647,-4.6111827,-0.52053475,0.15638153,NA20288,1,ASW,0,1,1,1
2.2296455,0.30261314,-2.832896,2.087051,1.8302566,2.3123071,-1.7105496,7.2177362,0.8662452,26.43629,0.5627756,-2.2031972,-0.7437617,7.7520757,4.1428204,14.901995,-12.771925,-6.5767283,12.17478,8.435731,2.101707,-4.9949594,-7.090678,3.7895863,-3.5707054,-6.3204327,1.4285787,-7.1135035,-1.0473701,1.8464618,2.2523253,2.350737,1.0335712,-2.8677473,-3.9022546,-1.8243449,-0.2283432,0.74263376,1.6005372,0.20241,-0.74221,0.9454887,0.35984135,1.5759213,2.3332539,2.2664561,0.20450918,-3.086568,-0.20860277,-1.0466185,NA20284,1,ASW,0,1,1,1
4.9657693,-0.92783237,-2.026182,1.9767677,1.4297916,2.6534605,-1.3465601,5.8963947,0.7148822,25.320183,-1.6655029,-1.2992568,0.6744104,1.3655266,-0.12735674,-0.7185329,1.2761884,0.92514443,-0.21295325,-1.3944227,-0.756621,1.6031934,-0.586285,0.6577215,-0.66876286,-2.6437125,0.8859657,-2.9117064,0.70003635,0.22008377,0.71072406,-1.0207912,3.222242,-0.76216435,-0.3767778,1.0751892,0.5839327,-0.23912919,0.2695261,0.579697,-1.0116204,-0.4359348,-0.5683454,-0.5110763,-1.2502856,2.9003396,1.451841,0.663156,-0.68421924,1.2063192,NA19712,2,ASW,0,2,2,2
5.5934043,0.27078968,-2.9039586,0.1777703,-0.387506,1.2618994,-2.4368827,6.5438695,0.42371324,25.114563,0.26260543,0.34341025,-0.2448605,-0.9638922,-0.56552845,-0.848069,-0.004700355,1.1040721,-1.2774234,-0.66679406,-1.2866168,1.572664,-1.4962692,-0.7715888,-3.1628702,-0.8365578,-1.2514479,1.2524295,-2.4198089,0.25529596,0.4539261,-0.25498128,0.27782816,0.48782107,1.0563954,1.1727773,-1.1315168,-1.3476576,1.8042402,-0.70558125,-0.6333292,-2.5413232,1.0481336,-0.38287523,0.45662203,-0.30214038,-1.3178164,0.24541609,1.5867255,3.6341264,NA20322,2,ASW,0,2,2,2
5.183992,1.3117682,-2.7490067,1.47297,2.7810378,3.986805,-1.818665,5.325878,-0.03294952,26.85005,0.030800153,-1.0384119,-0.33871958,-1.2459134,-2.034241,-2.543148,3.1887152,1.8441392,-1.0597318,0.94920444,-1.226047,-0.3676157,2.1443849,1.0669429,-1.302441,1.4006348,0.65263194,0.1842321,-2.1764681,-0.46491235,-0.90695304,-1.4199295,-0.9819568,0.5183223,1.523068,-1.8395131,2.0868587,0.87792784,-4.7425632,0.52686375,-1.4598993,1.4125743,-2.8998246,-0.9124996,-1.4462856,-1.4525859,0.91538745,-0.8404208,2.1518965,-0.54605216,NA19704,2,ASW,0,2,2,2
7.389131,0.6389008,-3.2627137,0.60010123,-0.16139156,2.8535042,-2.1282926,6.133949,0.37060064,23.493103,-2.4349031,-4.108978,2.1846974,6.1494756,0.22849733,4.4222836,-1.8776736,-1.3608793,0.7349121,-1.1529495,-2.8349476,-0.5063177,1.6379888,-5.607475,-2.4869273,4.721913,-6.4740014,-2.8297772,3.2691574,0.22939233,4.0483437,-0.11180112,1.2638601,0.3449842,0.38846287,8.084653,-5.3067365,0.07125868,0.12669645,-2.0731974,2.182368,-3.198128,-0.6164562,-0.06759536,-0.2091692,-6.045564,-0.38553533,-1.8729142,1.5313447,6.248918,NA19714,2,ASW,0,2,2,2
5.0145183,0.6950842,-2.715288,1.534424,0.89526933,2.8424778,-1.6350725,5.230308,-0.08554285,25.072927,-1.6667874,0.9580323,0.119733915,2.2566323,1.329921,2.2027822,-0.0694222,1.5497012,-1.4513032,-1.414397,1.2574432,0.8325295,-1.3910199,-0.6643132,-3.5425813,-1.8718994,-0.25004318,-0.196328,-2.7612536,-3.1897056,4.875365,-3.9816592,-0.5436467,-1.4974792,2.880792,1.8056556,1.4019094,1.9631145,0.34773865,1.5580893,0.85891855,2.171207,1.8469131,1.0376749,5.051015,1.2810615,-0.3103094,-1.9345218,0.9253595,1.8798722,NA19701,2,ASW,0,2,2,2
0.37584877,0.530709,-2.3860362,2.5969422,1.4872677,3.583761,-2.0309293,5.599834,-1.0752279,25.064325,0.6894448,2.3912842,0.024347248,-4.923549,-0.7545829,-5.437009,4.581549,5.3636127,2.267316,-3.4038627,0.5394715,1.136743,-0.497113,-0.5815748,-5.101053,0.25710022,4.872337,-0.17592849,-8.282854,-1.2340361,1.0265758,-4.2088175,2.3216488,-5.001901,-1.8540448,-2.0222688,-1.8497357,2.0680654,-3.0441294,5.357808,2.37565,3.709274,0.7550604,-1.3939378,-4.076203,-1.9511343,-4.2269526,-0.79143906,-2.9553068,-0.89101374,NA20358,1,ASW,0,1,1,1
5.9361367,-0.24499208,-3.7889023,1.0737762,2.1560745,2.6461477,-2.7762156,6.6742444,1.0233165,24.088753,0.14238752,-2.544626,-0.06762384,1.9208561,2.0506623,4.74916,-4.3634777,-4.479836,3.4090543,-0.48624417,0.52476627,-2.2067995,-4.3763514,-7.272364,8.934283,7.3718715,-12.912883,2.0874302,-1.9940017,8.583177,-4.899045,-1.2086194,-6.8639994,0.6513897,-0.023293043,-7.1172714,6.061919,-5.1395645,-3.1086876,3.3612435,7.440844,-5.410793,-2.224973,-0.3844111,-0.8908178,-0.8412686,6.2908993,4.829583,-0.65434915,0.5321879,NA20363,2,ASW,0,2,2,2
2.669188,-1.0739717,-2.6728017,2.7174501,1.6045192,3.1366806,-2.4274192,6.2769656,1.3839172,25.83322,1.2235346,-1.7518369,0.61346906,-1.8121955,-0.31753403,-0.63124996,-1.6194985,-2.0488677,-0.09571645,-0.99017406,0.08978851,-0.48603284,-3.117424,-3.3647108,4.6559715,2.76257,-8.243852,4.23825,0.1086542,3.9560697,-3.5019655,2.868998,-3.1088026,-0.114915654,-0.90950584,-4.4444814,2.8333454,-2.722472,-3.900362,4.8579755,7.201268,0.14050116,-0.78613234,-2.7368731,-1.1569444,-1.9984896,6.696896,4.013867,-0.20431651,-0.85802805,NA20360,1,ASW,0,1,1,1
7.588751,0.4157041,-2.8951986,1.828522,1.0654896,2.8969414,-2.3518834,5.142592,0.90638876,25.886164,0.3284061,-1.9603416,0.77759796,2.0320187,-1.7059149,0.13971768,1.8714777,1.3892958,0.95955324,-1.156505,0.35043263,3.28841,-0.8753146,-1.0505234,-0.7168874,-0.4584368,-0.33401087,0.12398177,3.2948227,-0.6474902,0.62971276,0.35945755,-0.1580125,0.63870263,0.89261496,1.6409022,-1.0194582,3.1516333,-2.2998228,0.60447115,0.23994564,2.7993627,2.3291247,-2.8073833,-0.41993576,2.9321399,-4.0920444,2.4423099,1.3014897,0.61293983,NA20129,2,ASW,0,2,2,2
1.482512,-0.2414701,-2.5083218,3.024186,2.46741,3.6108937,-1.9175781,5.574614,-0.7155905,26.98962,0.55929124,1.0349361,-0.31668335,-3.3923254,-1.712006,-0.9595381,2.63585,1.8470312,-0.67667055,1.4432695,-0.8044572,0.32059267,3.767326,0.48609585,-4.768724,1.0427016,3.7012672,1.5546783,-2.3168864,-1.6173745,1.4117862,-3.0993717,-4.5043297,-1.0739131,1.9972173,-2.2192864,2.1533835,2.9200962,-4.6324096,-1.01387,-1.4234178,1.5566094,-3.462896,-2.754698,-2.873121,-0.4388414,-0.06873676,-2.5211291,4.330387,0.6872772,NA19705,1,ASW,0,1,1,1
6.146871,-0.03337264,-3.857072,1.421963,1.9793538,1.8826995,-2.482014,5.2482996,0.81567454,25.839788,-0.5144455,0.32329297,-0.26517993,1.6123754,0.9108153,-0.01665454,-1.4507122,-0.7433432,-1.9300729,-0.31124187,0.06132397,-2.1794615,2.8775032,-1.0347112,4.155255,1.7954051,-2.794975,2.740705,-0.3873508,2.9462528,-3.3073668,-8.268622,-6.220094,1.6305487,3.3742812,-5.576812,-2.2216382,-2.4374833,-2.243999,0.67807907,-1.1165824,-1.706164,-0.7557846,0.8282084,-0.80185604,-0.27927262,-2.9355438,3.90116,-0.38105455,7.732368,NA19836,2,ASW,0,2,2,2
7.4000106,0.3384651,-3.6768122,1.1415663,1.0049732,2.584021,-2.5493536,5.4496617,0.021487836,25.45534,-1.6068408,-4.6391044,1.2133859,4.564997,0.36297423,3.3268552,-3.750328,-2.5229628,0.9050223,1.5398517,-2.9898188,-1.5025175,2.0800245,-4.111193,4.681768,2.3032067,-2.410384,1.8103242,-2.241234,1.1380533,-0.64887905,-2.3119159,-3.0335555,0.96197057,1.3866843,-0.36781988,0.39444026,2.3401697,-1.8545195,-2.1967764,-1.1182233,4.488725,1.2184247,3.5715601,-2.7657287,-2.2768223,-5.197351,1.0278652,2.7968693,2.3174853,NA20319,2,ASW,0,2,2,2
0.9672548,0.058310803,-1.8886644,3.1067789,1.6680515,3.5191703,-2.368243,5.829357,0.38586345,26.456865,1.8844992,4.1832175,-0.8488464,-6.122788,0.5390801,-5.702537,4.575063,-0.57398033,-1.3629962,-3.4801793,1.1449559,-2.9545708,-4.125418,-2.4906843,0.72684854,-1.9389474,-3.531212,-7.2977223,4.6181173,5.616539,0.74574155,6.7442493,2.5834544,6.2545147,3.3097513,-3.5408123,-1.0911535,2.0252287,-0.5818042,-3.0050426,3.8965068,3.2463238,5.1266127,-3.1325383,3.1411505,-0.0044181827,-1.7787384,-6.1662397,-2.311848,-1.5269984,NA20345,1,ASW,0,1,1,1
2.498761,-1.0199643,-2.6982934,1.9708939,1.7924736,2.9352102,-1.7852631,5.65778,0.39691588,24.928947,0.397425,-3.0007052,-0.7657886,5.8084283,3.108675,12.637696,-11.087292,-3.268162,7.977197,6.7572365,3.1816895,-4.4156594,-4.2162,6.946249,-2.7767646,-3.4463925,1.2804997,-4.104355,-0.18785335,-1.1999003,1.8341795,2.517598,4.319139,-2.4827294,-1.9534676,1.2858843,-1.577342,1.2446852,0.21285924,-0.05886326,-2.0153816,1.9163063,-2.2730079,1.5655848,2.4652178,1.662694,0.19035836,-0.5827362,-0.010819234,-2.7880294,NA20302,1,ASW,0,1,1,1
0.39965892,-0.0007672379,-1.6375395,2.1065457,1.66779,3.1486585,-1.3282402,5.907125,0.050390586,26.641354,0.88529146,1.7794234,1.1713192,-2.2603848,-0.16299087,-2.3839023,2.1508574,0.43209448,-0.6206149,-1.7777635,0.83157825,0.37915942,0.8847464,0.79762983,-2.0924275,-1.2814878,2.6649482,0.84274495,-0.6629104,-0.72162414,0.20525031,-1.2363155,-1.1125467,0.8985358,0.29509014,0.49911767,1.9509287,0.9288332,-1.3854796,-0.8049591,-0.9706166,0.04322753,0.3424191,1.6661377,1.9943366,0.11424338,1.8931366,1.5839056,1.0286855,-1.728013,NA19711,1,ASW,0,1,1,1
1.4697348,0.06308916,-2.6079798,2.8776686,2.7172997,2.0732477,-2.7313051,6.124766,0.6452596,25.48182,0.99484235,2.2408187,-1.8156052,-4.945567,-0.16143279,0.7000244,0.62067,-3.374649,-0.17872098,-1.9020798,0.9426458,-2.513501,-3.4007394,-6.3064184,6.222367,2.5614054,-9.454901,1.3491797,1.8717616,3.8705916,-1.3834151,4.05597,0.2974199,1.0085573,-3.1675558,-4.8257957,3.6656237,-1.1846268,0.06832625,-1.4129453,3.9591339,-0.44206405,-1.1204014,2.2358773,-0.61218053,-1.5285759,3.2698126,4.6896324,1.5271461,-3.3787198,NA20347,1,ASW,0,1,1,1
0.11737534,-0.16035883,-3.1688519,2.5952182,2.0853927,2.6172812,-1.9945028,5.7086506,-0.62355626,25.31906,-1.086399,3.1402135,0.14594807,-1.858736,1.513699,0.054974936,1.308317,2.6223545,-2.1176274,-1.9052085,1.4502077,-0.5918396,-3.2034252,-0.9412291,-3.7427003,-2.2180715,-0.6278029,0.761688,-5.1724505,-2.6417243,5.039199,-5.3988805,-1.4425945,-5.2972455,3.1137407,1.2090937,1.0756711,2.201579,-1.0057749,3.3626738,0.5251065,2.1883023,-0.2294565,1.4060625,5.4297314,3.0276618,1.7226179,-1.0515516,2.4169178,2.2114751,NA19702,1,ASW,0,1,1,1
2.057272,-0.14613049,-3.6207018,1.958469,1.8963662,3.0530343,-2.2314413,6.327737,-0.4591875,25.69273,-0.24624561,1.3783431,-1.5230495,1.1162034,0.7608689,1.5620618,-0.7080265,-0.38406318,-0.50331897,-1.0811992,0.4314746,1.880976,0.9229014,-0.7378015,0.15521155,-2.3015232,-0.46770552,-1.2677093,-1.4722774,-2.803963,1.2306257,2.4660137,2.4101338,-0.7080829,-0.012295603,-0.6356206,-0.19285356,2.9278634,2.7533362,-1.1776227,1.6875504,2.2983851,2.0759482,-2.434174,-2.1966438,-1.2130787,-3.3849354,5.30503,-3.3856688,-1.4860197,NA20126,1,ASW,0,1,1,1
5.6740203,-0.2266728,-3.8383846,1.3899118,1.4244149,1.7265463,-3.2909899,5.657515,0.83378655,24.566069,0.4334157,-2.9547362,0.3523002,3.7279828,2.4816582,4.4845176,-4.3300395,-3.8327017,2.6112642,-0.6744415,-0.44262263,-2.1189902,-2.523176,-7.074575,7.7934117,6.507098,-11.1425085,0.10800966,-1.200144,9.2033415,-4.8500695,-1.2218456,-4.623855,0.7840903,2.1929593,-5.109315,4.5689564,-4.9472103,-3.8513548,1.5565791,5.661598,-4.889891,-0.20995364,-0.3788182,-0.30367965,-2.011395,6.7162123,1.2601974,-0.582087,1.3172522,NA20364,2,ASW,0,2,2,2
8.113685,1.273087,-3.0117002,1.2483106,1.4417193,2.885308,-2.8159413,5.712243,0.3881708,26.208378,-2.508495,-4.7812233,0.84474987,4.7664266,-2.4746215,1.3934793,-3.414303,-3.5260713,-2.0185685,6.7438097,-2.3034883,-1.8923535,17.344912,0.38437608,13.502889,8.701933,4.0327206,10.8017,3.2514164,-9.087874,1.9399818,2.2949305,6.9082136,6.7339106,-4.0382166,2.4879851,-2.0011137,-0.47484028,5.645142,3.5748057,-2.350794,1.188995,-1.9328502,-3.7859755,9.966395,1.6713564,2.027291,1.3802098,0.32722083,-0.9496173,NA20336,2,ASW,0,2,2,2
2.3573413,0.06439601,-2.5807784,2.407104,2.1845274,3.3051248,-2.0664473,5.226319,-0.22052254,25.495,1.0656672,1.1298035,-0.25480562,-3.4674568,0.109666124,0.23106533,1.5879439,1.1343323,-0.3457272,-3.5554676,1.2794335,1.2393161,3.819731,0.56329066,2.2645485,0.6805556,-0.7585475,0.56600606,0.18911973,-3.4202232,2.2229824,0.9465075,3.2702892,0.83017325,-0.3436621,0.48703113,1.1616389,1.7958103,3.6676712,0.5364761,2.567766,2.0242317,-2.6318395,0.07095063,-1.1589993,4.5921702,-1.9502487,0.6801937,3.2387004,-5.175389,NA19915,1,ASW,0,1,1,1
4.7613096,0.3132856,-2.5002472,1.7719455,1.5351225,2.2531705,-2.7969072,6.546774,1.1107944,25.333439,-1.1432923,-2.0319355,-0.367875,0.59663653,0.004251018,0.99416584,-2.34536,-2.043435,-0.4772951,1.3003176,-0.38391215,0.6413594,1.4796758,-1.7782868,-0.14951292,0.9385993,-0.39215493,-1.058137,0.33682206,-1.1445962,-0.83002305,-0.15330625,-0.92585963,-0.96457905,-0.9244839,0.1369826,0.014865926,1.1496124,0.8887582,-1.573195,-2.069697,0.9128867,-1.5587134,1.489957,1.0229177,-2.9600155,-2.5856373,2.2033527,0.9247749,0.34099725,NA19708,2,ASW,0,2,2,2
6.5883255,0.6214377,-3.4086583,1.3442999,2.310384,2.0451503,-1.871005,5.0139647,0.5225699,26.606487,-2.9949474,-0.25681993,-0.6292745,-0.386961,-4.4045863,-4.346178,2.5953078,-1.1615423,-5.078104,-0.9539668,-0.36260274,5.0737724,1.1602347,7.0636945,-1.3290217,-7.471414,14.920052,0.9362047,-2.3733385,-4.4990735,-2.3550622,-1.1460989,-3.0607808,-0.8644116,2.3303494,2.6675944,1.4933344,-4.7251344,-0.55175084,-1.3765035,1.21008,-4.883648,3.1667604,-0.6187325,-1.6280671,1.8520045,1.9247191,1.5149318,-1.2412198,-0.60439086,NA20341,2,ASW,0,2,2,2
0.38633886,0.50900763,-1.5093896,3.2232933,2.7131517,3.445319,-2.0017023,6.1867204,1.2749791,25.786142,1.5680116,1.1208072,0.41972703,-4.159492,-1.7964544,-2.2442632,3.8137283,2.5305402,0.17955054,1.1720159,3.125817,0.4335853,0.28045765,0.8054939,-3.3293839,2.310116,-0.3409946,-1.9946617,-0.83054113,-0.048042525,-1.6147612,-1.0041988,-3.6512249,2.6736438,0.9640966,-0.3471473,1.8505038,2.0857942,0.6292631,-2.9768174,-4.1740527,-2.6644042,1.4271928,-0.33564442,2.0032396,5.622704,3.6284244,2.322767,7.57461,0.54048425,NA19918,1,ASW,0,1,1,1
1.6901866,-0.16572577,-0.98331416,1.4030943,1.1905781,2.6048155,-1.6811821,6.2639923,1.1899308,24.99559,-0.34398708,-0.4135466,-1.5845954,0.8730948,3.1423597,8.338972,-7.282746,-4.961783,3.2770674,3.9727516,-1.5334233,-5.763577,3.0528088,-2.8393047,4.3339896,1.9375244,-4.0946913,0.17790918,-3.6535761,-0.044082765,-2.7729764,-4.022047,-8.87192,0.11395954,4.8440394,0.4853459,1.9650584,2.8265395,-5.3098516,-6.9101524,-2.364981,-7.042207,-1.0163115,3.1957092,-8.423468,-0.92717034,-0.8134919,-0.23311989,0.22775015,-1.926327,NA19828,1,ASW,0,2,1,2
7.8869505,0.25424063,-2.9564471,1.4219719,0.932859,3.580815,-0.9849797,6.104117,1.6784649,25.183582,-2.6162217,-2.592392,2.4396148,5.9816313,-0.34888163,3.7482164,1.0943648,1.563347,-0.03720699,-2.5461323,-3.9816618,1.6456175,0.37992522,-3.0296266,-4.937136,5.0632505,-6.8347917,-4.7702303,3.4089065,-0.38903174,4.733125,1.5009291,4.8436785,-0.6771503,0.19382663,12.495384,-5.75601,0.11748484,-0.17885676,-1.991549,3.5714355,-2.0979986,2.7816105,-3.3573005,-0.83767855,-6.422552,-1.6555774,-2.9253254,1.5077555,7.2897487,NA19985,2,ASW,0,2,2,2
7.631853,0.2788623,-3.1834095,1.9874493,-0.36491475,2.2879357,-3.9685295,5.5191092,-1.302108,26.185406,-0.9359373,-2.0055015,-0.69796443,5.608603,-0.6849536,-0.65022486,0.24962524,-2.3969326,0.7572553,0.8379948,-1.3115638,5.933598,-1.0043635,-0.11351269,1.2417831,2.3275912,0.62124574,-0.9488961,2.7708535,1.79215,-2.2494302,1.3481046,-2.321236,0.9775053,-3.3679712,4.2070866,-4.411017,-3.3088224,-0.03720938,-0.40840894,-0.43614423,-1.0771495,2.748844,-1.7332357,-3.72372,-2.6377964,-0.40255317,1.8895943,-4.8403854,0.9405019,NA20276,2,ASW,0,2,2,2
6.6212664,0.97385776,-2.6286087,0.7754363,0.6754674,2.7684298,-2.546793,4.942674,0.77462703,26.485977,-2.1282115,1.0394228,-0.47110853,0.42959416,-0.85044914,-2.4080505,0.7807166,2.5458388,-0.29341298,-0.9819106,0.06617163,1.8256457,1.5922185,0.31297168,2.2736156,-1.7327038,2.414063,1.1308765,0.21825853,-4.760697,0.1242717,0.6757425,0.18897401,-3.4280703,1.4012538,0.014739643,-0.19893871,2.9888911,0.66486555,0.13729787,2.2689006,2.470916,3.0830276,-0.37061664,-3.342286,-3.9227495,-1.6425444,3.9440107,-1.3389974,-2.9028041,NA20127,2,ASW,0,2,2,2
1.1943629,0.45683786,-2.4086962,2.0885713,2.4335783,2.920053,-2.9130008,6.1792073,-0.38468853,25.039772,0.5127383,-0.22517659,-0.68265194,-1.2782611,0.2107332,-1.0670035,1.4821252,-0.94309056,0.31804663,-1.6745514,0.7258178,1.750643,-0.7250278,0.55065066,1.3257852,0.6176105,0.6015613,2.933475,-1.9851546,-0.5665651,-1.9497528,-1.8825839,0.61150706,0.25773227,0.15365091,-1.5349813,0.8973032,-1.2710501,-0.76626486,0.34896752,0.22169764,-0.52613133,1.1146336,0.53851587,-2.3319163,0.4215323,-0.656449,0.5082579,-2.3762925,1.3310951,NA19984,1,ASW,0,1,1,1
0.79311097,0.5442617,-3.0955462,2.669361,2.8873498,1.2921423,-2.0595098,5.87374,1.4490803,25.748465,1.5156411,0.641311,-0.7080428,-3.5149207,0.6859701,-1.4580234,2.1684132,0.63354176,-1.3768308,-1.4429786,-0.20414981,-1.2146697,-2.4114823,-0.18932329,-1.2932007,-2.2965991,2.3867803,0.3852259,-1.3417335,-2.153426,-2.7628076,-3.4031794,1.0310827,-0.9456564,-0.111682154,-1.2317082,-1.0275642,0.9837566,-2.1751616,0.44947165,1.4152428,-0.39645758,-2.908273,-1.7942704,-1.079343,-0.2727563,0.49129465,2.2209566,-0.23717546,-0.016736425,NA20298,1,ASW,0,1,1,1
-0.46025446,-0.36204395,-2.1496632,1.9484756,2.2004626,3.3199258,-1.7019479,5.0305114,0.5415213,24.338629,1.6952734,3.8155422,-1.1040905,-3.4146268,-0.5129177,-0.9454649,0.97070533,0.38907656,-0.4618777,-1.2066995,1.6871301,-1.6238989,-1.8970948,-0.37138012,0.5785439,-2.320131,-0.6227204,-1.9843931,0.80224276,3.2552147,0.3747161,-0.18648736,0.6811285,0.8255248,0.20734426,-3.0871708,-0.3572744,-0.5793574,0.6101718,-0.6064438,0.1838129,0.2945218,3.1481245,-1.805292,5.01374,0.8697215,1.1033446,-2.8669965,-1.4385875,0.63381135,NA20351,1,ASW,0,1,1,1
5.8738894,-0.21644914,-2.4071965,0.9443712,1.6103413,3.2557647,-1.9215902,5.2552204,0.13520811,25.690836,-1.1670023,-0.9084354,0.7956489,0.3796882,-0.8222799,1.6061132,0.6644525,-0.026218358,-1.2522793,0.98507977,0.6689743,4.123796,-0.82648736,0.19046064,-1.1076852,-0.6381215,1.6103637,0.08821767,-2.902008,-1.9495258,-1.0312744,-4.3483024,-1.3642218,0.4957046,-1.6881509,-0.25835848,-0.36618024,-0.80597,-2.678489,-0.28238803,-1.0633736,2.3201766,0.9900644,0.6079027,-0.86428344,-2.251943,-1.7614906,-0.80475,-1.6872741,0.074750036,NA20412,2,ASW,0,2,2,2
-9.596613,-1.0353379,0.0886889,12.976917,5.2539134,5.39793,3.0729456,18.85634,-6.022574,-6.197294,-1.2612076,-0.31161,-0.43809414,2.8850594,-1.9728646,-0.5032638,-0.8793784,0.62966686,1.4469521,1.5984696,-0.69378966,2.6132216,0.2918468,-0.8819471,-3.5681257,1.3123832,-0.8928707,1.149871,0.9544399,0.97118306,-0.5836684,0.14686292,-1.2093604,-1.628465,2.586791,-0.050159924,-1.4312226,-0.4311465,-2.536723,-0.6866122,-0.2773053,0.7404364,-0.27787915,2.1642241,1.0150751,-0.5089454,0.44228715,-1.5560304,3.1618855,-0.96843916,NA20847,2,GIH,4,2,2,2
-8.597821,-1.1479341,1.7797033,10.771069,3.424159,6.0592194,2.647485,19.48797,-5.1859107,-5.1540027,-2.457114,-2.8970695,0.24323863,2.962031,-1.6768113,-1.5128523,1.9450591,2.0544858,1.4944993,1.1461167,-1.9111576,1.026774,-1.0496451,-1.0475276,-0.12061609,-0.30127457,-0.8158342,1.4591063,-0.765223,0.2730171,-1.8101125,-0.51200646,-2.2487469,-1.8155799,-0.32127082,2.6286917,2.698166,1.0222605,-1.9241074,0.6399078,3.0739882,0.45021573,-0.89341736,-0.07152905,-0.25495335,3.0713446,-1.3587712,1.1807564,-1.9517568,1.3324162,NA20849,2,GIH,4,2,2,2
-10.322632,-2.03686,2.2993617,11.710912,5.574919,5.5990896,2.9164715,20.378717,-5.824461,-7.31254,-1.25053,-1.973496,1.0443624,1.9626892,0.13687341,-1.1396086,-0.08471594,1.7336264,-0.66297525,1.1963491,1.9060782,0.71386856,-1.4000964,-0.7659764,-0.22628933,-0.5980964,-2.1939712,-0.13991065,-1.4906528,-1.49255,0.46031803,1.8212599,-2.6284564,-1.1861348,-1.2898988,0.826965,-0.38233963,1.3924657,-0.6813855,-0.2817666,0.15711172,-0.6467775,-0.0056136586,-2.3124936,-1.282471,0.19494046,-0.23558283,0.26764724,0.31920436,0.66775554,NA20851,2,GIH,4,2,2,2
-10.407893,-2.0895815,1.1841272,11.16858,4.505838,6.4602814,2.3364813,19.488497,-5.7546654,-6.8460517,-0.25650787,-1.3759105,-0.53253436,2.3653817,0.67631763,-0.45411155,0.18255033,-0.26902032,1.3728288,-0.11018948,1.0095102,0.87635726,0.22850329,0.41000053,0.7071939,-1.1036768,0.27173895,-0.48005825,0.59540516,1.3426852,-2.9178073,2.4477158,-0.28657848,-1.7582114,-0.22118625,-1.3191378,-1.0079694,-1.0072112,1.2893391,-1.9481194,-2.22472,-2.9066353,0.019631326,-0.18759528,-0.51292884,-0.573954,0.35318393,-1.307186,-2.4503102,1.5344931,NA20853,2,GIH,4,2,2,2
-9.754076,-0.7701084,1.5657165,11.536368,4.3034687,4.4899335,1.7296287,19.926586,-6.5349894,-6.956906,-0.22140363,-2.2308757,1.0214945,1.4171301,-2.9757392,0.16609432,-2.170592,0.9959612,0.08189197,0.7457969,-0.13583653,0.29227027,-0.026611514,0.7040308,0.47855186,-0.28786844,1.4566224,1.2970865,-0.80207616,-0.91874254,-1.3561751,-2.121888,1.4977372,3.7286289,0.3625206,1.9598732,-0.60748833,0.63983965,-0.63462913,-0.5404624,-1.5911442,0.3995514,0.8927545,-0.39342526,-1.3811923,-0.3948396,-2.5946395,-2.936674,2.3993788,-1.7191818,NA20906,2,GIH,4,2,2,2
-16.673126,-2.5687714,2.1619248,12.984264,5.1737504,5.711099,2.898006,18.6467,-5.4501987,-7.851107,1.070571,1.6027342,0.108215526,0.56781256,0.7012271,-0.9150467,-0.118101425,1.2269636,0.45406196,0.69041324,0.17010905,-1.2775781,1.7366539,1.0691198,1.1839697,-0.82440436,1.0641716,0.93344176,0.06280177,-0.25716656,0.18299189,0.5926624,1.3535469,1.7664306,-0.061203934,0.16629891,-1.9732164,-1.3479166,-0.5828447,-1.6416156,-1.94548,-1.185327,-3.8372662,1.0317463,-0.5645932,-1.5651252,1.0499109,2.3406756,2.5350475,-0.656313,NA20866,1,GIH,4,1,1,1
-15.156313,-1.536965,2.8120575,12.5513735,4.7886667,5.9270372,3.1393025,19.288254,-6.723266,-6.2114434,-0.16840023,0.6518997,0.5898552,-0.7459036,1.612084,0.0032293925,-2.2714198,-0.026080336,-0.5721065,0.05318544,1.7854724,1.6215179,-1.0454011,-0.0029063714,-1.7549495,0.6066241,-0.48554102,0.5829431,-0.80639577,-2.0791404,1.2379304,1.7103584,1.3838531,-0.6753078,0.14660956,0.6342017,-2.6899962,1.927287,-0.726879,1.9484506,-0.26326105,0.57364136,-1.8214297,-2.5582213,1.4709061,0.9678837,-0.97466254,-0.036180254,-1.5821857,-1.5229806,NA21104,1,GIH,4,1,1,1
-10.739531,-0.94991237,2.3095927,11.254228,4.2352343,6.2592177,3.1503904,19.17117,-6.1840034,-5.9904227,-1.7345173,0.6809601,-0.20814344,0.0022609064,1.9029717,-1.73144,1.0112423,-1.3596826,0.5000069,-2.060114,0.058652446,-3.6577997,-1.2645515,2.7444193,0.9279597,0.8547405,2.899037,-3.2172422,-2.1633635,0.018858334,0.8374087,-6.3971386,-0.04555044,7.7435446,-0.8316058,1.1036896,0.18419105,-1.2299994,-2.42856,-2.2515929,-0.45394194,1.9844143,-5.652587,1.0799255,2.1645172,-5.255245,-0.73513865,3.0952883,-0.21298684,0.19377874,NA20907,2,GIH,4,1,1,1
-11.086597,-2.1623752,1.8219652,10.831984,4.0087075,6.360216,2.9366734,19.676727,-5.6106143,-5.7005925,-0.6239013,-0.8262417,0.35323557,2.060938,-0.27067688,1.1221249,-0.8179617,0.81257606,0.9762213,-0.7356615,0.47845292,2.0163367,1.1235578,0.3032819,0.6544611,-0.30394313,-0.1906437,1.369656,0.7389354,1.9795488,1.0533046,-3.1538591,-0.22710463,-2.7019527,0.7657361,1.7978557,0.7555749,1.4076155,2.198939,0.9422761,-0.21960582,-0.8456554,-0.9858002,1.2936572,1.1293765,-0.28770542,-0.24516547,0.6858829,1.290636,0.99963564,NA20908,2,GIH,4,2,2,2
-9.926288,-0.80541724,1.9656641,11.858925,3.6893244,5.447803,3.4481533,19.58141,-6.50118,-6.150678,-0.35733452,-1.2402021,0.636914,2.024263,-0.1399075,-0.04246972,0.99917465,0.07503251,0.11147492,1.731173,-0.53667045,2.0315714,-0.7157706,-2.1773546,1.4198838,0.052385107,-1.245779,0.5077703,0.6251879,-1.9668021,-1.5709809,-0.25487635,1.3406508,-0.09930592,-0.48135155,1.176179,-0.23061691,1.7995439,-1.666919,0.88514143,0.6245612,1.0472484,-0.45916694,0.70658755,-1.0199133,0.06810607,0.4227837,-1.2488049,-0.20553917,-1.3079922,NA21086,2,GIH,4,2,2,2
-9.529647,-1.9729221,1.8208873,11.5924635,4.79448,5.454772,1.8660381,19.312943,-6.5426354,-7.3918605,-1.0278994,-2.3306863,-0.57583624,2.534907,-0.7315433,0.48359063,0.7860094,-0.28020918,0.8382913,-1.1498929,-1.9387398,1.6962824,0.86852515,0.19419006,-1.1217109,0.0732032,-0.6952388,0.9839011,-0.6264512,0.80009085,-1.4654721,0.5439089,-0.44024375,-0.77209544,-0.55661863,0.6847867,2.1948395,0.4106067,-1.1212752,2.2745962,0.91498345,0.22087486,0.6822232,0.57679796,0.27058458,1.879515,0.36735398,0.44982317,-0.034087215,-0.97173667,NA21101,2,GIH,4,2,2,2
-10.779097,-1.669135,1.2026256,10.538511,4.480076,5.756487,3.399242,20.171345,-6.253111,-6.0461817,-0.95418566,-1.2749498,0.15678054,2.466324,-0.34547392,0.7926945,1.5685177,-0.051783163,-2.155539,-0.6096943,-1.2318283,2.581155,0.34859782,0.101773664,-1.5618131,3.2229912,0.7615967,-1.6902862,0.14429516,-0.16121985,-1.4545511,-0.03924874,-0.34488326,1.6786234,1.2455087,2.790885,2.1077478,-2.6589992,-2.068015,1.7943752,-0.21139619,3.3221095,0.48010156,-0.42449018,0.2000382,1.0373571,1.3875209,-1.2144365,1.2083076,-1.6385545,NA21106,2,GIH,4,2,2,2
-10.594791,-0.855221,1.992155,11.883518,4.7730646,6.4422374,4.2448163,20.569714,-6.4740405,-5.9572473,-1.2083274,-0.9910831,1.5621578,0.8831414,-0.17738119,1.4183524,1.5072188,0.88228893,-0.67540437,-0.075850144,0.362275,0.95857877,-0.7437503,-0.14137056,0.8964589,-1.6115787,-1.170099,-0.44105393,-0.6149694,1.9927491,0.6559015,1.1720457,-1.3863037,-0.54861355,-0.20901974,-0.11572969,0.3680067,-1.9452674,-0.4559941,-1.6176953,2.4342608,-0.1744893,0.25530377,-0.8620274,0.2331553,-0.042918585,0.4692231,-3.4612617,-1.0660201,2.2462165,NA21125,2,GIH,4,2,2,2
-9.943667,-0.7308645,0.9205308,12.321792,3.640657,5.626599,3.2950642,18.49798,-7.1666245,-5.7778406,-1.4196141,-1.2401093,-0.82737637,1.1673362,-0.40602303,0.2769961,-0.12917653,-1.2144884,1.3445677,-2.6365335,-0.9063844,1.3961084,1.224582,-2.2161007,0.10498408,1.1838012,1.370845,-0.39169526,1.4613718,-1.5984789,3.4234133,0.082454585,-1.70692,0.3374653,2.1570432,-0.77336085,-0.6472988,-0.53797877,-0.8551707,0.892638,-0.08893136,1.3356836,0.6028008,0.3652536,-0.33415908,1.0699259,0.4677813,-1.464217,1.237009,-0.66954845,NA21137,2,GIH,4,2,2,2
-9.156442,-1.4002019,0.84836787,11.879516,5.104719,5.909147,2.30788,19.68848,-6.171158,-6.9222684,-1.5105186,-3.2229297,1.0017437,4.496408,-0.19975886,0.38948593,0.57116735,0.078249305,0.99927294,-1.5777872,-1.7889309,-0.6845107,-0.64494026,1.5437665,0.75038487,-0.9185835,0.005856424,0.197956,0.9684712,-0.580942,-0.8556757,0.933591,-0.7221243,-0.8338108,2.7779176,-0.9679222,0.11864943,1.8068954,0.85950834,2.2349784,-2.1065216,1.8535032,1.915247,-1.2563118,-0.60603553,2.5266705,-2.9971635,-0.13999797,-1.2735332,-0.56616014,NA21141,2,GIH,4,2,2,2
-10.58948,-1.4909118,2.587407,11.58092,4.1694384,5.21634,2.6933134,19.468533,-5.171645,-5.4728875,-0.85671484,0.37337813,-0.61840093,-0.027983999,0.913389,-1.1247858,0.72927463,0.009433668,0.4696052,-1.4942344,-0.46425802,0.3773931,-1.1755735,-0.42451409,2.2009544,-1.9968021,0.98652816,-1.4695745,0.40356922,-0.27848032,-0.43201956,0.016632425,0.15921901,0.12547086,1.6025065,0.39573723,-0.70249444,-0.7525866,0.71418107,-0.72929895,0.5563323,0.0456777,-1.736606,-0.99295866,-0.04258012,1.6778822,1.3330501,-1.065423,-3.0204856,2.1290746,NA21142,2,GIH,4,2,2,2
-15.17729,-1.7232012,2.7318742,13.85122,5.2533793,5.242012,2.8519628,20.018915,-5.859221,-6.1975985,0.15337557,0.22408786,1.4246246,-2.4094956,1.7016765,-0.38932803,0.805039,0.33368146,-1.0600735,-0.8106214,-0.6515158,-1.9327964,-1.3551484,1.3209792,-0.6466281,-0.95102024,-0.21738778,-0.17470296,-1.3319759,-0.7879442,0.20116977,-0.66161555,-0.5031862,0.97555506,-2.4082682,2.433306,-0.0889211,-0.622971,-1.1379277,-0.85640866,0.6668936,1.5765098,-0.8662774,-0.10654376,-0.8690527,-1.0858303,-0.24013893,-0.5318477,-1.580591,-2.168545,NA20883,1,GIH,4,1,1,1
-12.916577,-2.0247567,1.566831,12.071229,4.9541206,7.2223434,2.2277246,19.80753,-5.739717,-5.709391,-1.7096355,1.237655,-0.85642517,-0.9081105,2.1067376,-3.6091213,1.7575562,-1.2238485,-1.8136027,-0.80840987,-0.32400337,-5.620961,-2.8027008,0.97239333,2.2436318,-1.735353,1.3239219,-6.8950796,-5.0926404,0.63375664,0.33031228,-9.333314,1.8264561,11.978889,-4.414182,-0.5832683,-0.338853,-5.1215577,-3.5987709,-1.6159245,0.9574663,2.857066,-6.979784,1.9991075,5.271487,-6.2918396,-0.6867032,7.437249,1.1542407,-2.1773503,NA20891,1,GIH,4,1,1,1
-14.724426,-1.2198181,2.9711573,13.291242,3.2917233,5.1320934,1.6908513,19.111782,-6.3920493,-7.092456,1.1170259,0.79778725,0.4171708,0.4388505,0.84052205,1.2602042,0.029505242,-0.1103326,1.103604,0.9490574,0.27341148,0.99815416,-0.7808452,3.7829046,0.9065972,-0.07668461,-0.586995,-0.80523723,-0.021567456,2.7170923,0.636508,-0.6424369,0.23414733,2.2803566,0.4201848,-1.6861324,-1.2955487,-0.2275808,0.40756664,-2.0321684,1.0006856,-2.896524,0.9892579,-1.0091684,-2.9347181,1.21785,-1.8289452,-0.71702224,1.6763213,-0.6937592,NA20901,1,GIH,4,1,1,1
-14.048981,-1.6057289,1.6893678,12.617673,4.481475,5.9896812,4.43265,20.25693,-6.6945844,-5.9212427,-0.7222521,0.45052907,0.028210552,-0.45063818,-0.59415805,-0.6336369,-0.10018323,0.5257601,-0.18224311,0.48832515,-1.3750917,0.96794623,-1.771666,-2.1282797,0.9707575,0.6141932,-1.2593044,1.3442402,-0.0033833447,0.022659887,1.3719763,0.46158087,-1.2006652,-2.9815402,0.89482814,2.8777428,-0.24185951,0.78953046,-2.03004,0.47012582,-2.0612154,0.37785572,1.9920988,-1.7892759,-0.015320769,-0.58899736,-1.3992488,1.9817827,0.05704558,-0.3509982,NA21090,1,GIH,4,1,1,1
-14.817917,-2.1727264,0.664812,12.479561,4.806064,5.785706,3.022289,19.110998,-5.7492905,-4.7893043,1.4026811,-0.28382075,-0.7574141,-0.91095257,-1.8703744,-1.7555808,-0.68848634,0.39729124,1.8509227,-0.09075606,0.010916403,1.0198234,0.38720268,0.26099706,0.98401386,0.20629911,2.2688985,1.7220042,-1.4045979,-0.4537157,-1.1850204,-0.41145006,-1.3293581,0.044647735,-1.7723306,1.7846183,-0.95648867,0.9806441,0.7611626,-1.6232847,1.4295932,1.2987128,-2.4400818,-0.7746071,1.3730257,-1.6340072,-0.549452,-0.7987749,-1.2974306,1.6556977,NA21092,1,GIH,4,1,1,1
-15.513899,-1.0796665,1.473778,12.921947,4.543714,6.589544,2.7996294,20.167704,-6.5105696,-6.0481505,0.5344136,-0.29015335,0.096957974,-1.4196429,0.5742314,-0.26610824,-0.28941828,0.76493365,0.2043017,0.11078002,0.18024732,0.951816,2.7380779,-1.0635302,-2.2302244,0.29709107,-2.4766564,1.9717665,1.6243556,-0.7355365,0.4889781,2.5700748,-1.1362958,-4.1592846,0.17700522,-0.5683344,-1.7298062,0.1018006,0.6112052,2.2981327,-2.5626674,1.308058,1.9817824,1.3579001,-0.49733865,1.9856979,1.8640678,0.16056456,-1.0611153,1.1084795,NA21094,1,GIH,4,1,1,1
-15.385892,-1.6988541,1.1416273,12.742022,4.621314,5.706984,4.2524343,20.444824,-6.390162,-6.4941425,0.20468086,1.2795937,-1.1099501,-1.3052348,-0.44223654,0.67407894,0.1729524,-0.41905427,-0.55936104,0.22656427,0.28638586,0.043902542,-0.5198942,-0.762242,0.98222053,-0.16030565,-0.30175462,-0.6778464,-0.521585,0.74174094,-2.0483112,-0.6778554,1.303707,-1.0799677,0.63910335,0.356655,-0.21903402,-1.1691822,0.77605927,0.19271395,0.31244254,-0.45314416,0.93524224,1.6173029,-0.31073156,1.8905689,0.97056246,-0.9998304,-2.3303258,2.317,NA21098,1,GIH,4,1,1,1
-15.030192,-1.7134072,2.6168244,11.113974,5.30453,6.02908,3.0500662,19.5537,-6.6260777,-5.9341736,1.0590005,-1.9945217,-0.7622076,-1.5223134,-0.23221102,-0.8509607,0.28001368,0.4530205,-1.7927877,-0.45596072,-0.14788991,0.36825046,1.5938115,-0.24479343,0.33583823,-0.8768325,-0.35876617,-1.639505,1.6327186,0.13188958,-2.53139,0.26783097,-0.3140453,-2.3218906,-0.81413716,0.5114514,3.784182,-0.09099124,-1.0735258,0.19324169,-2.2753327,0.22810936,2.8058126,-3.0268235,-1.2716273,3.0426784,-0.41800618,-0.8107608,-1.5272528,0.008022065,NA21100,1,GIH,4,1,1,1
-14.939378,-1.8166562,2.4099927,12.360769,4.6311245,6.349697,2.7065525,19.166683,-6.8793125,-5.8981094,-0.7829688,0.56406623,-1.3678241,0.4041836,-0.615991,-0.15016344,-0.08731729,0.5663835,0.56707215,0.0012147692,1.4612235,0.10571753,-0.078715995,-0.72884655,-0.14966166,3.705215,-1.3250607,-0.9499129,0.40683955,-1.6522894,-1.1693556,0.24837108,-2.0914176,0.4625093,0.25741816,0.98070914,0.6685615,-1.1111397,-0.49693757,-3.1087239,1.7343376,-1.4467623,2.4598927,1.1601317,-1.3241727,2.4781787,1.2008045,-1.6462436,0.15911154,-3.301786,NA21105,1,GIH,4,1,1,1
-15.505763,-1.0265124,2.283249,13.253277,4.126803,6.0971723,2.8539183,19.787727,-5.3373756,-7.539841,1.129911,0.42952156,1.2424635,-1.854749,1.0872033,0.9693281,0.8458987,-0.83459556,1.5774579,-1.4856973,1.6550131,0.5001519,1.3599689,1.1659976,0.21962982,0.16950844,0.3421478,1.2993971,2.3170583,-1.6421446,-1.3581239,1.3705852,-1.1334193,-1.3116918,0.85466075,0.1475309,0.64092153,-0.97057533,1.3030629,-1.380107,1.1259427,0.5542666,1.6935415,0.6872196,-3.4736028,1.5550058,-0.10302929,-2.5017102,-3.0413487,-0.27072895,NA21107,1,GIH,4,1,1,1
-16.148287,-1.860962,1.7654412,12.255782,4.7264495,6.2915926,2.9895198,20.77087,-5.416118,-5.986522,0.1741803,1.121102,-0.03456848,-2.5662143,2.0126731,0.29297417,-1.2658075,1.0894227,-0.53488916,0.8015353,-2.210991,1.4283271,1.8408526,-1.200832,0.0013595972,-1.4497495,-0.40819934,0.12687585,2.049235,1.3083825,-1.4328002,1.4021747,-0.73430485,-1.6256161,2.2790422,-1.4496057,-0.7875316,0.71657026,0.5191802,-1.1458659,2.114874,-0.9179076,-0.5601373,-1.7175409,0.08577872,-1.0609992,1.364017,-0.26883027,0.0557852,1.5202187,NA21109,1,GIH,4,1,1,1
-8.913653,-0.8421538,2.758573,11.315331,3.6884403,6.4730163,2.1966095,19.920109,-5.099237,-6.123044,-2.2394075,-2.7382503,1.0425289,3.1436052,0.14753328,-1.5265763,0.29354832,0.4369728,-0.101644784,-1.1326815,0.18497993,2.0219991,1.7693323,-2.2406387,-2.398095,0.48256844,-0.18052456,0.6511237,0.5158293,1.0030884,-0.4983299,0.6147618,-0.3375458,-2.6056964,0.6612331,0.26787135,-1.1566843,0.60796356,-1.7943422,2.4235892,-2.2007122,1.4972606,-0.8401412,-0.30557895,-1.48209,2.0320852,-0.1223643,1.6907837,0.0031267582,0.08544024,NA20888,2,GIH,4,2,2,2
-11.018832,-1.0148056,1.1573063,11.1824255,4.6605897,6.3890204,1.967917,19.754189,-6.195876,-7.0294347,-0.97965574,-2.031341,1.2952262,3.157978,0.66493994,0.13918263,0.5787503,-1.2642663,-0.3817605,0.64918023,0.3463103,0.9393992,1.5635949,-0.47180492,-0.17393969,-3.488477,-2.5816238,-1.9386203,0.9276842,-0.25358787,0.20489876,1.3490502,0.64402205,-2.026769,2.3889687,1.1649365,1.3746159,0.59735286,1.3998587,1.4427582,0.36656672,-0.68134683,1.3498559,1.7170401,-1.2628149,2.38693,1.5237287,-2.6130846,1.0725175,-1.5555794,NA20892,2,GIH,4,2,2,2
-10.059741,-1.3544136,1.2460862,11.357381,4.687744,6.2085013,3.475906,20.056168,-5.563334,-6.2039623,-2.915969,-1.2295448,-1.0243847,2.0124795,-0.31652766,-3.9895253,3.1749096,-3.0330172,-1.8586037,-2.1990442,2.0121288,-6.3055153,-4.5718493,1.2353096,3.3341455,0.008036684,3.8369067,-9.548349,-4.5234385,1.1791089,1.0278502,-9.38629,3.5606074,12.820815,-3.2725966,-2.4454074,-2.9979692,-7.7623296,-2.5224447,-0.1480702,1.584684,0.48625007,-6.259929,2.4483125,5.1002645,-6.5920286,-3.4091692,8.674697,0.14000423,-3.1504548,NA20900,2,GIH,4,2,2,2
-12.49609,-1.9745712,0.8954316,11.9868145,4.766677,5.126307,1.8511156,21.147963,-6.6688285,-5.951226,0.7959741,-1.3447454,1.3030329,2.6124942,-0.6171039,-0.25416255,-0.5598311,0.2977541,1.4765116,0.95275617,-0.061206795,1.834531,-2.693994,-0.11309433,-0.26851082,-1.3284191,-2.8121352,2.915386,5.2907777,-0.57137984,5.033276,4.8464627,-3.2945628,2.7427564,-5.232427,-3.3765051,-4.440939,-6.7342467,0.63562655,-0.79731905,3.2330778,0.6706273,-3.4050183,-3.4675097,-2.7498307,2.8957627,0.7711582,3.9584208,-2.0598547,-4.7420306,NA20910,2,GIH,4,2,2,2
-10.308867,-1.2711009,1.0974355,12.46057,3.1379385,6.127465,3.1530285,19.40938,-8.313748,-5.7950096,-0.43405595,0.1529551,-0.07953429,0.7218491,0.33877355,-0.44840556,-0.4498732,-0.5093171,1.1604211,-0.5284861,-1.0786812,1.7140291,-2.1618595,0.3402917,0.4215288,-1.1869663,0.17902257,-1.402161,0.995444,-0.3821037,2.471029,1.7146391,-0.56269944,-0.8183148,0.9173479,-0.8346639,-0.4112287,1.1170352,0.18951894,-4.0025496,-0.35200977,1.1274767,1.8559777,0.8706604,-2.229014,-0.30858254,0.8887719,-0.14096203,-1.0371652,0.78834575,NA21088,2,GIH,4,2,2,2
-10.079399,-0.70307964,1.7483734,10.983048,4.413613,6.0097733,3.2370865,19.20784,-6.1016707,-6.382896,-0.65182537,-2.157502,1.0819097,-0.317919,1.7928082,1.54098,-0.41135478,-0.49151918,-0.40858695,-0.5260779,0.8986364,-0.40875897,-0.021745378,0.3107735,0.67677593,1.2926263,-1.69098,-1.5763738,0.44663823,1.2745503,0.51350117,-0.57668144,-0.59754527,-2.2105253,2.1166,-0.0083508575,-0.027800594,-0.79836017,1.2114997,-1.4348903,-0.47111169,1.8862804,1.3454254,-1.3715817,2.3262002,1.2462114,-0.22226013,-1.1002089,1.5311855,-0.854663,NA21089,2,GIH,4,2,2,2
-10.615677,-1.4250411,1.5408331,12.227249,3.3538709,5.9364347,3.2352686,20.439373,-5.9596257,-6.805219,-1.2197367,-1.0374013,-0.22336887,0.96263015,-1.8478917,-2.0818841,0.84021485,1.2581413,-0.32329565,-0.721484,-0.29579547,1.34684,0.36960045,-0.5885804,0.1777637,-1.359425,-1.3311094,2.635258,-1.0248048,-0.22988462,0.23502822,1.4672198,-0.7972061,-2.5311267,1.8782551,1.259257,-1.3190923,-0.6149347,0.38031995,1.1991197,0.066489965,-0.92952144,3.0696328,-0.40077913,0.94061077,2.9491417,0.31344968,-0.18118295,-2.4037993,-0.85101235,NA21102,2,GIH,4,2,2,2
-14.949238,-2.3535688,2.1260622,13.252561,4.8442144,4.6713357,3.496001,20.161123,-7.292714,-5.6963944,0.22272007,-0.933072,-0.22754075,-2.6022902,-1.3211331,0.665601,0.065422416,-0.8355098,-0.9989289,-0.32405436,-0.30344507,-0.80724674,1.2877735,0.80662143,-0.53892595,-2.1579578,-0.1841852,0.2817216,-1.3217642,1.5385247,-0.31243864,-1.1241597,0.2414137,3.6937473,-0.11707643,-1.4027054,-0.51969486,0.36493692,-0.0898756,-1.0440502,1.4062525,1.4594392,-1.8520411,-0.21491247,-1.381824,-2.5897813,-0.9501166,0.5649992,2.9492939,0.8718402,NA20845,1,GIH,4,1,1,1
-15.838891,-1.4170923,2.3179653,13.313998,4.019818,5.3506713,2.8689795,21.259169,-5.5196257,-6.626572,0.28148648,-0.37406677,-0.36727318,0.20129728,-1.408869,1.5269705,-2.7876508,-0.15648979,0.73341733,1.0501535,-0.91650647,0.1609092,0.21071497,-0.082262054,-0.5891178,1.5947133,0.7165551,-0.016391877,2.2571828,1.9687805,1.6427394,-1.7627107,1.0298673,1.846251,-0.60007805,-4.5357356,-4.6435413,-0.8386812,1.6709701,-1.207071,-1.1403928,-1.9356464,1.4128807,-0.25632337,-0.063716196,1.2536225,0.89927375,-0.32821065,1.4509372,-0.7548184,NA20850,1,GIH,4,1,1,1
-15.296495,-1.1667678,3.1688406,13.378359,4.391574,6.2512603,1.6850234,19.312935,-5.8559074,-4.457784,2.8134575,0.07511933,-0.15193705,-1.3937553,1.4086835,1.9613687,1.0286192,-0.14706367,-1.1250136,1.4108773,1.2930707,-1.266746,0.4693376,1.2855768,1.7146636,1.6593158,-1.14201,0.6420409,0.25254357,-0.19212534,0.16954681,2.3340445,-2.2927694,-2.2672675,-3.282969,-1.3925511,-3.086155,1.2107356,1.1957027,-1.1995968,-0.7780975,-2.5828955,-0.3322032,0.41341627,0.43627882,-0.1218623,0.8597523,0.3698878,2.017841,-1.0004033,NA20852,1,GIH,4,1,1,1
-16.657948,-0.92491966,3.1261406,12.97182,3.2707322,4.702267,2.1013958,19.215525,-5.706844,-5.8917813,0.8994787,0.6880659,-0.45179603,-0.8794852,-1.258066,1.7994289,1.4786543,0.9906745,2.083109,0.47164792,-0.03312063,0.07649597,-1.1660657,0.26200777,-0.34494436,2.713854,0.5780468,1.5746841,1.1086136,-3.0845993,2.6040096,1.3714908,0.56155944,2.2277853,2.3038728,-4.4209757,-1.2605869,-0.6102611,0.6473308,-1.170067,-0.14430429,-2.057518,1.2769628,-0.81468195,-3.659925,0.41954467,-0.31739247,-1.4619564,3.6806688,0.31458056,NA20858,1,GIH,4,1,1,1
-15.384452,-0.68086076,3.7876868,13.180429,3.1822023,4.76702,3.5928168,19.52554,-5.6473703,-5.120927,0.80377126,2.2027307,0.71165323,-0.75149703,0.06318943,0.45597202,0.41597217,-0.006210133,1.4344236,1.0073645,-1.6407822,-0.6368057,-0.62728375,1.5120558,0.45617053,-0.9865979,2.2466853,0.639685,-2.0643048,-1.6690822,-1.4576145,-2.9982536,1.38912,4.500744,-0.4571952,-1.911151,-0.88295996,-0.9326618,1.1694591,-3.4292655,0.12978406,-0.38099638,-0.46918038,-1.86095,-2.2752206,1.5833029,-1.436466,2.8049805,1.9748013,-0.6387389,NA20870,1,GIH,4,1,1,1
-15.867583,-1.0291713,1.5346534,12.644945,5.4071307,6.0770564,4.201638,21.56154,-5.7844706,-6.440849,2.1784372,-0.14143203,2.4672105,0.23946226,-0.32007512,0.1393523,-0.6336463,-0.08839249,-1.2331079,0.25302014,-3.02675,-0.38111094,0.17467153,-1.9444929,-0.6354864,-0.41438437,-0.46299312,0.62460387,-0.32372212,-1.1747501,0.25256193,0.41691485,0.14914471,-3.0023732,0.63032967,1.4802411,0.65291137,-0.67977256,0.9594356,-0.84778136,1.8247485,1.6708881,-2.0072098,2.1532414,-0.26935717,-1.4700198,-0.43858787,0.32396466,0.68563247,1.4439694,NA20889,1,GIH,4,1,1,1
-16.635996,-2.0385664,1.6654916,12.045002,4.142748,4.9543347,3.1879656,18.879116,-6.1967907,-6.851031,0.6332385,0.8682877,0.55159754,-0.99860835,2.2107244,0.7512527,-0.16730817,-0.66602206,-0.833398,0.3470975,0.5820703,-0.06606231,-2.483502,-1.2148324,0.4377543,0.08840504,-0.91224015,-0.48020855,-0.41682714,0.56555617,-0.30729637,-0.5460779,-0.5379862,-0.69168466,-2.5764549,1.3356333,1.1266446,1.7168236,0.82951933,-2.217638,-1.881848,-1.1528708,0.37150434,1.3512279,-0.8077369,1.5958772,0.36715046,-0.22321029,1.9448698,1.2974744,NA20897,1,GIH,4,1,1,1
-16.929895,-2.725623,2.227131,12.437319,4.721375,6.2330813,3.700137,20.25949,-5.491956,-5.8658376,0.6065266,-0.28514037,0.365223,-1.7869092,2.079536,1.3320761,0.1788498,1.2941651,-0.19149566,-0.022638438,-0.71528983,-0.34486043,0.043121446,1.6967791,1.1912813,1.0691296,0.63446724,-1.4757923,1.5696856,-1.6672512,0.017694617,-1.5009677,0.6400728,2.0756102,0.7009446,-3.1426823,0.78251386,-2.2809324,-0.76529807,-1.3819396,-0.5652253,-4.048926,0.6689197,0.051513918,0.32933813,-2.1976752,0.4421844,-1.1068443,-2.413871,-1.2893524,NA20904,1,GIH,4,1,1,1
-14.534919,-1.4106715,2.2583163,13.219344,5.096895,5.510554,2.9468188,20.528193,-5.7794027,-5.652928,0.9446454,-0.6516774,-0.05991664,0.51087767,0.26392654,-0.0576846,0.96406513,-0.5719433,-1.6419215,1.1714921,-1.7139173,0.097342975,0.94306505,-2.1381063,0.38396525,-2.0980098,-1.3737962,-0.18604389,0.08935172,0.266679,-0.32087794,0.6880692,1.935652,-1.0465767,-0.5439611,-0.9150987,2.9310367,0.06285857,-1.1200763,-0.58768946,-1.1906011,2.5726604,1.5161734,-0.44461858,-1.490623,0.030707058,0.8263102,-2.9508514,-0.61186063,-0.56181335,NA20911,1,GIH,4,2,1,2
-15.719093,-1.9946297,2.7613764,11.684751,4.1526203,6.074092,3.6422124,19.82301,-5.809695,-7.038705,0.555439,0.9881627,-0.5212552,0.32567963,-2.076343,-1.0529629,-0.9158267,-0.23212466,-1.775948,0.31104568,-0.38502276,-0.04001054,1.6319125,-2.245235,-1.1702313,-1.0588437,-1.5862606,0.048844963,0.32999933,0.6347053,-0.65371513,2.5842874,0.53249615,-1.9552133,-1.350889,0.6840507,0.03798781,3.2118294,-1.2939608,0.4989461,-2.1535373,0.6354877,3.1007428,-2.841794,-2.4263022,0.31681305,-0.1443394,0.1487196,0.5556229,-1.3403774,NA21099,1,GIH,4,1,1,1
-14.656289,-0.76247174,0.900959,12.826721,3.190785,6.17284,2.4120247,19.341906,-6.5388293,-5.1291885,-1.395602,-0.32798746,-1.5730644,1.145102,-0.6718244,-0.36640793,-1.1293378,-0.5853,0.9406537,-0.43379873,0.74520147,0.38177693,1.6826537,-0.37052995,-1.0469317,-0.94949853,-0.85083795,1.0513222,-1.5656235,0.5747009,-0.39791137,-0.21096742,-0.35429358,-0.7994925,-0.2831771,0.258998,0.08182224,0.9253877,-0.49485075,3.1345382,-0.83678967,0.97006124,0.31543857,0.2551508,0.73994005,1.5063359,0.47100776,-0.7331991,0.35869676,-2.480506,NA21112,1,GIH,4,2,1,2
-15.928029,-1.1127064,1.7597109,13.084196,4.741828,5.1798267,3.4459815,20.061726,-5.625663,-5.7034483,0.59834206,1.3738905,-0.14286488,-2.332459,-1.1704229,-0.2659988,0.83598334,0.9163147,-2.4090729,-0.5391977,0.64947957,-1.0951656,-0.04278046,-1.5759218,1.3423032,-0.33749506,-0.091201045,-0.5586495,0.3631126,-0.8212254,-0.28455248,0.68762547,0.67395514,0.75339013,-2.0958264,-0.68129617,-0.458706,1.7059675,-0.5276592,-1.5416317,0.07011752,-0.9695589,-0.5136914,0.4705748,0.43199122,0.2356833,-1.9802822,1.0141802,-0.6689428,-0.56769836,NA21116,1,GIH,4,1,1,1
-9.450139,-0.9587192,1.5784979,11.988077,4.6978335,4.4875073,1.8713477,18.813883,-6.6485925,-5.634772,0.081432424,-0.8571903,-0.70802903,1.4695086,-1.1598744,0.33741584,-0.7412226,-0.90369254,0.8321464,-0.7704671,-2.4080977,0.5322792,-1.9659153,2.786721,2.2937644,0.6822142,3.0640066,-0.30506557,0.37453267,-0.18566048,-0.52244806,-1.5652163,-0.523875,1.4174098,1.5925114,-0.91819936,1.4023539,-1.9572374,-0.039771266,-0.1442494,2.534324,1.0618246,1.5730515,-1.3604351,1.0897893,0.3069705,-1.5997669,2.2025025,2.3968709,-0.46141922,NA20862,2,GIH,4,2,2,2
-8.874609,-0.7551511,2.440284,11.285082,4.3598413,6.1255713,2.8357527,19.330732,-5.798379,-6.0226316,-0.6848954,-2.6083825,-0.39565387,1.7308091,-0.2722362,-1.1040813,-0.052483115,-0.41310298,-1.5443028,0.25297356,-1.7200853,-0.3649676,2.184436,0.7221962,0.6752843,-0.8938963,-1.4790076,0.16210943,-0.99563336,1.6879771,-1.098748,-0.8888046,-0.16139206,-0.37706202,-0.79559517,0.7269826,2.9517252,1.3778679,-1.3627093,1.5424025,0.5093337,2.541485,0.39776558,-0.2709375,1.9272447,-0.9757189,0.8211387,2.2527595,-0.40949255,-0.4449768,NA21143,2,GIH,4,2,2,2
-9.558618,-1.4382524,1.3758459,11.449245,4.76756,6.9639626,3.4236963,19.8893,-7.0639515,-6.020659,-2.871218,-2.5396006,1.265037,2.1364253,0.60464734,-3.007275,-1.0714505,0.96184057,-1.1327548,0.0767692,-1.1077538,4.425591,1.5983338,-1.5108098,-1.8933383,0.010231946,-1.1677405,2.637615,-1.0011872,-0.39514104,0.4165281,2.299504,0.95430535,-2.3339882,-1.1264259,-0.46573293,-0.5273939,1.1538185,-0.4520926,2.0815597,-0.69643074,0.77840066,-1.1145436,2.084069,1.1227511,1.4885656,-0.59879225,-2.2310348,-2.766732,0.45588315,NA21144,2,GIH,4,2,2,2
-15.184513,-1.7936332,1.6889074,12.47116,4.7945385,5.855434,3.1053476,20.100092,-5.5377216,-5.272237,-2.3040755,-0.12686056,-0.009423402,1.4901305,0.4652972,-1.0465173,-0.33052516,0.04700195,-1.5523682,0.34118116,0.4864927,1.117848,-0.61297673,0.05998224,-0.6221227,0.4385285,0.038797807,1.0968078,0.5802321,0.07815599,0.29042423,-0.25579345,-0.054318517,-0.87473154,-0.8291811,-1.6658354,-0.39095727,0.86208385,1.4368658,-0.6981959,-1.5574458,-0.3133776,-0.6083957,-0.90685296,2.4794805,0.8337432,-1.4476799,-2.2383716,-2.140712,-0.15161945,NA20871,1,GIH,4,2,2,2
-15.581474,-1.9273434,2.2636054,11.843463,4.620002,5.55993,2.8782094,20.750238,-6.033591,-5.9276333,-1.2696135,-1.4970167,0.101366684,0.8470894,-0.07328704,-0.6025536,0.07496659,0.28342587,1.508301,0.8418445,2.184163,-0.6721122,-1.0968387,0.49562803,-0.32567227,-0.49313548,1.2456911,1.3564463,0.52798676,2.8240228,-0.43912074,2.4728415,1.9489855,2.1345565,-0.4594737,-1.6320126,-2.014312,-0.6624356,0.53933436,0.59405756,-1.6971258,-1.6468982,-1.225276,1.3446455,-2.8599896,-2.9531076,-0.25271186,-2.457139,-0.91470695,-0.5229454,NA20887,1,GIH,4,2,2,2
-15.230381,-2.3394728,1.2601371,12.773061,3.4725454,7.281687,3.481047,20.298595,-6.0831056,-6.386168,0.75987065,0.9092962,-0.38092214,-1.717495,0.16061687,-1.4099823,-1.3002092,-0.9449256,0.110018685,0.3164966,-0.17297544,-1.1317209,-0.8368919,2.657514,0.8485842,0.24970235,-0.69138,0.570652,0.13409947,3.7992918,1.7450849,-2.5317314,-0.7389365,1.0897311,-0.99425447,-1.23902,2.2857485,-0.550912,-0.64160687,1.650825,3.019542,-1.5481147,-2.6025395,-0.36655775,1.0583096,-1.5555704,-1.3878839,3.2101533,-0.08226559,1.9889969,NA20890,1,GIH,4,1,1,1
-15.43889,-1.9951314,1.9492677,11.275781,4.8249536,6.988904,3.1777217,19.105955,-5.4973416,-6.4294443,0.688383,0.48771277,0.36747837,-0.7901477,0.44089064,-1.6111999,1.0170557,0.07145559,0.97176355,0.5747188,0.9328991,-2.8676646,-0.63466406,1.4324603,0.85964996,0.41287965,-1.0199418,0.022212962,-3.4982162,3.5742295,0.17556584,-1.4464215,0.61803645,5.089627,-3.1275265,1.0192039,-2.003201,1.0568182,0.9194277,0.15954216,-1.9767375,0.51725096,0.17146526,-2.9600582,-1.916606,-0.69910055,-1.630404,-1.1149741,0.8499726,0.9771782,NA20898,1,GIH,4,1,1,1
-15.177238,-0.95778894,1.8996013,12.896322,5.1305623,6.389583,2.0815759,19.354944,-5.6255918,-6.6337495,1.1003807,0.54856414,0.5357394,-0.6947711,-1.2140738,1.642094,-0.68865454,1.8804376,3.628911,-0.8822034,-0.41841927,0.49353608,-1.0726931,1.8067261,1.8433057,0.7557821,-1.1190268,-0.36527687,0.99593234,-0.42577326,1.35394,1.1314645,1.9371543,2.4917793,-0.7103549,0.0025166452,-2.3233564,-2.5009167,-0.1792944,0.21456386,0.7929976,-0.7010501,1.1627923,-0.19291142,0.9855822,0.7055958,0.42161727,2.4667215,-0.09766264,0.99287087,NA20903,1,GIH,4,1,1,1
-14.666456,-1.8368062,1.3920869,12.4431,5.4384255,4.359701,3.1271863,20.798141,-6.832286,-5.4671,-0.42047435,-0.8506508,1.8658464,0.9598624,-0.43950677,0.026760677,-0.6087987,1.1867619,1.6778221,1.3073825,0.85608834,2.7896082,-1.0049677,-1.1532577,1.0717471,-0.5968558,-0.47549668,2.488543,5.427546,-1.767379,3.5261421,4.853971,-2.89521,0.47520196,-4.2916265,-2.2505229,-3.3905218,-6.8270984,2.4106042,-1.5845029,3.2304626,-0.4633769,-3.6625028,-3.0378623,-2.4316387,1.9113231,1.7839193,1.3005543,-1.8295877,-3.6961098,NA20909,1,GIH,4,2,2,2
-15.4669285,-2.4749737,2.9180148,12.713784,4.38069,5.60869,1.4060956,20.42146,-6.0358996,-5.6530304,-1.167288,0.2697879,-0.993296,-1.3152735,0.30526006,0.67444843,0.5570576,-0.21488588,2.534069,-0.86070234,1.1955018,0.7512995,-0.83100665,-2.058079,0.256364,-0.4827821,0.7512041,0.29512835,-0.39792487,0.9973597,0.039477635,-2.023076,0.35467818,-1.3211298,1.6988634,1.9963456,-1.2139808,0.12236831,2.9638708,-0.34441346,-1.8539909,-1.1952865,-0.5499265,-1.2036893,-0.094333045,1.4525522,0.9172122,-1.3229287,0.17678834,-1.6272411,NA21113,1,GIH,4,1,1,1
-15.223516,-0.84375596,3.029954,12.212478,4.555352,6.875718,2.721038,19.83492,-5.085674,-5.88802,-0.37281266,0.37077954,0.7899802,0.7997672,0.7673311,0.25842822,1.1615322,0.36621827,-2.51223,-0.1856692,-1.6129353,1.2414083,-1.2554413,-0.26046497,-0.117343,-0.14501575,-1.481844,0.13430764,-0.7098769,1.8285961,1.1904914,-0.13728505,0.8672636,-1.9690362,-2.9503777,1.1514373,-0.84580934,0.3833236,-1.4092163,-0.34153837,-1.0355747,2.362101,-1.4377432,-0.7197919,1.0822048,-1.0508561,1.6277951,-4.381713,0.09676918,-2.27386,NA21115,1,GIH,4,1,1,1
-15.578817,-2.546294,1.6115881,13.603119,4.9819226,6.72159,3.0644898,20.499647,-5.923757,-5.7131205,-1.1896567,-1.4276568,-0.5793435,0.7896154,-0.1523749,1.3809009,0.2844491,0.95575404,1.5262978,-0.8900346,-0.18024206,-0.3667791,0.9689381,-0.9782372,-1.5237162,0.6904935,-2.0083003,0.7094375,0.60248005,0.052835375,-0.88735473,1.2543759,-0.010168486,-0.3471876,1.6147918,-0.25002632,-0.62394243,0.35455748,0.09463301,0.122677356,-4.050313,-0.1173624,-1.9936446,0.009154894,1.6668291,1.5776471,0.4804092,-1.2622005,1.414292,0.47066838,NA21118,1,GIH,4,1,1,1
-16.487442,-1.0213375,2.2206528,13.32554,3.98408,5.9514985,2.1266997,19.528032,-6.0453134,-6.230685,0.9999768,-0.6148434,-0.80872995,-1.8451685,-0.82368433,-0.008868021,-0.053673964,-0.6611726,0.19487509,-0.8556953,0.38400495,0.20293678,2.654881,-2.4717138,1.337209,0.14705923,-0.9995189,-0.22679126,1.4980421,0.73366,-1.4208305,0.5164569,1.305748,-1.4405394,0.31125244,-1.818249,0.65426826,0.3177823,-1.0304916,-0.5036845,-0.18293221,-1.1715059,0.81474215,0.69912463,0.65262026,0.85987264,0.9218162,-1.4376131,0.6117585,-1.4914162,NA21119,1,GIH,4,1,1,1
-14.614237,-0.86915684,2.855619,12.338576,4.5685015,5.9186287,2.0835826,20.580025,-5.788104,-5.978971,0.3420052,0.32569113,-0.69384444,-0.3930878,-0.8156741,-1.8434143,0.29281953,-0.43349406,-0.4011284,0.31449392,0.8576678,0.901486,0.6926254,-0.6176052,-1.4374653,0.705439,-0.07882027,0.05550792,0.7168614,2.0311358,-0.29130694,1.7854781,0.4431386,-4.170158,-2.3245466,0.42891032,1.9354069,-0.32128817,2.8120062,0.033189848,1.1206592,-0.17002778,0.84719694,0.6318907,0.37108958,-0.49037,-0.071832135,-0.65151596,-1.5482409,0.8834941,NA21123,1,GIH,4,1,1,1
-11.361501,-0.44711205,1.4061148,11.351881,4.512152,5.3623667,2.3011339,20.47813,-5.7774463,-7.2985606,-0.1771296,-0.63771015,-0.2690488,1.0271105,-0.42488194,-1.4234304,-1.523621,-0.4591279,0.024722654,-0.10106916,1.0548273,0.073275395,-0.038207214,0.069381125,-0.4176532,-0.75861025,1.2983587,0.31673837,0.04538355,-0.16742545,2.5558746,-0.8246196,-0.5835545,-0.8434302,1.8870635,0.7244493,0.51651764,-0.57763743,0.4932597,3.7522771,1.2381549,0.2814044,0.70183164,-1.790013,1.6829323,-0.798933,-0.43453145,1.2023562,-1.7784796,2.7684567,NA21097,2,GIH,4,2,2,2
-9.348853,-1.1284889,0.83314234,10.540746,4.608807,5.717944,4.23736,19.887133,-5.112153,-5.7070675,-2.0408878,-2.8337655,-1.0002198,2.9402874,-2.5045474,-1.2609804,2.320657,-3.1764383,-1.7149681,-1.8621999,1.7955431,-3.3919456,-2.5905273,1.0343964,0.3323905,1.0540923,3.5771608,-5.985729,-1.5509533,1.1771681,2.1519084,-5.7927327,2.6729982,7.326722,-1.7483996,-3.7793317,-2.390369,-6.256892,-1.442719,0.19175613,0.34697804,-1.073769,-4.5551143,2.4466114,3.1195452,-4.4355865,-3.2016983,4.456712,-0.9291372,-3.3981667,NA20882,2,GIH,4,2,2,2
-9.77793,-1.2615521,1.3287976,10.478642,5.2041945,5.364235,1.9819877,20.125849,-5.7197194,-5.9092135,-0.42196628,-0.7331026,-0.04950332,1.0967611,-0.53276455,0.147312,0.21604124,-0.39488313,-0.51009613,0.7206845,-1.5443246,-0.43033537,0.6613728,-0.20254105,1.9118294,0.68617123,-0.84431833,-1.0062271,1.613325,0.43903688,-1.52122,-0.36699483,-1.0194757,-0.7824624,-0.70625055,-1.5440004,-2.0899582,-0.68999153,2.6920478,1.46719,1.4558524,0.14535038,0.22227761,0.35616904,2.05954,0.40758684,2.6733603,1.0099602,0.69258386,-0.25588277,NA20894,2,GIH,4,2,2,2
-10.712418,-1.6330745,1.5140507,11.551193,5.1921854,5.8600955,2.5735662,20.44178,-6.088708,-5.857897,-1.1549582,-3.2521708,0.39139685,1.260501,-1.0414453,1.4899478,0.3768477,0.6192121,-0.033389624,0.3105656,1.4870421,0.8797955,0.6240134,-2.5025723,-1.0678054,0.4035928,0.1920494,-0.313562,0.032789808,0.06661647,1.0156271,0.15752254,1.0143845,-0.63778,-0.33341223,0.5799153,0.82027996,0.68262374,-0.5359833,-0.04986304,-1.6059797,-1.6101859,0.4234136,-1.3111368,-0.58698875,0.88371915,1.486852,-0.7987651,-0.9037619,-0.44602925,NA20896,2,GIH,4,2,2,2
-11.473324,-2.0193503,2.2318127,11.003268,3.5708497,7.5329566,2.1289093,19.903217,-5.652165,-5.5253954,-1.1423644,-1.2965604,-0.7810075,2.1578608,-0.8815152,-1.0870324,0.2970406,-1.2976463,0.012029105,-1.2286566,-1.1817639,2.1891937,1.4962153,-2.8901107,-0.9918074,-0.38902995,-1.0946543,1.610359,0.23546055,1.6363016,0.294156,2.1534605,0.43561006,-2.6483448,1.0154773,3.614652,1.11056,0.52898055,0.30520985,0.77795404,-0.018004173,1.3703558,0.13524573,1.0069355,1.0098116,-0.02358164,-0.40825394,-2.0356026,-1.0010453,0.82973725,NA20902,2,GIH,4,2,2,2
-15.867918,-1.8186761,2.3176496,12.931527,4.642198,6.2502093,2.6225538,19.080069,-5.9630504,-5.828549,0.40737,1.2814121,0.43474367,-0.94518393,-0.32928336,0.2387986,-0.59962565,1.1084732,0.058759294,1.6127731,0.30237,-0.71207726,2.6627624,0.77526486,1.4165003,-0.25368485,0.009290917,2.4261184,0.07571868,-2.067359,-2.1187847,2.2024693,0.5423904,0.8018196,1.5890722,-1.6675454,-1.9786711,0.27275264,0.38047278,-1.8666269,-0.18307066,-1.2447793,-0.7587376,-2.0349545,-0.41155934,0.24101955,-0.82036567,-0.8840869,-0.18170287,0.1371421,NA20895,1,GIH,4,1,1,1
-10.330281,-1.2908646,0.9984773,11.145783,4.3547387,5.4403768,2.1667023,20.655159,-5.3435726,-7.1183968,-0.6083669,-1.3125381,-0.5958294,2.4631858,-0.68977207,0.2815411,0.0054870127,0.45357803,-2.7592013,-1.0473701,0.32342535,-1.2743895,-1.4148136,-2.3865347,-1.049569,0.26200727,0.4039443,-1.8643206,-1.7090778,-0.86645097,0.19068694,0.65119106,-1.7963648,-0.49371675,1.2682092,0.94071794,3.33378,3.006413,-0.9755511,-2.35142,0.092613935,1.172402,0.954063,0.20120683,-0.092345536,0.11461364,0.6966854,-0.30570948,1.2800521,2.2301764,NA20856,2,GIH,4,2,2,2
-9.863937,-1.2598555,0.99105704,11.382787,4.48285,5.8309345,2.7177403,20.286375,-5.095218,-5.2686453,-1.3557308,-1.2410667,-0.2210315,1.7256527,-0.36054876,-0.9299409,0.68545645,-0.45684993,-0.94863725,0.8490391,-0.15573657,0.9497069,2.05208,1.9620761,-1.1642797,-2.304463,0.38270083,-0.37974593,-1.0970628,-0.9236213,1.1622338,1.1021736,-2.0353212,-0.18767439,0.98923886,1.3707337,-0.59547293,1.7187576,0.7786932,1.6057146,0.4190623,0.1140491,-0.0654789,0.019595455,0.4915931,-0.24089143,2.0705113,-2.661986,-0.112151414,3.4781778,NA20869,2,GIH,4,2,2,2
-10.894976,-2.6666782,1.6578746,11.156659,5.1936216,5.7076883,2.605316,19.70631,-7.200931,-6.0577703,-0.01746804,-2.324471,-0.9807241,1.3082283,-1.3940624,0.08245624,2.2637715,-0.46644375,0.8601308,1.5347222,-1.3967963,0.6963334,1.4070352,2.5656738,-0.68586904,1.6958537,-0.3586341,0.51699966,0.5075155,0.54180366,-0.7280546,1.2666768,-0.11904964,1.484125,-0.10360973,0.3578357,1.7535664,-0.15650244,-0.08196485,0.46770093,-0.44300812,-2.3841848,-0.6971404,-0.6477247,-1.6755528,0.9672998,0.59432197,1.2439723,0.8583177,-1.0053316,NA20872,2,GIH,4,2,2,2
-9.298227,-1.8203523,0.9553879,11.505781,5.79203,6.7438226,2.358552,19.403496,-6.3974895,-5.6006746,-1.7985452,-0.60655,1.5498346,2.967499,-1.7321694,-0.7598643,0.49687794,-1.1258187,1.4481676,-0.8008221,-0.25013265,-0.68110126,-2.4995575,4.3990307,-2.0742679,1.377578,3.2782457,0.4140476,-1.5142323,0.61751115,1.7770025,-1.6643312,0.6813936,2.225247,4.1010456,1.0521064,-0.25827754,-0.2706708,1.9186363,3.7021222,0.3359617,-0.012241594,1.2934908,2.673327,-1.8508538,-5.0885706,-0.17844836,3.3213084,1.0917225,3.1881838,NA20874,2,GIH,4,2,2,2
-10.172815,-0.9811772,1.1672457,11.446959,3.7710965,6.2745266,2.9454055,19.91928,-6.183562,-5.7134023,-1.7250842,-1.5519536,2.4458134,2.93392,1.0049862,-2.7756658,-0.6228749,0.059672408,-0.2336492,-0.3505254,0.6645547,-0.092810534,1.2656137,-0.45197308,-0.57555735,-0.3344203,-2.3461294,-1.2484623,-1.9053507,-0.25935337,-0.055545673,0.067287914,-1.0553708,-1.6690158,-1.7980995,1.0542443,2.6366389,0.6150431,0.29010725,0.018725945,1.4473578,0.42203826,-0.17640322,-0.79485375,0.52803105,-0.49793285,1.1009507,1.7561685,2.0406067,1.2341745,NA20854,2,GIH,4,2,2,2
-9.209681,-1.2937653,0.21315151,12.287478,5.4659476,6.8651147,2.6746118,19.622269,-5.9737215,-5.8471603,-0.9987962,-2.7290442,0.827953,1.6332338,-1.409687,-0.5470416,0.49659088,0.41572866,1.1185795,0.0104892375,-0.41724902,-0.5674813,-1.8720226,3.372246,-1.9830878,1.3160129,2.06663,0.7862083,-2.333932,0.9870089,2.3244293,-2.430218,0.27351984,2.8360271,4.9319286,0.9097677,0.35277355,0.35579753,1.7004577,3.6319902,-0.95884925,0.04785958,0.39275953,2.576226,-1.2975211,-3.5489297,-1.1222017,3.1332498,0.3906551,1.7588346,NA20879,2,GIH,4,2,2,2
-16.439291,-1.2360917,2.4630213,13.018631,4.282496,5.9443784,2.8280685,21.55171,-5.2643847,-6.0212693,0.44685993,0.3416745,-0.31988388,0.5608523,-0.56036496,-0.89263624,-1.0235246,0.30302557,-1.3111022,-0.23339012,-0.2689244,2.2293565,0.99297386,-0.55317545,-1.2220927,0.44829038,-1.1969342,-1.3830522,0.85518825,-0.009749725,-2.0856903,0.1479423,0.480187,-2.1099026,0.9906085,0.23460561,-2.0024855,2.378723,0.7916719,0.6297412,-4.1716533,-1.28168,2.8096638,-1.5164458,2.6758587,1.734688,0.45973608,0.88818306,0.6716195,-1.7037921,NA21111,1,GIH,4,1,1,1
-15.028724,-1.1875879,2.6609538,13.185092,3.9096196,4.6299133,2.7119267,19.285044,-6.555225,-6.52448,1.890633,-1.151597,-0.68953824,0.2083313,0.9824684,1.01769,-0.23302026,-0.42816684,0.09986647,1.7455679,0.099253476,-1.9523308,-1.6863058,0.49028605,0.044880237,-0.46806383,2.6848447,-0.379615,-0.13819978,-2.1133008,-0.20152892,1.9926025,-0.8772361,1.0350951,1.0195224,-0.66451013,-1.6022586,-1.652629,0.035491906,2.013314,0.5653937,-0.54140985,1.5464988,0.46891326,1.2043107,-2.7019672,-2.1015,1.6891744,2.4118397,0.19944392,NA20846,1,GIH,4,1,1,1
-10.5634165,-1.2809734,2.1269722,11.00535,5.1422925,5.852339,3.8244293,20.290213,-5.3193245,-7.0494747,0.37247264,-1.2682258,-0.3596628,1.1380827,0.07774108,0.6588205,0.20395221,0.88559383,-1.1418643,1.746336,-0.44890246,1.2187836,-1.2082458,1.7820525,0.057617124,-0.85674536,-0.5655788,1.5648023,-0.5883213,1.6897916,2.2103894,-0.31234258,0.53824496,-0.2703841,1.42661,0.75168097,3.0544446,0.5868506,-0.18541108,1.9984412,1.355595,0.3705017,-1.7504323,0.17273279,1.4376761,-1.1418082,-0.12378387,-0.4571076,0.7893586,1.20837,NA20899,2,GIH,4,2,2,2
-9.989642,-1.1977818,1.7630496,11.805728,4.565326,6.009555,2.952696,19.730434,-6.364205,-6.0670576,-2.2036426,-2.3362591,-1.7210532,1.4267191,-0.07867868,1.3031226,-0.18654664,-0.7993773,2.3363066,-0.1682872,-0.17992088,1.400351,-1.1192521,1.9993869,-0.7977963,1.6114914,2.1459477,-0.80582917,0.72354996,-0.6457817,-1.0707626,-0.7968762,0.20396894,-1.2251489,1.98066,1.2841182,1.9158262,0.40521497,1.9301441,-1.2321951,2.4962256,-1.1753063,1.8745767,-0.8800266,-0.76749456,0.047933526,2.680475,-2.31924,-1.2496744,0.124235526,NA21108,2,GIH,4,2,2,2
-14.109482,-1.0401043,1.9309645,11.505731,4.427833,5.9118433,2.7578883,19.743715,-6.3249674,-6.0238376,1.4160937,0.5909401,-1.0462894,-1.8100661,2.7035863,-0.618126,-0.17968282,-0.8187973,-0.1411032,-0.07904652,-0.9161868,1.4172027,2.362697,-1.6211666,-0.9936865,-1.8540055,-1.147522,-1.0084168,-0.6850017,-0.18915264,-2.1720817,-0.2581321,-0.54272467,-2.294165,1.7222164,2.857022,2.0817916,1.9002875,1.0939822,0.92005867,-0.8506692,-0.01993097,-1.1447463,-0.19055471,1.5400225,0.4488067,-0.5164756,-1.7918469,-2.35614,1.3865769,NA20861,1,GIH,4,1,1,1
-16.282951,-1.1082718,1.6317985,13.046533,4.3733754,5.332978,2.4500308,20.515789,-5.809358,-7.0863204,0.2265845,-0.92074484,-1.4607023,-2.781532,-0.26263303,1.1305357,-0.6475835,-0.51310515,-0.1600098,0.78978235,-0.6840608,-0.2524527,-2.6586034,1.1146412,0.68912494,-1.2530165,2.5623333,-1.2347938,1.0503447,-1.6969099,-2.355203,-1.4308916,-1.892538,2.0134244,-0.052593157,-2.353737,0.6483397,2.004618,1.1792262,0.1477636,0.94330966,-0.63002944,3.1479952,-0.0218636,1.5468036,-0.65146947,0.4099757,0.16580321,-0.2777647,1.9594532,NA20873,1,GIH,4,1,1,1
-14.150676,-1.8917763,2.625474,12.004893,3.695725,6.3881783,3.2243936,19.826035,-5.6400084,-5.2965455,0.2958869,0.6141797,-1.3823082,-0.3837237,1.3731623,0.7998775,0.21617542,-0.11921758,-0.21489401,-0.041959085,-2.8283284,-1.7764441,0.84473044,0.6144948,-0.75776964,-0.24406406,0.9176014,1.9873713,0.43027785,-1.577148,-0.60190535,0.08908054,-1.4842243,-1.7929556,0.82256174,-2.1378624,0.8989008,3.3209984,2.242804,0.33661908,-1.18589,-0.5760388,-0.4518915,1.1816458,-0.21881168,0.927195,-1.068476,-1.9056331,1.0243831,0.075986095,NA20884,1,GIH,4,1,1,1
-15.935627,-0.84517723,2.130961,13.534197,5.641019,6.763642,3.2025332,21.41164,-6.7523303,-7.1918364,-0.5787313,0.57825196,-0.49977106,-1.919918,0.36520258,0.31474292,-2.1373694,0.053026322,-0.3649549,-0.82355934,-0.946678,0.47878468,1.1974447,2.4786448,0.49597424,-1.7494735,-0.39597443,-0.40506944,-0.0076369266,-1.9084249,-1.6038308,1.4430066,-1.4300712,-2.201923,1.4254955,4.3145914,-0.10267656,-2.5721352,-2.346388,-1.4562688,-0.044909414,-0.08745315,0.8338318,1.795704,1.9571875,0.34637102,-1.4237224,1.6023494,-3.334608,0.23970146,NA21091,1,GIH,4,1,1,1
-11.130783,-0.5193884,0.35361984,10.6507,4.015693,6.445626,2.6482038,19.221922,-6.7133713,-6.3364377,-0.6064148,-1.7387854,2.0842526,0.65816486,-1.0101073,-0.9222665,0.88748777,-0.490269,0.7897947,0.11824914,-1.2989396,-0.5075145,0.3173236,-2.2099183,-0.7253022,-0.99353975,-0.25977445,-0.7251574,-2.4994762,0.420386,0.6329043,-0.07998462,1.8405402,0.5419569,0.4341372,-1.1919394,1.4810493,1.9452585,0.82667863,0.58302116,0.026292065,2.5261357,0.3963538,-1.3474121,0.16911368,0.5867991,0.16791819,1.61822,-2.5474608,0.51291084,NA20875,2,GIH,4,2,2,2
-10.92073,-1.5237674,0.07623504,11.3989525,4.5235963,6.298978,2.5666165,19.406723,-6.12509,-5.8176894,-1.310366,-1.7195703,0.77065784,1.4177903,-0.53049546,-0.9381583,0.35507718,0.47846326,-0.7353427,-0.643389,-1.1845942,-0.050021827,-0.50230634,-1.1108171,-1.4967859,0.665037,-0.9656442,0.49546084,-0.02632525,-1.1095294,-0.12787205,1.4072076,0.7297304,-2.2625122,0.029553818,1.5332412,2.2721279,1.8930618,1.6673411,-1.9111025,0.061274517,1.088832,-0.3443991,-1.5294154,-1.3841074,-0.7793648,0.054139942,1.1297015,1.0002252,-1.6353886,NA20876,2,GIH,4,2,2,2
-9.822394,-0.8097883,1.6611408,11.615291,4.5734644,5.236361,2.8739648,20.821383,-6.048989,-5.860661,-2.0658634,-1.6528068,-1.0069728,1.5956079,1.0944508,0.32216936,1.8129487,-0.30935216,-2.1269982,0.08342727,-1.604089,-1.3029083,-0.37745768,-1.9100521,-0.27302575,1.8958503,-0.12600622,-0.12874532,-0.2299378,-0.64468133,0.02565245,0.122379914,1.642369,-1.090607,0.09295772,0.37123197,0.93865854,2.6204207,1.3035134,-0.045633912,-1.9247254,2.4319098,0.5844675,2.1416354,1.6857455,1.4819179,-0.88027257,-0.9990916,-1.933371,0.4997047,NA20877,2,GIH,4,2,2,2
-9.661368,-0.6270626,1.2275406,11.649218,2.98213,5.160046,2.5692918,19.32037,-6.79184,-6.0954185,-0.86353093,-1.7559366,0.2911697,1.2467145,-0.56685835,0.6460371,1.5948153,0.4502272,-0.51923007,-1.1376832,0.19754139,3.304449,-0.90077746,0.2620343,0.19026358,2.3590336,0.04512165,0.2510165,1.0963258,0.7063211,-0.32515833,-0.8224688,0.08943702,-2.5217745,1.4609544,0.065029025,2.5660198,2.2579477,1.8097774,0.18309,-0.0479807,1.6083081,-0.6231932,0.36353347,-4.1109653,0.580383,0.16385825,-3.9188592,1.0111098,-0.35958928,NA21103,2,GIH,4,2,2,2
-15.100389,-2.3946936,2.2062106,13.03816,4.556683,7.246835,3.120262,19.832869,-5.942911,-6.305991,-1.0443653,-0.7724781,-1.0318929,-0.36085418,1.428641,0.17125951,0.5065236,-1.737876,1.2307287,0.42269504,1.0634372,-0.13843916,-1.99156,3.385653,2.0634878,2.8444757,1.3617104,2.9202392,1.5350811,-1.658886,0.3061755,1.0280677,-0.27000603,0.25026855,-3.275256,-3.8191328,1.7535591,0.27123007,1.2753086,-0.2781423,0.96145594,-2.843794,-1.0148344,-1.2471478,0.015135726,0.15020464,-2.082504,-0.2572767,-2.6263304,1.2656404,NA20885,1,GIH,4,2,1,2
-14.098781,-0.8213842,2.2083673,13.013827,4.466634,6.266595,2.6170263,19.784824,-6.5695243,-6.375723,-0.44302887,-0.8412176,0.05739839,-0.70756936,0.55403054,0.594214,0.07223471,0.32099608,1.0013347,0.26420513,-0.7929492,-0.4731124,-2.335138,-0.36656895,-0.020338064,0.1318101,-0.85522145,2.5736187,-0.4682475,0.74032295,-3.3248074,-0.44393632,0.1861447,-0.61419785,2.615975,1.3810197,1.2948167,1.2111453,0.10328737,-1.3186884,-0.55627245,1.3235209,1.5720623,1.3485897,-0.71487904,-1.6560969,0.57007027,1.0089722,2.1831315,1.751415,NA21117,1,GIH,4,1,1,1
-10.244582,-1.616944,1.8036515,11.6667185,3.6054945,6.2429566,2.6887345,20.081781,-5.1238995,-6.6334,-2.367672,-2.7241526,-0.37886497,0.8457839,0.7524999,-0.0066600465,0.5329693,-0.21997267,0.547338,-0.77067006,-0.05679638,-0.9218922,-0.76911134,-0.356736,-0.48710498,-0.84691936,-1.0886449,-0.17323354,-1.1847447,0.648677,1.2778343,-1.7913235,-2.7775288,0.17018177,1.5447862,1.384821,1.4874785,0.55350375,-2.4565103,0.80243725,-0.34517565,1.0874947,-0.5585756,0.83425295,-0.22742352,-0.15493785,-0.25956106,2.4263718,1.2977904,0.09819329,NA20859,2,GIH,4,2,2,2
-10.247406,-1.7787452,1.3616986,11.711172,4.174055,5.4387074,1.8342017,18.824703,-6.0205693,-6.8363824,0.18386212,-0.270697,-0.85754704,1.8206354,-0.40052983,-0.1855492,2.0664341,-0.44549,1.0498158,3.8266025,0.67791736,-1.6511606,-0.21366464,0.58777744,2.6347842,0.38113114,3.9393764,0.10676313,-1.9358363,1.593451,0.606796,-1.2824017,4.677591,3.1418204,0.04823105,-1.7153102,-1.4407783,-0.05731153,-1.5473121,-1.5785989,1.0564687,-1.8854002,-0.7775343,-0.70502055,-1.0942692,-0.40860692,0.0506521,3.4116497,0.9802031,-2.8676627,NA20881,2,GIH,4,2,2,2
-14.8120165,-1.2152798,1.7305082,12.048267,5.1079006,6.289441,3.7006695,18.70828,-6.4347167,-5.633502,1.685682,0.088370934,1.4936967,-0.32069966,1.4409028,-0.17664441,-1.0840644,-0.13781206,0.023526711,-0.25162303,0.18441759,0.66454744,-0.1864956,0.22057392,1.2394722,2.050988,1.4464434,1.9804653,1.7853487,0.17934494,0.5691053,0.6759959,-0.6154801,2.3725078,-0.3777917,3.5155468,0.13152163,1.0492872,0.49129537,0.038882554,-0.7653122,-1.1656528,1.3163396,-2.5975862,0.4590331,-3.5393913,-0.96337485,0.5213629,1.9102663,-0.5804466,NA21095,1,GIH,4,1,1,1
-14.768032,-1.6613743,1.8950456,12.142501,5.226659,6.3415728,3.1840231,19.85682,-5.4645085,-5.910674,-1.6046947,1.0194976,-0.70855874,0.76855195,-0.4700471,-0.77019864,-2.0900111,1.616046,1.2572359,1.069516,0.21622938,0.5017067,1.3734182,-0.77351755,-2.263969,0.11579814,-1.5265381,-0.17480162,0.7656644,-0.4629816,-2.1018405,0.0016880726,0.47982094,-0.5408763,0.5283953,-0.7758311,-0.8522321,0.21809156,-1.9643747,0.45302227,-2.0275762,-2.4969606,-0.3128158,-0.7421396,-0.2749543,1.4848479,2.6269186,-1.7864828,1.0605351,1.5061508,NA21114,1,GIH,4,1,1,1
-14.424369,-0.52410555,1.7534842,12.863413,4.0838685,4.987431,2.574132,20.031563,-6.3584366,-4.9544106,-1.1863331,-0.09743281,0.8385081,0.48532352,-0.41570866,0.31507742,0.12139248,-0.7306353,0.11067306,-1.5609385,0.49369708,0.60173255,2.0276573,-2.2411418,-1.3440691,-1.0219327,0.08314039,-1.2458483,2.5908482,-2.2609293,-2.7158213,0.48381975,0.70339483,-1.9906394,0.34138432,3.0516748,3.357785,0.17046429,-1.7478237,-2.833686,0.96120626,0.09767439,0.8426812,0.85718423,1.9121562,1.0852495,1.8562193,-2.4617753,-0.7364949,-0.2954867,NA21129,1,GIH,4,1,1,1
-14.909472,-1.2350839,2.0011668,13.662589,5.478003,4.649538,2.279023,20.363451,-6.0596743,-5.9085326,-0.11517344,0.60715145,-1.2654544,0.43755844,0.79912525,0.45668292,-0.4671291,-0.20634633,-0.5146685,0.61820143,0.51864594,0.742108,1.1173525,-0.5672511,-0.25039744,-0.27228212,0.62711865,-0.04948096,0.33102372,-0.6973018,-1.6751676,0.79150295,1.8809618,-2.1998506,1.6974795,0.7067915,0.52117324,0.41683915,-1.0523584,0.9766423,0.39979973,-0.47577512,1.017025,0.38935485,4.0521307,0.18622957,0.32020447,0.85624367,1.2312979,-0.0024536266,NA21134,1,GIH,4,1,1,1
-15.047118,-0.8371703,1.7453318,11.2731495,3.5121186,5.3717046,2.8340147,19.440409,-6.114154,-5.939615,0.11563997,-0.045473278,0.21011509,-1.2475764,0.054112516,-0.028425131,-1.8071389,0.47766733,-0.44364476,-0.40712333,1.858983,-1.2005138,0.35532928,-0.13433562,-1.6634188,0.024008255,-0.39944857,2.5907228,-1.5629101,-1.9974611,-0.8162842,0.044912554,-1.2373567,-1.0333284,0.7139502,-1.4499102,-1.9406013,-0.89189285,0.17552735,0.270219,1.1690807,-0.8846139,2.0780532,0.26277226,1.9635309,1.8921853,-0.06920181,-0.92679733,-0.29036126,1.3883135,NA20867,1,GIH,4,1,1,1
-15.035725,-1.3608274,1.4622099,12.545654,4.9311814,6.342138,3.1990747,20.641148,-5.9733853,-6.406463,0.2582946,0.32991377,-0.70231974,0.4270612,1.8523152,-0.65980864,0.48016435,0.8003763,-0.3577941,0.9610656,-1.6829653,-1.1994146,1.3762575,-0.7231946,-0.797553,1.2856005,1.1972512,1.9879622,0.6090298,1.5155368,0.4673102,3.6474755,1.4056138,-2.7371213,2.1206067,-1.5463771,0.5764586,1.4173551,0.8254839,2.043708,1.8210936,-0.9221252,2.913484,1.781958,-2.9899566,2.4984374,2.5853477,-0.36615574,-1.2413714,0.39315334,NA21131,1,GIH,4,1,1,1
-15.719447,-0.8499139,0.97837967,12.966309,4.7229543,4.819547,2.0787628,19.644718,-5.81318,-7.0376706,0.48651487,1.5211759,0.392229,0.4985294,-0.34453005,-2.085414,1.0046184,-1.7179202,-0.31842935,-0.080699675,0.7921626,0.88476735,-0.7895008,1.7980012,1.5077629,-0.2913068,1.7122315,-0.8331449,-1.2781045,0.46850687,0.16900538,-0.8182571,3.466519,1.4547222,-2.8972974,-0.95630896,1.3469104,-0.71256363,1.3040476,-0.98200285,-0.27723175,-0.97121036,0.054797392,-1.3773232,-1.9020507,0.46160644,-1.5044254,1.5421603,-0.7099964,2.230346,NA20905,1,GIH,4,1,1,1
-15.258378,-1.6264379,2.4830296,12.632624,4.5845637,5.18789,3.1405509,19.36387,-6.050019,-5.257808,0.40495655,0.65052617,-1.3945444,-1.2782062,-0.50070614,-0.5859859,-0.6830497,-0.34726524,0.14245375,-2.179617,0.51355153,0.26189768,0.1860919,-2.041238,-1.1214987,-4.975483,0.43113622,1.1473966,-0.762864,-0.08772153,0.17960364,0.41736522,-0.551482,-2.3854265,-0.5193704,-0.43279007,-2.3358269,-0.22759923,-0.6923418,1.4797722,3.4561098,4.387423,-0.45597914,0.60546637,0.34943786,1.2920284,0.11538014,-1.446713,-0.930985,0.7993232,NA21087,1,GIH,4,1,1,1
-16.412884,-2.087234,1.6505958,13.905929,4.5010424,6.356835,1.8326234,19.389011,-5.2729535,-5.6664987,-0.26817396,0.1526531,-0.6719709,-0.5597386,1.2097354,1.4794369,0.2109564,-0.9612429,-0.90300363,-0.1929209,2.4468162,0.34378684,1.4243972,-1.5339731,-1.836345,0.36219206,-1.1670369,1.395974,-0.98612183,-0.6337827,2.597232,-1.2411033,-1.7136048,-2.252823,-0.6549806,1.082107,-0.12161535,2.6785755,0.095649146,1.0809993,-1.0255363,1.388807,0.2658698,2.8315916,-3.0842679,-0.39180508,1.881869,-1.1318113,0.30387756,-0.43979305,NA21093,1,GIH,4,1,1,1
-14.466662,-1.1376387,2.1150732,10.704668,3.2224734,4.909132,2.2304852,18.649385,-5.9135675,-6.8023977,0.342282,1.0400232,1.198655,0.24496862,0.1248296,0.16049446,-0.1093638,0.5580391,-1.6057057,0.5289193,0.7838736,-0.856224,1.9714105,-0.072623104,0.7783716,-0.20514661,-2.616725,-1.431786,-0.6212808,-0.4689,1.185489,-1.4303421,2.0710514,-0.06355672,0.20399156,1.5259153,0.09243687,0.072326645,-0.41499656,1.2381247,-2.6444879,2.1699846,0.19555373,0.3528714,0.7746889,-0.023905253,-2.1572778,-0.4088742,0.07225594,-0.6810458,NA20863,1,GIH,4,1,1,1
-15.951455,-1.2512566,3.3093631,12.442883,4.0401382,5.9016237,3.0616384,21.056202,-6.6361575,-6.9010096,0.3313879,1.5590653,-1.1018875,-2.5766325,-0.044966623,0.9625396,-0.3316384,-1.4848789,-1.3282056,-1.8376352,1.4478575,-1.5078223,1.6172998,-1.1578681,-0.2440965,-0.20123366,2.4233446,-0.2815884,0.9283023,0.29966936,-0.71739125,-0.44984365,0.24754229,2.108615,1.3367728,0.14065686,0.0054980633,0.6234083,-0.88832647,-0.8337064,0.26432717,-1.6165922,2.4060302,1.6488309,0.5703331,-0.18723002,1.539946,-0.6662116,0.25357792,1.1365172,NA21124,1,GIH,4,1,1,1
-15.889588,-2.6375923,2.3308425,13.208733,4.005995,6.871128,3.8104558,20.875895,-6.553956,-5.558714,-0.19703901,-0.31492415,-1.399475,-0.54192126,0.6299915,0.932988,-0.3532094,0.53184557,-1.4174474,0.71528625,0.48329732,0.14499453,1.3717376,0.1558603,-0.44691455,0.3555618,0.217048,-0.8115848,0.38648936,-0.91600764,1.791077,2.3176825,0.80014884,-2.318072,-1.6705669,-0.9536969,1.3325258,1.7562654,-1.7940911,0.09301433,0.64189494,0.15652771,1.2456781,-0.62700486,-0.519104,-0.7412923,-0.5431192,-0.20460632,2.4101374,0.92769337,NA21126,1,GIH,4,1,1,1
-15.348841,-0.6242163,1.5262946,12.979064,4.9987893,5.3110857,3.6843991,19.603815,-6.2405586,-6.509765,1.1721346,1.3586789,2.221968,-1.803474,-1.0544878,1.3488479,-1.4126115,1.0159277,0.52666384,2.0469568,0.089438185,0.30487606,0.15266438,1.2178957,0.20323098,0.84316057,0.16851684,-0.27633247,0.3430329,-1.4620725,1.0697759,-0.1298878,0.9905552,0.66936463,-0.04454615,0.16127378,1.2890527,-0.8205241,-0.6294907,-1.8661762,2.894606,0.8633171,-0.39612845,2.3226764,-1.7590753,-0.531893,0.090134405,0.6770156,-0.46273738,2.203717,NA21132,1,GIH,4,1,1,1
0.1197903,0.28459933,-1.7734284,17.885336,-17.88757,-13.023433,0.4531111,-2.879266,-0.391648,0.12835553,-1.4944042,-0.68913925,0.441254,1.5634665,-0.7798499,0.50954837,2.1615863,0.7142222,-0.71442705,-0.5124026,1.3595682,1.712041,0.7729501,0.23769756,-0.7314237,-1.3000106,-0.36460885,1.2031417,0.6386674,0.96150166,-0.39213157,-0.19028641,-1.2547382,-0.9292676,0.73443776,1.1018244,0.39133143,-2.6895118,0.27017903,-0.1590088,-1.9719164,-1.7113938,-0.78600246,-0.8940635,-3.8219287,0.10514563,0.98211414,0.21928152,0.015260604,-1.5052818,NA18946,2,JPT,5,2,2,2
1.0024266,1.7551966,-1.0083863,15.967256,-18.474672,-12.67755,1.1258035,-4.6426263,-0.16918713,-0.2152487,-0.053691752,-0.34665576,2.1625996,0.88171184,1.9186482,1.1925662,-1.1272721,0.5252278,-0.15715425,0.41468108,-0.6576262,-0.38127267,0.2580483,0.4173624,0.30115733,-0.6715793,1.690084,0.79533345,-1.0679238,2.3131688,0.9163604,1.8590045,-0.102520384,0.002768325,-0.034791857,0.27957842,-0.78053397,0.15326555,0.1132148,-1.6762463,-0.37223005,0.20240474,1.4062124,-1.9414028,-2.3806922,1.7816198,-1.6576103,0.8594735,0.62336147,-1.0532525,NA18979,2,JPT,5,2,2,2
-3.2061663,-0.1299505,-0.7051902,18.271044,-17.42241,-13.261576,1.6720021,-5.181583,-0.7337126,1.0189031,0.6160408,-0.2924407,0.40007788,-2.08684,0.24044837,1.5347066,-1.3349327,-1.0026913,-0.008035155,1.0823395,1.5908628,-1.6702793,-2.4106028,-0.94080293,0.35477468,1.3188783,2.0513566,-0.20496267,-0.79614747,-1.4425287,-0.19401269,-0.7253734,1.7073091,1.2548558,-1.3718833,-0.022189666,0.90953606,3.5360203,-0.40774533,3.8332741,-0.11845873,-2.986663,0.33576792,-0.20658296,-2.3714828,-0.6083944,-0.17643951,-1.3168759,-1.1381536,-0.07425994,NA19058,1,JPT,5,1,1,1
1.2738302,1.5296528,-0.5250347,16.327168,-17.646992,-13.425433,1.0502912,-3.209432,-0.38279307,-0.5698151,-0.9030779,0.90848726,-0.36270946,1.2393845,-0.4714419,-0.24962169,-0.9200199,1.1472954,-0.30968198,0.37197334,0.7463755,0.2723965,0.62488025,0.20861647,1.1460589,-2.288883,0.71851945,0.8328991,0.37851864,1.9157064,0.5839897,-1.5491524,0.17833729,1.2611969,0.3604026,-0.4085986,0.87294805,-0.93622833,-1.3894899,1.8808384,0.89969885,-0.354234,-0.573974,2.2305467,0.3265833,-2.9915671,4.055598,-1.0808506,-3.7698166,-0.65212756,NA18993,2,JPT,5,2,2,2
-4.252537,1.0825514,-1.0930583,17.52897,-16.70534,-13.535034,1.386058,-3.868167,0.58314055,-0.66202784,0.5948493,-0.34721622,-1.2647088,0.0920012,0.34359714,1.2764717,0.98821354,0.15121709,-0.73686683,-0.8219514,1.3967249,0.29021984,-0.54697096,2.084029,-0.20751856,1.2695467,2.9196386,-0.3540732,0.43054244,-0.5785719,-1.4559753,-2.611294,-1.5832337,0.6927859,0.9575335,-0.27467054,0.62002045,2.285145,-0.9039566,-0.898482,0.4435485,-1.7283709,0.33092064,-1.2817073,-0.1987871,0.016187731,-0.9780092,-1.8341693,0.5938922,1.0585798,NA19060,1,JPT,5,1,1,1
-4.6930227,0.30364722,-0.8144053,17.461449,-17.070421,-14.428623,1.2518141,-4.0559974,0.53501534,0.84525836,1.4863917,2.7402678,-0.047918793,-1.2648841,0.059874862,1.2846212,-0.1902851,0.37024707,-1.1055692,1.0693277,0.4369794,0.7381121,-1.3467525,-0.35985175,-0.5450008,0.4196457,2.3256245,1.2048789,-0.35189041,-1.6996958,0.6856015,-0.8373771,-0.4838033,-0.8552253,-1.0441959,-0.0570895,0.9062718,3.1934779,1.7554528,0.36942247,-0.36079168,-1.1792527,0.6390314,-0.53070074,-0.08513432,-1.5796951,-2.1045735,-1.4905876,-1.161826,1.548923,NA19062,1,JPT,5,1,1,1
-3.0585482,-0.07518149,0.00019578423,16.734507,-18.316309,-13.229583,1.2522787,-3.1716146,-0.77698845,-0.38661474,-1.1927508,1.1856778,-0.8425385,-1.6146257,-0.60982555,-0.754374,0.8005461,1.1781019,-0.54514045,-1.8546352,0.2430842,-0.48948106,-2.009799,2.3738291,3.0797722,1.292464,-0.02295719,1.3571789,-0.96364075,1.5599501,-1.5552346,-1.2127796,-0.16541551,1.6401058,0.44590902,1.846673,0.2838251,-0.5624016,1.2396326,-0.25027326,0.0247607,-0.29262185,-0.0076082502,-1.4993731,-1.1676315,1.7479862,-2.010539,0.46729863,-2.7584598,-0.9374146,NA18955,1,JPT,5,1,1,1
-4.7313237,-0.08141651,-0.5199888,18.408676,-16.800915,-12.300005,1.2214011,-3.1322427,0.5547989,0.46641037,0.6278375,1.0615426,-1.0460999,-1.9070575,0.5892843,0.3700516,-2.08194,-0.818382,-1.2585503,-0.8275713,-0.09439356,-1.6580187,-0.0113657545,-1.3560538,-0.68097353,-1.08313,1.23906,1.5547942,2.1640856,-1.2738014,-2.0873911,0.4358003,0.31085777,-2.5146701,-0.9387362,0.34189087,-0.19859648,-0.26243207,0.04978349,-0.17544532,-1.1271774,-0.13575906,-0.26890323,-1.7722615,-0.6442334,-0.042109042,-2.6287324,-0.50078017,-0.52472246,-0.72631425,NA18962,1,JPT,5,1,1,1
-4.9229093,1.3068413,-0.2390786,18.428738,-19.064837,-12.513542,0.42687094,-3.75835,-0.041349094,-0.7207083,0.107342824,2.244141,-1.6193681,-2.882541,1.6132219,-1.0466982,-0.24399945,-0.11089853,0.58614314,0.1287466,-1.6977435,-0.7604512,-0.35572657,2.0514774,-1.6871359,0.43499216,1.3990443,-1.0002024,-1.9063385,-0.29073876,-2.1489398,-0.6420078,2.2142303,2.749285,0.21646452,-1.7283683,-0.44798252,-1.21169,1.012592,-1.6176977,-0.35692933,-0.4434711,0.15457839,-1.1562948,1.7942604,-0.904995,0.968968,-3.1799152,3.411138,1.7170283,NA18977,1,JPT,5,1,1,1
0.6201476,1.6426184,-1.5788893,15.895591,-17.675098,-12.555472,0.9013947,-3.1560988,0.2589336,1.6880622,-0.20686586,-0.8226015,0.24131267,1.7900119,-0.016505428,-0.7327828,1.6958712,0.22785583,-0.95941395,0.4015802,-0.56138384,0.82951385,-0.33673945,-0.22946446,0.36449122,-1.2826508,-1.0865872,-2.390657,-1.3422807,0.50163656,0.59819114,3.2315934,-2.2495778,-0.30022675,-2.051361,-0.040631223,0.884265,0.47196913,-0.7835117,-2.5599668,0.7790766,-1.6289065,-0.2904666,0.6109876,1.9842565,-1.4748994,1.7842569,1.9287091,-0.48555994,1.9285672,NA18954,2,JPT,5,2,2,2
-3.950027,1.1942754,-1.0716628,17.8757,-17.543777,-14.07597,0.26658255,-3.658385,-0.36247483,0.17032428,1.0777766,1.3199573,-0.021967612,-0.782908,-0.60118484,-0.88642627,-0.37103713,-0.36373785,1.381813,-0.14818534,-1.7288162,-0.9914523,0.99465764,0.6729044,-1.8162364,0.14229119,-0.4449897,-0.4694534,-1.1091928,1.1879518,0.7396082,-1.920335,-0.44703773,0.7742323,-0.3929832,-0.6258914,-0.72123367,-1.1010875,-0.91155183,-2.1811137,-0.5593252,-0.040076233,0.92465156,-0.13607165,0.1221448,0.3536592,-1.250588,-0.4412132,1.156511,1.1248161,NA19066,1,JPT,5,1,1,1
0.86903816,1.3581222,-1.5869975,15.538482,-15.69059,-13.598844,0.8465918,-4.79245,-1.177948,0.10698303,-0.63792855,-1.41796,0.17717953,2.4470737,-0.65648323,-1.3175128,0.59809756,-1.957802,-0.8232764,0.15723734,0.011380669,0.20970845,0.60727036,0.9019514,-0.18053758,-0.47911227,-0.11767719,1.8886958,0.5621245,0.75877756,-0.08161407,0.42279354,0.08901957,-2.92067,3.133999,2.9572132,-1.0407323,-1.283811,-0.8493263,0.8018847,-0.99982464,0.4333521,1.3180566,-0.004803632,-1.0662084,0.91028935,-0.11656961,0.76762867,0.47942698,-0.9734824,NA19010,2,JPT,5,2,2,2
1.2214564,0.41629472,-1.0563251,17.01909,-18.177761,-13.678235,1.5825561,-4.085629,-0.5187906,0.5741551,-2.062033,-1.5772454,0.0763794,1.3429382,-0.7542644,1.604028,1.2461816,1.98952,0.12793326,0.65459687,0.26217493,0.11733281,-1.1083664,0.8922516,0.9405015,2.1692483,1.6839702,-0.29700375,0.49376464,1.5287569,-1.7354287,-0.079544954,1.1192706,2.5598686,0.9981089,-2.1862395,-0.84745276,-1.5276959,-0.27449435,1.5029442,-1.5733122,-0.66868126,-0.7805729,0.015493142,0.1731573,-0.08796927,-1.0947543,-1.3631973,0.23552729,-0.3237815,NA19054,2,JPT,5,2,2,2
-0.029963573,0.8716692,-1.1018181,15.846706,-15.810676,-12.2695055,1.085044,-4.478901,-0.23545863,-0.4691932,-1.4360563,-2.228009,0.3136668,1.3842871,-0.6188427,0.74469936,0.8231372,0.8527241,0.17772247,0.3118216,-1.3269988,0.600991,1.227689,0.52355295,-1.135131,-0.70574415,0.4883765,-2.282538,0.26196122,0.47007212,1.7549611,2.0677762,-1.2626929,-1.8767881,1.037082,-0.3078743,-1.0080215,-0.10063969,-0.84109825,0.70339245,2.3983927,1.3013653,-0.15029508,-0.09069941,-2.8694303,-1.0858821,2.6071277,0.7113636,0.15297194,-0.049592074,NA19064,2,JPT,5,2,2,2
-3.0600498,1.4880533,-1.0656588,17.259184,-17.46894,-12.917938,1.4216752,-3.933575,0.15141597,0.17075448,1.0703311,1.0734562,0.82721204,0.17691816,0.7261401,-0.8224683,-1.4544563,-0.71247476,-0.22814843,0.48701802,-1.3627994,-0.9183237,2.0660927,-0.16318102,0.25574178,-0.82987314,-0.5923983,-1.2525991,0.6796416,0.56569535,1.1285915,-0.22191845,-1.402045,0.4199954,1.3431891,-0.30009544,-0.88344866,0.7920294,-1.2809612,-0.62306005,-1.9769479,0.03244268,0.363356,-0.70955163,-0.062834896,-3.2188287,0.5536879,1.0862633,-1.1121353,2.8300073,NA19072,1,JPT,5,1,1,1
-4.427455,0.86695266,-0.9064071,17.156694,-16.617117,-13.616511,1.0750812,-4.533476,0.46753168,0.042087287,1.3182878,0.053141996,0.23626146,-0.81423575,-1.8808062,-0.42418057,-1.5524284,-0.17279959,0.41519913,0.6423175,1.6184261,-0.8272836,-1.1444246,-0.6303486,1.2284665,-0.3391892,0.8164913,-0.91533273,-1.4137673,-0.12279967,0.5411863,1.9324986,-0.6000539,-1.2386419,0.20145607,0.26485783,-1.4389464,0.68804073,-0.6294886,2.7216763,2.2708244,0.483992,-2.8453689,0.7783367,1.439149,1.9142072,-0.9310644,-0.48762435,-1.9460077,1.1406233,NA19075,1,JPT,5,1,1,1
1.2237284,-0.052218802,-1.5818062,16.233809,-16.153343,-12.6893215,1.9228249,-4.8603134,-0.37274885,0.14883648,-1.7555416,-1.3147415,0.0011399514,0.5893163,0.45173362,1.3723962,1.3960487,-1.2352017,2.3985617,0.26806247,-0.0036701083,0.1995932,-0.96231157,-1.4240539,0.08796179,-1.5235896,-0.9552257,0.4958848,-0.66504174,-0.7070081,2.2497766,1.1240972,-1.2255695,0.7650456,0.87558174,2.7010438,-1.577363,-2.0539563,1.4422898,0.48856872,-0.30681545,-1.489641,3.1377485,-0.8166067,-0.25075647,-0.83292264,-0.10985033,-0.11732102,-0.83366704,-0.41494235,NA19065,2,JPT,5,2,2,2
1.9510078,1.3505888,-1.0908592,16.337585,-17.43518,-12.939413,0.9637769,-3.9541225,0.85953283,0.41648898,0.047997396,-1.8910327,1.5152347,1.6565536,-0.30328628,0.33648515,-0.48098704,-0.5920885,0.49005765,0.7395343,-0.75277895,-1.2349662,-0.11754607,0.7056064,-1.9464698,-1.5298263,-1.3184158,-0.8039791,0.0020941324,1.1450789,0.91001743,-0.85642266,2.2418537,0.7833131,-0.5269499,1.262273,0.765829,-1.9955095,-0.13620967,0.57160944,-0.1499234,-0.031135974,0.68600893,0.98459554,-1.3900002,0.41162425,-0.8605843,-1.1169221,-1.247922,-2.3499873,NA19074,2,JPT,5,2,2,2
-3.7267241,1.4421016,-0.9184763,17.644812,-16.674866,-13.5008135,2.0566938,-4.1060615,-0.4588351,0.094864555,0.25718328,1.8874693,-0.9405257,-2.2531261,-1.3498157,-1.3225675,-2.357238,-0.75456625,-0.4261308,-0.21154578,-1.2031794,-0.2764964,0.7910953,0.009817244,-0.8193397,-0.43559843,-0.9099815,-0.4444719,-0.37315908,2.0508509,-0.20769663,-0.36804307,-1.5694556,-0.589072,-0.013690351,-0.053322244,1.7391014,-1.1648842,1.2280017,-1.2677788,1.6313535,-1.2216337,0.5008444,0.40820408,-1.4842974,-1.3123043,0.23824926,2.1174874,-0.7081151,1.1883217,NA19076,1,JPT,5,1,1,1
-3.7014263,1.905547,-0.068732955,16.524364,-17.44145,-13.370221,2.6622443,-4.583844,0.25836167,-0.42580363,1.9298109,1.7720761,1.8896604,-1.2679967,0.10054146,0.014955921,0.4931768,0.1373269,-2.0926826,0.16720065,0.35362816,-1.831395,1.2112644,-1.0036056,-0.46767917,-0.734357,-0.094569884,-0.8924276,2.6625013,0.92116994,0.49832463,-0.7253322,0.14015023,0.93304855,-0.44011313,0.5740008,0.6955063,1.7128078,0.48647642,0.12572902,1.8749342,0.120313086,-0.18725374,1.2287247,-0.014386298,0.31219503,0.54831916,1.1548527,-1.1301454,2.241339,NA19063,1,JPT,5,1,1,1
0.9670646,0.3650609,-1.7875061,15.383867,-16.445454,-11.872596,0.88484305,-5.1523447,-0.5907394,-0.512835,-1.452752,-0.82559395,-0.21540076,0.43418232,-1.6827573,1.3896567,-0.4881718,0.6138257,0.48648468,0.06715294,0.183032,0.42279536,-0.74977547,-0.6516112,-0.6367404,0.7891707,0.91039306,0.55390936,-0.49970198,-0.76093245,-0.12197445,-0.4515709,-1.469181,0.052994415,0.96133816,-1.8787224,0.19698814,1.568811,0.8077113,2.043899,0.10254236,1.0392584,0.75756866,-2.801715,-1.7435298,-0.4190932,-1.4930488,1.3788935,-1.1956638,0.3310673,NA19002,2,JPT,5,2,2,2
-3.831367,1.3276913,-1.2426162,16.288908,-17.159458,-12.527684,1.729482,-3.207619,-0.45348135,0.68719476,-0.36728957,2.175849,-0.72150826,-1.5347246,-0.7844518,-0.34202492,0.12004523,0.034285232,-1.2778825,-2.182386,2.1062825,-0.08677648,-0.14331104,1.6267775,0.73446643,2.0685894,3.147506,0.94346595,-0.603034,-0.855284,0.44569218,0.039520063,0.25825712,-1.7397629,2.907295,-0.3326754,1.3669488,-1.1181211,0.010905366,-0.6978837,-3.2126734,-2.037859,-0.39340034,-0.44697025,0.9512977,0.5685007,1.3077335,0.998997,1.6279358,0.479868,NA19067,1,JPT,5,1,1,1
1.8960395,0.4234166,-1.5562007,14.589289,-16.916862,-13.332076,0.66666,-4.38247,-0.46983522,-0.17338033,-1.3090882,-1.2976445,0.40247944,0.86155427,0.92413324,0.72618556,1.8634372,-2.1402721,1.042815,0.38743234,-0.5886928,0.41533306,-0.51280504,-1.2179077,-0.03800127,-0.992728,0.2878393,-1.4138452,0.11754525,0.6095613,0.3750581,0.6454228,1.461975,-1.5590075,-2.69843,-0.007655277,-1.3675027,1.8252498,-1.6734505,-1.3659378,-1.3922465,-2.0438755,-1.2378713,2.7846038,-3.505828,1.1474295,2.2494743,0.385018,-2.4437811,-2.153833,NA19057,2,JPT,5,2,2,2
-4.045687,0.76941115,-0.99724764,16.529495,-16.622868,-13.6963625,2.3021767,-4.3829365,1.3214159,0.7238777,1.1893299,0.7883875,-0.33761683,0.111932926,0.65051925,0.14192756,0.56028676,0.9303995,-0.21181378,-0.51649535,1.7207596,-2.8054676,-0.25360814,1.303422,2.1394937,-0.45697242,-0.29828417,-1.7576864,0.7161353,-2.0156457,-0.14139263,-1.2097348,1.0447435,2.3923223,-1.1140183,1.0997348,-0.00034226757,-0.72166693,-1.2311939,3.2397866,-1.6484511,0.4343658,0.26189786,0.6773084,-0.3971238,-0.65967774,0.31683993,1.6718465,1.1145474,2.0731819,NA19068,1,JPT,5,1,1,1
1.7875416,1.99115,-3.0430498,17.038942,-17.229198,-13.407921,-0.23645036,-4.6867156,-0.18709894,0.62799084,-1.6879839,-1.7402649,0.48273686,3.1408396,-1.4917427,-0.38836208,1.7513949,0.41965285,-2.4263918,-0.10969222,-0.7290371,-0.70580786,1.2207868,1.211052,-0.09885022,-2.176927,-2.2022069,-0.18502127,1.5373334,1.3942263,-0.0474689,-0.17870829,-0.9378618,1.30306,-1.7584007,-0.4294445,-3.4241986,0.7747411,-1.5928205,-1.4042653,-1.1395068,-0.888441,0.6590039,-0.2962585,-0.6820126,-0.016167695,-0.34328297,-1.1533811,-0.25142902,-4.1430354,NA19059,2,JPT,5,2,2,2
-3.3537028,0.96354544,-0.39103782,16.509943,-16.561232,-13.377727,1.7364804,-3.3496356,0.3476288,-0.21830468,-0.797302,1.7638012,-1.0828502,-0.25012687,1.06383,0.46459302,-1.1108681,-0.29492864,2.2468097,0.20517555,-1.1219736,-0.8283317,-0.5404879,0.13524988,0.7628757,-0.5610978,-2.4434674,2.2886372,0.53056777,1.7404509,-0.16718648,-1.5089096,1.2573308,-0.7128385,-0.82706076,-1.4881084,0.9477776,0.35786933,-1.5594451,-0.12881386,-1.5904493,0.08415147,1.3207986,-0.06082032,-2.6050699,-0.0818596,1.5962617,-0.16808417,1.621478,0.8235142,NA19070,1,JPT,5,1,1,1
1.5422614,0.21222438,-1.6082655,16.395643,-17.429523,-14.325385,1.1972495,-4.5032535,0.4732414,-0.7622231,-1.1557835,-0.8408702,1.7144071,1.6978418,-0.6174349,0.54279953,-0.25809863,-0.7431771,0.08334717,-0.27124205,0.013097613,0.5721979,1.2116898,-2.9451697,-0.13099639,-1.3014944,-0.6536906,-1.0214787,-1.7162447,-0.8185022,1.3059223,-0.13981168,-0.6279779,1.6274315,0.07374564,-0.22826873,2.5628579,-1.0001464,0.49832037,1.0586606,-1.0307957,1.1263803,0.92815864,-0.76055175,1.2048886,-1.5849735,0.24055102,-1.7277131,-2.9893079,0.758712,NA19077,2,JPT,5,2,2,2
0.8987508,1.6303866,-1.592351,15.510801,-18.609774,-13.694406,1.9487116,-4.336046,-0.9550473,1.1169162,-1.5936029,-0.36508322,1.1062925,1.4093667,-0.2032649,-0.7107173,-0.8156939,0.026535595,-0.2675996,-0.15580282,-0.08624837,0.3487097,0.9449044,-1.1632868,0.9882775,0.2011217,-0.8635865,-1.1310813,2.2466125,-0.9550064,0.12801476,0.38324732,0.9139549,-2.5445235,0.9336327,2.067021,1.7186874,-2.7289803,0.91308266,-1.8894972,0.52709293,-0.9178446,-0.4186491,1.2314644,-0.75164866,-0.07686396,1.0054305,1.9118489,0.38256502,-1.8902678,NA19078,2,JPT,5,2,2,2
-3.0364468,0.8074518,-1.5241328,16.462055,-17.681356,-12.504824,1.0667655,-4.3178577,-1.2047879,-0.07209016,-0.6694181,0.358284,0.5275226,0.35870826,1.7404002,-0.19454816,-1.085101,-0.15943988,2.284714,-1.7685289,0.67639184,-0.86218566,-0.91604286,-1.6612539,-1.485619,-2.2406275,-2.19802,3.7678747,-0.25062323,-0.10234166,-0.26493743,1.8193712,-0.7915357,-1.232065,0.15889129,-1.436505,1.8427165,0.5190942,0.6144003,-0.9839272,-0.72428703,-0.8424989,0.21099596,0.38252172,2.1140304,0.23116024,2.9336452,0.2240717,0.5315861,0.8064442,NA19079,1,JPT,5,1,1,1
1.0351477,1.1025131,-2.4333718,15.167775,-17.214834,-12.2998085,-0.2334174,-4.371015,-0.2879776,0.1397959,-2.0628438,-1.9901104,0.6943293,1.3486714,-0.24119435,0.16695927,1.5373172,1.6778421,0.2129603,0.76744795,-1.3596798,0.7108292,-0.979637,0.9151773,0.7676609,0.35728088,-0.811358,-0.7744944,-1.6489786,-0.74745363,0.68179923,1.8019531,1.5677657,-0.13419935,0.5502779,0.3253799,-1.9804817,-0.09285482,0.854168,1.807227,-0.42919275,0.351775,-0.7959979,0.054568905,-0.15941015,-0.14539878,1.2129471,2.4020689,1.9990079,-2.80377,NA19080,2,JPT,5,2,2,2
0.72677034,1.1914649,-1.7209163,15.969013,-16.698513,-13.744196,-0.06380686,-5.0149374,0.2607176,-0.46682468,-0.5901996,-1.2267942,-0.020197285,0.9788545,0.68965554,-0.24974662,-0.09491726,0.9247405,0.61572194,2.1248677,-1.133915,-1.8085959,0.8039508,-1.4203913,2.3973508,0.025579909,0.70278513,0.6469358,0.53481776,-0.045490522,2.2445276,-0.6205501,0.9562954,0.64914703,-0.4126353,2.1550226,-2.3637702,0.2556375,-3.0642078,0.26249608,2.8729026,1.4162669,0.205814,0.9506828,2.012374,-1.6475552,-1.0845563,-0.7065131,0.85587597,-0.7276152,NA19081,2,JPT,5,2,2,2
-3.6897252,1.0188925,-1.0678434,17.380383,-15.612899,-13.346853,-0.02257416,-3.8820071,0.34340903,0.6794582,0.28603613,-0.010527427,-0.89597076,-2.4892092,0.3664786,2.1056716,-0.20865175,-0.15120712,0.14873224,1.5215245,2.9335113,-0.4907338,-0.28741375,1.9270366,-1.3704292,1.1319147,1.5020202,1.4077517,1.8530005,-0.0016544005,1.6249537,-0.8967749,0.7559089,1.3701484,0.18615498,1.2019025,-0.597922,0.91171867,1.0691258,0.15190217,2.2712762,0.07881174,-0.4718503,0.50318116,0.099416114,3.4202824,-1.8114471,-0.62226796,-0.91926515,-2.4039347,NA19083,1,JPT,5,1,1,1
-5.086852,0.5130859,0.34219617,18.528933,-18.293348,-13.14774,0.45522496,-3.751207,-0.45796606,0.28812188,1.2062178,1.5846899,0.24809036,-1.7480332,0.36913013,0.52346855,-0.6979278,0.52808636,0.35014173,-0.9470685,-0.16013262,-0.15211482,0.13765085,2.1473277,-0.9395307,1.8361533,0.6992828,-0.24638642,-0.25513166,-0.5785096,-2.2711408,1.8864746,0.28276038,-0.34659204,-0.8897641,-1.5171782,-2.1172678,-0.97795284,-0.96543354,-0.6275962,-2.2049098,-2.7014818,-2.769855,-2.7035227,-1.2893026,-2.9294558,1.809143,1.2955768,2.715821,2.8819108,NA19085,1,JPT,5,1,1,1
0.7948831,0.4366138,-1.0393398,14.421282,-16.892132,-12.1478405,1.8236178,-4.83115,0.46288368,-0.015903555,-0.87248605,-1.4600567,-0.6983189,2.0213015,-0.37788036,1.2874514,-0.22985263,-0.25805908,0.29970118,-0.026912607,-0.27699736,0.9012074,-0.75691795,-0.52281904,-0.3272312,1.1207385,-1.3713018,-2.8270762,-0.5328872,0.11579162,2.2017205,0.20881255,0.86501366,1.4360938,1.5449768,1.9533341,-0.5485855,0.97401845,0.38494974,0.74846387,1.206788,-0.22985147,-0.1262262,-0.29110128,-1.4803714,2.1346164,1.3497708,0.18966454,-1.481189,0.82072604,NA19084,2,JPT,5,2,2,2
-5.276817,0.43968856,-0.13862218,17.286182,-17.078773,-11.198623,2.3297193,-3.2641847,-0.1036953,0.68199146,-0.44426462,1.6719484,-0.5559293,-1.0956354,2.3241916,-0.5680518,-1.2448466,1.1109234,-0.13263474,0.88345426,-1.030598,-0.7020146,-0.80169404,2.1539319,0.07030539,0.9072987,0.81220096,1.2273903,3.0027392,-0.3799726,-3.0063872,0.21358342,-0.4895954,0.97380537,-1.2376238,1.8711748,0.33363318,-1.1671582,0.9858232,-2.279363,-1.6999048,0.04772266,-2.7295966,0.16230741,-0.20181468,-1.6191152,-0.63627243,0.4391368,-0.60330284,-0.86518276,NA19086,1,JPT,5,1,1,1
0.9864497,1.1679349,-1.2028115,15.122977,-17.1846,-11.73279,-0.1802719,-4.6146555,0.9864271,-0.74369574,-0.7327253,-0.54662704,0.32218704,0.37888783,-0.5063163,-0.76355296,1.3420472,0.92775476,-0.5192604,-0.5223972,1.3472195,1.7251143,-1.6888506,-0.34399158,-0.40954274,0.37977007,-0.13261019,-2.4947953,-2.605851,-3.123547,0.13237546,-0.003098382,1.2921785,1.0242114,1.1480266,0.5712017,1.5236832,-1.3717289,-2.0160267,0.99848014,1.5701507,1.6046989,1.7072927,2.9813855,0.71951133,1.186156,-1.2117525,0.3812926,1.6855134,-0.763162,NA18939,2,JPT,5,2,2,2
-4.1548996,0.9661965,-1.1986175,17.143476,-17.18236,-13.196915,1.5114777,-5.1967506,-0.4683262,-0.20134234,0.70705163,2.5653067,-0.88872504,-2.1808264,0.8431051,-0.7730495,-1.1960223,-0.8596114,-1.8222885,-0.83870345,-1.2825474,-1.455091,0.58731496,-1.0865461,0.13313022,2.1890917,-1.1488439,0.5894102,-2.5277743,0.84763616,-3.1549501,-1.4158278,-2.2809932,0.19481163,-0.8560178,-0.8462736,-0.8646603,0.47193778,3.2102852,0.8101062,-0.9792999,-0.15173028,1.6527809,0.5494554,0.1369378,-1.5572513,-0.40670612,2.571697,-0.19598037,0.28481287,NA19088,1,JPT,5,1,1,1
1.526202,2.0019226,-1.1398269,15.788492,-16.867908,-12.658956,0.6872054,-4.350479,0.4100308,0.11284287,-0.74757206,-1.0998939,0.15328816,2.7761238,-0.8960053,-1.0753648,0.57648194,-0.03852784,-0.4410767,-0.13019106,0.6947993,-1.0893191,0.692514,-1.4515326,-1.2133129,0.85344756,-0.5491168,-0.29402503,0.9161034,1.0084572,0.02680312,-1.3451298,1.4724845,-2.3361342,-0.17315847,-1.5758834,1.8228624,0.44906047,-0.96630454,0.6073422,0.00039513735,1.2954122,1.8574406,-2.672913,1.6597313,0.8309432,-0.28410912,0.65432405,2.1175177,-0.5841933,NA19087,2,JPT,5,2,2,2
-3.975493,0.53061855,-1.1556954,16.918661,-17.314936,-13.564283,2.2757568,-3.4180472,-0.010274056,0.06266146,-0.1306925,0.890821,0.16241036,-0.92722774,0.4794844,-0.11664041,-0.28886414,0.7077797,0.7743803,0.88661337,0.8075722,-0.6610755,-1.4956654,-0.089761496,-0.92937356,1.4095696,0.61018944,-1.8785776,-0.46228907,1.2665097,0.16579679,-1.1350564,-0.11791481,2.2841065,1.3271048,2.36266,0.3597103,0.9181637,1.9232185,-2.0042813,-0.45124632,-1.5452021,0.19489975,-1.1142964,-1.1733402,-0.05477041,-1.6266624,0.31685862,-0.04666002,-0.14178893,NA19055,1,JPT,5,1,1,1
0.32100198,0.81513095,-0.17733768,16.908293,-18.520622,-13.49044,0.67542106,-3.1716826,-0.7976747,0.7450129,-0.49459657,-0.10033559,-0.56415695,0.20991434,-0.26678878,-0.04394781,-1.0316283,0.2712118,0.2852035,0.5660555,0.2592165,-0.3432139,2.1911366,-0.2084152,1.8846401,-1.7313132,0.92825586,-0.12592176,0.8909022,0.48781466,-0.15408792,2.0277665,0.40914366,-1.2305307,0.44820443,0.79693514,1.4702679,-0.9033982,1.3000964,-0.34485447,-0.8057726,0.45103583,1.9158742,0.67340297,2.2920377,-2.2676086,0.034278005,-1.2561086,-1.0831059,-0.073691994,NA18957,2,JPT,5,2,2,2
0.7255109,0.3648537,-2.2863584,16.150023,-17.446814,-13.793448,0.83941466,-4.6314783,-0.68620324,-0.37444165,0.3094186,-1.8067387,0.35486412,1.9594542,-0.43873012,-0.6842587,-0.1237022,0.92610717,1.0298637,-0.63133377,0.89389294,0.43617442,-0.3328548,0.52622795,1.3720601,0.53406745,-0.7488088,0.6906641,0.77694166,0.3381374,0.06300218,-0.8413333,-0.8768879,0.042279974,-0.657509,1.1238393,0.43267196,-1.4172602,2.7347426,-0.7772651,0.8037478,0.030089928,-1.7481139,1.2589417,1.7977538,0.5388792,3.293579,0.72945803,-1.461644,-0.5683752,NA18963,2,JPT,5,2,2,2
0.91122776,0.5551486,-1.4661945,16.1321,-17.847057,-13.351341,1.3328146,-3.095152,0.5594692,0.20535949,-0.55551696,-1.166796,-0.9602094,1.4793003,-1.2397774,0.78113735,-1.7535055,-0.33599737,0.975209,-0.41877967,0.75035346,2.0703645,-0.9202414,0.53531265,1.9831611,-0.82189864,1.4745909,1.4074494,-0.56187016,2.383671,-0.29461583,1.6673175,1.8917849,1.4832009,-0.007859772,0.9510175,0.51974225,0.93433225,1.3108625,-0.5941066,-0.33024853,-0.7955275,-0.3184886,-0.7142666,-0.8581639,-1.1809573,-1.4141494,-1.1720029,0.9134129,0.20472372,NA19001,2,JPT,5,2,2,2
-4.6282463,0.09073608,-1.0030423,17.433401,-17.22061,-12.701797,1.6576488,-4.0009227,0.3631305,0.5904182,0.92094105,1.0131044,0.6081941,-1.3873659,1.1378918,-0.8579096,-1.0077572,2.5651124,1.9781348,0.72379017,-0.34398717,1.0623765,-0.4547472,-0.0612848,-0.6595482,1.6913013,0.47417155,1.6260428,0.41837674,-0.37310418,1.5770851,-0.12400753,-1.4418399,-0.8452098,-1.0236112,0.21367693,0.9895288,1.6978265,1.7844882,-0.55176896,0.22716625,0.18850037,-1.469983,1.1913292,1.0707122,-2.7564263,-0.21907346,-0.950691,2.2807417,1.7295285,NA19009,1,JPT,5,1,1,1
-3.4508674,1.0252918,-0.28197747,17.722548,-16.421164,-12.466015,2.0251975,-2.632702,-0.12238936,0.88592625,1.8287934,0.23992684,-1.5252177,-0.6231836,0.881473,-0.29408413,-1.5408564,-0.9149972,1.2589967,-0.55491835,0.61974865,-1.1242509,0.33711252,1.1273618,1.8453537,-0.18767922,-0.47025102,-0.2469552,-0.33062413,-0.7784885,0.11073017,1.0550023,-1.0296538,-1.043109,-1.0371349,-2.1201167,-0.0274893,1.0666453,-0.30702627,0.36159915,0.6341726,-0.31847304,-0.15415245,-3.3589122,0.009388444,0.21139129,1.3722212,-0.6892975,-1.8576618,1.8731309,NA19056,1,JPT,5,1,1,1
1.4683839,1.2784162,-1.4390547,16.024141,-16.276707,-13.70998,0.10589847,-4.12841,0.720507,-0.5737853,-0.97631216,-2.178012,1.3298956,1.4144696,0.30939922,0.016113458,-0.7208507,0.5400818,-0.5297876,0.31500173,-0.81425124,1.0312076,-0.4558442,1.1127284,0.29137024,-0.53453285,-0.2029215,-0.5343379,-0.22316836,0.0035095823,-0.9549263,2.0961995,0.8189309,2.0001261,2.2356114,-1.5174419,0.97377986,0.45279273,-0.24855682,-0.9283232,1.6292533,-0.6861687,-2.500569,1.2905579,-0.28654215,-0.11554164,1.8568138,-1.1937846,-0.81964797,-0.38665804,NA18942,2,JPT,5,2,2,2
0.12279199,0.46374443,-2.0096676,15.848319,-17.51091,-12.537581,2.0112686,-4.1055326,0.767464,0.15350881,-1.5837989,-0.7945745,0.22168733,1.0413824,1.2877839,0.020010496,0.56290406,-2.0063891,0.56418365,-0.67491144,1.1674732,-0.59892136,0.158912,-0.270662,-0.19319238,0.33132386,2.5590525,-0.70255864,-1.2988567,0.871628,0.5200399,-2.0547583,0.81043,2.4339821,-1.0232099,-1.6819546,-0.24775897,0.11776459,-1.2297262,2.2617044,-0.61430955,0.30350268,1.0888549,-0.501724,2.6050203,-1.8685925,3.218364,0.19790693,-1.0800133,1.2815698,NA18949,2,JPT,5,2,2,2
-3.5571005,1.5901809,-1.0803299,17.138403,-16.602705,-13.303694,1.8798751,-4.2989197,0.014030156,0.20032653,0.07480027,0.09677485,-0.2910451,-1.5608315,0.3297416,2.224144,-0.33526823,0.8971583,-0.46672723,-1.0144826,0.89679396,0.73326796,0.7969202,0.49287245,1.40839,-0.18341886,2.7450566,1.3916961,1.3136004,-0.24766034,-0.6153508,-1.3199685,1.7437463,-0.20264103,-0.68170005,-0.09569413,0.035674505,1.306654,1.896885,1.2626649,-1.7462217,0.112979285,-0.7259294,-0.42550856,2.0777352,0.35796744,2.5136695,0.7841215,-1.5625536,-0.46818754,NA18970,1,JPT,5,1,1,1
-4.358505,0.35498187,-0.36912477,17.045654,-17.555079,-12.976495,1.7030228,-4.265928,-0.6016676,-1.0453362,1.0257488,1.625934,0.40278697,-0.97545487,-0.6654469,0.82642907,-0.86164755,1.1807656,0.5520735,-2.3097277,0.79082566,-0.66608727,0.22290064,2.1621814,-1.9897352,2.4695687,3.9317245,0.79751587,0.505864,-1.4905323,1.9625129,0.74468845,2.1930008,-1.2287563,0.01614034,-1.0201735,-0.28911346,1.1430529,-0.015108794,0.6304636,0.70598936,-1.641482,1.0757297,1.8854778,-1.0660018,-0.96535575,-0.3152479,1.0866416,-1.2392188,0.21843593,NA18945,1,JPT,5,1,1,1
-4.0011787,0.8535022,-1.1595693,17.50636,-16.306913,-12.900816,0.7367612,-2.677392,0.068294436,0.17113851,0.6099695,-0.15918012,0.65275276,-1.2979163,1.151151,-1.5018085,-3.017018,0.8336579,0.34445214,1.0059365,-0.56112486,-1.1011274,0.27744177,-0.8140772,-0.5032554,1.4397261,1.1223599,-0.23035353,-0.09022594,0.30125743,0.07303792,0.5435132,-1.4553663,0.94505036,-0.3675802,-0.8831816,-1.7123293,0.4844356,2.170095,-0.5315001,-0.20557113,0.7558848,-0.17351952,-2.9593399,0.030921945,-0.9109211,-0.81775486,-0.19118588,0.41964236,3.2156293,NA18940,1,JPT,5,1,1,1
1.3767093,2.0185943,-1.9871109,15.871171,-17.912167,-12.928762,1.3043813,-3.946224,-0.7707405,1.552779,0.5902696,-0.810761,1.3029784,2.1661336,-0.4338103,2.028313,1.2660047,-1.1326224,-1.6666178,-1.3859481,0.9122621,-1.6602119,0.5258079,-2.1221375,-2.129396,-1.7180153,0.28026277,-0.8437093,-1.1199996,0.4961904,-1.2584152,0.8532433,0.27579635,1.8771225,3.2431958,2.1177514,-1.2206776,-0.7339511,0.07569812,-2.0238037,-0.5902721,1.6396338,-0.48280066,-1.4178717,1.9021229,1.9669034,1.1792291,-2.6234238,2.9262273,-0.1822089,NA18964,2,JPT,5,2,2,2
-2.629404,0.30402356,-1.3687384,17.34171,-16.248562,-13.36283,1.2687558,-2.8679292,-0.81435627,-0.6304077,-0.8245717,0.7422919,0.98739594,-0.25891235,-0.5876269,-1.0081236,1.0503362,0.5694394,0.08073286,-1.0062411,-0.5709475,-0.6699983,0.7703662,0.4590962,-1.1062213,0.9711983,-1.0388639,-0.8326964,-0.14016551,-0.032221433,1.7483582,-1.3269447,-0.9094329,-0.040980946,1.31806,0.0105804,1.306678,-4.4227214,-1.4371978,1.3957977,-1.0357555,0.5749367,-0.8463722,-1.5848961,0.10274178,-1.1586758,0.52622503,3.0837653,1.1742344,1.4777266,NA18953,1,JPT,5,1,1,1
-3.4581325,0.8746676,-0.25464955,16.810455,-16.780094,-13.541577,1.7292166,-2.585414,0.52413976,-0.09746622,0.95389277,1.5558201,0.3305309,0.30269983,0.47274446,0.20306787,-0.71676636,0.7159158,-1.0883605,-0.7799177,-0.7633359,1.6569287,2.6876528,-1.5853084,-1.2024392,1.4644483,0.99395347,0.30794796,1.0728866,0.32810014,0.025833843,0.6585213,-0.85282123,-0.1929308,0.39715314,-1.7090547,-1.2127401,-1.1845661,0.7087397,-4.299466,0.6550569,0.59556055,-0.7116338,-0.9736251,1.5166487,-1.6022236,1.5347962,-0.59320426,-2.3418992,2.1835494,NA18961,1,JPT,5,1,1,1
-0.15141177,1.0653316,-0.5921824,16.851324,-16.86075,-13.638125,0.88906115,-4.905081,-0.902991,-0.7327864,-0.032111317,-2.7862046,2.812088,2.699891,-1.2062551,-3.1669185,3.3953927,-0.40072307,-1.3984439,-0.2187599,-1.6050487,1.1649015,-0.67740756,-1.2828848,0.4470861,0.2542199,0.69399244,0.8128823,0.57253885,1.5810051,-0.5495317,-1.9160337,-1.1484193,0.55446947,-0.44067883,-0.1434116,1.909665,-1.3084813,-1.2108757,0.25276038,-1.9120139,0.33765778,-0.408745,0.68168813,1.1109991,-0.2004135,2.4515307,1.1274204,-0.056529325,-1.6131345,NA18972,2,JPT,5,2,2,2
-3.1568923,0.37488213,-1.0409287,18.127848,-16.447044,-12.892392,0.8421464,-4.2441087,-0.6348593,0.6222234,0.853418,1.6391045,-2.2084346,-0.6843504,0.45959496,-1.3662112,-0.9417528,-1.2825038,-1.1032193,-1.3246298,-1.1318234,-2.4999332,0.38692644,-0.462306,-0.002055866,-2.0759804,-1.2158991,-1.826083,1.3200307,1.3789436,-0.6395161,-1.0238178,-0.57744426,-1.9572048,0.48743844,-1.4197721,-0.5690379,1.6758491,-1.4729457,2.5378726,-1.1693729,-0.88524395,0.48850802,-1.3399328,-0.95015264,-0.45268896,-0.64814574,-0.6404366,-1.891059,0.66187876,NA18967,1,JPT,5,1,1,1
1.3165796,0.5021561,-1.4139663,15.833989,-16.238153,-12.691711,0.12090218,-4.231417,-0.9398928,1.2007604,0.42761528,-2.2026737,0.96866417,2.1417782,-0.7699,-0.5279042,0.7340866,0.7063996,1.8993739,-1.1706198,0.5046278,0.73122364,-0.418692,1.5966284,0.10226595,0.7207766,-1.9626527,0.8335681,1.8648404,-0.19756119,0.12045474,0.6613842,0.80653036,1.5308574,-1.6800104,-0.6876205,2.18954,-2.8410273,-3.0218885,0.23609081,0.7633955,0.27971122,-2.1352963,-0.34236452,2.4195256,1.3457427,0.61529243,3.4037323,-1.0845634,1.8798746,NA18976,2,JPT,5,2,2,2
1.6339172,0.8301964,-1.7076471,15.901199,-16.775162,-13.509094,1.1651099,-4.676869,-0.08291731,-0.3482154,0.006075156,-1.107147,1.2949245,1.2586371,-0.31454876,0.40736207,0.57474035,-0.014723569,-0.57168037,-0.6748569,-1.4275006,0.4257286,1.1310925,0.23392273,-0.528615,0.88493806,1.5060196,1.9133357,-0.91307694,0.26585573,0.27487388,-1.3064297,-2.774273,0.18943991,0.43368083,-1.2272683,-1.3138975,-0.17570688,-1.3566861,-0.17048678,-1.4576843,0.21803819,-1.2894046,-1.8164327,-0.3521871,0.72525823,-1.6035876,-1.9367228,-2.9696746,1.6242021,NA18981,2,JPT,5,2,2,2
-4.295805,-0.1645257,-0.7120466,16.578157,-17.647783,-13.092814,1.4722388,-3.2697322,-0.06653422,0.79784054,-1.0815241,-0.46810207,0.7842034,-1.0198416,0.04015517,-0.26055303,0.20979209,0.9041693,0.624114,-0.3434619,-0.80916446,-0.15893283,-0.5520844,-0.42803544,0.11636425,0.76390415,-0.2719243,-0.8408888,-2.4953463,0.20329118,-1.1140721,1.3428916,-0.65720826,-0.97461885,0.7521023,0.39915705,-0.081115656,0.051557887,-0.1396442,-1.1236173,0.33962426,0.19706245,0.27736205,-1.2912365,-0.04830768,-2.147856,-2.9825342,0.95558906,1.4088113,0.3978935,NA18971,1,JPT,5,1,1,1
-5.056162,0.59767205,-0.3655446,17.014425,-17.529325,-12.855455,1.149023,-3.5599706,0.544735,-0.5988849,1.599545,-0.12769036,0.2753162,-0.8459295,-0.0020822003,-0.67744166,-1.530585,-0.25152233,1.2263803,0.805819,0.24125805,0.8144197,-0.61705095,0.4515175,-0.022698777,-1.2572465,-0.9057163,-1.6869115,1.1121302,-0.64602345,-0.8595943,-0.009265194,-1.2833828,-1.34429,1.3508621,0.40416133,0.15310322,2.7169917,-0.7969612,-0.92177707,0.66516083,-1.921386,-0.8539249,-0.8811872,-1.018066,-0.8910237,-2.0041475,0.3507059,-0.3284011,1.4986969,NA18994,1,JPT,5,1,1,1
0.9955884,1.3449055,-1.3992482,16.175138,-16.924473,-14.086649,0.8703659,-3.848246,0.23919587,-0.49653238,-0.5286378,-1.3237445,-1.0093137,0.7957239,-0.96343595,-3.2474716,0.6426941,-0.047223672,1.4820137,-1.7961134,-0.8792805,1.8830811,0.2721454,-0.04110484,1.2260052,0.079513274,1.9306941,0.13171914,0.24630636,0.6958218,-1.9125781,-0.0070218765,-1.5370488,-0.43245265,2.5433388,0.5203632,0.4464224,-0.111679755,0.50966454,-0.58218914,0.48094675,-0.6004836,-1.2316711,0.35614017,0.34806412,1.5210003,-1.9275239,-1.347814,-0.30614302,2.1234748,NA18998,2,JPT,5,2,2,2
-4.3799887,0.97084713,-0.988272,19.379595,-17.2031,-13.425843,0.41333506,-4.308949,0.35699368,-0.51522213,0.6190453,0.7943829,0.5041054,-0.48092723,-0.06996933,-0.61659634,-0.14870869,2.1907136,0.82685107,1.4649403,0.7082456,-0.34163222,1.6027681,0.32794592,0.41324094,-0.2919862,-0.89110595,0.4055673,-1.0992205,-0.58683115,-0.06649684,-0.47798315,-1.6844656,-1.6560911,-0.98513883,-2.1511898,1.0776983,0.1350113,1.1927713,1.0927567,-1.4312274,-1.6778052,-1.8790281,-1.5009911,1.5576603,-0.51686025,2.3411639,-0.6115916,1.4478176,1.9722686,NA19000,1,JPT,5,1,1,1
-4.292717,1.3790944,0.4576062,17.581999,-16.489744,-13.798612,0.37638193,-3.1747289,-0.3386999,0.5662304,2.5172708,1.77478,0.6767832,-3.136175,0.27008045,-0.24308015,-0.28662682,0.4956286,-1.9551352,0.61373436,-1.5287378,-0.35153222,-0.31088293,0.7144254,1.695345,-0.34058288,-0.8573744,-1.598927,1.9105964,-0.03673098,0.30841395,0.18197837,0.5799066,-0.978395,-1.2812443,-1.3401622,-1.3679641,-1.4068776,-0.00044000693,-2.582604,-1.9670465,0.5495589,-1.9425682,1.1754042,-1.1964496,-1.6787169,-0.3166434,-1.4720744,0.93876934,-1.1542213,NA18943,1,JPT,5,1,1,1
0.9684099,0.8333503,-1.8380488,15.596921,-18.629372,-14.036273,1.0646462,-4.9081955,0.9887669,-0.117889166,-1.0306466,0.41194117,-1.092609,-0.053645004,0.122718655,-0.32411766,1.9139235,0.42819372,-0.90011364,-2.1851187,-0.00028808508,-0.4321925,-0.58951557,1.915837,0.089792006,0.9055998,-2.264844,-0.3482522,-0.1764154,-0.3738049,1.1568593,-2.0476942,-0.8733797,2.2045271,-1.5666195,0.89408386,1.1402688,-1.3727117,1.1954687,-0.15785664,2.0079124,-1.175699,-0.8113962,2.4713852,-2.2041576,-0.20402177,-1.8601445,-1.1758808,0.038546965,-0.91991323,NA18947,2,JPT,5,2,2,2
-4.059151,0.25467306,-0.0071495855,18.66712,-17.537683,-12.974338,1.8217057,-3.9989834,-0.32223216,0.38345376,1.033739,1.5213969,0.6580928,-0.8222168,-0.1821864,-0.112371765,1.1575943,-1.7331808,-1.1920382,0.45496652,0.4447411,-0.64679474,-0.73092943,1.2628781,-1.5698386,-0.013190948,1.7853632,-0.5068011,-1.8688949,-1.8938931,-1.1244898,1.8515013,0.5165691,0.49149376,-0.65129143,-0.26189625,-1.4371314,1.4277263,2.4990602,0.6453613,0.072218426,-0.039149128,0.8525845,-2.7855086,-2.8005474,-1.3695201,-0.34748873,0.13446411,-3.390972,1.6133416,NA18944,1,JPT,5,1,1,1
-3.1986628,2.4805193,-0.71294355,17.14965,-16.708427,-12.988418,1.4796968,-4.412541,0.59457964,0.56086916,0.8245203,2.6600065,-0.27272725,-1.1919574,-1.2315727,0.4763365,-0.103412285,-0.7843381,1.1385033,0.3966187,0.537955,-1.6408446,0.21175645,-2.182426,0.36244994,0.5507185,-3.3351321,-1.6362274,0.8268542,-1.5545095,-1.1576494,0.35354358,-1.1714003,-0.47326067,0.78865,-0.356664,1.0801476,-0.5605288,1.1034324,-2.9815333,1.4394128,1.8179358,0.96064377,-1.4466891,-1.2380992,3.5464454,-0.3767925,0.43062606,0.5397886,0.95315343,NA18948,1,JPT,5,1,1,1
0.6902239,1.1571649,-0.18457477,15.9207535,-16.638695,-12.552921,0.6742698,-3.6602044,0.019874323,0.79415154,0.27149028,-1.474241,0.96573746,1.7620014,-1.0306304,-1.2674236,1.8485264,-0.105675004,-1.1687013,-1.9274387,-1.4232196,0.6702501,0.61223847,-0.5706456,1.0013055,0.61148334,-0.11488563,-1.9357239,1.6398387,1.120064,3.2352617,-1.2132897,-0.8119069,0.8463034,1.139376,-0.36267912,1.1201757,1.942703,-0.1014502,1.2658113,-0.084918156,0.98547083,0.030904297,-0.41852316,0.20309591,-0.01709447,1.1958345,1.9744409,1.1673656,1.470911,NA18951,2,JPT,5,2,2,2
-3.7859952,1.1199508,-1.0501828,16.792389,-17.125925,-14.24982,0.71444386,-4.6531863,0.24265923,0.12012409,0.019280344,-0.3062787,-1.263156,-1.0218267,0.76697093,-0.59065807,-0.36708185,0.959331,1.001816,0.41865265,0.48944345,2.313422,-0.8025038,0.09951226,-1.040328,0.16336598,2.1288378,1.2696149,-3.086111,-1.6654547,0.40862048,0.84580255,-3.3128083,-2.9488688,0.20559138,0.26064295,0.3106756,-0.40990126,0.7081419,-1.9800363,0.3767057,0.56364703,0.78967595,1.9218873,0.974627,2.4936297,-1.5361912,0.71151286,0.61500615,0.57614934,NA18952,1,JPT,5,1,1,1
1.2123455,1.1535845,-1.2195748,16.103569,-16.571295,-11.787987,1.3698295,-3.6665819,0.086886264,-0.37754217,0.041991178,-1.329906,0.8535757,1.3667512,0.14904748,-2.5190527,0.7004938,-0.36130688,0.6384501,0.992325,-0.6673582,0.16447148,0.089094885,-0.7642552,1.2646952,-0.17463502,-4.0551095,0.31407282,0.19553262,3.5735214,-0.11290347,-0.28759906,-0.3838651,1.1196163,-1.2238325,-0.0841814,-0.5154763,1.9907998,2.3721857,-0.046963595,-0.4028657,2.2911065,-0.44550258,-0.08178379,-2.3606615,-0.3788567,-0.5698074,-0.03474183,-0.39290804,-1.4802581,NA18956,2,JPT,5,2,2,2
2.204474,1.3311502,-0.7036012,16.169071,-16.177496,-12.760702,0.6009533,-3.2882211,0.5840785,0.76325434,-1.0800028,-2.3373682,1.1257292,1.5220661,0.70270526,-0.72870475,-0.5527628,0.6748333,0.20574974,0.64341843,-0.8089163,0.8283363,0.45776507,-1.5212073,-1.2180887,-0.29234862,-2.2545586,-0.7230127,0.7089399,-0.07887821,-1.0538388,-0.8280874,-0.35132253,-1.1027901,-0.5982316,1.7702271,-1.7434225,1.0711435,0.12211805,-0.9374395,-0.7199277,1.4039352,-0.123239614,-2.1186469,1.0035158,0.98251164,-2.9505975,-0.4211717,-0.95296115,1.2224354,NA18968,2,JPT,5,2,2,2
-4.9131713,0.59075636,-0.28967276,17.255287,-16.138865,-12.91513,0.71141565,-3.7876873,0.46995693,0.1887419,0.16833252,1.4554445,-0.81975675,-1.3820366,0.97967756,-0.16324854,-1.1333795,-2.4672492,1.2753685,1.6072745,0.6859423,-0.6568745,0.15784198,0.57900465,0.15508507,0.04564474,2.5516028,0.6551395,-1.8238274,-1.206625,-1.2820286,-2.8087728,0.5257938,-0.12514846,0.01804026,-0.54091173,-0.7661514,-2.0113864,-0.5633328,0.011388671,0.27522317,0.8588417,1.8958803,0.2723203,2.9401376,-2.4018872,-0.40424618,-0.5348438,0.9678766,-0.09148773,NA18959,1,JPT,5,1,1,1
0.84271204,0.6372442,-2.0231104,15.573278,-17.350601,-13.078162,0.9170699,-4.244739,1.5436829,0.83637255,-0.50470203,-1.2447746,0.17005135,2.4719646,-0.6615866,-1.320479,-0.5899014,1.6978484,-1.5250523,1.9596238,-1.4816073,-0.6477225,2.3335574,-0.574227,-0.20569304,0.05817295,-2.267941,-1.7032347,0.32309234,0.7493602,-1.636969,0.102475725,1.5746056,-2.0019662,-1.6713388,-1.5987865,0.114179365,-0.52762085,-1.2701426,0.34111044,1.1721246,-1.121471,0.159863,-0.42730322,0.5849294,0.06998479,-0.8553412,-0.8472538,1.1023732,1.4096091,NA18969,2,JPT,5,2,2,2
-4.3826356,0.04344296,-0.25890332,17.448772,-16.819357,-12.899688,2.076751,-4.609214,0.26928002,1.2047323,0.83009565,1.4604486,-1.2152506,-1.7254773,0.29737857,-0.59078246,-0.55264115,0.11051215,1.0460767,-0.7965442,0.73586017,1.833663,1.3990939,-2.1617155,3.0516798,2.0070634,0.6750766,0.56628245,1.1864694,-1.0652041,0.6873087,0.57006556,-1.0785147,-0.038964536,-1.680564,1.7211839,0.6385238,-2.157893,-1.6522338,0.4624074,2.056369,-1.626539,1.7967741,0.8171361,0.29029682,0.7673184,-1.3168533,-2.2347527,0.6769037,1.0921526,NA18960,1,JPT,5,1,1,1
-4.187593,1.6446197,-1.9603475,16.971182,-17.24656,-11.751393,1.5980481,-3.8199778,0.44253388,-0.8381304,1.1064085,1.6081654,-0.07393968,-0.058972325,2.2237167,-0.115816355,0.59859747,1.1495154,2.596523,0.6548615,1.1491442,-0.09735633,2.669419,-0.48924115,0.52411824,-0.17406513,2.0849984,0.30172527,-0.97573817,-0.35185215,-0.45983538,-2.7328794,1.4212104,1.1227373,0.9209769,-1.022093,-0.5375844,-1.2380729,1.2060149,0.67139435,1.3475283,-1.579887,-1.4273951,2.623278,1.3789476,0.09560764,1.1851001,0.24315262,-0.3654484,0.36413044,NA18965,1,JPT,5,1,1,1
1.3714597,0.24109717,-1.3701545,15.845254,-16.817413,-12.469639,1.6162435,-4.1708317,-0.2794116,0.13419434,-0.21780205,-2.5731776,1.2146239,0.88409746,-0.2198552,0.90185857,0.21494329,1.4888715,-0.29153106,0.54908454,0.34489882,0.79386586,0.3555703,-0.99587125,0.678362,-0.4639621,-0.17067698,1.3546817,2.2859936,0.3622857,1.6737355,0.95381963,2.690054,2.6296363,0.781125,0.9200454,-0.8640809,-0.9457345,-1.9840549,-1.6809413,0.20157647,2.4974148,0.23283632,0.7058268,-3.222861,-0.7938252,2.6268342,0.56621045,1.14372,1.6091249,NA18973,2,JPT,5,2,2,2
-3.7449934,0.37863648,0.20883471,17.598564,-15.814158,-13.153843,1.2525007,-4.173803,0.21092463,-0.6106873,0.16441883,0.95314765,-0.46299854,-0.24599388,1.7512437,1.2099433,1.139848,-0.5978539,0.035435904,0.83707905,0.64163,0.40361637,-1.0217949,-0.21702366,-0.4638547,-0.012819676,1.2355584,2.6021996,-0.23730116,-0.7977671,0.5367118,2.3822918,1.0082599,0.102150865,1.1985196,0.008982331,0.79435295,-0.9954758,0.9676593,3.4090073,0.651156,2.0137637,1.9826226,0.8912901,0.10341109,0.7890113,0.53001976,-1.7623755,1.422925,-1.7002167,NA18966,1,JPT,5,1,1,1
1.5616051,0.23624179,-1.2748986,16.727938,-16.995728,-13.4763565,1.2144158,-3.5058925,0.3563826,-0.07189491,-0.33963218,-1.1206332,0.44360495,1.0075506,-1.1692458,-0.576353,0.46903116,-0.43075964,0.06979765,0.63393384,-0.13174242,1.5271289,1.7624992,-2.1066883,-0.1469695,-1.2696282,2.4603183,-1.7650014,0.6164077,-0.7876823,0.83846384,-1.6681123,2.3658326,-0.08810715,1.6700456,-0.13151835,0.78773654,0.746002,0.4659068,-0.04037499,-0.7584803,-0.60883814,-1.5269054,0.68433505,0.16937125,-1.6227959,1.079608,-1.7520082,-0.25129527,-0.18219674,NA18975,2,JPT,5,2,2,2
1.8167598,1.1398907,-1.2768458,16.696295,-16.485697,-13.637994,1.1002607,-4.253553,-0.8989354,-0.64997274,-1.3641825,-2.5857987,0.7380966,1.0231357,-0.0062424503,-1.4548054,0.025143811,0.5282535,-1.5540656,0.13550918,0.06474545,0.9706172,-1.43685,-1.3422426,-0.6850287,0.3051295,-1.8770248,0.5250248,0.5497664,1.1905806,0.19012395,-1.5250331,0.9523495,0.4242368,-1.3203123,-0.40518954,-1.6377301,-0.44790667,0.8493607,0.21037756,1.3666481,-0.014618752,0.38881025,3.7469752,-1.960334,-2.0524724,0.81607026,0.11426521,2.3990252,-3.811978,NA18978,2,JPT,5,2,2,2
0.33900517,1.2851619,-0.92813444,16.010782,-16.316767,-12.284447,1.5285479,-3.6946943,1.0252057,0.90713394,-2.2493134,-0.22338726,-0.75452924,0.6979313,1.0024965,2.3751707,1.2551899,-1.3800358,0.9630214,-0.28989846,0.7232453,-0.06662605,1.9199399,1.0369368,-0.17364812,0.30236086,0.6750633,-0.6235366,-0.1260688,0.30414352,-1.1624491,-0.12527244,-0.06941613,-0.41162017,-1.5415442,-0.44317263,0.028961092,1.4660488,0.9732222,0.95625746,2.5785222,1.3034073,1.128138,3.596971,0.03673883,-0.8777047,-0.8849018,0.4590876,1.3308008,-0.8985124,NA18980,2,JPT,5,2,2,2
-3.8706734,1.7931348,-0.92159957,16.636593,-15.770271,-12.924782,1.1466786,-3.435471,-1.2937008,-0.028558567,-0.5009496,-0.32942015,-0.79036033,-2.0504584,1.2994283,-0.47131768,-0.57534385,-1.5499606,1.2400339,0.3829927,-0.4393365,1.512816,-1.0098175,1.1505283,-0.80887425,-1.1265641,-1.0646942,-0.61640257,0.50420433,2.0616286,0.7078692,-0.54390603,-0.20090555,1.3405962,-1.8461639,-0.3269618,1.016434,1.7993109,1.6108689,-0.5125539,0.87267905,0.6816164,0.71061474,2.3614278,0.7446061,2.4998796,0.25733897,1.9348041,0.53669953,1.1821742,NA18974,1,JPT,5,1,1,1
0.5299164,0.9562477,-0.56600183,16.04966,-18.107569,-13.267193,-0.051731862,-4.0308914,-0.088830344,0.7475671,-1.6255205,-1.9486527,0.95162344,1.8648382,-0.6030842,2.2874587,1.1192913,1.1040391,2.1097286,0.65633595,1.3801785,1.6221354,-0.6366815,-1.9081495,-0.6376865,1.4550829,-1.312383,0.82494706,-2.9884875,-0.15785243,-0.64642835,0.42516035,1.9455072,-2.2449515,-0.4582941,0.7392228,-0.45687255,1.5973996,1.1077647,0.2183746,1.744608,1.4593598,0.14443183,1.8621836,-1.1370835,0.14700101,-1.7408782,0.49421293,3.1002202,-4.1993732,NA18987,2,JPT,5,2,2,2
-3.568936,0.47266313,-1.1724643,17.04734,-17.252945,-13.430458,1.3657839,-3.779715,-0.027110724,-0.17976226,1.5302849,0.026344586,-0.8870652,-2.1425295,0.40889305,1.6658447,-1.5047987,0.3421015,0.3416428,0.023565456,-2.723937,-1.4997379,0.34224156,2.770542,-0.18827626,-0.76003814,-2.049453,-0.70000625,1.4427046,-1.8568867,1.1222407,-1.4699839,0.2053624,0.034559183,0.5251632,-0.12948982,0.4865796,1.4245551,-1.0964012,0.46674374,-0.6226763,-2.5960753,-1.8328073,0.6506914,-2.0094712,-1.6113551,1.4115436,-0.30751473,-0.25174484,-2.472142,NA18990,1,JPT,5,1,1,1
0.0003919362,1.7982775,-1.609205,15.453254,-16.976887,-12.345205,0.884556,-4.0091186,-0.18917641,0.4941943,-0.9495016,-1.4081638,0.723831,1.196206,0.30160514,-0.471615,0.038336355,1.1573108,-1.0824217,-0.90981346,-0.22363329,0.29567984,-0.6970779,-1.3844053,1.840818,0.8626861,-2.4280794,-1.7621645,-0.15593596,2.6895492,-0.08581718,-0.12114414,2.0845175,-0.7539459,0.3944939,-2.078625,0.107432775,0.16663612,0.33720246,-0.16880487,-0.71139485,1.7139043,0.994305,2.6036477,1.8444326,3.6701233,-0.32585904,-0.74570656,-1.6912527,-0.99827105,NA18991,2,JPT,5,2,2,2
-4.046226,0.21816827,-0.8279432,17.351427,-17.056139,-13.186203,1.6475654,-4.4228573,0.45243758,-0.7712238,0.74445003,1.077106,0.5904676,-0.36443874,-0.5580036,-0.9601386,-0.77858746,-1.5178087,-0.6619233,0.6825055,1.0621268,-0.43737873,-0.59498143,-0.88738215,-0.03202671,0.5332082,1.5519539,1.7502223,-1.0383444,-2.892878,1.2271742,-0.06460051,-0.34432167,1.2635353,-2.2495074,0.75603783,0.47333306,1.0475534,1.5386405,-0.6247105,2.747285,-1.8639109,1.1084758,0.69607943,1.5510098,1.0967871,-4.0573063,-2.859364,0.7038104,1.4894819,NA18995,1,JPT,5,1,1,1
0.78107876,0.040367223,-1.6799951,15.44913,-16.302372,-12.185483,1.5674132,-3.967721,1.131745,0.19606216,-0.7389784,-0.858753,0.40518975,2.104549,0.478674,0.7492688,0.3136193,0.29694536,-0.87067246,0.8711238,0.030211072,1.62422,0.4265117,0.359269,0.421857,1.812688,0.16521367,1.9099258,-1.0513961,1.5223857,1.1321938,0.40391946,0.6945971,0.11089583,0.12278118,1.9667287,-1.0388455,0.56622505,-0.662331,-1.3658252,0.2590572,2.7729783,-0.17746438,0.13622484,-0.32758063,0.96387404,-2.8697023,-0.9256097,2.2837245,-1.5665882,NA18997,2,JPT,5,2,2,2
-3.8746397,2.032087,-1.026942,17.011501,-16.66271,-13.047689,1.3340431,-3.1137109,-0.3968501,0.11834025,0.9461664,1.4365,-0.5427041,-1.4688368,0.94803774,-0.41190457,0.32796344,1.0159266,0.29156741,0.7399311,0.21882828,-0.33649817,0.18276745,1.5687985,1.3121164,-1.2410606,1.4887869,-1.5370259,0.09135248,-0.5100991,1.7338003,0.6947414,0.5572113,1.1287253,-1.2409803,0.72844976,-1.7505732,1.3916459,0.278002,0.8216946,0.4798057,1.9133523,2.4042032,-2.6739023,3.1110442,1.0148869,-1.2918674,-0.78642076,0.41221932,0.908592,NA19005,1,JPT,5,1,1,1
1.9529809,0.8597581,-1.9484864,16.738941,-16.983425,-13.435494,0.21615416,-4.9661827,0.48828074,-0.6881825,-1.305289,-2.001999,-1.3401595,1.9744833,-1.191058,1.2631125,1.2483951,0.42006722,-0.2553503,0.116066016,1.9216827,-0.12476696,0.15068871,-0.25392017,-1.7861686,1.058231,0.44685763,0.20284092,1.7894163,0.8519911,-0.36282152,0.12473156,1.5369364,-0.22779156,1.288232,-0.308221,0.7213554,-0.43389425,-0.9161073,0.10156589,-0.794161,-1.8053291,-0.7479967,-0.6691416,-0.55683523,0.46089575,2.4190512,0.3864046,-0.05812407,0.2565481,NA18999,2,JPT,5,2,2,2
-3.3593822,0.8785415,-0.88885236,16.868511,-17.214928,-13.150042,1.3412186,-3.9815743,-0.07942709,0.19042036,0.22472526,-1.0371366,0.9067411,0.18225887,0.020412577,-0.35842445,-0.70484495,1.9013796,-1.5063953,-0.28901035,-2.5171094,-0.33297956,-0.27217087,0.1690978,0.80490065,-0.7829419,-1.1250843,-0.43483722,-0.072781175,1.6331725,-1.0431101,-0.8243239,-0.017525762,-0.37328213,-1.6636533,0.1138673,0.39779484,1.5982574,0.3096082,-1.2467749,0.4245519,-0.25589523,-1.9418505,2.3857877,-1.229302,1.3709341,0.3071736,-1.4430897,-0.71740955,-1.2477133,NA19007,1,JPT,5,1,1,1
0.78705025,0.7769405,-0.3752533,16.142187,-16.684698,-12.244795,1.7327158,-4.235444,0.16940741,-0.18814825,0.14387517,-0.78656524,-1.080153,0.75351197,-1.4407992,-0.96130747,0.97189164,-1.0494666,-1.5360448,-1.6585772,-1.2763617,-0.43470776,-0.14287828,0.79005325,-0.0515486,0.59546196,-0.42571443,-1.4928759,-2.1625042,-0.16233166,-0.05540174,-0.30072102,-0.8206024,0.51479566,0.5999016,1.4860995,-1.808464,-1.6108273,-0.63752395,0.06912081,-1.4731883,0.67669964,1.4563688,2.1674185,-1.0370148,1.2668396,1.3950896,1.5409044,-3.670948,-0.48861215,NA19564,2,JPT,5,2,2,2
1.7224951,0.6238651,-1.5141429,16.183077,-16.518291,-13.166271,1.5725151,-3.7724185,0.06428108,-0.5020857,-0.67854565,-1.6625242,1.740776,2.2735348,-1.2261816,-0.54419875,1.1725234,0.8663325,-2.2054055,-1.70725,0.27509123,0.9815871,-2.8350213,-0.8963744,-1.1049757,0.5198274,-0.44013253,-0.57620233,0.19008727,-1.2694371,-0.67035747,-0.9308863,1.8640987,-1.1675485,-1.8331206,-0.8989992,0.40373835,-0.48165488,-2.4051418,-0.10502604,0.7079177,-0.19428252,0.7475159,0.28452605,0.29055884,0.5558201,0.05865482,0.83391625,2.0001519,1.3251078,NA19562,2,JPT,5,2,2,2
0.41520545,0.5620537,-0.81297195,15.922972,-16.24428,-12.225006,0.242102,-4.601394,0.9380529,0.26403624,0.4610096,-0.3761852,0.40295148,-0.7223373,-0.61027384,0.47624138,-0.76961154,-1.205192,-0.24283543,-1.5219282,-0.5111923,0.8687878,-1.1558032,0.9086388,0.38196766,1.0255007,1.2407156,0.69480425,-0.024197292,-2.0554926,-0.44339278,1.1597863,2.251893,-0.56041056,-1.7946819,0.32222116,0.07219313,1.2606753,3.8727565,0.8930375,1.9086552,0.24357046,0.8833468,1.9703261,0.4520361,2.5673604,-2.9215848,2.0339696,1.4892943,-0.9690111,NA19563,2,JPT,5,2,2,2
-4.8115845,1.3719586,-0.5526432,17.985952,-16.370548,-14.203863,1.998818,-3.2622647,0.17195784,0.8191339,1.3646584,0.9005143,-0.372121,0.8077745,0.31376904,-0.470059,-0.7388836,-0.20507845,-1.8952963,-0.28817102,1.4891372,0.39559042,-0.08278088,-2.2624671,0.23904112,0.7499112,-1.6368935,2.0086222,1.1307555,-0.15101857,0.8465861,2.8206773,-0.9265237,-1.8174448,-1.5053049,1.9209205,-0.7882566,-0.28204557,1.3085065,-0.13017537,-0.32913378,-2.7259479,-1.4721074,1.6565095,-0.010711678,-0.61437154,-0.41115427,1.7977035,-1.799801,-2.5826597,NA19006,1,JPT,5,1,1,1
-3.984705,0.96533006,-1.1614988,18.043182,-16.535315,-13.131115,1.3625399,-3.3768623,-0.27771884,1.0093333,1.1105353,0.90229845,1.3719122,-2.606082,-1.1605659,-0.15877303,-0.7376589,-0.41057348,0.90004957,-0.05469085,0.5192605,-1.3777856,0.576202,0.5638257,-1.5526752,-0.29205984,-0.5858792,-1.6814494,-0.9814119,-0.24365179,-0.068557404,1.7422439,-0.5391705,1.8153434,0.012403969,0.96794426,-1.883736,0.13948295,-2.0991218,-0.13475661,-0.004218153,1.7142377,-3.3259706,-2.6331909,0.04164061,2.8703988,-0.5498102,-0.019243736,-0.48522207,1.1173655,NA19089,1,JPT,5,1,1,1
-4.1782475,1.3160831,-1.2394344,16.21416,-16.155252,-13.552374,0.76743907,-3.537008,-0.36757597,-1.1432505,0.85117775,1.9570158,0.99123496,-2.1310966,1.309918,0.7931143,1.0474539,0.23798941,1.982444,1.5747217,2.37124,-0.008565833,0.4031746,0.57932246,0.51295614,-2.1925025,-0.08838103,-1.18455,1.563623,1.8314823,0.060072616,0.4618143,-0.862079,-0.97854924,-0.10650738,1.4306988,1.300777,-0.7144732,-0.5178643,0.41448325,-0.27485225,-0.7612379,0.8250848,0.50520617,0.17039272,-0.4467993,2.3371708,-1.8850595,-1.4591542,-1.1031041,NA19091,1,JPT,5,1,1,1
0.6330097,0.12990275,-2.2151093,16.406076,-17.159023,-13.460894,1.636862,-4.061379,-0.16464643,0.062355753,-1.7913551,-1.856935,-0.19762167,1.353812,-1.8811591,-1.272391,1.9358963,-0.058467656,0.81016225,-1.9198467,1.0843576,2.414006,-1.8002536,0.17992042,0.94638026,0.9906125,-0.31171894,-1.1595238,0.7296883,-2.1919897,1.9445332,0.22144842,-1.2506373,-1.2893567,-0.19047052,-1.5817976,-0.6959368,-0.022423264,-1.8284336,1.2608235,-1.6612735,0.92217904,0.6804104,2.0249145,0.7912515,0.5621017,3.430413,1.8075427,-1.2260076,1.1962888,NA19545,2,JPT,5,2,2,2
-3.3472912,0.49388176,-0.6152399,17.534807,-17.425535,-13.7083645,2.0907123,-3.964343,0.11646445,-0.1253177,-0.22903204,1.2733952,-2.562417,-0.9444638,1.4031436,2.1492577,0.18731822,-1.0725032,1.4015276,-0.31237325,1.0807863,-1.8186532,-0.81838566,-0.9103476,0.38521174,0.88917726,0.39912662,0.7263793,1.1141324,-2.4730794,-0.046841756,-1.859409,-1.2662506,-0.3950081,-0.48329097,-0.4674578,0.73391455,0.2784849,-0.34016457,0.88507056,0.44129166,1.2034847,0.28779507,0.59199494,0.19257098,0.020399725,-1.1701714,1.2297649,1.896683,-2.0460398,NA19557,1,JPT,5,1,1,1
-3.6059542,1.1581833,-0.8555125,17.464314,-16.122286,-13.2768135,0.41838548,-3.463424,1.1515009,-0.4349191,0.1187588,0.7506763,-1.0648617,-1.3690112,1.5326155,-0.99555695,-0.11890929,-0.6133748,0.51068956,-1.509492,-2.3836496,0.20300733,1.3304076,1.3183472,-1.1373749,-0.17529641,0.9076384,-0.70912886,0.44071144,-0.4056078,-1.1504017,-0.26138294,-0.66393226,-0.6270695,-0.53287315,-2.0775056,-0.22803974,2.1198,-2.2037003,-2.8207598,-0.8783081,-2.091037,0.75373447,1.135741,-0.3947511,0.24102972,-0.6130055,-2.1236773,-0.25051478,1.5009217,NA18982,1,JPT,5,1,1,1
-3.613828,0.13370769,0.20134285,16.369886,-18.360983,-13.968105,-0.15797591,-3.9505453,0.8895185,-0.086049795,1.537001,1.4111975,-0.3531427,0.55457395,-1.302578,0.5757204,0.93159026,-0.2578398,-0.024526197,-1.0687516,0.67747116,0.58803105,0.72328836,0.11529827,0.35728502,-0.1004993,-1.1427789,3.023658,0.7842812,-0.31026334,-0.5384979,0.96402955,1.6056901,-2.0797167,1.806863,-1.9852018,0.5584842,-0.062372696,-0.7918566,2.2876086,-1.4262094,0.7849369,-0.65453523,-1.9701182,2.304481,-0.6485716,-2.2997267,-0.5650365,-1.1872178,-1.1588573,NA18983,1,JPT,5,1,1,1
-4.084513,0.8359087,-0.58390415,17.540054,-17.838854,-12.549839,1.459317,-2.2642868,-0.16784963,-0.34101844,0.38711032,0.8992733,-0.4439326,-2.106571,-1.147016,0.7819747,1.1758653,1.4453936,-0.0063433787,-1.8527188,1.5231906,1.8288774,0.9867611,1.8279867,-0.90028536,-0.8351682,1.5658565,1.2658699,1.200809,1.1046377,-0.41684178,-0.42697865,-3.0039968,1.0603678,0.38926557,-0.44777203,-1.2902422,-1.3084391,-1.5279148,-2.123897,-2.504106,0.73950833,-3.4815903,-0.5587605,1.4422357,-0.13565777,2.8557248,-0.91144633,0.9477828,2.0012221,NA18985,1,JPT,5,1,1,1
-4.252678,2.048487,-0.6037795,17.660578,-16.985542,-12.755815,1.3453995,-3.396933,0.75578135,-0.29754287,0.27252254,1.3234282,-1.9050983,-2.339582,0.013836395,-0.16663545,0.39109963,0.3995842,0.058292367,0.34521094,-1.302485,0.89653224,-0.48200923,0.19346824,0.68412733,-0.58011943,0.35128546,1.0427932,0.24434821,-2.7822895,-1.75382,0.58902127,0.89974815,0.502027,-0.052365117,-0.83545816,0.7686958,1.2354449,3.3816936,0.3323645,0.92165256,1.3912652,2.4099677,-1.0350338,-1.1937313,0.8928981,-2.4110723,-0.8195579,2.7257001,-2.033735,NA18989,1,JPT,5,1,1,1
0.33799937,0.22345273,-1.7678767,17.006313,-17.560184,-13.959374,0.90662664,-4.639188,-1.2542516,-0.071231075,0.08938241,-1.9268731,-0.21045932,0.6479051,-1.0977826,2.3669055,-1.2115057,0.12165045,-0.005258869,1.6653141,-0.06803576,0.94688976,0.48637187,0.28793898,-1.2254139,-1.079771,0.47840095,0.2793576,0.93237334,0.5697879,0.78678894,-0.6685766,0.42694515,0.37425226,3.4314754,0.3189025,-0.93749595,-0.74095863,-0.30297518,0.28312734,1.9121696,1.1994826,-1.3146007,-1.9020783,-0.66873944,2.7211163,-1.3795615,0.2882302,-1.502675,-2.7837818,NA19011,2,JPT,5,2,2,2
1.624502,0.9885822,-0.9599321,16.606804,-18.190605,-13.124851,1.0229869,-3.896353,-0.46113265,-0.62909687,-0.85014164,-1.409344,1.2830032,2.7260194,-0.4527564,1.5109258,1.0630414,-0.8976043,-0.09411522,0.10592118,-0.62192315,-0.5938971,-0.25402775,0.1148329,-0.028016489,0.45565137,-1.6875033,1.058455,-0.7665576,0.64108795,-1.3181939,1.7821969,-0.5731804,-0.9514453,0.8444862,-1.3998625,-0.6398491,-1.2623392,-0.7761912,1.8859653,-1.5847921,0.82351977,-1.3276013,-0.56940883,-0.6192149,-0.95782024,0.08791089,-0.80136895,0.37964895,0.48028633,NA19546,2,JPT,5,2,2,2
0.79207855,1.153358,-1.9645556,17.36978,-17.384085,-12.738173,1.8902217,-4.5646906,-0.17021318,0.6791769,0.1401427,-2.1650374,-0.44745675,2.4304557,1.9254506,-0.59987473,0.059430454,-0.58965653,0.07244178,0.41446888,-0.37616184,0.5315824,0.21781117,1.2546359,0.31834105,-1.8097819,-0.996346,-1.119238,1.4667279,-1.1060544,-1.6459678,1.2457311,-0.70040965,1.1937939,2.8205078,-0.028386407,-0.45745072,0.52380407,1.1729523,0.50353634,-0.5192843,0.048391074,1.3188661,0.8483805,-1.2141134,-0.5726457,3.7416966,1.1679386,0.512787,-0.38946986,NA19548,2,JPT,5,2,2,2
1.552096,1.3987788,-1.6813726,15.609293,-17.39175,-13.653318,0.369363,-3.890408,-0.07794635,0.17971627,-1.5778263,-0.39741465,0.2630125,1.3931805,0.903783,0.32088906,0.62188846,-1.5012871,0.3843806,1.7064978,-1.2421643,1.3895756,-1.3625339,0.08721096,0.21738034,-1.797524,-1.3332708,-0.30224952,0.91732466,0.51695746,0.12345423,1.721294,1.7582273,0.48826876,0.67008156,-1.4560517,0.8548353,-0.5675417,0.1861999,-0.22679472,0.8085331,0.1807149,0.23566206,0.1587079,0.43128726,-0.57987595,3.136791,-0.8035385,1.5056287,-3.105056,NA19550,2,JPT,5,2,2,2
-3.7787101,0.63382596,-0.05044048,17.181103,-16.643877,-13.102842,1.2047772,-3.6433947,0.2922179,1.7930729,0.29713637,2.592988,0.6435845,-1.1072866,0.98453283,-0.5282264,-1.4453908,1.397888,2.163427,-0.7271189,0.17340328,2.2689426,-0.0912688,0.42207932,-1.5304822,-0.16731225,0.4122843,-0.2400739,-1.6519339,2.0335016,-0.5895038,-1.3984022,-0.33189946,-0.58314306,-0.50633496,0.59208316,1.2856339,-1.2138125,-0.9438578,-0.113817535,-1.9704317,0.3866819,-1.5081462,-0.45231616,0.48835492,-1.8464679,-0.15035905,-0.79910624,-0.037499305,-2.1632195,NA19556,1,JPT,5,1,1,1
-3.3713033,0.26497456,-0.41830423,16.191872,-16.687468,-12.789091,1.0782357,-4.4341145,-0.2597441,-0.3889565,1.4542898,-0.64009756,0.4924741,-1.7844802,-0.74333584,0.12164305,-1.3890785,-2.308151,-1.2344443,0.9988269,-0.18412557,-0.72106445,-2.451527,-1.4777724,-0.74745595,-0.6388875,-1.3004323,-0.41999638,-1.4871793,-0.8491772,1.6319556,-0.74658686,-0.9947116,-0.9393125,-2.8443353,-0.4879949,-0.20414518,-0.31829357,-0.33653194,-0.11044586,1.300338,-1.0820355,0.7545749,-1.7160053,0.27260795,1.4984157,-1.0948473,-0.5059239,-2.1341336,-0.14174283,NA19558,1,JPT,5,1,1,1
1.1046107,1.34961,-1.1840466,15.11555,-16.916536,-13.903457,0.93872756,-3.661442,0.8433963,-0.20909277,0.7766009,-1.1726197,0.32240385,1.33288,0.50657827,-2.4337926,-1.7087426,-0.0036648537,0.48300162,0.89725584,-0.9175814,-0.3082493,0.6185419,0.6823763,-1.0223763,0.1122862,-1.3766927,-1.7660637,-1.6633983,-0.7818604,0.66840726,0.6148594,-1.3247336,1.542047,1.3588163,-0.86144775,0.25496542,-1.1501391,1.952613,-0.49188656,0.6337404,2.41191,2.4742417,-2.2588265,-0.0022453177,1.7176689,-0.8206073,0.7993181,0.99152493,-1.831176,NA19566,2,JPT,5,2,2,2
0.099696904,1.2100382,-2.4455903,15.510187,-16.830847,-13.638453,0.019733774,-4.2478976,0.8414564,0.03280082,0.40426987,0.15042844,1.1679313,-0.12205114,0.33681536,-0.2419931,-0.8776089,-0.21125732,-0.4698566,-0.86035603,-0.57816154,-0.43828776,0.032776263,-0.28875947,0.52949846,0.0099759465,-2.9281197,1.0911797,0.46322998,-0.29831994,1.1972753,0.8485518,1.782749,1.9986093,-0.7118535,-0.67570627,-0.20682923,0.4800826,-2.3169343,1.6140547,3.0085382,1.396828,1.5866784,0.7479846,-2.3202074,1.828386,-1.7312782,0.83346266,-0.18164839,-0.3236274,NA19570,2,JPT,5,2,2,2
1.2969447,1.5117173,-1.5182893,14.9413185,-16.629622,-12.252699,2.3004546,-3.8763533,-0.14764857,0.05616406,-2.3091075,-1.9908696,-0.2682244,0.37054914,0.33314747,-0.56782055,0.9681016,-0.33284765,-1.3290917,0.16143158,-1.6297421,2.1643455,-1.560523,-2.4232638,0.35900918,-0.37113693,0.79492676,-0.8044705,0.8786615,0.8621414,-0.501626,2.2755728,0.4573495,-0.77338076,1.9622824,-0.19209498,-0.93562907,-1.0318025,-2.4062698,-1.1225091,1.0084327,-0.13921842,-1.7208246,-1.1133965,0.016637903,1.4941814,-0.17536055,-0.7247282,2.5768192,-0.71718925,NA19573,2,JPT,5,2,2,2
-3.051936,0.31786928,-0.7686013,16.767603,-17.545404,-12.982736,1.7553196,-4.7215724,0.22931685,-0.27219474,2.1545293,1.1392674,-0.04826133,-1.100096,-0.32982537,-1.2288097,-0.32311392,0.5763231,-0.0120226145,1.4182334,-1.327121,0.9106745,1.8009071,-0.47794732,-1.5057241,0.7231846,-0.6764293,-0.94729924,0.35759616,0.6767615,-2.69214,-0.1701777,1.7240413,-2.146212,-0.34885603,-0.70455647,3.3615127,-1.1460301,-0.9128259,-1.5255477,-1.3784671,1.9750806,-1.4467283,-0.12951928,1.4338698,-3.1421466,-0.46627882,-0.38691387,-0.80018485,0.75405973,NA19004,1,JPT,5,1,1,1
-3.4836156,1.4281721,-0.8477231,18.58577,-16.836185,-12.706073,1.7187865,-4.127232,-0.055685356,0.80018103,-0.6777983,1.0580227,-0.63127226,-1.2674474,-0.7933662,-1.3575335,-0.7849321,-0.2157363,0.7034888,0.1967096,3.3254192,-0.28475812,-1.1722443,-0.6544843,0.34467226,-0.34025058,-0.1489166,0.9300791,-0.46959817,0.9107022,0.11163218,-0.45158288,-2.242145,0.14709724,0.1932837,1.7228551,-1.9870489,-0.15505405,-0.67017555,-0.6602402,-0.07324863,-0.7474493,2.1176744,0.66299343,-0.6471423,-0.9026368,1.5505121,0.029195525,-0.14237005,0.6738031,NA19559,1,JPT,5,1,1,1
1.085946,1.1500459,-1.9480232,16.007572,-16.669483,-13.407517,0.6231843,-4.2691684,0.5021817,-0.1981564,-1.0550789,-0.5564372,0.21292482,1.2018676,-1.6590343,-0.506061,1.4888035,-0.3835734,-0.28998354,2.200185,0.3082303,0.095817395,-0.2136191,0.7732847,1.4626976,1.8681668,-0.3459254,0.02721197,-0.785104,-2.007487,-0.19880664,0.4552989,-0.34160072,-0.29323778,-0.7485138,0.05155003,0.9712298,-0.1132583,0.134337,-0.78409195,0.7257037,2.161591,0.41879514,-0.87313163,1.2868882,2.0295558,-1.5008538,-0.6981998,0.28596124,-0.20118727,NA18950,2,JPT,5,2,2,2
-3.7407284,1.4313079,-0.9927775,17.20875,-15.639323,-13.780896,1.4041737,-4.394212,0.03296036,-0.4515897,0.3316061,0.63058394,-1.3252714,0.8479971,-0.4283613,-0.34577888,-0.13921519,-0.06467085,-0.645125,1.3060062,-0.45279822,-1.2414817,-0.2035621,-0.09446389,-1.7242651,1.4338032,-1.4810003,0.9488036,-1.3933723,0.4760723,-1.0136563,-1.6182668,-0.5815537,-1.3111506,-0.954881,2.0434153,2.1023054,0.36047834,-0.025862971,2.159544,-0.8849552,1.3948876,1.7730606,0.71160537,2.9251707,2.2969081,-1.9176148,0.011879793,1.5900371,-1.1329361,NA18988,1,JPT,5,1,1,1
1.6280192,1.7476596,-0.8931758,16.717415,-17.988403,-13.26901,1.2796496,-3.96498,-1.1868367,-0.3478564,0.033736728,-1.663662,-0.8827217,1.5832169,-0.8144599,0.70068973,2.0441966,0.6062717,-0.15468983,-0.1623609,-1.2277379,0.64957166,-0.79460156,-0.17363787,1.0066904,-1.7480596,-0.69279146,0.75579274,0.1283192,-0.56514513,-0.70388335,0.79119635,-0.56882834,-0.9841033,-0.6672855,1.3430219,-0.79830337,-0.9896636,-1.2552401,1.6800929,-0.16259702,0.84115565,1.6700743,1.4568912,3.3527603,-0.4893762,0.69864595,1.3348005,-1.4111861,2.0738077,NA19569,2,JPT,5,2,2,2
1.3846672,0.51420134,-0.78862286,15.331849,-16.262308,-13.890001,1.2164375,-4.304075,-0.33647496,-0.41645613,-1.565307,-1.0277052,0.37773243,1.3561211,-1.5142468,2.2812135,-0.44885182,-0.77892154,-1.0394554,0.409756,3.0822802,-1.5539985,1.4569979,-0.3355091,-0.6517592,-0.4591441,0.49392462,0.49925777,-0.39003998,1.2295372,3.0034761,1.3224562,0.67234963,1.0411259,1.2561085,2.2043507,0.6244911,1.403981,1.4490306,1.8624504,0.8838281,1.0069733,0.39392805,0.42793554,-0.51145124,-0.2368369,0.021997374,1.8429044,1.1508806,-0.14980486,NA19090,2,JPT,5,2,2,2
12.545511,1.1924759,-3.3888428,0.9437153,0.037215933,2.3384824,-5.06623,6.2165914,27.431646,-4.573939,-7.7726226,1.9571911,0.6258882,3.514649,0.31535873,0.3235337,-2.468888,-1.6466238,-0.5778445,2.8455114,0.5777218,0.0077158306,1.8521675,-4.7822213,-1.6275846,0.54233694,2.6532164,-1.245918,-1.2090496,-0.8320061,1.3113307,-0.5116117,-1.7796991,1.4967006,-2.43087,1.3740885,-1.0113702,4.174002,0.36487404,-0.6636104,1.4781647,-2.6296616,-0.018756883,0.5511851,-0.14180471,-1.0278566,-1.3479768,0.018338133,3.3935964,-0.2713202,NA19663,2,MEX,7,2,2,2
8.787377,0.8122222,-3.7983243,-0.31702682,2.0019317,3.1949406,-4.069237,5.1681824,26.569899,-5.0910244,-5.373305,2.735525,0.30828676,1.9523646,-0.29592407,-4.0932484,0.7839131,7.9057317,7.1853576,1.089145,-2.6084278,-4.0708256,2.314832,-2.100872,0.45985842,1.4608337,-0.1184868,-1.6863459,0.5993012,-1.6147184,0.73533255,1.4129858,-1.5715306,1.486658,-3.1561873,2.7187488,-1.3075213,3.2470272,-1.6233904,-1.237891,0.9031025,-1.8402215,-1.6632941,0.54325813,-0.6014908,2.2585776,0.10075459,1.4245971,1.9424564,-0.85848004,NA19664,1,MEX,7,1,1,1
11.776738,0.86356765,-3.6124446,-0.080309354,0.5177299,2.7353945,-4.299618,5.2820897,27.661575,-4.9758635,-8.5974865,2.060261,0.45940053,4.026147,-0.09360144,-2.5765464,-1.5624843,2.7846632,3.0764735,3.4818683,-0.5689252,-2.8621116,2.751233,-4.970043,-2.0580852,1.4066797,2.3085434,-2.515296,-0.027497763,-1.0597264,1.5947425,0.5309937,-2.9096582,2.0440273,-4.554949,1.6943334,-1.6241912,4.8601036,0.13908613,-1.4335532,2.2525957,-2.217141,0.14229736,0.52539384,0.28427115,1.6210581,-1.9611177,1.6050869,4.6938114,-1.1835172,NA19665,2,MEX,7,2,2,2
9.570524,0.8800026,-4.360807,1.1666244,-0.36058623,2.7386765,-3.04808,5.3828034,25.528755,-3.638432,-1.3802689,1.7588689,-0.89105624,-0.7121535,0.92242336,1.4107326,0.1615471,-0.29090062,-2.5875041,-1.4661933,-0.9976111,0.5252094,1.7824003,3.057039,-3.2266166,-0.18397509,-2.6497638,-1.0001562,-1.402885,-0.6583891,1.4980509,0.6188671,-0.54770094,-2.3267896,0.10839963,0.6316466,2.7630014,0.22418869,-0.42967007,0.10210185,4.6345944,0.8390063,2.1883337,-0.2862209,2.269194,-0.31652385,-3.9913437,1.69946,2.4604201,-2.1234934,NA19722,2,MEX,7,2,2,2
4.9036517,0.04248861,-2.5830986,0.7653532,0.40092692,2.73062,-2.855405,6.0521345,26.11767,-5.49508,3.8540387,0.41852763,-0.8329155,-2.1120145,0.9045025,-1.3328038,-1.4331806,-1.4643536,-4.049749,-3.0530138,-1.4113729,-0.21439327,-0.53662914,2.8889165,-1.4851937,-1.9751605,-4.575324,-1.3521181,1.7940037,-1.3804104,-1.0111488,-1.2515056,-0.9769255,-7.049246,-1.2116348,0.92169183,5.081281,-0.364333,-1.1167399,0.20583546,0.2921667,3.527199,-1.0146476,1.9549774,2.5037596,-3.0202377,-3.6507287,0.45751864,0.92630047,-1.5963621,NA19723,1,MEX,7,1,1,1
4.642147,0.5059401,-2.3194118,1.4277524,2.1283708,3.6647954,-4.3548136,5.9916253,25.8818,-4.1149387,7.0264506,-1.6732386,-4.9776444,-5.689381,1.6427451,-1.5485375,0.9894671,-4.7911944,-3.9154038,-4.008758,-1.2104449,-2.2048466,0.045190677,3.8220057,-0.6582508,3.149517,-4.6522484,-0.6798487,1.3708454,-0.019280465,-0.2552236,1.8198961,2.0069895,-3.0985448,3.9885793,1.0873077,3.4146695,-6.325193,0.77353007,-3.0895228,-2.1547942,0.82484263,-1.8295002,1.2095408,1.3170984,2.4192927,1.9150528,-0.81893253,1.4178076,4.7431874,NA19649,1,MEX,7,1,1,1
13.078073,1.0321105,-3.6350222,-0.09997856,0.84800905,2.2148173,-4.177066,4.8735733,25.427296,-4.1706767,6.0780582,-6.1033115,-1.4178078,1.0314646,-0.89042777,-0.34245953,1.3089117,-1.2222743,-3.0287957,-0.37305453,1.022801,-0.25360912,-2.725982,3.6796575,0.122992076,2.4504542,-0.10398581,1.7860936,-0.531621,-1.4123603,3.0100572,0.42856705,-2.7511487,-4.0399675,1.6914485,0.4009853,1.8552686,-2.0314162,-0.7859993,2.413326,0.22893006,-0.49330562,1.9546524,-1.0397314,-0.5994097,2.1355681,-2.3201878,0.38518456,-1.8037652,-4.2601295,NA19669,2,MEX,7,2,2,2
11.663536,0.45591733,-3.3538015,0.05523349,0.4264791,3.585535,-4.0423717,4.9862165,26.467035,-4.22841,-4.251815,1.7160338,0.65419936,2.2587714,-1.5872431,-0.8175129,-1.5353962,0.15441228,1.7128358,-0.053319488,-1.8589976,0.9337372,0.6767263,0.7762107,1.9217361,1.079476,2.6107395,0.914461,0.2235472,2.8034728,1.5010391,-0.48978952,-0.40532792,1.9105456,0.42775738,-0.46611735,2.5659661,0.89521074,1.7532431,3.6164782,-4.134448,2.3648791,0.4499337,-0.13204175,-1.3487233,-1.7656903,-3.9179351,-0.4841738,-0.45809823,-1.6290493,NA19656,2,MEX,7,2,2,2
11.393665,1.5179942,-2.8176453,0.035595234,0.3357409,1.8633052,-3.7702587,6.5561523,27.169598,-4.383131,-9.641521,4.1641245,0.8496169,2.5811849,0.36269796,0.63343585,-1.494378,-2.6542606,-2.4208896,0.6363921,0.00985743,-0.24547009,-1.4976768,-0.3732697,-0.78871727,-1.5190188,2.766477,-3.5070171,0.7874952,-0.0022721875,-0.18374416,2.214189,-1.721468,-1.5477538,-0.71751887,-4.9158673,0.14299554,-0.41562533,2.121445,-1.6242203,0.9083001,-0.10302325,4.143608,-1.5030369,-2.3658302,-2.1531515,1.1463243,3.208304,-0.32472292,1.67775,NA19657,2,MEX,7,2,2,2
6.67635,1.1318816,-3.2103581,1.1200581,0.37283736,2.5819595,-2.976321,5.299223,25.706236,-3.9767697,2.994482,-1.1977806,0.38381934,-0.044109456,0.026743617,-1.1834496,1.3087934,0.5454824,-0.60414016,2.4376926,-0.74381083,-2.0903265,-2.8549793,2.856548,-1.2029864,-2.7396812,2.152997,-2.265083,3.9976597,-1.6180916,1.1631052,-0.440841,-1.9039884,-1.4584883,-0.27613047,-2.3122468,3.3747318,-4.0379558,3.2244735,-3.1152434,0.51291823,-2.2409565,3.354287,-3.0902154,-0.58587176,-1.8097576,0.89704156,1.1452711,-2.28193,-0.1675584,NA19658,1,MEX,7,1,1,1
10.77452,0.25943682,-4.3909955,-0.1452293,0.52149683,1.5704089,-4.3469486,6.287593,25.323189,-4.2257886,3.1668656,-3.9047546,-0.79059607,2.0126426,-1.3139399,-7.453939,3.61152,17.223154,15.792515,0.14735763,-4.0580955,-5.4991484,3.115189,-0.020222293,0.27377453,2.6860843,-1.3520473,-2.7157447,2.800805,1.4622694,-0.41797823,-1.4944838,-1.5544989,1.3131834,-0.44031262,-0.05221305,5.908141,-0.9055878,-0.2295108,-2.5712018,-0.9395458,1.3029449,1.5572332,1.0312158,0.118694305,-1.2959503,0.71768486,-0.15765063,-0.8001272,0.25541618,NA19686,2,MEX,7,2,2,2
10.84285,0.08678096,-3.2069418,1.1537097,0.6035725,1.8549051,-4.3901677,5.300715,25.878304,-4.719584,-3.036556,0.7854302,0.8414961,1.4827963,-1.0133406,-1.503603,1.5129437,-0.81906235,-1.1848075,0.2570659,-0.9352115,2.0856776,-3.465624,0.701157,-0.7732154,-0.4324166,-0.17938943,-1.6623733,1.6322668,-0.48621577,-5.997868,2.864539,-2.0696418,-2.373748,-0.07579003,2.3749554,3.9775853,-1.5539904,1.7104112,3.687234,-2.362103,4.6455936,2.4456508,-3.536481,-2.6403906,-2.1193693,2.2829685,1.2476131,5.4718237,2.710676,NA19719,2,MEX,7,2,2,2
6.960718,-0.12899007,-2.0392752,1.4176024,1.3471866,2.257112,-4.304397,6.3818374,25.872055,-4.7336645,-9.693142,9.316686,-1.1214756,-0.1523964,-1.2982447,0.9283755,-0.4239662,-4.0846934,-0.43744156,-0.4370217,0.5104576,3.272384,-1.6603265,-1.7281199,-0.48978263,-0.3365814,1.0372124,1.3014117,-2.1452959,-0.37940684,-4.5374894,0.8767896,-0.46836624,-0.089972846,-0.24668966,1.651646,-1.9649692,-1.1915033,-0.36296993,3.1167674,1.4772828,2.2664945,-1.1698537,-3.351756,-3.7381253,-2.5645242,-0.44762275,-1.554661,2.153013,1.9820031,NA19720,1,MEX,7,1,1,1
5.4441004,0.32898957,-3.5013602,1.2041812,1.3451262,2.317536,-2.8201783,6.2622604,25.702427,-4.065929,2.0617585,0.52342176,-1.5972444,-1.6829817,1.197606,-0.13884959,-1.6579651,-0.031742256,-3.6286216,-3.1427028,-2.4745164,-0.30979306,0.9595953,4.067384,-3.260727,-1.3856812,-4.920634,-0.9414167,0.15166895,-1.6553774,0.42280573,-0.2918871,-0.25226462,-6.346365,-0.82531846,1.4795438,6.2463193,-0.53795177,-0.3888363,0.7655155,3.6896894,3.8308067,0.8305965,0.08449805,2.5909638,-2.5808008,-5.8559694,3.2683177,2.6634603,-1.4078177,NA19724,1,MEX,7,1,1,1
6.3893466,0.3293201,-2.7502093,1.7121693,0.94331145,2.6577759,-4.664313,5.222107,26.376568,-4.0456624,-0.19195203,2.9324155,0.9143823,-3.3028886,1.7080435,1.3175528,-2.0141852,-1.5389768,-3.1164477,-2.2180548,2.2249916,1.7471881,2.6427984,0.052722327,2.952526,-1.8333257,0.32945326,-1.0355974,-1.4822688,1.0286787,2.5244842,-2.337291,0.7750764,-1.2307853,1.2231468,-1.2406038,-0.7619329,-1.5243313,-0.60921293,-1.8933929,1.3733119,-0.49791855,-2.5093043,-0.766736,-1.116121,1.4136566,-2.842242,-1.7183603,1.6307878,-2.0480735,NA19726,1,MEX,7,1,1,1
6.45955,1.0083945,-3.4992383,1.7029711,0.101698466,2.7085643,-2.8953884,5.2358885,27.263762,-3.9635448,-6.721995,5.868942,-0.35759556,0.5214327,-0.65300083,-0.95186657,-0.9123989,-4.0290866,-1.8652655,-0.8185571,1.7495953,1.6442463,0.3047753,-0.7697048,0.08534095,2.0728586,1.2287436,-0.569915,-0.2606625,-1.0105544,-0.20983368,-2.5423465,0.14111869,3.3656778,1.3776237,-0.21049434,-1.4510233,2.6242394,-0.08631642,1.5609252,-3.236982,-0.46844065,-4.2425656,3.4091306,1.5343176,2.9608831,3.1439877,-5.357613,-0.31063828,3.4462395,NA19747,1,MEX,7,1,1,1
7.274509,0.30872706,-2.5077846,1.6757052,0.575216,2.205332,-2.7371962,6.293312,27.633387,-4.4689054,-8.469452,6.1769795,0.11496671,-0.18230525,-0.3970084,1.7012231,-3.6404994,-3.766393,-1.193729,-0.23807985,1.2289639,-0.5054035,-1.6175716,-2.8645396,-2.6374063,-0.21861927,-0.49188936,1.2573894,-4.6419697,2.81923,-0.5357639,0.72561044,-1.3982176,2.1305366,-2.7733076,1.7215302,-1.4001718,-0.7887122,-1.3315431,-2.7533422,-2.5132601,0.14441054,-0.19426653,-1.8133628,-2.8384917,0.9001767,0.6520075,-3.2814283,-2.1519008,-0.41573927,NA19759,1,MEX,7,1,1,1
10.929952,0.32057247,-4.407752,0.12056602,1.169472,2.1300192,-3.8139772,5.511341,26.248013,-3.87033,5.4329844,-4.0330725,0.16825363,1.8748115,-1.3361529,-0.25919622,0.6426654,-0.44071934,-0.6572861,0.7988128,0.31546092,0.15435869,1.0460051,4.9793797,0.15012099,-1.5338905,-0.031734347,0.6484052,0.5299146,-2.1888816,0.46700686,-0.45950004,3.9043238,-0.045571424,-0.61993206,-0.63250107,2.6470265,3.3164456,2.5466518,3.3291774,0.20755391,-1.4803017,1.9304652,-1.6206299,1.6362643,-1.8945849,0.028083274,-0.80993223,-3.5354195,-2.9092343,NA19773,2,MEX,7,2,2,2
6.4563375,0.5145388,-2.5337749,2.0045812,0.63474154,2.1608875,-2.7375815,4.953068,25.210623,-3.5728197,-0.9683236,-0.28143907,-0.17429197,-1.9871051,-1.8939499,2.099392,0.64664143,-0.17357191,-3.6877203,-0.8460998,0.007385172,-0.6149354,-3.5200732,1.9975414,-2.2433167,-3.4934087,-1.6082237,-0.18008898,4.191026,-0.24329306,1.8309122,1.4873599,3.0662737,2.7601662,3.143226,-1.9533278,0.28132772,-4.3510275,1.6465417,1.4589356,-4.4185467,2.7261305,2.8807926,-1.3072836,4.916252,3.2841728,-0.33891594,5.0712695,1.212307,4.125269,NA19780,1,MEX,7,1,1,1
14.345071,1.2520651,-5.264285,0.5554278,0.5246481,1.4717237,-4.251845,5.70264,26.060722,-5.1143546,30.52589,-25.94194,1.6023511,-0.55463195,-1.295199,0.7471608,1.4388262,-3.9701846,-3.15127,2.2041411,3.5817173,3.4379478,-0.52078766,-5.9114466,-0.46748784,-0.880497,3.6179144,1.4788082,-1.7425421,1.9868546,-0.17693943,0.6201484,-1.7225661,5.553025,-3.1059291,2.9317334,-5.3987045,2.5396082,-1.5657386,-1.505904,3.752302,-2.1851096,-1.6793892,-0.026762726,-2.8445191,0.8681734,-1.1731122,-4.579945,-0.27734408,0.1728089,NA19675,2,MEX,7,2,2,2
6.386843,0.5867402,-2.6016188,1.6531347,0.5340169,1.9030689,-4.17133,6.393832,25.993052,-4.192814,9.292349,-4.9726706,-0.5484824,-2.8339856,-0.049751684,0.98408777,0.6344433,-1.0413767,-2.131485,1.2217907,1.4807193,-0.018810268,0.9361205,-1.7348908,-0.640889,0.59074825,3.724078,1.7279433,-0.3775943,-2.233701,-3.3686345,0.12727456,2.9297266,-0.7021681,1.225372,-0.13311931,1.7763251,-0.7680756,1.2234579,-2.1978314,-1.0570681,-4.9945526,-1.0588673,-3.2599201,-1.8738712,-1.4825982,-2.1849928,-2.2186048,0.31250286,-0.06395542,NA19676,1,MEX,7,1,1,1
11.459884,0.8457814,-4.7058764,0.21154045,0.8220802,1.9312314,-4.6053433,5.4430833,26.191574,-5.062396,22.818033,-18.311182,0.86800593,-1.8020388,-1.2353623,0.90606785,1.9859346,-4.0561233,-3.7043114,2.0467782,3.2111444,2.3836312,0.33963826,-4.9735527,-0.5347203,-0.120992444,5.7574606,2.3944304,-1.7377521,-0.017840397,-0.84181195,-0.28274643,1.0117621,2.725374,-0.28129137,1.7213392,-2.02264,0.9283439,-0.45152774,-2.5953224,-0.026490314,-4.054389,-1.2018008,-3.3169603,-3.8551283,0.36056504,-1.9652959,-4.607124,0.22275826,0.8369828,NA19677,2,MEX,7,2,2,2
12.044563,0.14719245,-4.5446296,0.46237636,-0.032603055,2.8921783,-4.5527706,5.740085,24.550379,-4.2432537,5.3452787,-4.17731,0.7679134,0.16429813,-2.0227153,0.38153428,0.6243118,-1.7730058,-1.4517161,-0.469123,-2.8108106,-1.1434178,-2.8857915,4.5387096,0.75899744,-1.5146247,-0.12521482,1.2286054,0.27812314,-2.9735143,0.8438857,-0.03267951,6.453184,-4.109262,1.7628082,0.75586766,-1.4962349,5.5160747,0.48382,0.5275896,-0.983969,-0.6111002,3.3888955,1.2209475,-0.6826129,-3.1270304,6.034663,-0.60997933,-1.153653,-1.1741241,NA19651,2,MEX,7,2,2,2
9.770273,0.007482969,-4.337406,0.41577995,0.07275218,2.4140775,-4.743017,5.075817,25.528158,-4.2215776,3.8871088,-0.67227215,0.97323257,-0.92744315,-0.83296186,0.6173865,1.088433,-1.4571455,-2.1607165,-1.0141896,-2.9686751,-1.7237622,-0.79029584,4.8609023,1.2747064,-1.3856144,-0.34840888,4.9157066,1.6906451,-3.205763,1.0288678,1.5151992,7.260178,-2.771254,2.5858784,1.1626703,-2.1891637,6.499266,2.1951108,0.89105463,-1.074882,-2.887678,2.6415422,2.433633,-1.0863887,-4.989732,6.2184863,-0.52031654,-1.0829692,-3.777976,NA19653,2,MEX,7,2,2,2
10.398526,0.7430957,-4.126852,0.64101744,0.5678503,2.308525,-4.84204,5.75099,26.593313,-3.4311857,1.7289178,-0.40434808,-0.3715072,1.2768204,1.52566,0.005846458,-2.4442031,-3.5025969,-1.4873371,-1.3972435,2.8767958,0.006124033,-6.2790256,3.6211061,3.397815,-1.7792925,1.5645064,-4.44039,5.49491,-1.6927115,-5.539424,0.9157254,-1.9600506,-2.2233102,-4.0195565,3.3715982,-0.5934354,0.48642334,-1.0667487,4.3488536,-8.849909,0.3481382,6.0374413,-3.0106344,1.8363752,4.975469,-3.249829,0.39169043,-1.2415024,-0.57553256,NA19683,2,MEX,7,2,1,2
12.19436,0.36719984,-4.479726,0.24850528,0.35148293,1.3979847,-3.9882956,6.4667144,25.279501,-4.5572624,6.1730423,-5.2712913,0.1936986,1.7474484,-1.3847024,-3.1318848,2.442057,2.9660852,2.593269,-1.2323211,-3.2653954,0.25403437,-0.8771139,0.51066804,-1.1018915,0.7907627,-1.8520801,-4.2556095,1.8278111,-0.54736686,0.84975666,-2.3412318,-2.575199,0.69288945,-0.41071582,-2.5392072,6.955793,-1.4928043,1.1956486,-2.089373,0.05115617,-0.74537814,1.8957905,0.4086486,1.2087777,-0.9950504,0.12681234,-0.16797137,-0.9820071,0.094014704,NA19684,2,MEX,7,2,2,2
9.66176,-0.013534897,-3.3458014,1.6877548,0.2391742,2.8984947,-3.7758794,4.635957,26.478704,-4.259169,0.7798093,1.5906192,-1.2633389,0.23205945,-0.75926083,0.28238523,0.058069605,-2.534826,-1.049076,-0.33819082,-1.2549571,2.1558967,3.6018286,2.477218,1.5222208,0.892016,1.8806598,0.2808766,-2.5885398,1.100111,-0.016485175,-2.1411579,-0.98229635,-0.21982948,0.76239586,-1.9604428,-0.83478457,-0.5461496,-1.6338342,3.18376,0.70870966,-0.7052399,-5.4026694,-0.27012837,-1.2557104,0.0101883225,-3.9252465,-1.9801474,2.4720452,-3.2921169,NA19725,2,MEX,7,2,2,2
6.3236113,-0.13701947,-2.912426,3.0402644,0.903465,3.1515353,-4.1885715,4.6324663,27.215614,-3.703557,0.80202127,1.936151,-0.3965604,-2.9791508,0.28734204,1.9393936,-0.80116177,-2.0812228,-3.7275248,-1.5001456,0.64251137,2.4246519,3.791386,1.5981276,3.4705453,-0.37896097,1.0748762,-1.2634809,-2.8695564,1.3805147,0.92811066,-2.968299,-0.74171126,-1.0930469,1.7279012,-1.9647993,-0.87516344,-1.5519086,-1.2902064,1.6032898,1.949032,-1.1063486,-5.841518,-0.18809947,-1.1768523,0.970792,-5.0829315,-1.4381942,3.6186194,-5.2680774,NA19727,1,MEX,7,1,1,1
9.856614,0.2774029,-3.5454376,1.2020652,0.2518737,2.1095204,-3.43742,6.022487,26.262579,-4.1784015,-8.288048,6.7786098,-1.1122832,-0.5288216,1.2590224,1.1037334,-1.8830839,-2.3253884,-0.2134928,1.671303,1.3182925,4.4813995,2.715109,-3.6567757,-0.036263295,-1.9504187,4.4584503,2.6632373,0.36862156,5.265982,-0.8313426,0.13661624,3.430179,5.2619514,-3.1647751,0.92578226,-3.7558246,0.35593376,-0.9606281,-0.2292339,3.2547624,-4.917101,-2.053217,1.3454261,2.0657356,4.1276903,0.48571837,-4.7506685,-4.462009,-1.6517974,NA19755,2,MEX,7,1,1,1
4.4375677,1.3815875,-2.5329094,2.0075033,0.29474375,2.750846,-3.3970165,6.4484553,26.567034,-4.9605455,-1.3343679,5.6446214,-0.043355253,-0.5944442,0.9556564,5.267188,-0.69934404,-1.3375915,-1.4611017,0.9029558,1.6483369,4.6017885,0.4969248,-3.4178584,3.4446623,-1.2628483,1.2992201,0.06711937,1.027288,3.5874233,0.38279152,0.83223337,4.1543527,4.397909,-3.7423816,-0.63261026,-2.1632206,1.3451271,-0.52166116,0.53606534,6.539739,-3.3432314,-2.1013052,1.3668712,4.3725157,3.6768882,-1.1370727,-3.2215812,-2.008277,-1.5162195,NA19756,1,MEX,7,1,1,1
6.0835643,0.6212407,-2.7581372,1.7729326,0.21539998,2.6382742,-3.9843872,6.2778015,27.626839,-4.293745,-6.1626296,8.497006,-0.98967814,-1.5350035,0.7331939,3.82052,-1.7628919,-1.7785537,-1.7335765,1.4353635,1.2861114,5.788091,0.9668186,-4.271525,3.2408595,-1.8286786,3.384226,2.541114,1.6865982,5.338095,-0.3643022,1.311696,5.5414705,5.546233,-4.813215,1.5505481,-3.7501018,1.2357122,-1.8802482,0.5705288,6.577441,-5.034573,-3.5493464,2.63025,5.098671,4.5787582,-0.9855603,-5.547374,-4.6822224,-2.2961032,NA19757,1,MEX,7,1,1,1
6.946062,1.4380358,-2.7532032,0.20168191,0.57061857,3.1713686,-3.8415222,5.8575063,27.392782,-3.3671105,2.9103577,3.1705525,-0.6710827,-2.4319847,-0.18356425,2.1894867,0.3160581,-1.5976481,-0.8234933,-2.1203756,0.99661523,-3.3329437,-2.362524,1.7771664,0.22348464,0.9324221,-3.2040012,-0.41271916,0.46156672,-3.7886941,-0.13185374,-1.7199763,0.11400192,-5.5120955,3.919793,-2.5362582,0.23590475,0.09905001,-0.033428624,-3.2030838,-5.9949155,-0.36132243,1.2160228,0.36126572,3.7161562,-3.3482943,6.4975224,1.3246348,-3.706558,-1.8713942,NA19772,1,MEX,7,1,1,1
6.971214,0.7188584,-3.9879034,1.0277816,0.39980677,2.9504497,-2.7554939,4.573703,25.974487,-4.081719,1.3353001,-0.39538816,-0.22335805,-0.82430524,-0.62745285,0.98694485,1.2033042,-0.73515546,1.8282114,2.7269309,0.3995316,0.092282824,-1.1176276,1.8150455,-0.62862813,-1.4950801,0.72045076,0.9799502,-3.014474,-1.3998563,1.3959941,-0.1968206,2.2082582,-0.23555593,-1.404633,0.71284765,1.4926897,3.552253,1.5331882,1.816251,1.792516,-3.7421706,2.8497534,0.6080577,4.866722,0.8661641,-2.1704302,-1.5781434,-3.1484516,-2.83316,NA19774,1,MEX,7,1,2,1
10.17229,0.47059453,-4.6319985,0.8689548,0.1492605,2.5746174,-3.1406868,4.893532,26.852503,-3.9204218,1.4251648,-0.80303913,0.62925106,1.4365323,-0.916619,0.0077889157,1.8336196,0.3625017,2.1177177,2.5619652,0.16844584,-0.4539571,0.67606497,4.2837653,-0.823362,-1.3809141,0.83730686,1.5589176,-2.0068154,-2.2640803,1.3610386,-1.0930867,3.9900103,0.10014466,-1.5245063,0.23106766,3.1385224,5.9568233,3.3810005,3.6111708,1.6663517,-3.1714976,4.4133825,-0.3418435,4.2493668,-0.25640094,-1.0432161,-2.2421231,-4.686991,-3.7031872,NA19775,2,MEX,7,2,2,2
10.136197,1.035464,-3.6709597,1.7785885,0.2551684,2.7887266,-3.0674386,5.1939244,24.554728,-3.9109626,3.1137419,-0.41148785,-1.7381127,-0.9169332,0.49296337,2.19541,0.1491632,-4.1217437,-4.559838,-4.818395,0.5192232,-0.07362865,-0.6734449,-1.3378713,3.6518478,-2.6536522,-1.2125493,-1.3131804,-1.9167669,-3.3818495,0.7767038,-0.7569201,-2.4583328,-2.7657611,-2.4593325,-1.9300176,0.24133095,-1.2451131,-2.5954742,-2.095321,-2.6648924,2.4672313,-2.6229749,-1.3988068,3.5362937,4.3990917,-2.334744,2.3834763,-0.058114845,3.4486532,NA19776,2,MEX,7,2,2,2
5.670441,0.6672811,-3.6321714,2.2292724,1.1475843,2.7979784,-4.278975,6.350611,27.619234,-3.6843803,1.6858404,3.9897106,0.1202349,-2.1000552,0.114665195,3.2175982,1.1680294,-1.6285346,-1.5357641,-2.064602,0.58851385,0.31625962,-0.5140582,-1.9074627,2.8785605,-0.48699456,-1.1607615,-0.45412534,-2.0693278,-3.0726302,0.40231025,-1.7587765,-0.61853456,-1.9283384,-2.754095,-0.39298764,0.38137698,-1.1298438,0.044499528,-2.7353835,-2.057649,2.9074168,-1.1354502,-0.6414727,0.15885007,2.559487,-2.4797256,1.1081287,1.5881306,3.1711109,NA19777,1,MEX,7,1,1,1
7.2479606,-0.1751116,-3.829234,1.5867165,0.41084474,3.0122645,-3.9002707,5.2781353,26.221823,-3.9316769,4.2894244,1.8788172,-1.3982384,-2.332186,0.9596218,4.4401565,0.4515442,-4.2889395,-4.8247037,-4.157982,0.3016475,-0.34664574,-0.64507866,-1.6053492,5.5054884,-3.0180383,-2.0324285,-0.5665764,-3.3311327,-4.4436874,1.362618,-0.59518296,-1.7215122,-3.010005,-4.1685324,-2.7633035,-0.43914276,-0.98569757,-1.6395879,-3.3041792,-3.8814719,3.0950441,-3.2192628,-1.5528622,2.3261764,4.8600965,-3.2298167,3.2194953,0.7671869,3.4611645,NA19778,1,MEX,7,1,1,1
4.9653616,0.84066767,-2.739166,1.5304472,0.15122145,2.1927469,-3.3965983,5.579131,28.560923,-4.0087714,-8.796639,9.723571,-0.79315,-1.7399583,0.5030297,0.28518343,-2.8837721,-1.2453991,-2.2878234,0.06378723,-0.6032335,4.3463635,1.8655789,-2.155667,-0.21687093,2.5383878,0.8721283,1.5168601,-0.85362285,1.3751057,-1.8493855,-0.6199211,1.8482866,-0.8977501,-0.508864,3.1716812,-0.1398257,0.34208608,0.84970224,-2.7374425,1.7408278,-0.4267252,-4.878866,-0.43692702,0.19619294,-2.2462957,0.99045837,-2.436651,0.29157928,-0.6935947,NA19783,1,MEX,7,1,1,1
5.7194886,0.7919564,-2.4363556,1.4332587,0.6450363,1.9221418,-3.029855,5.138233,28.802765,-2.8993883,-5.3027754,6.9953413,-0.94525564,-3.0688598,0.70334786,-0.44660854,-0.64452094,-1.0986228,-3.5028586,-0.750375,-0.16650881,3.908063,1.7936549,-2.6314468,-0.5160702,2.7145922,-0.31436357,1.9597929,0.72243524,0.66807026,-1.3844599,-2.2456982,0.9263074,-0.81676245,-0.40851262,3.9856591,-0.2348775,0.37160555,2.9340067,-5.3607635,1.5648807,-0.9273316,-6.178908,-0.92780316,0.9709029,-2.5702703,1.8467402,0.551981,0.90053713,-1.8201592,NA19784,1,MEX,7,1,1,1
5.4011025,0.6233742,-2.8668287,1.4037473,1.2291698,2.3011675,-4.0683737,5.6756825,25.445692,-4.8907657,2.571217,0.42088988,-0.25274405,-4.038243,0.69387317,2.5323055,1.3572334,1.3498319,0.9006219,2.1342206,-2.8894618,-1.7865316,3.1578646,6.048238,-0.5945944,-2.4202983,-6.543009,2.7205188,-0.12020388,0.27018872,-0.04166516,0.23750587,-5.87751,-2.480577,0.15749152,0.93795395,-1.0691571,-1.0051144,-2.5778701,1.707234,4.425179,1.2586805,-7.9678197,4.5525484,3.4642832,-2.3480318,-4.559721,4.8662114,-2.6171587,2.0490384,NA19796,1,MEX,7,1,1,1
4.5389404,0.4319341,-2.203706,1.1254644,1.0307496,3.1806836,-3.814083,4.915546,25.339249,-3.9314103,10.696079,-4.0702715,-2.6271577,-6.3052683,3.1645095,-1.6631591,0.5135915,-3.2801096,-2.9939525,-4.8980904,-0.2545142,-2.9022763,0.20691416,4.8322477,-0.29174033,2.5727718,-5.013589,-2.1493845,0.7591872,0.8289426,0.5278026,2.0387046,1.6471488,-4.5727816,3.3183672,-0.35253325,3.70719,-6.5279665,1.5603273,-2.5785775,-1.7629534,1.3410867,-1.8704009,0.20967901,1.5244285,2.1240814,1.120789,-1.6727204,0.98209786,5.489424,NA19650,1,MEX,7,1,1,1
10.379721,1.4643419,-4.1704574,0.5525507,0.9639978,2.6656532,-4.557127,4.9286294,25.661407,-4.075215,4.8676777,-2.8017972,-0.13661557,-0.23410958,-0.6985779,-1.2108548,1.5553622,-2.1455262,-1.5812771,-2.4267735,1.1652076,0.7621619,-2.6019123,3.8974674,1.3410681,1.7136778,-0.107347935,3.6058416,-1.2127781,1.4802948,3.5532222,0.48101196,-3.5318537,-4.085007,2.9813964,-1.7513603,3.3252308,-2.9167867,0.20327805,3.0799577,1.051193,-0.5328728,1.8098366,0.09688415,-1.9916942,1.0064024,0.91200846,1.6974394,-1.9174274,-3.1372213,NA19671,2,MEX,7,2,2,2
5.9784822,1.6233821,-2.9521217,1.4170604,1.6686841,1.4546549,-3.6277149,5.3457575,26.057062,-4.851937,0.43756434,-0.60575455,-0.3869571,-0.37908578,-0.26609758,-4.8091,2.3618288,13.491038,14.390324,1.8175316,1.0684863,-4.889499,0.41174245,-0.4514827,2.0648968,2.5179555,3.843979,-0.83080906,1.1318007,1.2718774,-0.2684118,-0.8224039,-0.99605834,0.7502475,0.80330026,0.021272,-0.253874,-2.0739377,-0.3512634,-1.6703897,-1.7488973,3.4307985,4.007193,0.22727941,-1.4211924,-1.066899,2.1135137,-1.3383671,1.7510921,1.3297368,NA19661,1,MEX,7,2,1,2
7.7819905,0.31236354,-4.174876,1.6944335,1.1818752,1.9229537,-4.7443466,6.761234,25.670975,-4.6396065,2.8992064,-0.5145936,-0.4122562,-0.8141105,1.1770296,-0.290908,-1.242413,-1.7853851,-0.1800954,-1.0673815,1.5750189,-1.1138059,-5.7280345,4.9332232,2.1585243,-1.6903722,0.24108343,-4.462362,4.7462173,-1.0964509,-4.064129,1.4726597,-2.1774685,-2.8409867,-3.0280855,1.4093189,2.3481588,0.6580318,0.014951532,4.1350465,-6.9713116,-1.1511691,3.3567,-1.3783396,-0.9184592,2.8137708,-2.7549083,0.19850065,-2.991053,-0.9537964,NA19682,1,MEX,7,1,1,1
4.9470057,1.1560673,-2.5363598,1.0764787,0.04469362,3.335881,-3.78348,5.8865876,27.080633,-2.7784848,0.05418058,4.5066924,-0.06665871,-3.395901,1.4008743,2.5783837,-1.1180831,-1.1035913,-0.5301276,0.3907494,1.934444,-1.3837216,-1.4960924,1.3299061,-1.2900822,-0.094884776,-3.0155368,-0.2442461,0.38821822,-3.0750933,-0.5898651,-1.6019969,0.8566009,-0.32133254,2.076638,-2.4527726,-0.12534803,1.5197358,-0.13477096,-2.5588124,-2.2615273,-1.0990365,0.6070447,1.6044483,2.406736,-2.3036978,6.172675,-0.93338263,-2.5562706,-2.0246136,NA19771,1,MEX,7,1,1,1
10.005817,-0.39556307,-3.1956458,0.74840474,0.25772846,2.6551955,-3.8309908,5.995957,25.935823,-3.481533,-12.145152,8.462869,0.6113227,0.2584905,2.0078304,1.2992742,-2.9724147,-2.7985086,-1.550017,0.6988978,0.9880271,2.029754,-0.14404944,-3.0535748,0.50919014,-0.03270546,-0.073432945,-2.620747,-2.6153603,2.3770707,1.424183,0.3598431,-2.5634425,3.2977133,0.6038297,-2.6101751,-2.2849805,0.7236196,0.88456476,-0.10488977,0.31899923,-2.5473094,2.3239968,1.1948277,-1.0404605,-0.27936375,2.4780705,-1.4691885,-1.9869317,-1.4262877,NA19785,2,MEX,7,2,1,2
12.092738,1.9922259,-3.8508766,0.7233234,0.3845216,1.4133433,-4.6751537,5.5221496,25.877575,-5.030432,5.1640644,-4.3313255,1.975963,-0.41367716,-0.99924165,1.2167729,2.9883916,2.4634085,-2.980444,-2.0940878,-0.074012205,0.11801893,-3.9207053,6.7618957,-1.0981059,-1.7689441,-3.86881,-0.923979,3.6577535,0.45982897,2.1614258,1.8452489,2.2882786,-0.07039257,5.098466,-0.09680605,-0.20748231,-4.917662,-0.1380733,1.6452421,-2.3506653,1.0753905,1.2599193,0.89036554,2.5723953,2.339092,-0.39431456,5.3221335,1.3093894,4.3767443,NA19779,2,MEX,7,2,2,2
9.595458,1.5944375,-2.8634734,1.2081256,-0.27758867,1.7813059,-3.929983,4.9120407,25.56571,-4.806312,2.4956517,-3.1642282,1.4777223,-1.3902667,-1.7453709,2.4583683,3.0382948,2.3136573,-3.4382412,-1.675521,0.6332415,-0.30827358,-5.2329435,5.86154,-2.0619483,-3.3781447,-3.6845515,-0.44009867,5.0605845,0.9137026,2.994077,2.5543923,4.5516796,1.976309,7.071865,-2.2297199,-1.0377673,-6.114862,0.81285787,1.6654856,-4.4551497,2.1244729,3.1643596,0.3061107,4.792517,3.308069,-1.3141682,6.8501287,2.0214329,4.7484555,NA19781,2,MEX,7,2,2,2
8.866569,0.27463502,-3.040538,1.2392303,0.555182,2.7153842,-3.0273743,5.1389837,27.397434,-3.1720457,-0.6169323,0.8212624,-0.44031727,-2.5395372,1.0130974,-1.6394951,1.4495535,-0.8965502,-3.600293,0.03917281,1.003553,1.88022,1.022338,-2.737484,-0.8710053,1.4124328,-1.3460016,0.57111573,1.0376052,0.08592908,0.3119019,-2.2748687,-0.41165537,0.46587884,0.14761645,3.0596035,-0.78293604,0.7573085,2.7511861,-4.338823,0.9128059,0.18350856,-3.5381932,-0.12646554,2.0740395,-0.9277546,0.69774616,3.445208,1.152438,-2.59201,NA19782,2,MEX,7,2,2,2
12.985776,0.07454049,-4.2498326,0.00916913,0.39738715,2.7456605,-3.1793878,5.716433,26.35069,-5.1558356,-7.416614,3.570344,1.3246955,1.5167813,0.2834353,1.4896106,-0.6977605,0.70705396,-0.76296824,-0.22016358,-0.20590766,1.463341,2.458965,-0.33648673,-4.2211404,0.012703971,-1.6752616,-0.35152256,-4.600799,2.066081,2.9674244,-0.26692122,-2.2554653,2.2565567,0.0019103526,-3.512419,-1.3604685,0.88949275,-3.9041667,1.6924008,4.238565,1.8237243,-1.0379825,0.32223117,-1.1491498,-0.8649083,-0.7461944,-0.058012646,-0.04833458,-0.6532378,NA19788,2,MEX,7,2,2,2
10.155476,1.8647473,-2.6904564,-0.2620699,1.3458692,1.3553433,-3.8157299,5.5597625,26.972998,-4.2137513,-2.4094625,0.1850355,0.40469322,2.60034,0.40581492,-0.10973444,-0.41251448,-0.9684033,-1.8959556,2.5468419,-0.97052985,-2.0671885,-2.7110908,1.889318,-1.128349,-3.5022178,3.3816845,-4.699343,3.5639424,-0.8680381,1.0069419,0.3482476,-2.4100533,-2.392667,-0.64570016,-5.02525,3.5386803,-2.9686465,3.8101256,-5.334932,0.7117261,-0.65297174,5.2220693,-3.3626575,-1.7169094,-2.121073,0.7894537,3.4954078,-1.0212469,1.4804114,NA19659,2,MEX,7,2,2,2
13.081689,0.5134354,-4.676858,-0.72341716,0.54747635,2.0316527,-4.4568033,6.224958,26.982073,-3.9972265,-0.821219,-3.780412,-0.8940525,3.578852,-0.32494026,-8.406421,4.105106,20.873316,19.679873,1.0670627,-2.7989697,-8.950336,5.7938848,-0.024642061,2.4489899,2.637959,-2.1024973,-1.0542952,1.3783312,1.6020435,0.53223616,0.6853569,-1.835683,2.5856006,-0.26504022,2.6756263,-0.2663909,1.1405958,-1.3135873,0.05078522,1.7290673,-1.2184964,-2.0067873,2.3912654,-1.0151131,1.1742172,-0.7991738,0.79215693,-0.45497096,-1.1334568,NA19660,2,MEX,7,2,2,2
10.154268,1.3479254,-3.9352958,0.4772609,1.5611238,1.9721285,-3.9031487,6.011195,26.805004,-4.873414,-1.0874887,-2.773928,-0.81316066,1.9805259,0.33925372,-8.886992,3.4986846,21.202631,22.545523,1.7365847,-1.0422431,-9.556975,4.0385103,-0.66015565,3.0161557,3.3671608,1.0751692,-0.3163541,1.9209913,1.3430952,0.2426252,0.062528595,-1.705534,1.4297388,0.21162634,1.7585473,-0.9467912,-1.5665989,-0.9005054,-1.2080181,-1.0314403,1.2637206,1.8304925,2.220939,-2.0474215,-0.65771616,1.8388636,-0.78260547,0.93522984,0.99242866,NA19662,2,MEX,7,2,2,2
13.351638,-0.022876162,-3.7241359,0.7242532,0.019684501,1.3607153,-3.484558,6.1122885,25.902632,-4.750737,22.60548,-18.539864,1.9313428,1.3100721,-1.0061681,1.3341591,1.2352524,-3.7852595,-2.3177478,2.4780805,1.7250376,3.8348155,-1.5894889,-3.754632,-1.605358,-0.8537999,2.5973837,1.107026,-1.1433474,0.3215251,-0.37909064,0.2815997,-0.30164438,3.377841,-3.8098335,1.7794502,-4.272131,3.5884356,-0.80541575,-0.5492589,4.3704305,-2.0919034,-0.5302617,0.22205359,-1.0265261,-0.58780897,-2.700924,-3.4991071,1.4343038,0.95033294,NA19678,2,MEX,7,2,2,2
12.83265,0.51275784,-5.2535653,0.7138171,0.6591813,1.899201,-3.5800157,6.2167244,25.834398,-4.33037,29.235117,-23.370846,1.6135874,-0.29383373,-1.0764524,0.53594273,1.6807969,-3.874508,-3.7391298,2.839078,2.797343,2.9228382,0.026729232,-5.1098733,-1.266125,-0.26178324,2.47844,1.2150637,-0.90727514,1.5350494,-1.2780706,0.4606928,-1.217609,4.102294,-3.4960513,2.3378916,-4.866058,2.410715,-1.5600725,-1.1958058,3.6931067,-2.8634136,-2.7427428,0.9894777,-1.9305948,1.0413034,-0.7549999,-3.4729285,-0.33223113,0.08512723,NA19680,2,MEX,7,2,2,2
11.882614,0.819452,-3.3060012,-0.2315662,1.1745067,2.7183425,-3.8189015,5.341888,27.312565,-4.472543,-0.22777297,1.019471,-0.009422506,1.9982086,1.4703438,-0.7051376,-2.7816472,-3.382245,-1.1372706,-1.1755364,1.7878815,1.5976183,-4.427157,0.5084736,2.518989,0.5845281,2.5418742,-2.997928,4.0506244,0.22406389,-4.1690116,0.09954324,-0.81454444,-0.65216875,-4.2960095,3.2762277,-2.1768746,0.019390142,-1.0112084,2.3085403,-5.609616,1.8043288,3.6464424,-2.129841,3.813416,3.785044,-2.560448,-0.79161865,-0.37768877,0.34206375,NA19681,2,MEX,7,2,2,2
11.0540495,0.3787574,-3.5650058,0.35053644,0.7067186,3.1902125,-3.0278838,5.5096326,27.088366,-5.3014946,-12.392171,7.307552,-0.25306952,2.811377,0.6423828,-0.13243563,-2.0700712,-1.3498666,-0.9814314,0.627918,0.7143956,4.041612,0.39043203,-3.3691633,0.5717253,1.1168079,0.9314387,0.9916064,-1.3829397,-1.9869558,1.5104228,-0.07726025,0.024262462,2.6792824,-1.901844,0.2534226,-1.5928528,0.3963959,0.16305698,0.33233884,2.5113678,-1.5853379,-2.195889,1.0791358,-1.3597782,4.327263,2.142081,-4.6455193,2.0724888,0.49802375,NA19746,2,MEX,7,2,2,2
9.451316,0.092506446,-2.7101233,0.7082017,0.76394874,1.5367925,-4.791896,5.395957,25.827904,-5.2644143,-7.7966256,5.8086066,0.24773318,1.3245431,-0.005262251,0.3213675,0.37187403,-4.133758,-2.1385415,0.66150796,-0.48809734,3.7445343,-3.6184556,-0.48281085,-1.0199622,0.35509834,0.34026048,0.3414699,0.26034206,0.09079014,-7.6508594,3.2529805,-1.1905364,-2.1824183,-0.05485849,3.217875,1.8808304,-2.017668,1.6823227,3.9156575,-0.5535142,4.97275,0.9829331,-5.3298388,-4.052882,-3.6983445,0.81393594,0.60171527,5.6064177,2.6806533,NA19721,2,MEX,7,2,2,2
10.503007,1.4316976,-3.9757397,1.0709194,0.6165928,2.973848,-2.7537785,6.0876575,28.399572,-5.7834578,-12.760435,8.594904,0.45315883,2.9343488,0.044804927,-0.17072763,-2.4332626,-4.4166145,-1.7089999,0.4842141,1.8623762,4.764424,1.6414316,-4.2634144,0.5268993,2.5221064,3.2533534,0.382026,-0.6459175,-2.1883676,0.19478154,-0.5515686,-0.10815838,4.412244,-0.38255277,0.04465776,-2.0348587,2.1948183,0.626152,2.436619,-0.6596096,-1.3186935,-4.367014,2.6117754,-0.2482685,4.394441,3.7811801,-7.6244082,1.613911,3.467353,NA19748,2,MEX,7,2,2,2
10.110005,1.1854008,-3.94344,0.22035906,0.85542166,1.6585084,-2.647771,5.9299846,27.637796,-4.2068305,-8.713398,5.899253,0.20556842,0.74025536,-0.85420114,1.4407753,-3.973311,-2.4680831,-1.103462,0.6777019,-0.1902735,0.24642757,-0.123535216,-3.1621435,-2.4074473,-0.5579345,-1.3855428,1.4083306,-4.5180078,0.49960455,0.99618274,0.62680024,-1.5190035,1.7104137,-2.5305226,2.6088028,-1.3197207,-0.99415874,-1.55794,-2.5997233,-0.8367919,-0.4825928,0.7841766,-1.0572666,-2.5569096,0.60757726,0.46039307,-2.8078218,-1.45428,-0.22601806,NA19760,2,MEX,7,2,1,2
12.654846,0.56130487,-2.969084,1.0357665,0.7141144,3.4801488,-2.5335863,5.3223376,26.345556,-4.1298013,-5.425128,1.4309832,0.6914371,2.5513668,-1.1085018,2.9228508,-1.0568684,-0.041406475,0.84059006,1.8987128,0.66744435,3.9186406,0.85319245,0.09600469,-1.7366965,0.04655669,0.078081034,2.300746,-2.6370997,0.32772383,-2.208594,3.8215153,-0.24671462,1.7275845,0.7909048,-0.42889285,0.21455286,2.215652,0.05052263,2.5405908,-1.94851,2.8187697,1.9503775,0.6831643,-1.071031,-2.0610657,0.8740133,0.8581094,0.53482115,1.0805357,NA19718,2,MEX,7,2,2,2
5.8716335,0.2978846,-3.0692756,1.8622804,-0.11043102,2.3627517,-4.1036167,6.9055586,25.559761,-4.3376904,-8.473048,7.230105,0.37270874,-3.0768034,3.5155623,0.3122701,-2.1946812,-5.197533,-3.3806887,1.9754512,2.054314,1.1518084,-2.3920069,-2.7839518,0.20685786,-0.47632363,0.29669136,-1.7838005,-0.3238638,3.4627821,-0.2151036,2.1214976,-2.1862783,2.3810284,2.1706347,-2.2052922,-2.9250488,-1.2116468,1.4935309,-1.0994873,-0.035830352,-2.1321056,1.4706094,1.8592556,-3.458753,-3.7843616,2.1451046,1.4777721,-2.096425,-1.7940081,NA19787,1,MEX,7,1,1,1
11.760102,-0.81616366,-4.0114636,0.34181753,0.64383733,2.0264978,-3.2331421,5.370001,26.66845,-5.2850466,-7.5057254,2.508079,2.0119243,2.0824997,0.1460779,2.087788,0.15120544,0.22797446,-0.94793594,0.15058836,0.5666256,2.1404243,1.2507929,-0.5751297,-5.5983686,-1.154429,-1.4974382,-0.30248025,-4.105982,3.1325724,4.644307,2.5054612,-2.615507,2.2047195,-0.4844186,-6.047671,-2.0794554,1.0316986,-4.436637,4.134606,6.085298,2.4109776,-0.696788,0.4765149,-1.3802782,-1.804165,-1.3028101,0.5865652,-1.4403608,-0.9589657,NA19790,2,MEX,7,2,2,2
9.69842,1.4734366,-3.964148,1.4845042,0.42856553,2.2916355,-4.588062,5.565272,26.004745,-4.7112293,1.3613307,0.14641646,-0.90671307,-1.2330897,0.24130829,2.5278685,0.8878086,-0.53398126,0.27551785,0.5501184,-2.675487,-1.2890631,1.2578948,4.779539,-0.74603164,-1.2610841,-7.16168,2.7011554,0.310446,-0.44570732,0.89178216,-0.19460888,-4.220099,-1.905907,-0.5869471,-0.99400926,-1.2578845,-0.8820282,-2.4988008,0.9967349,3.6913292,1.6700742,-5.126859,2.752428,4.1072145,-2.1946158,-3.4539306,5.008561,-2.276974,2.94346,NA19794,2,MEX,7,2,2,2
4.26149,0.2271144,-2.4961936,0.8685565,0.8305602,2.9213269,-3.0314116,5.432408,25.79352,-4.458768,-0.1818176,1.1105641,0.60811794,-2.8026187,-0.118245654,0.32521302,0.7313848,0.94350207,-0.43546686,2.7700772,-2.5184176,-0.67857516,2.1332147,2.9868314,0.04802671,-3.0196335,-2.6655838,0.9670571,-0.37648076,0.3998564,0.72641796,0.88133234,-4.0105543,-2.6978827,0.6130615,0.6993832,-0.60795325,-1.4996849,-0.8668925,1.3424706,2.2655663,2.0885615,-6.255352,2.4764295,0.78416383,-1.0976915,-3.852678,3.3790822,-1.604696,0.33311006,NA19795,1,MEX,7,1,1,1
11.680027,0.8608842,-3.6236165,0.17675057,0.036499333,4.4683933,-3.6257665,4.9204164,25.68457,-2.8238757,-6.598414,3.0510986,0.634855,1.2623429,0.12533791,0.035214346,-0.8988136,-0.95235026,0.9707481,-0.7862519,-0.91999155,0.51070523,1.98096,-1.1210377,0.075999826,0.9034875,2.0838046,2.658081,-0.29532897,2.688543,1.5619345,-0.9332129,0.41489488,2.7638671,0.56975734,-0.7398674,1.5388492,2.692312,2.943054,2.7116375,-2.8598256,0.8751432,0.6702355,0.87481356,-1.7378424,-2.8370016,-2.5762343,-1.8616608,-0.24116369,-0.84620386,NA19654,2,MEX,7,2,2,2
9.873217,0.31889588,-4.2649813,0.29750037,0.5369608,2.5129364,-3.8068113,5.282909,25.641722,-4.4813185,2.3476117,1.6953429,-1.2213881,-1.1952193,1.4768823,0.5074095,-2.3905916,-1.4111859,-3.5177333,-0.8543728,-1.1030612,-1.076189,-1.8988699,2.6006725,2.1541398,1.331684,-1.0433815,0.26149234,0.4523171,-3.4926007,-2.010732,-0.7707927,1.883364,-2.5347445,0.453261,2.5866857,1.280458,-2.1574748,1.9920387,-0.6807004,-4.7644734,2.459719,5.6789727,-0.8635465,0.55061156,-1.9413478,3.484449,5.00106,1.9445642,3.9184964,NA19749,2,MEX,7,2,2,2
6.643467,0.9983126,-3.4603212,1.9440104,1.1499788,3.5895586,-3.613631,5.2800646,25.593922,-4.624746,3.4439127,0.8386205,-2.298534,-1.3063223,0.42056215,1.1036277,-1.8589642,-0.51256055,-2.2027657,-0.2267398,-3.1463742,-4.555519,-1.5678073,3.0705826,1.7323024,0.35460466,0.79177064,-1.045075,1.5293934,-4.3238482,-2.8817828,-1.1327094,2.9951105,-4.3203754,1.2556932,3.3819687,2.2447884,-1.7527301,2.3451219,-0.3108393,-5.323784,4.386241,7.1341715,-2.1796253,1.6271436,-3.0814407,4.398131,5.982185,6.048882,6.2383547,NA19751,1,MEX,7,1,1,1
11.574902,1.7275307,-3.6683466,0.22288364,0.2383935,2.8707545,-3.9452915,5.3701587,27.062445,-4.7782044,-6.6528587,3.9478314,2.0096133,2.0755422,-1.2486993,3.092785,-1.0943432,-0.41646314,-1.426127,1.0581188,0.322871,1.3409672,1.3529505,-5.06933,-1.2235278,-1.0960563,5.155957,0.5930908,0.44638428,1.0321718,0.55256695,-4.861145,2.5679712,1.4757587,2.7769966,-2.1841455,-1.3133427,-1.4773778,-2.216651,-0.73683816,2.1404967,0.06222087,-0.9865083,-1.7405242,-2.9610045,1.8390139,-0.17882277,1.1905186,2.0411606,-1.0623412,NA19761,2,MEX,7,2,2,2
6.8081074,1.3235419,-3.2400122,0.7499177,0.5502393,2.943153,-3.2419639,4.6043115,25.746294,-4.5887303,-3.9600415,3.4710908,0.87373734,-0.62577164,0.6313523,-0.18120061,1.2474,-0.8238413,-2.4280205,2.322808,2.5760705,-0.6152706,3.0344086,-4.533695,-3.041443,0.4794967,2.1417515,0.83464897,0.31455398,-0.8902698,-0.13912638,-3.8318038,1.7770672,0.876769,1.6664809,-1.8912653,-1.5432323,-2.092001,0.10279433,-0.557365,1.590055,-1.3249687,-0.77908015,-0.20066191,-5.018421,1.4264325,1.1988243,0.13240112,1.6724832,0.6994898,NA19762,1,MEX,7,1,1,1
10.27028,1.5887017,-3.3734705,0.31623596,0.15047672,2.6374702,-3.9115295,4.7078624,26.9193,-4.949904,-6.2337904,3.9089322,1.5567403,0.6043148,-0.6227349,1.2774906,0.30662987,-0.7920675,-3.0240748,1.5665154,1.9054201,1.5821637,3.550199,-7.009039,-1.937551,-0.37712136,4.838823,0.6979261,-0.13641472,1.0934325,0.75245327,-5.861037,2.8720741,2.0337496,3.2859044,-3.3900423,-2.4009976,-1.632841,-1.6705374,-0.98522586,2.924408,-0.6979985,-2.229096,-1.8900605,-4.6933107,3.191703,0.18292946,0.6511314,2.2018116,-0.5609538,NA19763,2,MEX,7,2,2,2
10.149196,0.75865895,-3.1012003,-0.054894146,0.05934719,1.7341883,-2.7292182,5.5814195,26.8958,-4.204474,4.0434523,0.22136545,-0.02370104,-0.27565798,-1.2084385,-0.44560865,0.94022644,-1.4011289,-2.1577897,-3.3277724,0.111708835,-3.1103714,-1.7189827,0.3552385,0.18291372,2.233667,-1.6784581,-0.6072483,-0.15236814,-1.0373622,0.8105308,-1.8948283,0.96053183,-7.4580183,2.6679842,-2.157112,1.8955427,-0.19583173,-1.4793512,-2.326196,-4.971736,1.464797,1.3784,-0.7348305,2.5895286,-2.1741974,4.639511,2.5008526,-2.038771,-0.62188435,NA19770,2,MEX,7,2,1,2
5.9603453,0.22179732,-3.7961068,1.9541137,0.92405623,2.9202423,-4.2582884,4.796681,25.265446,-3.9669645,3.0606792,-0.2476119,0.6955966,-1.1767389,0.42410567,-1.1339481,1.5856969,-1.7934781,1.4857612,-2.2916315,0.5086847,1.9122609,-1.5052336,1.7891225,1.9554552,1.9666309,-0.5798667,4.0372124,-0.8364229,1.5099142,3.7044554,0.32176876,-2.3362012,-2.1001084,1.358911,-1.2810802,2.4796832,-0.8251772,0.3769988,2.0985384,0.51062274,-0.36816114,1.1524462,0.7648796,-2.0436893,0.055569015,3.9827302,1.1141152,-0.95901674,-0.14201428,NA19670,1,MEX,7,1,1,1
12.133245,0.1620752,-4.7322526,0.5887274,0.73393595,3.7451448,-3.2037823,5.2241683,26.17309,-4.8814015,-5.6846604,2.5621393,0.8262354,2.1523,-1.1367855,2.4103844,-2.7511857,0.42319578,0.5651438,0.673532,0.3579344,4.020389,2.060511,-1.2328523,-1.6968874,1.0714635,0.25843275,1.4996666,-2.3615777,1.1575315,-1.99188,1.9741411,1.5598147,3.5902152,0.843256,-0.012997678,-0.22718173,2.3928523,-0.49587038,1.0070188,-2.3028665,1.6114267,0.63544667,-0.8741827,-1.6115898,-1.3559347,2.9592526,-0.07072961,0.44118696,0.8945321,NA19716,2,MEX,7,2,2,2
5.5314183,1.3886992,-3.421108,1.6174657,1.5432065,3.1522124,-3.2212439,5.7818546,25.724173,-4.0803103,5.046782,-0.1923279,-0.7754178,-1.2361286,-0.8646551,2.4261715,-0.20713994,1.505717,-0.21376127,-0.42068815,-1.2676466,-5.99352,-0.695578,3.3919857,0.42382193,-1.0007833,1.3263725,-1.7694643,1.4633392,-3.3959057,-0.9562847,-0.00855556,3.4332485,-3.2273242,1.8137976,2.6458077,2.3114786,-0.70128524,1.1994108,-0.098306485,-3.5789523,3.0243156,5.8625484,-1.2680249,1.7243205,-2.7283597,2.8883696,4.2847395,6.191223,4.9386663,NA19750,1,MEX,7,1,1,1
8.279317,-0.6434991,-3.3795435,1.9485314,1.0418371,2.4162214,-3.5221982,5.5809164,24.75362,-4.7801843,-0.076139025,0.56930125,1.4582713,1.3433867,0.12899259,1.2969859,0.86578673,-0.5637853,-1.9282259,-0.892223,0.73973453,-0.04979486,-0.7618503,0.6553563,-3.7325127,-2.2833362,-2.2238915,-1.075003,-2.5900874,1.2731484,4.1061926,3.009742,-1.3576616,0.40593663,-0.37775403,-5.606087,-0.90447223,0.79744875,-3.624545,3.641202,3.6214066,1.9510827,-1.4016749,-0.010620731,1.8819607,-0.22209062,-1.0179938,1.4561268,-2.4513857,-1.2001379,NA19789,1,MEX,7,1,1,1
8.753049,1.2056687,-3.6989384,0.1083394,1.1519421,1.640539,-3.4030302,6.1572256,26.557959,-4.581626,-0.16241343,-2.6706789,-1.3675342,1.2992276,-0.66219336,-9.227311,3.0718987,24.276686,23.986746,1.5854484,-2.1226954,-10.028087,4.1215944,-1.0951698,2.986894,4.310388,1.018781,-1.0182779,1.0220051,2.0265293,-0.40248364,0.34088948,-1.0736698,1.3042378,0.49745342,2.0229406,0.893169,-0.8037293,-0.6359495,-2.0191915,-1.4336693,1.6451813,1.1454077,2.2459152,-1.3856426,-0.20560406,2.0741968,-0.76273245,0.23641871,0.4815898,NA19685,1,MEX,7,2,2,2
9.841448,1.1928496,-5.669878,0.8973372,1.8754038,2.0805943,-3.9303164,5.2852983,25.883268,-4.4079633,27.370499,-20.79774,0.8733318,-2.7761836,-0.4702411,0.8875139,2.0967958,-3.8977108,-4.0808434,1.0704781,2.663601,1.4556018,0.9177005,-4.969744,-0.5638294,0.14372791,1.8014567,1.9152604,-1.8945984,1.8525383,0.4557395,0.2784023,-1.6684574,3.7836344,-0.9840113,1.3873821,-3.1262872,1.2459235,-1.4513506,-1.231356,2.758697,-1.1358728,-2.799196,-0.6330666,-1.9304837,1.3633279,1.6155711,-2.6424608,-2.3095422,-1.6712015,NA19679,1,MEX,7,1,1,1
6.551902,0.03727321,-3.8001869,1.8096454,-0.0051529724,2.4762554,-4.140267,5.423077,26.577206,-4.125409,3.2581365,1.7411908,0.3350605,-1.2358977,-0.8440459,-0.36285502,1.8868203,-0.6020864,-1.6411829,0.40007403,-1.4052548,-1.4232954,0.8106288,2.9992476,-0.099374145,-1.5694462,-1.6506531,4.4390087,1.6971523,-1.5757556,-0.043810163,1.661442,4.0386667,-1.8465979,1.8506496,1.023266,-0.47922745,4.2927012,2.3293207,0.3659783,-1.8230132,-1.9567689,-0.42051584,1.2484715,0.100779265,-4.1696553,2.9530602,0.26068163,-1.1758131,-4.509651,NA19652,1,MEX,7,1,1,1
5.046772,1.271026,-2.5337987,1.6504651,0.6302936,2.1657686,-3.9738982,6.320181,26.508469,-5.5224805,-5.734343,5.5987344,-0.5834003,-2.571977,3.3813121,0.3567832,-1.5499122,-5.656981,-3.805328,1.3946711,1.9500549,0.37666,-2.5459008,-2.189059,-0.4467722,0.89883524,0.562083,-0.08337022,1.6792536,2.2138581,-0.5761407,1.5101334,-1.6285882,-0.33078304,1.3094485,-1.5128956,-2.0949259,-1.6815172,1.5275133,-0.60575056,0.7767629,-0.15252918,1.914478,1.3065306,-3.164829,-4.885361,1.0204309,2.4226885,-0.47508964,-0.49118704,NA19786,1,MEX,7,1,1,1
11.867807,1.0736111,-4.098692,-0.3280163,1.0713236,1.9837425,-3.8026993,5.300507,26.19243,-4.0991583,0.14784916,-2.6185212,0.0036330386,2.1633086,-0.78487426,-5.1314316,3.0122945,15.939552,16.067816,0.23561782,-2.5601993,-6.2119317,5.3627987,0.81512403,2.1643357,0.7515151,-2.446743,0.1883309,-0.22428028,1.5412871,0.38664377,0.9134519,-1.0701855,3.308393,-1.5584763,1.7619294,-0.68930316,1.6910713,-1.1283027,-0.335926,0.39251882,-1.3319364,-0.59829205,1.4514956,-0.9840566,1.1002082,-0.2565336,0.5806181,-1.2936934,-0.24461843,NA19672,2,MEX,7,2,2,2
11.469443,0.09484097,-3.684658,1.3252602,0.027607756,2.647952,-3.6424615,6.4832964,26.089912,-4.5751348,-0.6408863,-0.8789891,0.21549709,0.52926505,1.1924797,-0.59776103,-2.3004313,0.06921132,0.23602633,0.50799567,-0.22626458,1.9385835,-0.41616148,0.20842384,-0.7305539,0.16509438,0.5273347,-0.1041416,-1.9187058,-1.098013,0.9383423,1.6139573,0.5373239,0.6552664,1.3828906,-0.69075567,-0.4462101,-1.749334,-0.46329385,1.4471341,-0.51970214,-0.7835778,-0.31396797,1.7102914,-1.2043202,-1.3083268,-0.31756622,-2.3690248,-1.5426097,-1.3100202,NA19737,2,MEX,7,2,2,2
10.340934,1.4943728,-3.7929077,0.6247036,-0.4520646,3.0226982,-3.1210825,5.9451556,26.142244,-4.4141636,-8.607101,4.843171,-1.160334,0.13752125,-2.0717518,-0.7919386,-1.3079972,-1.9986125,1.0556058,0.3815648,0.3475971,3.5161872,0.7050201,1.0849894,-0.7707194,1.9451944,0.7136028,0.64315706,-0.6631832,0.32062528,0.65884644,-0.89689565,-0.29067385,0.1685767,-1.1554297,-0.11858186,-1.1004585,1.2634716,0.88176894,2.7005436,-1.1791725,0.31123397,1.7353684,-0.5533459,-0.45568702,1.1426029,-0.98513156,-1.9080998,-1.2220016,-0.7581295,NA19740,2,MEX,7,2,2,2
7.340004,0.8249578,-3.8565023,0.43049362,0.57665336,1.8388071,-3.1760967,5.3346577,27.400103,-3.5835357,-10.72469,9.283144,1.1441747,-0.5297871,1.4864368,0.117580585,-1.5024303,-0.5288087,1.6951497,0.77211076,0.010058554,1.9283283,-0.4889314,-0.12310712,0.69206524,-0.15599898,0.29762697,-1.2070404,0.21286112,-0.15624143,-2.0470188,-0.46337074,0.078894906,2.11618,-2.417253,-0.74492335,-0.42423353,0.484142,0.22832328,1.1257423,0.9904024,-0.5840989,0.51734245,1.6853434,-1.8660697,0.8441165,-2.604195,-0.43062848,-1.4618021,-0.30904377,NA19741,1,MEX,7,1,1,1
7.100468,0.62488675,-3.2320497,0.5038299,1.0927272,2.078037,-3.2834644,5.4191766,25.709639,-3.5640984,2.8465397,0.012350537,0.81836474,-1.2313437,0.09547906,-0.20922871,-0.59269285,-1.6510634,-1.3629969,0.14093196,0.05682336,-3.1042583,0.7003683,0.10485686,-0.77920717,2.366933,1.5775058,1.1179049,0.32223856,-0.011853522,-0.59446484,-0.17470308,0.9260251,3.0673428,3.1218948,-0.09738062,0.09016489,-0.9143043,0.8716382,-3.1427855,-0.28989267,-1.3579121,-0.63185877,-0.12266672,0.50573075,-1.1746454,0.38328284,-2.747259,-0.26659715,1.7179867,NA19792,1,MEX,7,1,1,1
10.3485565,0.52325004,-3.714625,1.0360764,0.06362908,0.90489244,-4.833946,5.5112576,25.807518,-4.5595827,1.6102772,-2.4763258,0.13355139,2.9187062,-0.32110596,1.3163916,0.9755397,-0.5872249,0.14083834,-0.70672476,-0.20316046,-0.56989497,-1.34393,-0.36003044,-1.4771216,-0.98343605,-3.8048823,-1.7365052,1.9154737,-2.4300723,0.95794755,0.40143204,-1.0534626,-0.62286496,0.6502207,-0.40674308,-1.3683598,1.6185287,0.11648142,1.8441716,2.0113568,3.5051854,-1.3795625,-0.5565783,-0.22107424,1.5723193,-0.924366,2.5785294,-1.6957676,-1.6401163,NA19764,2,MEX,7,2,2,2
