CHR,SNP,GEN_DIST,POS
1,rs4040617,0,769185
1,rs2340582,0,872666
1,rs3128097,0,970323
1,rs6667923,0,1196206
1,rs11586188,0,1227692
1,rs12142199,0,1239050
1,rs167405,0,1249647
1,rs2765022,0,1286934
1,rs1240708,0,1325653
1,rs3766180,0,1468016
1,rs6699975,0,1593297
1,rs12742323,0,1736554
1,rs2180311,0,1738594
1,rs4648726,0,1742815
1,rs7553640,0,1751874
1,rs12403351,0,1769090
1,rs2748988,0,1836217
1,rs2247560,0,1836625
1,rs12754312,0,2123555
1,rs12385717,0,2174715
1,rs3795272,0,2274055
1,rs10910061,0,2293372
1,rs34241773,0,2367906
1,rs3001339,0,2455652
1,rs2147905,0,2472781
1,rs1456465,0,2801674
1,rs2606411,0,2837348
1,rs4576609,0,2928125
1,rs34408665,0,2939927
1,rs7525173,0,2986056
1,rs2817168,0,3003550
1,rs13328662,0,3114015
1,rs2455130,0,3181598
1,rs12565013,0,3192997
1,rs4494089,0,3244216
1,rs4648500,0,3330715
1,rs2493272,0,3339373
1,rs869697,0,3456573
1,rs2821063,0,3464486
1,rs13374641,0,3465061
1,rs7514979,0,3644455
1,rs7513053,0,3699347
1,rs6663840,0,3733179
1,rs10797353,0,3802708
1,rs12031275,0,3925928
1,rs10915360,0,4017414
1,rs11809224,0,4021795
1,rs10915436,0,4081028
1,rs4282783,0,4090545
1,rs12409803,0,4093286
1,rs4233265,0,4181670
1,rs1874266,0,4188412
1,rs351617,0,4268811
1,rs12132314,0,4271809
1,rs12042246,0,4285608
1,rs639739,0,4289122
1,rs11589129,0,4304274
1,rs16838763,0,4306534
1,rs589870,0,4340609
1,rs1845635,0,4340949
1,rs10915523,0,4357704
1,rs349409,0,4377771
1,rs706144,0,4403954
1,rs705689,0,4449167
1,rs780614,0,4451539
1,rs1878052,0,4452662
1,rs13374152,0,4458832
1,rs1870509,0,4466655
1,rs6703696,0,4478355
1,rs608203,0,4481445
1,rs536749,0,4546345
1,rs7518781,0,4553124
1,rs12141994,0,4567856
1,rs10489133,0,4573797
1,rs10799249,0,4591720
1,rs12405615,0,4594458
1,rs10915575,0,4601118
1,rs6681520,0,4663261
1,rs380239,0,4712975
1,rs10489138,0,4833927
1,rs10753392,0,4869610
1,rs7365286,0,4947023
1,rs10799150,0,4951493
1,rs12123277,0,4965556
1,rs12135834,0,5209527
1,rs4847581,0,5218042
1,rs2945618,0,5218643
1,rs12139398,0,5225584
1,rs12747870,0,5234751
1,rs9439527,0,5269658
1,rs11583605,0,5324969
1,rs11578764,0,5386883
1,rs3924260,0,5402448
1,rs12023966,0,5485398
1,rs959873,0,5509017
1,rs10737109,0,5515009
1,rs1695645,0,5566345
1,rs4845803,0,5568016
1,rs1775416,0,5568851
1,rs12116874,0,5593214
1,rs6690488,0,5630102
1,rs904532,0,5700507
1,rs2842256,0,5717165
1,rs11804517,0,5757652
1,rs7549324,0,5904631
1,rs6679367,0,6052422
1,rs1883764,0,6113198
1,rs17029186,0,6113718
1,rs742506,0,6319676
1,rs6683017,0,6351564
1,rs10864548,0,6424383
1,rs2986742,0,6472963
1,rs742394,0,6612727
1,rs200456,0,6628115
1,rs7549198,0,6632197
1,rs2294528,0,6652336
1,rs200444,0,6668031
1,rs202577,0,6706640
1,rs3861756,0,6753649
1,rs12088027,0,6806835
1,rs11578279,0,6821102
1,rs11809206,0,6937931
1,rs11120799,0,6946809
1,rs6681529,0,6975153
1,rs12128446,0,6977194
1,rs6674104,0,6985320
1,rs6656639,0,6995137
1,rs10746466,0,7030673
1,rs7553100,0,7040129
1,rs4553221,0,7048169
1,rs4908596,0,7049641
1,rs11584416,0,7051884
1,rs6698911,0,7109134
1,rs4908600,0,7119246
1,rs9434482,0,7133927
1,rs4908602,0,7143557
1,rs4908605,0,7168021
1,rs916393,0,7194837
1,rs4908611,0,7236448
1,rs7549382,0,7243490
1,rs11120890,0,7247090
1,rs4908624,0,7334675
1,rs2097518,0,7383020
1,rs11805932,0,7444066
1,rs1775049,0,7446493
1,rs1149331,0,7451256
1,rs11805543,0,7457051
1,rs11806825,0,7459156
1,rs17031077,0,7523316
1,rs3737907,0,7646121
1,rs4908684,0,7695967
1,rs863171,0,7915202
1,rs9657965,0,7920841
1,rs35675666,0,7944560
1,rs11121071,0,8017947
1,rs421490,0,8197871
1,rs12711517,0,8316823
1,rs301788,0,8394751
1,rs12754538,0,8396400
1,rs1884354,0,8467454
1,rs9988404,0,8565425
1,rs11121221,0,8690116
1,rs4908778,0,8727475
1,rs1472228,0,8787267
1,rs12137865,0,8790993
1,rs11582339,0,8821394
1,rs12564569,0,8958601
1,rs4908802,0,8967992
1,rs7530465,0,8990973
1,rs729829,0,9081584
1,rs743973,0,9183487
1,rs4908830,0,9220458
1,rs41526651,0,9327280
1,rs9661476,0,9428408
1,rs10779726,0,9432408
1,rs6660810,0,9537745
1,rs4076986,0,9611099
1,rs4846189,0,9661466
1,rs4845976,0,9758204
1,rs17034560,0,10151745
1,rs11121524,0,10155121
1,rs1538557,0,10219817
1,rs11586485,0,10231613
1,rs3753037,0,10278421
1,rs12737841,0,10292133
1,rs12409754,0,10380127
1,rs3737155,0,10382366
1,rs11579365,0,10393433
1,rs11121567,0,10395783
1,rs1889309,0,10402265
1,rs2483679,0,10407606
1,rs666103,0,10434176
1,rs710139,0,10767145
1,rs6659326,0,10946968
1,rs7536030,0,11025995
1,rs743576,0,11041764
1,rs2275527,0,11113233
1,rs2982384,0,11324332
1,rs3124632,0,11325336
1,rs10864504,0,11398790
1,rs2379151,0,11417160
1,rs7546801,0,11453663
1,rs2233025,0,11658239
1,rs9430207,0,11672908
1,rs13306559,0,11786098
1,rs2272803,0,11821376
1,rs17376426,0,11830754
1,rs11121855,0,12078823
1,rs11576403,0,12081154
1,rs522807,0,12146826
1,rs3766730,0,12163263
1,rs2336646,0,12238258
1,rs12084276,0,12281382
1,rs7523900,0,12286398
1,rs12405691,0,12439662
1,rs12731666,0,12447239
1,rs12406819,0,12499796
1,rs6541038,0,12548797
1,rs3000860,0,12698805
1,rs1812242,0,12758455
1,rs848577,0,12760427
1,rs11579830,0,13647709
1,rs3013094,0,13670620
1,rs3013106,0,13675024
1,rs10803381,0,13700026
1,rs6684199,0,13753109
1,rs16852432,0,13822418
1,rs1203619,0,13949152
1,rs12033212,0,13988915
1,rs1203696,0,14081075
1,rs1203709,0,14101077
1,rs12044299,0,14160706
1,rs12738601,0,14192304
1,rs4579751,0,14226898
1,rs2359908,0,14237162
1,rs10733143,0,14262724
1,rs6664316,0,14313463
1,rs2187942,0,14331728
1,rs11591032,0,14368824
1,rs12028521,0,14374749
1,rs7518617,0,14413264
1,rs1339366,0,14416667
1,rs12403204,0,14448579
1,rs6668555,0,14452329
1,rs10803478,0,14465764
1,rs10803271,0,14573416
1,rs2050941,0,14592434
1,rs820672,0,14610978
1,rs10754855,0,14615310
1,rs10754856,0,14628414
1,rs12085004,0,14645819
1,rs9429233,0,14671870
1,rs4369222,0,14677802
1,rs10927446,0,14700669
1,rs1569635,0,14915604
1,rs10803315,0,14957733
1,rs4421580,0,15161797
1,rs10927617,0,15189234
1,rs10803344,0,15266180
1,rs1000314,0,15278494
1,rs2206761,0,15339419
1,rs4661603,0,15405692
1,rs4661614,0,15438936
1,rs1752000,0,15451923
1,rs11582182,0,15555996
1,rs2549316,0,15641320
1,rs2042369,0,15715831
1,rs7545080,0,15809441
1,rs12090337,0,15888573
1,rs7552400,0,15908479
1,rs1006147,0,15918696
1,rs10927843,0,15933479
1,rs4661681,0,16194110
1,rs1048334,0,16213348
1,rs945416,0,16216989
1,rs6676852,0,16321957
1,rs6684802,0,16322267
1,rs12405694,0,16344042
1,rs924206,0,16368585
1,rs4661718,0,16378495
1,rs221048,0,16403303
1,rs4661727,0,16441200
1,rs10489599,0,16458405
1,rs1007150,0,16493770
1,rs11260727,0,16525886
1,rs156851,0,16687581
1,rs2871775,0,17218492
1,rs2076617,0,17281604
1,rs2235914,0,17297432
1,rs2977265,0,17375797
1,rs2977310,0,17437577
1,rs12037653,0,17472904
1,rs1748033,0,17535249
1,rs1635586,0,17537357
1,rs1613767,0,17548476
1,rs2800686,0,17635899
1,rs11203405,0,17680124
1,rs2248129,0,17728411
1,rs11580813,0,17854500
1,rs480231,0,18010764
1,rs587276,0,18066191
1,rs578987,0,18075967
1,rs575598,0,18085798
1,rs12089039,0,18136097
1,rs11203243,0,18147006
1,rs1192586,0,18147485
1,rs4920413,0,18234646
1,rs870042,0,18237480
1,rs12739708,0,18299015
1,rs12041024,0,18433964
1,rs12040189,0,18434103
1,rs12079178,0,18564201
1,rs11582486,0,18568909
1,rs10465918,0,18574486
1,rs1577608,0,18580989
1,rs12041781,0,18591117
1,rs867538,0,18605567
1,rs12128025,0,18623018
1,rs6677903,0,18640325
1,rs9439709,0,18722641
1,rs2745327,0,18748995
1,rs2236832,0,18872418
1,rs618941,0,18878739
1,rs9439731,0,18932058
1,rs11261065,0,18978841
1,rs12566799,0,18995620
1,rs28497538,0,19078259
1,rs16862370,0,19114491
1,rs16862413,0,19169478
1,rs6697292,0,19192796
1,rs9661719,0,19312694
1,rs6691238,0,19353416
1,rs4912051,0,19387648
1,rs841374,0,19398172
1,rs12122656,0,19398950
1,rs10917240,0,19432550
1,rs9426799,0,19444220
1,rs947534,0,19460993
1,rs214322,0,19535670
1,rs214325,0,19540786
1,rs3790774,0,19543034
1,rs10753558,0,19570502
1,rs4911988,0,19597067
1,rs4244002,0,19610777
1,rs4912088,0,19618387
1,rs10799810,0,19636619
1,rs4912141,0,19874483
1,rs10917512,0,19879058
1,rs12408941,0,20158074
1,rs2795480,0,20160568
1,rs12023742,0,20164593
1,rs6672057,0,20166378
1,rs3753827,0,20178474
1,rs11573152,0,20179158
1,rs12568139,0,20184263
1,rs12021819,0,20188642
1,rs11573190,0,20268886
1,rs3806313,0,20269320
1,rs11573199,0,20270107
1,rs565503,0,20289465
1,rs10916707,0,20301140
1,rs6657574,0,20342735
1,rs6684376,0,20343354
1,rs876171,0,20360330
1,rs6667486,0,20366457
1,rs7542968,0,20373178
1,rs2301479,0,20374948
1,rs1061588,0,20392395
1,rs736665,0,20455272
1,rs11800772,0,20457232
1,rs2157511,0,20469036
1,rs12086296,0,20505933
1,rs7514144,0,20608456
1,rs390423,0,20663637
1,rs41415447,0,20764413
1,rs1253795,0,20777445
1,rs580032,0,20806480
1,rs3753046,0,20922987
1,rs10916852,0,20925280
1,rs12086758,0,20979731
1,rs3856173,0,20987420
1,rs6687357,0,20998997
1,rs6704421,0,21093261
1,rs4654732,0,21209900
1,rs1076669,0,21446442
1,rs212525,0,21457172
1,rs10916959,0,21504250
1,rs785198,0,21570056
1,rs1935574,0,21607049
1,rs10916992,0,21642584
1,rs10916995,0,21663308
1,rs1697420,0,21696216
1,rs6703976,0,21709521
1,rs1500932,0,21713950
1,rs10465542,0,21732094
1,rs2242420,0,21777116
1,rs7515386,0,21794323
1,rs10799705,0,21831174
1,rs3736360,0,22022707
1,rs16826031,0,22104033
1,rs7531732,0,22148283
1,rs12568557,0,22372815
1,rs2744720,0,22402455
1,rs7552560,0,22419877
1,rs2744731,0,22421406
1,rs2744741,0,22437958
1,rs2744744,0,22441334
1,rs932371,0,22441813
1,rs8179370,0,22518476
1,rs6660965,0,22531830
1,rs12048775,0,22562970
1,rs6426758,0,22663868
1,rs652826,0,22844266
1,rs16827476,0,22926123
1,rs17488885,0,23049346
1,rs309473,0,23091301
1,rs2746561,0,23399139
1,rs627304,0,23410142
1,rs7519093,0,23413665
1,rs3218151,0,23723897
1,rs16828599,0,23796808
1,rs2235541,0,23950038
1,rs34394004,0,23950821
1,rs10903035,0,24354527
1,rs4649197,0,24368309
1,rs11249017,0,24369249
1,rs11808194,0,24653514
1,rs12077892,0,24841044
1,rs6660909,0,24868676
1,rs3890756,0,25013412
1,rs755394,0,25206486
1,rs11249242,0,25217597
1,rs311452,0,25264951
1,rs11808307,0,25293021
1,rs2064251,0,25342500
1,rs9438866,0,25416071
1,rs11249010,0,25434674
1,rs2478031,0,25513968
1,rs35260034,0,25731611
1,rs4573505,0,25783120
1,rs11247821,0,26070429
1,rs1317709,0,26257277
1,rs17163588,0,26322596
1,rs4233458,0,26488203
1,rs17184982,0,26506566
1,rs12057290,0,26528049
1,rs6703872,0,26671231
1,rs12741800,0,26675135
1,rs11555809,0,27089256
1,rs4378228,0,27095184
1,rs34339345,0,27098676
1,rs12724052,0,27107269
1,rs17162330,0,27108799
1,rs11807614,0,27337504
1,rs10751722,0,27416110
1,rs6663062,0,27533318
1,rs10794501,0,27572036
1,rs7522734,0,27729507
1,rs2231868,0,27822360
1,rs11247684,0,27975247
1,rs7553672,0,28072073
1,rs3813804,0,28154793
1,rs12144891,0,28217567
1,rs12144354,0,28221740
1,rs3767306,0,28408798
1,rs11587757,0,28613008
1,rs35703169,0,28659616
1,rs9426296,0,28847988
1,rs10915194,0,28947570
1,rs16837687,0,28976886
1,rs4654327,0,29062725
1,rs157194,0,29108306
1,rs536178,0,29314878
1,rs2640467,0,29428745
1,rs2068388,0,29445141
1,rs2235940,0,29510818
1,rs2007350,0,29518714
1,rs16838233,0,29628405
1,rs10915277,0,29639995
1,rs7514421,0,29650688
1,rs4654347,0,29651892
1,rs4654351,0,29656342
1,rs12758197,0,29656737
1,rs766385,0,29664890
1,rs9426278,0,29708375
1,rs12071830,0,29727327
1,rs1441834,0,29945688
1,rs10914579,0,30132147
1,rs452132,0,30251583
1,rs12410878,0,30483652
1,rs10915064,0,30538459
1,rs407838,0,30585414
1,rs12062319,0,30621775
1,rs671107,0,30692840
1,rs12130530,0,30717932
1,rs10915161,0,30816212
1,rs3104435,0,30818096
1,rs1924270,0,30890970
1,rs1408151,0,30924039
1,rs1188395,0,30956955
1,rs1149045,0,30969632
1,rs12124742,0,31011849
1,rs878467,0,31019823
1,rs10753237,0,31032093
1,rs12726862,0,31040057
1,rs7530095,0,31090117
1,rs12745813,0,31105079
1,rs6697774,0,31187049
1,rs6672383,0,31197476
1,rs1999811,0,31236914
1,rs7536851,0,31244289
1,rs1107427,0,31474568
1,rs11588069,0,31614907
1,rs13376092,0,31615675
1,rs7534465,0,31636250
1,rs11799701,0,31692833
1,rs6657902,0,31763370
1,rs16834550,0,31769104
1,rs2228553,0,31910632
1,rs7552684,0,32006944
1,rs10914486,0,32075378
1,rs16834808,0,32261156
1,rs16834814,0,32270090
1,rs744454,0,32330260
1,rs11590013,0,32453657
1,rs479014,0,32454971
1,rs3753609,0,32458737
1,rs640243,0,32478226
1,rs35021967,0,32495942
1,rs10798899,0,32514447
1,rs695161,0,32516453
1,rs41510850,0,32518976
1,rs12094303,0,32606529
1,rs35849659,0,32622120
1,rs16834970,0,32630867
1,rs6676242,0,32859143
1,rs2762904,0,32906555
1,rs397205,0,32933097
1,rs3806248,0,32934199
1,rs3737994,0,33006894
1,rs12126642,0,33019105
1,rs664182,0,33365474
1,rs7555427,0,33535326
1,rs10914678,0,33539815
1,rs7544329,0,33674338
1,rs10914729,0,33698554
1,rs10798959,0,33755606
1,rs292808,0,33819233
1,rs1493988,0,33840951
1,rs12049260,0,33853349
1,rs557602,0,33951223
1,rs6661190,0,33976276
1,rs6690935,0,34033535
1,rs911213,0,34067294
1,rs549048,0,34196980
1,rs6700561,0,34297692
1,rs2625688,0,34301022
1,rs1564273,0,34379204
1,rs753314,0,34428055
1,rs719769,0,34452906
1,rs705207,0,34457050
1,rs6698707,0,34457164
1,rs7523842,0,34538467
1,rs12734518,0,34569003
1,rs1361676,0,34569864
1,rs1418282,0,34573120
1,rs2049421,0,34595437
1,rs10914932,0,34604828
1,rs2359112,0,34652270
1,rs4653029,0,34662079
1,rs12098170,0,34675162
1,rs3905174,0,34724158
1,rs3845481,0,34731102
1,rs4652840,0,34736941
1,rs2359104,0,34754814
1,rs13374666,0,34757073
1,rs10914979,0,34818470
1,rs12090691,0,34840130
1,rs12036748,0,34886855
1,rs12039039,0,34891253
1,rs17502414,0,34895653
1,rs618675,0,34922761
1,rs7522353,0,34997431
1,rs558969,0,35041280
1,rs4653109,0,35100832
1,rs11264172,0,35141018
1,rs16837135,0,35181682
1,rs7514265,0,35255994
1,rs4609395,0,35262279
1,rs11263960,0,35291133
1,rs10908322,0,35299265
1,rs2971400,0,35406524
1,rs16837214,0,35416859
1,rs12024730,0,35475644
1,rs2275248,0,35680653
1,rs1764673,0,35694661
1,rs11264164,0,35739501
1,rs4652889,0,35947357
1,rs34002152,0,36138281
1,rs595055,0,36152720
1,rs274740,0,36297110
1,rs7339895,0,36393243
1,rs4652904,0,36521735
1,rs6425979,0,36527109
1,rs4653173,0,36528222
1,rs4652914,0,36677347
1,rs3795495,0,36682154
1,rs10493075,0,36687129
1,rs3917950,0,36714338
1,rs6662501,0,36725022
1,rs11263901,0,36733213
1,rs12568240,0,36744816
1,rs4078261,0,36753210
1,rs997322,0,36839021
1,rs7533162,0,36857109
1,rs479779,0,37028650
1,rs12736276,0,37188260
1,rs16823744,0,37228807
1,rs494157,0,37285582
1,rs4653252,0,37394657
1,rs10489416,0,37408091
1,rs218378,0,37417586
1,rs150573,0,37420675
1,rs12123283,0,37428207
1,rs11264007,0,37500002
1,rs727670,0,37582136
1,rs2811620,0,37644572
1,rs6426023,0,37789977
1,rs12023270,0,37859165
1,rs7520673,0,37874729
1,rs4653309,0,37876927
1,rs4653312,0,37884293
1,rs10908367,0,37907193
1,rs4653328,0,37999673
1,rs34750184,0,38038209
1,rs28495286,0,38161407
1,rs12746544,0,38161789
1,rs12044531,0,38225628
1,rs7533892,0,38363029
1,rs6693777,0,38403449
1,rs6687006,0,38445830
1,rs11586720,0,38525078
1,rs2773165,0,38529992
1,rs11807564,0,38601652
1,rs1932364,0,38734722
1,rs2992438,0,38781250
1,rs2992439,0,38783415
1,rs3011207,0,38787328
1,rs12087786,0,38795398
1,rs4469689,0,38806509
1,rs16825207,0,38807913
1,rs16825217,0,38811756
1,rs4970610,0,38865078
1,rs12088653,0,38865902
1,rs12045514,0,38884082
1,rs716197,0,38893245
1,rs4079876,0,38898560
1,rs4111953,0,38901188
1,rs11578165,0,38907853
1,rs1930578,0,38939693
1,rs11211164,0,38942341
1,rs17484974,0,38959381
1,rs2377375,0,38986191
1,rs1930581,0,38988090
1,rs6675870,0,39154163
1,rs1021829,0,39363728
1,rs12075280,0,39367801
1,rs472310,0,39372201
1,rs661316,0,39403884
1,rs17502518,0,39409397
1,rs536193,0,39419132
1,rs622621,0,39424239
1,rs496744,0,39439902
1,rs663978,0,39452272
1,rs12089264,0,39515219
1,rs12089090,0,39520715
1,rs16826046,0,39532404
1,rs2275187,0,39535829
1,rs3120282,0,39544767
1,rs3116389,0,39558228
1,rs3116392,0,39562959
1,rs17570718,0,39574755
1,rs636083,0,39594268
1,rs645061,0,39667426
1,rs683135,0,39668047
1,rs11206314,0,39793742
1,rs1180271,0,39901988
1,rs784595,0,39907604
1,rs3806428,0,39910832
1,rs6663003,0,39915914
1,rs17560858,0,39918437
1,rs537515,0,39956479
1,rs10888958,0,39984324
1,rs7547787,0,39993393
1,rs1810494,0,40024795
1,rs3122411,0,40276366
1,rs12095797,0,40360875
1,rs9438936,0,40448993
1,rs12077871,0,40545737
1,rs7535790,0,40696606
1,rs4261108,0,40711670
1,rs6703866,0,40769695
1,rs552147,0,40927400
1,rs7554973,0,41159590
1,rs11209368,0,41261309
1,rs2300659,0,41277428
1,rs2363098,0,41345683
1,rs1472570,0,41486671
1,rs6660666,0,41535605
1,rs1317557,0,41611929
1,rs4408145,0,41682317
1,rs639298,0,41774117
1,rs10493102,0,41781108
1,rs7541348,0,41885802
1,rs4526604,0,41954731
1,rs393950,0,42016136
1,rs168384,0,42019096
1,rs239341,0,42027808
1,rs2147904,0,42144001
1,rs11210556,0,42196271
1,rs3845573,0,42213345
1,rs4660590,0,42213875
1,rs7553696,0,42243528
1,rs7546673,0,42407694
1,rs12077500,0,42408092
1,rs11210617,0,42536775
1,rs6600401,0,42607624
1,rs17378108,0,42630250
1,rs16829465,0,42655831
1,rs7415178,0,42669047
1,rs2809664,0,42680602
1,rs12024669,0,42846051
1,rs10890203,0,42854823
1,rs12129168,0,42874698
1,rs16829829,0,42892248
1,rs16829846,0,42906244
1,rs912074,0,42916608
1,rs4660655,0,42944834
1,rs3738497,0,42985655
1,rs3738499,0,42986086
1,rs7552138,0,42986197
1,rs6670611,0,43013991
1,rs2816597,0,43022412
1,rs17381650,0,43036843
1,rs16830101,0,43181157
1,rs12718444,0,43181766
1,rs7548782,0,43390997
1,rs6657760,0,43438955
1,rs3820588,0,43472400
1,rs11555249,0,43599424
1,rs839760,0,43636082
1,rs2782643,0,43659081
1,rs2782645,0,43661189
1,rs2782648,0,43676176
1,rs11210843,0,43692587
1,rs2782651,0,43693273
1,rs4660733,0,43714514
1,rs6695915,0,43783158
1,rs2004899,0,43818052
1,rs3791137,0,43822591
1,rs489319,0,43904381
1,rs618678,0,43905886
1,rs12410155,0,43961052
1,rs3791046,0,44004394
1,rs11590088,0,44006119
1,rs1875653,0,44025885
1,rs10890283,0,44026732
1,rs12131981,0,44061667
1,rs783304,0,44138044
1,rs1008137,0,44193341
1,rs3791120,0,44204302
1,rs6670336,0,44243903
1,rs1978195,0,44271829
1,rs2485993,0,44275627
1,rs226075,0,44612671
1,rs781791,0,44751442
1,rs16832018,0,44752085
1,rs1051648,0,44889522
1,rs16832186,0,44925703
1,rs12095412,0,45072231
1,rs3795720,0,45080093
1,rs16832301,0,45100303
1,rs17390398,0,45105843
1,rs6703452,0,45123715
1,rs1392035,0,45150948
1,rs4082644,0,45165864
1,rs7555900,0,45178230
1,rs7529213,0,45192200
1,rs7528534,0,45242717
1,rs2036426,0,45283686
1,rs4660834,0,45285806
1,rs6693384,0,45303159
1,rs346703,0,45326612
1,rs7513367,0,45395150
1,rs11801775,0,45495282
1,rs4233497,0,45536340
1,rs3219474,0,45576000
1,rs7536005,0,45659632
1,rs1691219,0,45669372
1,rs16832540,0,45689861
1,rs10736426,0,45756940
1,rs3014237,0,45862839
1,rs6694340,0,46062003
1,rs6679310,0,46083898
1,rs11211248,0,46249431
1,rs1052607,0,46272113
1,rs7542465,0,46309031
1,rs12143865,0,46320749
1,rs785481,0,46327105
1,rs6692775,0,46471077
1,rs11211264,0,46508744
1,rs1547180,0,46540995
1,rs17357628,0,46581049
1,rs12409747,0,46678731
1,rs4660937,0,46709742
1,rs1998545,0,46727174
1,rs2025382,0,46741605
1,rs12138736,0,46772345
1,rs885125,0,46784349
1,rs6429606,0,46835487
1,rs12022855,0,46841171
1,rs1258058,0,46879906
1,rs669647,0,46915062
1,rs12094471,0,46923345
1,rs3766215,0,46953609
1,rs11582403,0,46986540
1,rs837401,0,47038264
1,rs4646486,0,47051584
1,rs9332998,0,47176773
1,rs9332982,0,47178765
1,rs6680773,0,47222073
1,rs13373881,0,47445883
1,rs7664,0,47454604
1,rs11211503,0,47515776
1,rs6656779,0,47613179
1,rs11578776,0,47652865
1,rs2136121,0,47816000
1,rs12029435,0,47903956
1,rs11205435,0,48246580
1,rs11205439,0,48298926
1,rs658060,0,48324848
1,rs11205444,0,48377284
1,rs12741362,0,48379465
1,rs12137265,0,48427101
1,rs10788883,0,48454621
1,rs10788884,0,48462816
1,rs212989,0,48467668
1,rs850763,0,48480815
1,rs1608695,0,48547102
1,rs12733028,0,48556668
1,rs12078285,0,48581767
1,rs2175864,0,48592973
1,rs12733332,0,48596179
1,rs2275311,0,48623872
1,rs12024734,0,48737857
1,rs2803261,0,48771335
1,rs2798111,0,48772142
1,rs12090956,0,48779243
1,rs10465819,0,48783961
1,rs17104515,0,48805883
1,rs320026,0,48853910
1,rs6658427,0,48909221
1,rs444167,0,48911233
1,rs17104636,0,48912077
1,rs387244,0,48912118
1,rs319959,0,48918101
1,rs6694041,0,48921167
1,rs17104662,0,48927537
1,rs7530339,0,48934983
1,rs320037,0,48939311
1,rs320046,0,48942943
1,rs320061,0,48951615
1,rs1484406,0,48962821
1,rs1473455,0,48983157
1,rs1484412,0,48991971
1,rs3820445,0,48997171
1,rs1934395,0,49006963
1,rs6664435,0,49011337
1,rs2153324,0,49012555
1,rs7523675,0,49033750
1,rs7538351,0,49043410
1,rs3118226,0,49250920
1,rs354168,0,49415285
1,rs12036714,0,49438227
1,rs6693294,0,49651709
1,rs11803165,0,49727288
1,rs1167296,0,49744390
1,rs1999875,0,49822077
1,rs7551832,0,49998656
1,rs10888672,0,50132574
1,rs4926545,0,50152063
1,rs12407318,0,50152675
1,rs12747678,0,50255367
1,rs10888678,0,50282316
1,rs4147276,0,50379463
1,rs11205701,0,50542272
1,rs6689749,0,50573103
1,rs7538371,0,50604247
1,rs11205716,0,50608193
1,rs28656006,0,50731926
1,rs11205743,0,50860053
1,rs11205763,0,50959051
1,rs11205769,0,50996068
1,rs1464081,0,51107682
1,rs12069920,0,51184621
1,rs1999230,0,51408145
1,rs12085731,0,51608073
1,rs12023603,0,51705259
1,rs12067434,0,51802967
1,rs10888732,0,51894495
1,rs12117372,0,51957212
1,rs6588415,0,52106635
1,rs11205902,0,52121357
1,rs1832703,0,52133652
1,rs2795004,0,52190728
1,rs2985740,0,52338439
1,rs12038465,0,52341369
1,rs7512531,0,52402884
1,rs11205940,0,52430744
1,rs638697,0,52451578
1,rs10493165,0,52559897
1,rs2820337,0,52573649
1,rs7517338,0,52584169
1,rs10157619,0,52609324
1,rs7512235,0,52672525
1,rs997915,0,52745798
1,rs12121868,0,52787228
1,rs12138419,0,52828775
1,rs11591099,0,52829185
1,rs10493169,0,52876626
1,rs11583834,0,52876849
1,rs6672879,0,52909700
1,rs12067454,0,52909916
1,rs269286,0,52941606
1,rs6661196,0,52976252
1,rs6588444,0,53074571
1,rs12031385,0,53332091
1,rs1288642,0,53712843
1,rs41488848,0,53784091
1,rs12035088,0,53797428
1,rs4634849,0,53815698
1,rs12089978,0,53817768
1,rs12070914,0,54194339
1,rs3766454,0,54474978
1,rs11206315,0,54515996
1,rs6697414,0,54527679
1,rs11206321,0,54534905
1,rs6588512,0,54612121
1,rs382327,0,54715614
1,rs4927133,0,54726111
1,rs11803116,0,54782766
1,rs403594,0,54794388
1,rs12569063,0,54820755
1,rs1180939,0,55007108
1,rs7554001,0,55287119
1,rs585131,0,55296704
1,rs4927207,0,55486216
1,rs4927218,0,55522237
1,rs10888912,0,55530395
1,rs726815,0,55563449
1,rs207145,0,55580731
1,rs207138,0,55583803
1,rs17112012,0,55602572
1,rs2802857,0,55636246
1,rs12091976,0,55675436
1,rs7516169,0,55676031
1,rs4927236,0,55683209
1,rs1986518,0,55684772
1,rs397876,0,55695573
1,rs11206601,0,55704335
1,rs1740125,0,55737787
1,rs1780522,0,55740877
1,rs189593,0,55745184
1,rs17112249,0,55749367
1,rs17410154,0,55820126
1,rs7549716,0,55825446
1,rs769988,0,55838994
1,rs2671239,0,55925834
1,rs6672047,0,55950649
1,rs10493186,0,56093662
1,rs9326038,0,56098881
1,rs4926698,0,56101184
1,rs4494179,0,56108661
1,rs11206719,0,56274828
1,rs2404393,0,56277889
1,rs2159870,0,56278850
1,rs1331855,0,56304477
1,rs12119318,0,56468829
1,rs2792780,0,56530038
1,rs2793684,0,56534511
1,rs1417772,0,56539214
1,rs11206781,0,56542961
1,rs3005884,0,56544297
1,rs3005887,0,56548957
1,rs7538333,0,56621542
1,rs952133,0,56632007
1,rs3005916,0,56640111
1,rs2991265,0,56644945
1,rs11802109,0,56675313
1,rs6691109,0,56688752
1,rs2404993,0,56876553
1,rs1361733,0,56967381
1,rs17114386,0,57044964
1,rs10889018,0,57048075
1,rs761964,0,57076723
1,rs1033729,0,57088856
1,rs1411008,0,57214213
1,rs947655,0,57217406
1,rs1774910,0,57219835
1,rs17114777,0,57238861
1,rs17451521,0,57273865
1,rs4912423,0,57284109
1,rs1760207,0,57335820
1,rs491585,0,57349026
1,rs17541203,0,57398520
1,rs11810300,0,57427248
1,rs12568148,0,57523251
1,rs11207011,0,57575937
1,rs12033655,0,57685815
1,rs2691467,0,57734142
1,rs1341316,0,57860377
1,rs4244011,0,57902224
1,rs3118055,0,57999992
1,rs7544285,0,58035706
1,rs852766,0,58059096
1,rs852802,0,58096531
1,rs10889075,0,58134473
1,rs11207130,0,58185396
1,rs11811324,0,58193397
1,rs17116553,0,58194609
1,rs1201381,0,58213691
1,rs1188008,0,58250387
1,rs12037479,0,58295145
1,rs2808814,0,58296722
1,rs11207168,0,58321682
1,rs591970,0,58387466
1,rs6587814,0,58670690
1,rs10889097,0,58716083
1,rs17118097,0,58913953
1,rs2760489,0,59006578
1,rs34328062,0,59012809
1,rs3015327,0,59102243
1,rs17096897,0,59151631
1,rs12059773,0,59188548
1,rs2764928,0,59195377
1,rs12562835,0,59306291
1,rs4912386,0,59372300
1,rs11207409,0,59379228
1,rs1475629,0,59380613
1,rs331645,0,59409975
1,rs12044604,0,59427090
1,rs6683082,0,59480913
1,rs6676078,0,59667572
1,rs1440574,0,59833047
1,rs6704387,0,59839050
1,rs12750378,0,59841537
1,rs6684335,0,59861611
1,rs6690357,0,59871870
1,rs12067863,0,59873870
1,rs6661666,0,59941142
1,rs4619004,0,59943793
1,rs6685309,0,59946322
1,rs11207527,0,60103099
1,rs11207539,0,60151978
1,rs1462937,0,60383345
1,rs17120672,0,60654943
1,rs11207607,0,60672012
1,rs1501228,0,60680048
1,rs10889187,0,60783346
1,rs4916071,0,60793087
1,rs9436197,0,60837013
1,rs17120892,0,60905249
1,rs7529396,0,60928758
1,rs11207655,0,60953280
1,rs17121061,0,60980327
1,rs867914,0,60988668
1,rs12404270,0,61036626
1,rs519928,0,61045547
1,rs647554,0,61047030
1,rs17302852,0,61047387
1,rs17121103,0,61052786
1,rs310158,0,61092333
1,rs7532404,0,61107741
1,rs4915717,0,61156305
1,rs1779851,0,61283207
1,rs395936,0,61377795
1,rs12403502,0,61379557
1,rs10493306,0,61450290
1,rs6685664,0,61578216
1,rs766488,0,61583103
1,rs9436636,0,61585361
1,rs2474358,0,61693357
1,rs17122345,0,61766665
1,rs1890266,0,61770804
1,rs7541526,0,61776534
1,rs17122402,0,61793531
1,rs1933316,0,61799901
1,rs7519085,0,61841671
1,rs17122486,0,61842328
1,rs6587940,0,61893860
1,rs1286637,0,61975598
1,rs11207833,0,62020955
1,rs4915778,0,62036004
1,rs1286831,0,62044550
1,rs1286809,0,62057092
1,rs12408105,0,62084568
1,rs1412622,0,62137805
1,rs2499006,0,62152362
1,rs2251182,0,62165982
1,rs17122904,0,62244730
1,rs7555002,0,62251964
1,rs1332633,0,62270729
1,rs3762449,0,62272746
1,rs17123003,0,62283955
1,rs6661862,0,62307442
1,rs17123155,0,62400090
1,rs6688986,0,62475308
1,rs2666472,0,62501372
1,rs3844053,0,62503005
1,rs7543765,0,62625673
1,rs17123583,0,62641807
1,rs7553628,0,62683118
1,rs11207969,0,62684339
1,rs636497,0,62692617
1,rs1168038,0,62734516
1,rs1168114,0,62928631
1,rs11208014,0,62988959
1,rs11208069,0,63182395
1,rs2780883,0,63183207
1,rs631795,0,63199953
1,rs6683386,0,63224951
1,rs17124183,0,63226750
1,rs17124210,0,63238075
1,rs883398,0,63261928
1,rs1411391,0,63263828
1,rs7549151,0,63264368
1,rs17124418,0,63265202
1,rs944188,0,63265547
1,rs6664042,0,63274439
1,rs6694848,0,63276194
1,rs904428,0,63291069
1,rs1542846,0,63293624
1,rs17318040,0,63300126
1,rs12757300,0,63308029
1,rs10493333,0,63321007
1,rs953653,0,63322102
1,rs12723365,0,63332829
1,rs11208125,0,63334692
1,rs11208126,0,63337180
1,rs1498936,0,63347843
1,rs7531486,0,63360733
1,rs11583639,0,63374950
1,rs12088196,0,63379158
1,rs11576443,0,63384869
1,rs17124724,0,63397873
1,rs12733446,0,63438638
1,rs17124784,0,63466709
1,rs538071,0,63492812
1,rs832521,0,63493914
1,rs3861943,0,63500234
1,rs12747934,0,63540185
1,rs12731005,0,63544237
1,rs2269257,0,63863530
1,rs2269238,0,63890125
1,rs17125501,0,63993776
1,rs2643228,0,63996699
1,rs12088058,0,64000204
1,rs17125676,0,64102073
1,rs12062653,0,64141178
1,rs855858,0,64166086
1,rs855949,0,64170884
1,rs855945,0,64176358
1,rs12081679,0,64243643
1,rs6676360,0,64244179
1,rs834343,0,64317712
1,rs860634,0,64318329
1,rs7528814,0,64374433
1,rs6696297,0,64389280
1,rs4915956,0,64484943
1,rs825198,0,64486353
1,rs825168,0,64489883
1,rs11588217,0,64499827
1,rs1983300,0,64519183
1,rs17126437,0,64583748
1,rs6657719,0,64641704
1,rs1048007,0,65069828
1,rs17127197,0,65233360
1,rs1109374,0,65406085
1,rs2375699,0,65580869
1,rs12145690,0,65659601
1,rs12409877,0,65716460
1,rs6662904,0,65770328
1,rs11208674,0,65811905
1,rs1938489,0,65821210
1,rs12740203,0,65952331
1,rs12035209,0,65967547
1,rs4338330,0,65967827
1,rs9887756,0,65969720
1,rs4288572,0,65973610
1,rs12401401,0,66003896
1,rs6657878,0,66044864
1,rs1317611,0,66224365
1,rs2228692,0,66281702
1,rs1392817,0,66312044
1,rs11208794,0,66317169
1,rs952635,0,66464473
1,rs1578040,0,66473490
1,rs1556805,0,66557267
1,rs11208834,0,66561851
1,rs12116697,0,66693960
1,rs17129124,0,66809624
1,rs41418445,0,66828386
1,rs6680006,0,66837990
1,rs6588207,0,66839143
1,rs7536188,0,66860514
1,rs17129244,0,66882067
1,rs17129365,0,66947142
1,rs4433364,0,67040926
1,rs576078,0,67092113
1,rs12045569,0,67098113
1,rs4655653,0,67104024
1,rs2985822,0,67177498
1,rs12091194,0,67268316
1,rs2815363,0,67269809
1,rs17129664,0,67355886
1,rs6657603,0,67707898
1,rs6588263,0,67720134
1,rs7554654,0,67726269
1,rs6686812,0,67763948
1,rs4655733,0,67798226
1,rs9919329,0,67818862
1,rs9970835,0,67843784
1,rs344933,0,67909486
1,rs344935,0,67910451
1,rs621235,0,67939000
1,rs12091105,0,68051310
1,rs6656948,0,68058112
1,rs7515899,0,68080235
1,rs12144887,0,68116230
1,rs17130432,0,68254090
1,rs12726865,0,68352421
1,rs2435841,0,68354535
1,rs12741473,0,68354587
1,rs10158352,0,68360365
1,rs2566784,0,68375323
1,rs2566787,0,68378548
1,rs930145,0,68402118
1,rs1411113,0,68484121
1,rs6686875,0,68491604
1,rs7546334,0,68523370
1,rs6664177,0,68646482
1,rs9887872,0,68760707
1,rs2507179,0,68859285
1,rs11209336,0,68898716
1,rs854285,0,68930778
1,rs854284,0,68968250
1,rs17130790,0,68982428
1,rs10493449,0,69016132
1,rs1492074,0,69063219
1,rs12058557,0,69121376
1,rs1022013,0,69204632
1,rs1507853,0,69215252
1,rs2494922,0,69263748
1,rs1876466,0,69264867
1,rs17130880,0,69403731
1,rs1360931,0,69419051
1,rs17495923,0,69688184
1,rs1341794,0,69732787
1,rs1264408,0,69884624
1,rs1145922,0,69886977
1,rs12032656,0,70132802
1,rs17507386,0,70272731
1,rs631167,0,70294502
1,rs10493469,0,70294667
1,rs668525,0,70323927
1,rs17131217,0,70355538
1,rs6689985,0,70495935
1,rs269273,0,70506775
1,rs270486,0,70514776
1,rs6681604,0,70521238
1,rs4612579,0,70528099
1,rs6667317,0,70534073
1,rs2651237,0,70761270
1,rs17131783,0,70770399
1,rs4649923,0,70800739
1,rs11209654,0,70859493
1,rs17131408,0,70924406
1,rs12563671,0,70983293
1,rs12070643,0,70985341
1,rs6676372,0,71069798
1,rs17131481,0,71132738
1,rs3819783,0,71215214
1,rs2050066,0,71227723
1,rs2268055,0,71237880
1,rs17090955,0,71442869
1,rs12144647,0,71550263
1,rs11806447,0,71650486
1,rs641226,0,71827277
1,rs10493486,0,71852486
1,rs7529884,0,71863316
1,rs10889923,0,71871749
1,rs10889925,0,71912987
1,rs6671557,0,71992909
1,rs7550950,0,72167029
1,rs12407394,0,72253593
1,rs975480,0,72290516
1,rs17526561,0,72590814
1,rs12139940,0,72647649
1,rs782234,0,72756066
1,rs1664373,0,72787230
1,rs2245342,0,72814132
1,rs12145832,0,72867977
1,rs12029382,0,72871120
1,rs4650146,0,72889079
1,rs12066256,0,72893934
1,rs7522520,0,73437151
1,rs4480304,0,73472012
1,rs11210252,0,73692261
1,rs1329985,0,73880916
1,rs4478768,0,73923678
1,rs1353671,0,74033441
1,rs17094530,0,74116979
1,rs11803265,0,74193649
1,rs481387,0,74483038
1,rs925643,0,74665033
1,rs3845345,0,74775255
1,rs9326116,0,74809400
1,rs17095700,0,74886622
1,rs562916,0,74899960
1,rs927904,0,75032916
1,rs12738201,0,75048337
1,rs277355,0,75063372
1,rs2346344,0,75219251
1,rs460002,0,75237141
1,rs7531164,0,75261025
1,rs11587276,0,75262482
1,rs3845360,0,75271083
1,rs279713,0,75272847
1,rs616827,0,75475797
1,rs694025,0,75530754
1,rs1249786,0,75666700
1,rs3845363,0,75669643
1,rs1857354,0,75675536
1,rs1146586,0,76000562
1,rs1146606,0,76013288
1,rs17097543,0,76033243
1,rs5745433,0,76105751
1,rs6699682,0,76112711
1,rs11161848,0,76140310
1,rs1251539,0,76208848
1,rs12081931,0,76216834
1,rs1770878,0,76228917
1,rs4611076,0,76555979
1,rs12744209,0,76563598
1,rs9437435,0,76619352
1,rs11162148,0,76643287
1,rs17098996,0,76678081
1,rs4304640,0,76682500
1,rs10873889,0,76734548
1,rs315028,0,76814840
1,rs163603,0,76847836
1,rs628482,0,76907932
1,rs10873899,0,76918761
1,rs649328,0,76962598
1,rs12091499,0,77088606
1,rs9658903,0,77166890
1,rs199679,0,77260005
1,rs4949766,0,77342077
1,rs12093471,0,77350689
1,rs12723684,0,77457630
1,rs12132703,0,77511345
1,rs11162307,0,77514382
1,rs7517698,0,77521951
1,rs6672375,0,77590731
1,rs1377733,0,77592331
1,rs11162323,0,77598066
1,rs10873934,0,77613954
1,rs10518553,0,77643070
1,rs10782651,0,77706923
1,rs6684022,0,77726048
1,rs9324162,0,77727392
1,rs6603957,0,77910470
1,rs12142671,0,77956913
1,rs12030080,0,77970910
1,rs12733153,0,77979727
1,rs17098297,0,77987980
1,rs6700924,0,78055571
1,rs10873955,0,78056799
1,rs6604878,0,78078371
1,rs12401738,0,78219349
1,rs11162413,0,78319686
1,rs630245,0,78330252
1,rs642248,0,78376434
1,rs2352038,0,78583823
1,rs1410505,0,78588387
1,rs7533564,0,78598500
1,rs6701594,0,78749158
1,rs10449706,0,78831496
1,rs6665701,0,78865110
1,rs10493610,0,78887082
1,rs6691836,0,78915780
1,rs17102028,0,78916534
1,rs7517942,0,78932107
1,rs4650599,0,78968522
1,rs6424795,0,78984803
1,rs41322946,0,79071675
1,rs931413,0,79121094
1,rs17102358,0,79123930
1,rs1261980,0,79126243
1,rs12142366,0,79152758
1,rs12754818,0,79165344
1,rs17413911,0,79192027
1,rs4650627,0,79246223
1,rs7535544,0,79251077
1,rs10874005,0,79255481
1,rs6693037,0,79258599
1,rs11807825,0,79266524
1,rs7531214,0,79328625
1,rs17102848,0,79384665
1,rs7520601,0,79501015
1,rs6686663,0,79607654
1,rs11801785,0,79698992
1,rs12754109,0,79716748
1,rs1389944,0,79737411
1,rs2016809,0,79807272
1,rs7539380,0,79965153
1,rs10874067,0,79980354
1,rs7543390,0,79991162
1,rs11162825,0,80040399
1,rs981126,0,80304382
1,rs1414410,0,80310760
1,rs2841634,0,80447605
1,rs1776307,0,80460037
1,rs1954338,0,80514263
1,rs1416467,0,80531316
1,rs7412523,0,80533061
1,rs17435246,0,80558112
1,rs2154297,0,80564296
1,rs3014987,0,80595625
1,rs10493667,0,80737055
1,rs11163078,0,80908806
1,rs6688321,0,80912970
1,rs1832331,0,80933925
1,rs12075345,0,80961434
1,rs7541278,0,80985936
1,rs12067327,0,80989699
1,rs12059560,0,81072439
1,rs1318695,0,81147506
1,rs10493683,0,81151357
1,rs11163192,0,81313023
1,rs10782748,0,81319510
1,rs3904055,0,81392637
1,rs12069796,0,81494184
1,rs12071890,0,81551203
1,rs4266930,0,81624717
1,rs4650540,0,81646426
1,rs3924703,0,81716787
1,rs1408426,0,81756746
1,rs1544069,0,81770169
1,rs17106671,0,81781261
1,rs1924558,0,81833652
1,rs17106776,0,81835352
1,rs10874257,0,81843117
1,rs17106857,0,81871485
1,rs12117862,0,81882643
1,rs17106912,0,81928163
1,rs12139644,0,81969915
1,rs1391475,0,81983540
1,rs12117626,0,81991287
1,rs12028199,0,82004002
1,rs17107277,0,82072663
1,rs1418253,0,82111515
1,rs12145428,0,82118439
1,rs284227,0,82152034
1,rs7417214,0,82193305
1,rs2296697,0,82209807
1,rs6598985,0,82314869
1,rs11163431,0,82350892
1,rs11163437,0,82421530
1,rs17108253,0,82602056
1,rs12405458,0,82624605
1,rs1281621,0,82630340
1,rs11163470,0,82638294
1,rs1281595,0,82638407
1,rs6598990,0,82755665
1,rs1473757,0,82773348
1,rs12086858,0,82843453
1,rs4662152,0,82859233
1,rs319671,0,82910287
1,rs17108926,0,82936765
1,rs320896,0,82986892
1,rs320906,0,83003573
1,rs2043428,0,83018990
1,rs10747403,0,83074810
1,rs1159338,0,83110937
1,rs12075853,0,83118733
1,rs1144257,0,83161504
1,rs7512204,0,83261860
1,rs10487982,0,83368700
1,rs12741037,0,83370300
1,rs17101504,0,83451842
1,rs12047942,0,83513112
1,rs41497748,0,83553004
1,rs2485416,0,83602263
1,rs4465227,0,83805074
1,rs4638144,0,83862126
1,rs4636482,0,83962851
1,rs2057084,0,84069113
1,rs12734711,0,84380562
1,rs970318,0,84454767
1,rs316674,0,84515920
1,rs315540,0,84589175
1,rs4907069,0,84690754
1,rs2945152,0,84821229
1,rs17366686,0,84827062
1,rs2994434,0,84859022
1,rs9661716,0,84978917
1,rs11161441,0,84985170
1,rs12027538,0,84992870
1,rs1770566,0,85000174
1,rs12130014,0,85070402
1,rs6685090,0,85146145
1,rs12063120,0,85312946
1,rs10493761,0,85383865
1,rs7530433,0,85543382
1,rs233072,0,85580283
1,rs12717763,0,85580752
1,rs6576765,0,85643600
1,rs6657732,0,85647083
1,rs1554597,0,85649686
1,rs11161614,0,85670748
1,rs553257,0,85670918
1,rs1524004,0,85783645
1,rs17390886,0,85791711
1,rs9658588,0,85821247
1,rs12072027,0,85834810
1,rs414618,0,85993006
1,rs313775,0,86106658
1,rs12088838,0,86137021
1,rs11161714,0,86234497
1,rs17128651,0,86238324
1,rs17415366,0,86288546
1,rs583315,0,86299206
1,rs6576822,0,86476458
1,rs4656142,0,86479953
1,rs36002452,0,86506707
1,rs7515651,0,86589985
1,rs272514,0,86618151
1,rs4656100,0,86690532
1,rs2791473,0,86761297
1,rs6667040,0,86855910
1,rs35278662,0,86875801
1,rs12070029,0,86901985
1,rs3856190,0,86927186
1,rs263494,0,86991898
1,rs691135,0,87038971
1,rs10873803,0,87060288
1,rs1923144,0,87176819
1,rs1419130,0,87349069
1,rs12146073,0,87483159
1,rs11577298,0,87502907
1,rs6688319,0,87525474
1,rs17129924,0,87526493
1,rs3766024,0,87580464
1,rs4295863,0,87675612
1,rs6683030,0,87703477
1,rs1888728,0,87754984
1,rs12730697,0,87767809
1,rs6694829,0,87797732
1,rs17130043,0,87808797
1,rs7522620,0,87841897
1,rs7544549,0,87846613
1,rs4655977,0,87858740
1,rs305464,0,87957804
1,rs1434431,0,87960918
1,rs305445,0,87980723
1,rs305431,0,87993064
1,rs17130142,0,88012196
1,rs6679195,0,88030586
1,rs4655858,0,88062957
1,rs7547381,0,88159871
1,rs1334336,0,88165028
1,rs10489945,0,88186177
1,rs3008451,0,88206217
1,rs10922988,0,88254594
1,rs7527342,0,88280980
1,rs17130256,0,88342030
1,rs4655866,0,88404170
1,rs10923032,0,88404739
1,rs6428642,0,88482636
1,rs17130454,0,88649888
1,rs12723729,0,88692057
1,rs306337,0,88744008
1,rs4656059,0,88851031
1,rs593861,0,88866327
1,rs10754252,0,88906400
1,rs6704399,0,88995008
1,rs3753906,0,89029966
1,rs4142706,0,89247818
1,rs5015501,0,89249015
1,rs12118276,0,89251561
1,rs1329120,0,89357153
1,rs928656,0,89632356
1,rs4495683,0,89665975
1,rs10801744,0,89726132
1,rs12745246,0,89773288
1,rs359946,0,89792230
1,rs17099922,0,89800170
1,rs1215497,0,89838513
1,rs12045241,0,89854812
1,rs10518432,0,90040567
1,rs6662919,0,90373595
1,rs7518543,0,90573846
1,rs2089548,0,90659064
1,rs954472,0,90766952
1,rs17131108,0,90864169
1,rs6680305,0,90910184
1,rs10922903,0,90932174
1,rs6656775,0,90991947
1,rs12080926,0,91003358
1,rs7551833,0,91021889
1,rs1725403,0,91057774
1,rs631231,0,91208055
1,rs643854,0,91232950
1,rs7539064,0,91290247
1,rs6696232,0,91329245
1,rs6669529,0,91368926
1,rs609256,0,91375205
1,rs613574,0,91399619
1,rs387788,0,91400854
1,rs9730300,0,91477432
1,rs657577,0,91490829
1,rs176019,0,91512693
1,rs204304,0,91551791
1,rs876761,0,91552996
1,rs281990,0,91553504
1,rs281994,0,91555148
1,rs282000,0,91558171
1,rs281946,0,91582482
1,rs281935,0,91586307
1,rs282053,0,91597213
1,rs192519,0,91626977
1,rs988203,0,91631692
1,rs282009,0,91632383
1,rs282004,0,91638124
1,rs11166498,0,91668020
1,rs17131440,0,91673680
1,rs519244,0,91676001
1,rs3851269,0,91689870
1,rs17131462,0,91695109
1,rs542171,0,91695752
1,rs12058802,0,91695842
1,rs12031457,0,91709536
1,rs6687904,0,91797850
1,rs11165002,0,91821554
1,rs1192415,0,91849685
1,rs2148322,0,91894920
1,rs2391025,0,91898465
1,rs1926262,0,91935372
1,rs284868,0,91950080
1,rs284170,0,91987216
1,rs17131552,0,91997403
1,rs12090296,0,92015156
1,rs6683840,0,92022405
1,rs17131598,0,92317280
1,rs6699855,0,92323373
1,rs17131602,0,92340677
1,rs12064015,0,92501478
1,rs12089666,0,92582803
1,rs12059645,0,92601314
1,rs4949888,0,92601701
1,rs12022891,0,92606552
1,rs4847377,0,92795738
1,rs34202284,0,92932590
1,rs6680578,0,92949466
1,rs12746893,0,92983464
1,rs6604015,0,92992495
1,rs7536563,0,93121634
1,rs521428,0,93218085
1,rs10493865,0,93254228
1,rs12043577,0,93267868
1,rs2295423,0,93353612
1,rs6698349,0,93366991
1,rs2783495,0,93416265
1,rs2815409,0,93421404
1,rs4484937,0,93472113
1,rs693737,0,93497512
1,rs7545358,0,93560629
1,rs4847408,0,93564025
1,rs4847409,0,93568520
1,rs4847245,0,93742766
1,rs12062278,0,93820741
1,rs3767977,0,93836432
1,rs12741136,0,93900523
1,rs1567791,0,93916377
1,rs6704479,0,93930095
1,rs11164969,0,93968484
1,rs7523682,0,93982565
1,rs7552104,0,93986214
1,rs4847258,0,93992531
1,rs4526623,0,93996653
1,rs12402983,0,94007403
1,rs6701957,0,94022789
1,rs7552293,0,94067080
1,rs10874809,0,94127536
1,rs1320502,0,94274387
1,rs4147819,0,94342092
1,rs17111203,0,94418584
1,rs6541413,0,94425588
1,rs1756257,0,94532166
1,rs12093625,0,94596690
1,rs4148046,0,94717609
1,rs4148045,0,94720243
1,rs2147795,0,94720721
1,rs513976,0,94737987
1,rs1041041,0,94824639
1,rs12758064,0,94824855
1,rs698941,0,94827807
1,rs4847313,0,94841509
1,rs17411335,0,94854175
1,rs2040075,0,94930872
1,rs1027307,0,94945931
1,rs2781130,0,95003102
1,rs859074,0,95122025
1,rs17407908,0,95185555
1,rs2797625,0,95197146
1,rs11810387,0,95200196
1,rs12132107,0,95438232
1,rs1414897,0,95439409
1,rs6671200,0,95470117
1,rs12118116,0,95546918
1,rs6593652,0,95555121
1,rs12135605,0,95559646
1,rs4950046,0,95583338
1,rs651732,0,95773542
1,rs10489560,0,95825334
1,rs11585793,0,95838042
1,rs1920163,0,95934795
1,rs1920164,0,95934871
1,rs4950074,0,95943224
1,rs11589942,0,96044650
1,rs6695542,0,96069174
1,rs1891418,0,96107066
1,rs10874962,0,96107616
1,rs17419004,0,96160108
1,rs10783029,0,96192297
1,rs1889060,0,96198384
1,rs17420251,0,96205763
1,rs10783030,0,96214722
1,rs1146543,0,96335934
1,rs2391734,0,96377179
1,rs1222046,0,96392902
1,rs17115001,0,96599997
1,rs17115116,0,96640018
1,rs6593599,0,96684056
1,rs10875032,0,96970919
1,rs12563540,0,96971943
1,rs7513314,0,96975444
1,rs2391782,0,96999263
1,rs7545161,0,97247042
1,rs291560,0,97305058
1,rs11165783,0,97342132
1,rs12758854,0,97484149
1,rs10875057,0,97487253
1,rs12046744,0,97520252
1,rs11165875,0,97687801
1,rs6685658,0,97762924
1,rs11806109,0,97826518
1,rs2786496,0,97837200
1,rs3790388,0,97929107
1,rs12354275,0,97974639
1,rs17378539,0,97981698
1,rs4970716,0,97981719
1,rs17117118,0,98002179
1,rs17100628,0,98028383
1,rs6690447,0,98031597
1,rs4385755,0,98118979
1,rs11165924,0,98148036
1,rs17100664,0,98356991
1,rs11165989,0,98556001
1,rs7524325,0,98646192
1,rs11166012,0,98670624
1,rs474348,0,98683758
1,rs1724962,0,98746749
1,rs1159584,0,98749405
1,rs11166037,0,98791940
1,rs11166059,0,98892311
1,rs12088717,0,98897111
1,rs4950105,0,98916383
1,rs12065799,0,98920295
1,rs4908039,0,99020143
1,rs12138158,0,99099581
1,rs10493905,0,99107465
1,rs1329465,0,99155952
1,rs309073,0,99186313
1,rs309087,0,99191235
1,rs6701980,0,99302414
1,rs12076764,0,99666490
1,rs17120392,0,99674953
1,rs1935720,0,99699479
1,rs17120467,0,99713819
1,rs12041338,0,99727799
1,rs17403124,0,99729277
1,rs10493913,0,99767993
1,rs17412980,0,99811197
1,rs10493912,0,99811660
1,rs12722988,0,99855851
1,rs834990,0,99889438
1,rs4333869,0,99975311
1,rs7513916,0,99976185
1,rs7514021,0,99976281
1,rs7543433,0,100049627
1,rs11166410,0,100416683
1,rs7520551,0,100488755
1,rs7535936,0,100844256
1,rs17403618,0,100866727
1,rs6577213,0,101152574
1,rs17123541,0,101198136
1,rs12402499,0,101301542
1,rs17409729,0,101308366
1,rs2038363,0,101499114
1,rs6688235,0,101542044
1,rs6660937,0,101545070
1,rs1491642,0,101641501
1,rs12142899,0,101647004
1,rs12405027,0,101699626
1,rs10493950,0,101713062
1,rs12748695,0,101772657
1,rs2289811,0,101962060
1,rs10747410,0,102061950
1,rs4907956,0,102085291
1,rs3748653,0,102131590
1,rs1536565,0,102193130
1,rs12118113,0,102234393
1,rs1415094,0,102244427
1,rs11164392,0,102356421
1,rs2022858,0,102381165
1,rs2997421,0,102383034
1,rs12732019,0,102425768
1,rs12028737,0,102428272
1,rs12086881,0,102457426
1,rs12125348,0,102477009
1,rs17126268,0,102498987
1,rs947455,0,102543794
1,rs1341895,0,102562729
1,rs11809901,0,102600918
1,rs11164518,0,102693114
1,rs1517414,0,102764612
1,rs11164556,0,102852775
1,rs2598461,0,103070926
1,rs644019,0,103077375
1,rs12145872,0,103144240
1,rs12121498,0,103152716
1,rs1012282,0,103199969
1,rs12094163,0,103386443
1,rs2376360,0,103507534
1,rs12731458,0,104281992
1,rs551284,0,104285930
1,rs12759387,0,104375220
1,rs1330402,0,104382080
1,rs28676522,0,104403811
1,rs17019678,0,104493980
1,rs12407548,0,104533350
1,rs12744616,0,104788819
1,rs11184264,0,105036880
1,rs1158909,0,105353651
1,rs4847031,0,105383658
1,rs10881255,0,105464313
1,rs7554044,0,105471866
1,rs17015466,0,105490060
1,rs1361464,0,106000090
1,rs12025547,0,106159199
1,rs716735,0,106222430
1,rs4378236,0,106230536
1,rs2624696,0,106298670
1,rs11184738,0,106400918
1,rs11184741,0,106407553
1,rs10881363,0,106476224
1,rs12023420,0,106487706
1,rs12403232,0,106566748
1,rs1330226,0,106644698
1,rs12565323,0,106707595
1,rs1411398,0,106712890
1,rs1928717,0,106722996
1,rs17017028,0,106739261
1,rs2182149,0,106768990
1,rs725703,0,106796549
1,rs4436416,0,106847791
1,rs17017192,0,106881561
1,rs6687078,0,106887064
1,rs12142479,0,106921069
1,rs7531294,0,106943274
1,rs7519541,0,107211310
1,rs12084115,0,107220266
1,rs12403352,0,107282609
1,rs17496332,0,107347898
1,rs9435436,0,107352903
1,rs12032059,0,107359827
1,rs1819548,0,107440841
1,rs4322256,0,107541335
1,rs7541740,0,107551303
1,rs17018703,0,107627284
1,rs7547994,0,107631605
1,rs17509160,0,107656536
1,rs17509795,0,107700129
1,rs6677537,0,107720948
1,rs558009,0,107758362
1,rs670053,0,107789741
1,rs17019267,0,107858059
1,rs1887631,0,107868755
1,rs12092096,0,107891109
1,rs6683395,0,108186644
1,rs11185212,0,108249776
1,rs3747945,0,108337835
1,rs1781050,0,108359228
1,rs17020762,0,108390107
1,rs6677839,0,108400864
1,rs10881505,0,108467454
1,rs11185283,0,108494257
1,rs12047398,0,108494828
1,rs6677101,0,108501253
1,rs559761,0,108502160
1,rs12118768,0,108545414
1,rs828999,0,108546457
1,rs864892,0,108546526
1,rs6583069,0,108546929
1,rs17574098,0,108547274
1,rs11807463,0,109158047
1,rs7551421,0,109171438
1,rs6704266,0,109187697
1,rs17030708,0,109240595
1,rs11803800,0,109314797
1,rs17565949,0,109329136
1,rs28564628,0,109379973
1,rs595635,0,109498491
1,rs12239854,0,109529355
1,rs1298416,0,109540703
1,rs454107,0,109595775
1,rs437444,0,109597131
1,rs17035949,0,109622442
1,rs599839,0,109623689
1,rs657420,0,109627659
1,rs11581665,0,109711536
1,rs12037569,0,109725200
1,rs1149172,0,109835191
1,rs929166,0,110056697
1,rs10735234,0,110083464
1,rs2274536,0,110096100
1,rs3814310,0,110108713
1,rs12061779,0,110110337
1,rs17024828,0,110111889
1,rs499345,0,110163205
1,rs7540934,0,110285296
1,rs4839085,0,110396357
1,rs3738758,0,110459694
1,rs11808630,0,110628055
1,rs12034102,0,110643799
1,rs17627329,0,110759377
1,rs11102106,0,110779386
1,rs11102112,0,110810554
1,rs2361309,0,110815738
1,rs1339697,0,110847088
1,rs11102130,0,110896371
1,rs41407848,0,110953672
1,rs4839542,0,110957118
1,rs2821557,0,111020443
1,rs420033,0,111097197
1,rs508446,0,111111353
1,rs556063,0,111119814
1,rs11102159,0,111126250
1,rs6655953,0,111173167
1,rs10494123,0,111235047
1,rs1712673,0,111267886
1,rs17026872,0,111448293
1,rs1467830,0,111456445
1,rs325917,0,111463051
1,rs325923,0,111493036
1,rs6702380,0,111619575
1,rs10857869,0,111624222
1,rs4351635,0,111627277
1,rs10857871,0,111631156
1,rs7515361,0,111633438
1,rs9725625,0,111665534
1,rs10776724,0,111671010
1,rs2065929,0,111711127
1,rs4839132,0,111735827
1,rs12047479,0,111800202
1,rs17027867,0,111853828
1,rs12566794,0,111923229
1,rs2800880,0,111932147
1,rs1338078,0,111936717
1,rs11102317,0,111958628
1,rs7536042,0,112047110
1,rs3754026,0,112085361
1,rs197374,0,112091506
1,rs197381,0,112094301
1,rs517680,0,112158422
1,rs11102347,0,112193332
1,rs17028807,0,112194936
1,rs10494140,0,112204257
1,rs494643,0,112204667
1,rs2034124,0,112253204
1,rs17029071,0,112269147
1,rs17726989,0,112278637
1,rs155668,0,112508695
1,rs4073808,0,112625345
1,rs17030009,0,112651896
1,rs1936049,0,112700700
1,rs2370851,0,112726977
1,rs1412931,0,112756487
1,rs7542084,0,112780285
1,rs3818729,0,112793385
1,rs1175642,0,112802115
1,rs351367,0,112851385
1,rs6537742,0,112886720
1,rs7535636,0,112903322
1,rs12137269,0,112908156
1,rs6679,0,113044571
1,rs11102523,0,113062608
1,rs4838968,0,113161960
1,rs2996294,0,113217645
1,rs1539624,0,113233309
1,rs7545814,0,113370770
1,rs17030905,0,113376637
1,rs2798691,0,113380626
1,rs2798686,0,113402968
1,rs1216781,0,113409780
1,rs1324893,0,113534668
1,rs946220,0,113539196
1,rs11102603,0,113585693
1,rs12022213,0,113785177
1,rs17013326,0,113890839
1,rs2359173,0,113998018
1,rs4839333,0,114020684
1,rs1230649,0,114045700
1,rs1936398,0,114047976
1,rs12129792,0,114092062
1,rs12144309,0,114117016
1,rs2636008,0,114127437
1,rs1217402,0,114241781
1,rs971173,0,114249437
1,rs1553450,0,114292303
1,rs3006993,0,114371967
1,rs491313,0,114440566
1,rs1601446,0,114516260
1,rs6656726,0,114801583
1,rs7529160,0,114829571
1,rs1113207,0,114835035
1,rs17032791,0,114904705
1,rs2273268,0,115032856
1,rs2144428,0,115070734
1,rs743042,0,115072418
1,rs11102834,0,115081985
1,rs10494169,0,115165055
1,rs11102840,0,115172624
1,rs360615,0,115202659
1,rs360622,0,115208584
1,rs1286568,0,115251269
1,rs12742348,0,115419761
1,rs17033283,0,115487325
1,rs6678822,0,115515395
1,rs195204,0,115535614
1,rs195187,0,115542509
1,rs1299543,0,115563988
1,rs6537859,0,115619469
1,rs6678788,0,115641194
1,rs6686615,0,115646569
1,rs12760036,0,115649973
1,rs17033692,0,115671373
1,rs510688,0,115756094
1,rs1942225,0,115786550
1,rs527278,0,115793379
1,rs4494134,0,115966981
1,rs4603135,0,115972906
1,rs10923130,0,115997954
1,rs7544242,0,116084319
1,rs6682982,0,116100097
1,rs2797180,0,116158877
1,rs2797172,0,116162549
1,rs950679,0,116167398
1,rs11805466,0,116523754
1,rs10923987,0,116527936
1,rs9428192,0,116607555
1,rs2335957,0,116622634
1,rs6693711,0,116640286
1,rs12062591,0,116716498
1,rs12044852,0,116889302
1,rs12563440,0,116915988
1,rs606604,0,117001407
1,rs1122726,0,117232776
1,rs17036443,0,117237798
1,rs12096061,0,117241586
1,rs2764854,0,117430143
1,rs12118664,0,117456161
1,rs12046916,0,117553248
1,rs1289830,0,117646555
1,rs12403240,0,117663835
1,rs11586858,0,117685545
1,rs10923326,0,117850988
1,rs4261104,0,117921057
1,rs320347,0,117935430
1,rs12037710,0,117940554
1,rs12127775,0,118008861
1,rs7520590,0,118016242
1,rs10923398,0,118052698
1,rs17037632,0,118138662
1,rs4090369,0,118187110
1,rs10923444,0,118225792
1,rs1321665,0,118275748
1,rs17037754,0,118276065
1,rs7523403,0,118282799
1,rs1273913,0,118489399
1,rs2474937,0,118704501
1,rs12404666,0,118733848
1,rs10489732,0,118737844
1,rs1213989,0,118849704
1,rs1321956,0,119048457
1,rs4144542,0,119061330
1,rs7528326,0,119167883
1,rs17013645,0,119286372
1,rs1409154,0,119293287
1,rs1750330,0,119294934
1,rs10458419,0,119316443
1,rs10802075,0,119428750
1,rs7524733,0,119568249
1,rs1341017,0,119777867
1,rs7547046,0,119816130
1,rs2011191,0,119825411
1,rs6661258,0,119849170
1,rs13375159,0,120032346
1,rs947273,0,120252875
1,rs856657,0,120257441
1,rs17024521,0,120268277
1,rs35656321,0,120293167
1,rs2493411,0,120308309
1,rs1466708,0,120323283
1,rs4844381,0,120886421
1,rs11490945,0,142511932
1,rs10797649,0,144106312
1,rs12091564,0,144106961
1,rs12059935,0,144123451
1,rs1535921,0,144129407
1,rs4126494,0,144146288
1,rs4970857,0,144282074
1,rs11589437,0,144305577
1,rs9728619,0,144447795
1,rs1999738,0,144723763
1,rs28583548,0,144757160
1,rs12755379,0,144964403
1,rs11240087,0,144965462
1,rs6681167,0,144973486
1,rs1969869,0,144976736
1,rs580852,0,144989669
1,rs2477568,0,145014416
1,rs12127461,0,145018512
1,rs11804176,0,145019320
1,rs11239929,0,145022717
1,rs10900321,0,145096540
1,rs720609,0,145119652
1,rs6659191,0,145126389
1,rs894469,0,145139530
1,rs6593746,0,145153273
1,rs3753433,0,145219715
1,rs12034751,0,145220607
1,rs4518968,0,145239781
1,rs11240000,0,145290190
1,rs7539416,0,145348210
1,rs4504949,0,145368301
1,rs17160256,0,145433820
1,rs2068023,0,145486424
1,rs7523564,0,145507054
1,rs3766510,0,145596846
1,rs12405672,0,145628122
1,rs12755965,0,145658465
1,rs7513213,0,145688062
1,rs17160597,0,145690876
1,rs1353428,0,145792846
1,rs11578664,0,145797774
1,rs11240142,0,145806939
1,rs11240146,0,145821918
1,rs481176,0,146273901
1,rs11578204,0,148268345
1,rs11205328,0,148354489
1,rs12090508,0,148374417
1,rs7518711,0,148384157
1,rs34714364,0,148501281
1,rs12039882,0,148635837
1,rs698921,0,148646141
1,rs12119250,0,148795509
1,rs2275236,0,148936576
1,rs2184833,0,148942107
1,rs12086472,0,148964334
1,rs7521898,0,148974220
1,rs11204722,0,148996808
1,rs16827671,0,149005383
1,rs3738478,0,149264564
1,rs1112193,0,149335988
1,rs12090246,0,149374120
1,rs11809979,0,149377397
1,rs4970944,0,149429941
1,rs11204787,0,149466138
1,rs2864115,0,149531137
1,rs16833354,0,149766979
1,rs7533032,0,149793465
1,rs11808761,0,149901427
1,rs959290,0,149916965
1,rs12077740,0,149931949
1,rs3007672,0,150267102
1,rs9050,0,150345938
1,rs1496042,0,150426397
1,rs477291,0,150676690
1,rs12076464,0,150678578
1,rs6694145,0,150691449
1,rs1923508,0,150738344
1,rs533917,0,150784918
1,rs1359515,0,150885468
1,rs35748742,0,150925818
1,rs11205080,0,150947533
1,rs2339382,0,151016357
1,rs2879458,0,151020663
1,rs6701221,0,151045182
1,rs7411365,0,151046763
1,rs7550874,0,151060047
1,rs1590931,0,151128490
1,rs7541720,0,151221383
1,rs1611761,0,151224252
1,rs11488175,0,151306402
1,rs7541865,0,151367118
1,rs428913,0,151368112
1,rs542443,0,151382721
1,rs493631,0,151409672
1,rs737301,0,151467432
1,rs16835086,0,151472675
1,rs821431,0,151538148
1,rs2916213,0,151581918
1,rs12132927,0,151698185
1,rs16835373,0,151737629
1,rs3762268,0,151788974
1,rs16835437,0,151797906
1,rs6700115,0,152048512
1,rs11265040,0,152322203
1,rs12064261,0,152406381
1,rs4845364,0,152408532
1,rs1194603,0,152494911
1,rs7521837,0,152519484
1,rs2481065,0,152578535
1,rs749966,0,152581032
1,rs3811451,0,152617213
1,rs10908835,0,152623105
1,rs6427641,0,152647110
1,rs28730733,0,152669862
1,rs6664201,0,152680920
1,rs4474240,0,152724479
1,rs4845632,0,152725556
1,rs7553602,0,152796045
1,rs6691316,0,153020818
1,rs4845671,0,153021750
1,rs11589855,0,153022467
1,rs12135902,0,153022728
1,rs883319,0,153025046
1,rs13375433,0,153083326
1,rs4045192,0,153305380
1,rs4845408,0,153332251
1,rs6427158,0,153341527
1,rs11465208,0,153426120
1,rs3738808,0,153447090
1,rs8177997,0,153525643
1,rs1759004,0,153848749
1,rs13375894,0,153880273
1,rs13376498,0,153961678
1,rs2274787,0,153967767
1,rs822521,0,154104891
1,rs2282301,0,154135249
1,rs2364404,0,154194856
1,rs10752614,0,154262433
1,rs10157633,0,154284807
1,rs10047112,0,154312286
1,rs2540173,0,154454838
1,rs6699674,0,154574446
1,rs2842851,0,154614968
1,rs867921,0,154619598
1,rs11806983,0,154661105
1,rs4382715,0,154802757
1,rs4661050,0,154833035
1,rs4661209,0,154885392
1,rs11264542,0,155004593
1,rs12049360,0,155014573
1,rs1888861,0,155064585
1,rs12566888,0,155135671
1,rs12143768,0,155158234
1,rs4661077,0,155201517
1,rs2275206,0,155205691
1,rs3737269,0,155372414
1,rs10494309,0,155385045
1,rs10796974,0,155420026
1,rs4661115,0,155540339
1,rs12047109,0,155541672
1,rs2027293,0,155548709
1,rs16838771,0,155777852
1,rs4111873,0,155800659
1,rs1412676,0,155805941
1,rs12755544,0,155819641
1,rs1885560,0,155832594
1,rs1969742,0,155879961
1,rs2210911,0,155910491
1,rs7522061,0,155935014
1,rs11264842,0,156132571
1,rs17418759,0,156255276
1,rs12121552,0,156291960
1,rs11264908,0,156321123
1,rs7514301,0,156324044
1,rs3768541,0,156327123
1,rs17421546,0,156340844
1,rs1690779,0,156434513
1,rs959518,0,156436490
1,rs6660222,0,156635834
1,rs1103852,0,156837514
1,rs857723,0,156870624
1,rs3738791,0,156873073
1,rs857721,0,156879172
1,rs2852638,0,156920596
1,rs381510,0,156975173
1,rs857843,0,157020030
1,rs857857,0,157035608
1,rs857782,0,157047208
1,rs41352753,0,157056986
1,rs4657565,0,157188298
1,rs10908697,0,157208258
1,rs16841379,0,157208605
1,rs1935071,0,157218175
1,rs863028,0,157370709
1,rs6678381,0,157558265
1,rs7544351,0,157567500
1,rs12747059,0,157658833
1,rs2808636,0,157833271
1,rs1446975,0,157895966
1,rs13376563,0,157986327
1,rs4131568,0,157988680
1,rs6427494,0,158005343
1,rs4074173,0,158012503
1,rs11582852,0,158015989
1,rs3806187,0,158017253
1,rs6657365,0,158049173
1,rs4656852,0,158071277
1,rs4074846,0,158098030
1,rs2501330,0,158107165
1,rs1934074,0,158164012
1,rs3827531,0,158169150
1,rs12751760,0,158174065
1,rs4262538,0,158174669
1,rs2494209,0,158251175
1,rs16831305,0,158273537
1,rs6427506,0,158419501
1,rs680083,0,158447530
1,rs16831606,0,158452497
1,rs6701047,0,158645604
1,rs12757461,0,158682548
1,rs11585691,0,158686660
1,rs1553459,0,158811597
1,rs2369724,0,158842123
1,rs927202,0,158849988
1,rs12096589,0,158915105
1,rs1126644,0,158915173
1,rs16832307,0,158915476
1,rs4656940,0,159096892
1,rs12037395,0,159099401
1,rs955371,0,159102207
1,rs4656957,0,159116904
1,rs4656279,0,159152918
1,rs12095682,0,159186288
1,rs4656971,0,159187854
1,rs2481084,0,159256238
1,rs4294436,0,159275943
1,rs4233368,0,159463868
1,rs12065184,0,159545301
1,rs16832801,0,159547992
1,rs16832851,0,159595830
1,rs11582349,0,159724040
1,rs6696854,0,159730438
1,rs1891018,0,159957990
1,rs2499836,0,160234305
1,rs16838789,0,160248469
1,rs12119861,0,160251628
1,rs6658860,0,160291442
1,rs16857061,0,160381299
1,rs4657168,0,160440677
1,rs6677052,0,160486363
1,rs10800409,0,160527339
1,rs10800465,0,160576937
1,rs924834,0,160618918
1,rs16861569,0,160621130
1,rs2050908,0,160698176
1,rs12048707,0,160713762
1,rs12047961,0,160716033
1,rs6673387,0,160725036
1,rs4656377,0,160907498
1,rs7520418,0,160936399
1,rs907073,0,160970306
1,rs16846622,0,161141819
1,rs6657722,0,161159900
1,rs10917657,0,161203659
1,rs16847294,0,161211352
1,rs11808024,0,161212067
1,rs7340068,0,161213573
1,rs1056514,0,161380190
1,rs2456899,0,161404213
1,rs12143973,0,161424799
1,rs7521266,0,161430747
1,rs10917701,0,161457938
1,rs12741332,0,161530230
1,rs10917718,0,161537001
1,rs11582541,0,161540374
1,rs1396544,0,161597429
1,rs17359123,0,161610967
1,rs3013504,0,161614391
1,rs12041531,0,161626257
1,rs4233396,0,161685373
1,rs4233397,0,161690650
1,rs1890799,0,161724069
1,rs2820567,0,161724606
1,rs2486824,0,161732700
1,rs12038132,0,161750232
1,rs9287058,0,161969637
1,rs1016610,0,162047690
1,rs6426841,0,162056274
1,rs1444439,0,162217063
1,rs4657329,0,162348679
1,rs10494410,0,162392319
1,rs945792,0,162420492
1,rs6672097,0,162460802
1,rs574944,0,162594457
1,rs10917990,0,162596345
1,rs2635007,0,162645257
1,rs1289726,0,162679471
1,rs1387353,0,162681365
1,rs1954114,0,162748300
1,rs10800038,0,162831156
1,rs4657369,0,162922875
1,rs12058384,0,162975020
1,rs17392895,0,163081407
1,rs10800056,0,163130820
1,rs1936093,0,163190274
1,rs10127532,0,163197746
1,rs7537212,0,163199739
1,rs723821,0,163283336
1,rs986362,0,163283623
1,rs10918123,0,163361903
1,rs10800094,0,163635485
1,rs185905,0,163646651
1,rs2194899,0,163677409
1,rs4656447,0,163687262
1,rs285470,0,163757409
1,rs1157861,0,163784053
1,rs367199,0,163799812
1,rs16847312,0,163822846
1,rs9333388,0,163870490
1,rs9333407,0,163873072
1,rs7554034,0,163877088
1,rs2271657,0,163887226
1,rs10918281,0,164000712
1,rs16851444,0,164074436
1,rs12090859,0,164136217
1,rs1768902,0,164166469
1,rs882976,0,164269280
1,rs1867555,0,164276845
1,rs16855520,0,164277926
1,rs4074017,0,164303245
1,rs10800181,0,164314302
1,rs12090916,0,164324494
1,rs10753713,0,164441478
1,rs896403,0,164442667
1,rs12086400,0,164474445
1,rs2568105,0,164532159
1,rs12063590,0,164570256
1,rs12078316,0,164602371
1,rs4551573,0,164618818
1,rs12562144,0,164633949
1,rs11582457,0,164654257
1,rs7545852,0,164655015
1,rs10737529,0,164687340
1,rs7549089,0,164697644
1,rs7552571,0,164723100
1,rs7552777,0,164723328
1,rs10737530,0,164821875
1,rs563244,0,164997399
1,rs503009,0,164999339
1,rs1543309,0,165057685
1,rs10918584,0,165062908
1,rs3820387,0,165086908
1,rs11582566,0,165170769
1,rs7545806,0,165205179
1,rs16858608,0,165404269
1,rs4657643,0,165404648
1,rs10494470,0,165417808
1,rs10800294,0,165464385
1,rs10918673,0,165502148
1,rs16858855,0,165512438
1,rs11584337,0,165515288
1,rs4142888,0,165584484
1,rs10918685,0,165621263
1,rs3767436,0,165634390
1,rs2273964,0,165637612
1,rs2995082,0,165672869
1,rs2280635,0,165677015
1,rs2056626,0,165687049
1,rs10918695,0,165704577
1,rs1214609,0,165716232
1,rs1737501,0,165752386
1,rs12131537,0,165757220
1,rs2143302,0,165758811
1,rs858486,0,165760448
1,rs12067995,0,165888743
1,rs1229363,0,165904875
1,rs3767444,0,165959240
1,rs2213883,0,165982021
1,rs2097572,0,165997407
1,rs204267,0,166076997
1,rs2269679,0,166082234
1,rs16859859,0,166097568
1,rs1050037,0,166154040
1,rs16860108,0,166362954
1,rs7552213,0,166404349
1,rs3767481,0,166518159
1,rs16860326,0,166540795
1,rs7514352,0,166621845
1,rs9633330,0,166658910
1,rs16860565,0,166669448
1,rs2092255,0,166681644
1,rs10489214,0,166746816
1,rs12064110,0,166748832
1,rs16860910,0,166803223
1,rs11580561,0,166865840
1,rs6427140,0,166885640
1,rs1015001,0,166893331
1,rs7545578,0,167066382
1,rs12063868,0,167137851
1,rs16861737,0,167147302
1,rs1575330,0,167180106
1,rs10489374,0,167223612
1,rs1320975,0,167289358
1,rs1200116,0,167329721
1,rs1200120,0,167332975
1,rs12065030,0,167524825
1,rs7533257,0,167553784
1,rs10800431,0,167557829
1,rs1400836,0,167663761
1,rs2213865,0,167752752
1,rs9332492,0,167819734
1,rs10919203,0,167880615
1,rs7531806,0,167917668
1,rs4987279,0,167946220
1,rs3917452,0,167970241
1,rs12127655,0,167995083
1,rs6683782,0,168014080
1,rs9659149,0,168090892
1,rs12128308,0,168143618
1,rs2057249,0,168219009
1,rs16862902,0,168231730
1,rs12132173,0,168260090
1,rs1541160,0,168262426
1,rs1330372,0,168293867
1,rs10919336,0,168483429
1,rs2254605,0,168506709
1,rs12745248,0,168532171
1,rs7418292,0,169011513
1,rs12040328,0,169022435
1,rs10919484,0,169063072
1,rs4656805,0,169100325
1,rs4916390,0,169364185
1,rs10911841,0,169370764
1,rs17565336,0,169371713
1,rs2281004,0,169373555
1,rs28384817,0,169485348
1,rs717023,0,169559649
1,rs12402471,0,169586632
1,rs7515001,0,169623379
1,rs2421812,0,169674385
1,rs2272810,0,169778066
1,rs235509,0,169810487
1,rs235891,0,169839888
1,rs7536514,0,169845793
1,rs235858,0,169863125
1,rs235881,0,169870170
1,rs6685742,0,169941397
1,rs2181216,0,170011278
1,rs3753538,0,170016181
1,rs2145382,0,170151852
1,rs2208369,0,170186241
1,rs16843675,0,170224442
1,rs733190,0,170361849
1,rs12120556,0,170381777
1,rs2146901,0,170386182
1,rs10911124,0,170393128
1,rs10489298,0,170415161
1,rs17277372,0,170454097
1,rs12075079,0,170486618
1,rs4916246,0,170486954
1,rs12082431,0,170501250
1,rs2757491,0,170533424
1,rs1063412,0,170677590
1,rs6424956,0,170736330
1,rs10911865,0,170765501
1,rs2516063,0,170785924
1,rs3021328,0,170786905
1,rs10911920,0,170797310
1,rs11809802,0,170833464
1,rs859668,0,170937343
1,rs10798178,0,170943797
1,rs859621,0,170954493
1,rs859644,0,170970505
1,rs859637,0,170977623
1,rs1492905,0,170994187
1,rs10912501,0,171188350
1,rs1033465,0,171254353
1,rs16845585,0,171431434
1,rs844656,0,171502458
1,rs4916321,0,171550822
1,rs6669012,0,171592405
1,rs7538209,0,171644970
1,rs3934575,0,171665156
1,rs10798286,0,171773716
1,rs12408779,0,171812367
1,rs28767926,0,171874911
1,rs12096832,0,172056130
1,rs9425752,0,172058240
1,rs3791020,0,172079820
1,rs6678286,0,172436242
1,rs12080407,0,172677725
1,rs1013769,0,172734831
1,rs332765,0,172922405
1,rs10798324,0,173023246
1,rs1793320,0,173032069
1,rs2987872,0,173076696
1,rs16847812,0,173316002
1,rs6696769,0,173324573
1,rs12094153,0,173360648
1,rs1057239,0,173396827
1,rs12756192,0,173653653
1,rs6701695,0,173684644
1,rs7548041,0,173707092
1,rs6693370,0,173803567
1,rs16848673,0,173804882
1,rs7515728,0,173847769
1,rs12118606,0,173980188
1,rs561334,0,173997006
1,rs500894,0,174103955
1,rs505189,0,174110108
1,rs4585933,0,174244444
1,rs10913177,0,174676889
1,rs10913185,0,174725602
1,rs12565327,0,174860147
1,rs10454444,0,174915804
1,rs7540152,0,174922878
1,rs4507975,0,174951055
1,rs726517,0,175134483
1,rs12732164,0,175322754
1,rs17379768,0,175340896
1,rs227521,0,175355785
1,rs12060149,0,175360815
1,rs10798497,0,175363180
1,rs10798499,0,175364065
1,rs1402640,0,175373005
1,rs7531103,0,175379979
1,rs12092285,0,175401332
1,rs12131307,0,175459975
1,rs932311,0,175460320
1,rs6674725,0,175465441
1,rs926319,0,175470760
1,rs1879563,0,175471525
1,rs1402638,0,175478532
1,rs12744134,0,175490296
1,rs12117677,0,175625137
1,rs11581304,0,175650066
1,rs1252069,0,175868089
1,rs16851807,0,175984761
1,rs10798580,0,176131177
1,rs480603,0,176153837
1,rs4559457,0,176155231
1,rs17275640,0,176155379
1,rs522367,0,176168336
1,rs16828589,0,176194277
1,rs867275,0,176196719
1,rs12137761,0,176203148
1,rs12074053,0,176241192
1,rs1932847,0,176246431
1,rs7529302,0,176246734
1,rs11585914,0,176259025
1,rs11585531,0,176259034
1,rs946819,0,176261095
1,rs10913506,0,176358856
1,rs623225,0,176477945
1,rs7531227,0,176499092
1,rs10494513,0,176519000
1,rs16852871,0,176700968
1,rs6688896,0,176704067
1,rs10158091,0,176736166
1,rs4233175,0,176784214
1,rs4511075,0,176785259
1,rs10798618,0,176785747
1,rs2248666,0,176887224
1,rs7529460,0,177028614
1,rs1334974,0,177105437
1,rs6425503,0,177120785
1,rs7522225,0,177194076
1,rs12733622,0,177285809
1,rs12022201,0,177305667
1,rs1046385,0,177331498
1,rs12143004,0,177332186
1,rs17361990,0,177337660
1,rs1325194,0,177338541
1,rs3829794,0,177339351
1,rs1490311,0,177342378
1,rs28913893,0,177343444
1,rs28913892,0,177343724
1,rs10913697,0,177355367
1,rs3766622,0,177361771
1,rs17277358,0,177367333
1,rs12081759,0,177373370
1,rs1004959,0,177518296
1,rs6699698,0,177562631
1,rs2068234,0,177562990
1,rs12040702,0,177576612
1,rs12743018,0,177667488
1,rs6659294,0,177670636
1,rs4360482,0,177672815
1,rs6683623,0,177674031
1,rs10798718,0,177991282
1,rs2454199,0,177996177
1,rs2794579,0,178053650
1,rs4301600,0,178087416
1,rs12075450,0,178352243
1,rs4652469,0,178364352
1,rs2794960,0,178502819
1,rs17372142,0,178505065
1,rs10494525,0,178545306
1,rs4609392,0,178694356
1,rs2105232,0,178747880
1,rs10914018,0,178757723
1,rs946635,0,178759927
1,rs11806607,0,178762884
1,rs10798779,0,178807545
1,rs10914042,0,178807567
1,rs6663339,0,178808948
1,rs16856203,0,178820893
1,rs10753218,0,178823474
1,rs12078544,0,178831136
1,rs7536258,0,179087417
1,rs12061310,0,179311856
1,rs7533569,0,179346952
1,rs946644,0,179420498
1,rs4652630,0,179494605
1,rs2804717,0,179519737
1,rs2609493,0,179613682
1,rs634225,0,179626503
1,rs16857509,0,179761398
1,rs16857762,0,179828892
1,rs16857808,0,179853569
1,rs199949,0,179892969
1,rs10910979,0,179919734
1,rs3845441,0,179922375
1,rs2877712,0,179924104
1,rs7540850,0,179952839
1,rs3767002,0,179980567
1,rs4465155,0,180088030
1,rs2262513,0,180180910
1,rs1281292,0,180221885
1,rs3856101,0,180289561
1,rs17506661,0,180444784
1,rs2148026,0,180639075
1,rs3818458,0,180642883
1,rs267871,0,180723570
1,rs10797780,0,180777524
1,rs12038056,0,180777872
1,rs10797785,0,180783002
1,rs10494533,0,180793208
1,rs579006,0,180815959
1,rs516134,0,180820316
1,rs4652733,0,180834063
1,rs635737,0,180880261
1,rs633915,0,180948781
1,rs16859675,0,181038920
1,rs12080837,0,181053576
1,rs9425563,0,181101387
1,rs4275414,0,181120823
1,rs7522372,0,181209468
1,rs10911216,0,181297056
1,rs10911220,0,181306764
1,rs2296289,0,181339324
1,rs4652786,0,181420318
1,rs17481405,0,181451286
1,rs525975,0,181521111
1,rs12748895,0,181539109
1,rs2276879,0,181540374
1,rs687392,0,181561039
1,rs16860810,0,181566597
1,rs518900,0,181570873
1,rs16860948,0,181639307
1,rs2023600,0,181668293
1,rs10752913,0,181671089
1,rs6678117,0,181676791
1,rs12035803,0,181732928
1,rs789170,0,181761149
1,rs10911422,0,181959356
1,rs7525146,0,181969549
1,rs10911467,0,182152029
1,rs10797921,0,182152639
1,rs7554987,0,182156230
1,rs17504733,0,182196126
1,rs12132935,0,182201030
1,rs2077202,0,182210712
1,rs7519097,0,182232789
1,rs11804464,0,182247787
1,rs4651164,0,182249781
1,rs16822348,0,182263152
1,rs7528006,0,182359190
1,rs7517574,0,182359469
1,rs12128517,0,182374237
1,rs12754974,0,182481677
1,rs16822766,0,182527796
1,rs13374592,0,182638826
1,rs11809247,0,182651085
1,rs10911595,0,182657809
1,rs4651207,0,182694930
1,rs16823238,0,182707351
1,rs2207527,0,182708819
1,rs7542381,0,182901678
1,rs10911631,0,182918490
1,rs10911633,0,182933893
1,rs861619,0,183022994
1,rs7512071,0,183188204
1,rs234095,0,183197652
1,rs12070618,0,183296375
1,rs9700321,0,183362423
1,rs12035073,0,183369736
1,rs10911704,0,183558049
1,rs4650680,0,183641192
1,rs9803977,0,183642589
1,rs7552672,0,183679697
1,rs17643895,0,183707045
1,rs12023856,0,183731218
1,rs10157343,0,183755335
1,rs7544587,0,183762466
1,rs556035,0,183800408
1,rs1322359,0,184031570
1,rs2057382,0,184102968
1,rs6664313,0,184120530
1,rs12068829,0,184170073
1,rs6699485,0,184442167
1,rs6666859,0,184448779
1,rs857591,0,184524141
1,rs11811320,0,184637618
1,rs4648265,0,184914041
1,rs2383532,0,185007960
1,rs10489403,0,185019197
1,rs12746200,0,185115809
1,rs10489409,0,185186737
1,rs12033335,0,185287403
1,rs10911991,0,185301683
1,rs12134977,0,185444136
1,rs10912044,0,185535389
1,rs1390497,0,185535767
1,rs12033620,0,185546039
1,rs12137793,0,185649142
1,rs2490327,0,185683159
1,rs2250118,0,185697538
1,rs10798113,0,185698682
1,rs2249521,0,185701755
1,rs2249237,0,185704277
1,rs6671314,0,185726606
1,rs3123041,0,186007055
1,rs4313356,0,186167927
1,rs1159069,0,186178881
1,rs10157567,0,186181195
1,rs12407046,0,186338678
1,rs12134743,0,186434647
1,rs1487490,0,186468077
1,rs16828303,0,186468705
1,rs2871869,0,186516824
1,rs1472002,0,186657229
1,rs284077,0,186732566
1,rs1482513,0,186842248
1,rs1902888,0,186850100
1,rs1445661,0,187162319
1,rs10801106,0,187265665
1,rs11799651,0,187558949
1,rs11810354,0,187820777
1,rs2902583,0,187944854
1,rs10737558,0,187956641
1,rs7543187,0,188018923
1,rs2027324,0,188020326
1,rs11586173,0,188022397
1,rs10737563,0,188022869
1,rs12094365,0,188029101
1,rs7554297,0,188030954
1,rs6427790,0,188033562
1,rs2944697,0,188096756
1,rs6659757,0,188112858
1,rs12074531,0,188113912
1,rs12402777,0,188122473
1,rs13375157,0,188195987
1,rs1093196,0,188214103
1,rs815729,0,188220167
1,rs7556071,0,188241377
1,rs1557188,0,188383897
1,rs2990996,0,188411850
1,rs1592251,0,188437317
1,rs10920701,0,188576905
1,rs746421,0,188730430
1,rs10920731,0,188739350
1,rs10494636,0,188760902
1,rs10920754,0,188806630
1,rs12403928,0,188831486
1,rs10753953,0,188973898
1,rs16832728,0,188994294
1,rs472124,0,188997148
1,rs1030920,0,189014524
1,rs2099638,0,189062244
1,rs1924720,0,189196044
1,rs1431141,0,189200640
1,rs10920860,0,189227544
1,rs10801000,0,189229234
1,rs6685319,0,189307484
1,rs1080901,0,189343109
1,rs10920895,0,189368797
1,rs7523195,0,189638488
1,rs535509,0,189695104
1,rs7530235,0,190189699
1,rs7418151,0,190247956
1,rs7415837,0,190252920
1,rs3012196,0,190316987
1,rs1936693,0,190656662
1,rs12122768,0,190697120
1,rs2816316,0,190803436
1,rs2760505,0,190823148
1,rs12024422,0,190868861
1,rs2473741,0,191085847
1,rs2487285,0,191085939
1,rs1231741,0,191088692
1,rs16834945,0,191134302
1,rs7519292,0,191348772
1,rs2186016,0,191382321
1,rs9887974,0,191546555
1,rs6671483,0,191565716
1,rs7543029,0,191572346
1,rs1361405,0,191603019
1,rs17543785,0,191721954
1,rs12729115,0,191727720
1,rs965972,0,191730473
1,rs6683479,0,191731108
1,rs7524582,0,191736041
1,rs9660530,0,191787958
1,rs16835528,0,191802789
1,rs16835567,0,191814707
1,rs1410510,0,191815145
1,rs2370436,0,191825745
1,rs10801208,0,191849815
1,rs10494690,0,191966873
1,rs10921435,0,192014205
1,rs7534507,0,192248822
1,rs10494693,0,192286934
1,rs17615197,0,192289441
1,rs11804817,0,192292282
1,rs634899,0,192302571
1,rs628563,0,192338541
1,rs12083179,0,192573924
1,rs4341348,0,192602312
1,rs10921585,0,192713172
1,rs12128318,0,192831070
1,rs3009369,0,192893190
1,rs12138052,0,192969492
1,rs10921643,0,192984950
1,rs1929228,0,193032916
1,rs339554,0,193134649
1,rs12068912,0,193547047
1,rs2790075,0,193815261
1,rs6680529,0,193847828
1,rs12745696,0,193861997
1,rs1411386,0,193901795
1,rs2895786,0,193969443
1,rs16838968,0,194097559
1,rs3008578,0,194131227
1,rs2334893,0,194229832
1,rs10922073,0,194722319
1,rs16840224,0,194836304
1,rs1571490,0,194855586
1,rs16840465,0,194952599
1,rs1360558,0,195260596
1,rs10922162,0,195337399
1,rs555406,0,195472803
1,rs12128816,0,195474228
1,rs10922198,0,195570984
1,rs6689216,0,195802848
1,rs16841842,0,195878305
1,rs17641481,0,195970518
1,rs2477062,0,195987084
1,rs12125742,0,196047367
1,rs10922323,0,196128944
1,rs10922325,0,196134211
1,rs937491,0,196150035
1,rs16842120,0,196157010
1,rs1543511,0,196234642
1,rs10801639,0,196237903
1,rs12561995,0,196243067
1,rs2359377,0,196269745
1,rs7523906,0,196269855
1,rs1233815,0,196326651
1,rs6695684,0,196627120
1,rs41358149,0,196641897
1,rs6685981,0,196648732
1,rs16843099,0,196685405
1,rs2813164,0,196688031
1,rs16843424,0,196839382
1,rs2274367,0,196943965
1,rs12407767,0,196953748
1,rs874909,0,196986596
1,rs1040959,0,197162467
1,rs12240178,0,197243143
1,rs4915342,0,197341648
1,rs322877,0,197365481
1,rs322875,0,197369233
1,rs16844287,0,197385336
1,rs6682045,0,197441297
1,rs1359451,0,197496251
1,rs11589856,0,197621094
1,rs4604723,0,197877928
1,rs35273476,0,197921232
1,rs12403096,0,198193946
1,rs3790843,0,198277447
1,rs2821320,0,198331838
1,rs2816977,0,198346209
1,rs2821327,0,198346582
1,rs3790793,0,198388829
1,rs12138728,0,198402187
1,rs6665426,0,198414942
1,rs12036195,0,198603492
1,rs4072325,0,198651478
1,rs4511151,0,198702432
1,rs12041146,0,198731467
1,rs6427832,0,198732627
1,rs12024960,0,198789244
1,rs6688734,0,198801935
1,rs11586257,0,198807987
1,rs10919988,0,198861145
1,rs6665604,0,198884861
1,rs10920045,0,199073924
1,rs2292096,0,199093392
1,rs10920099,0,199270229
1,rs17455455,0,199370027
1,rs12119866,0,199418811
1,rs947379,0,199437906
1,rs6687494,0,199460291
1,rs832174,0,199525142
1,rs706494,0,199537845
1,rs1105331,0,199566475
1,rs12563097,0,199611269
1,rs6671391,0,199626320
1,rs3923236,0,199631057
1,rs12048410,0,199645111
1,rs3738286,0,199653539
1,rs2015284,0,199664851
1,rs10800778,0,199667195
1,rs3767541,0,199722533
1,rs16848786,0,199727901
1,rs495886,0,199728432
1,rs4915529,0,199732567
1,rs1998920,0,199743423
1,rs11577209,0,199783972
1,rs12030585,0,199791035
1,rs16865416,0,199820946
1,rs540597,0,199868632
1,rs724220,0,199897084
1,rs3000763,0,199918107
1,rs606114,0,199930724
1,rs507068,0,200002353
1,rs2819369,0,200177232
1,rs12734984,0,200226113
1,rs10920300,0,200233397
1,rs2735784,0,200243103
1,rs9427727,0,200305568
1,rs6676433,0,200360251
1,rs12135777,0,200521669
1,rs1728504,0,200542253
1,rs788793,0,200554436
1,rs3767392,0,200813724
1,rs7517270,0,200866366
1,rs946857,0,200885296
1,rs6661284,0,200904763
1,rs4325195,0,200944728
1,rs10753923,0,201085377
1,rs7536140,0,201145431
1,rs10800893,0,201220750
1,rs1038985,0,201226237
1,rs10800895,0,201235955
1,rs14197,0,201260471
1,rs12122472,0,201286010
1,rs11582098,0,201349434
1,rs6427993,0,201370687
1,rs6691378,0,201423745
1,rs2494302,0,201511837
1,rs12080252,0,201535281
1,rs10920606,0,201539844
1,rs6665383,0,201566472
1,rs16851314,0,201566903
1,rs6428006,0,201616275
1,rs9475,0,201725030
1,rs1078839,0,201729540
1,rs4971245,0,201731390
1,rs2279127,0,201739564
1,rs4951073,0,201925109
1,rs4951378,0,201925405
1,rs12075370,0,201943570
1,rs6655965,0,201947115
1,rs10900520,0,202047214
1,rs4951022,0,202051616
1,rs3795578,0,202379607
1,rs1917542,0,202381469
1,rs1106778,0,202382171
1,rs16853062,0,202406841
1,rs10900568,0,202486855
1,rs4338423,0,202497787
1,rs10793760,0,202505026
1,rs4951347,0,202511970
1,rs6594001,0,202533603
1,rs4584453,0,202536006
1,rs6660437,0,202540879
1,rs7549429,0,202556526
1,rs12134661,0,202558066
1,rs7522769,0,202559307
1,rs17405885,0,202568445
1,rs16853492,0,202593102
1,rs2089891,0,202646075
1,rs2271418,0,202665561
1,rs2999494,0,202683647
1,rs2999487,0,202694603
1,rs6594014,0,202716057
1,rs12069124,0,202796341
1,rs11240764,0,202835999
1,rs11584700,0,202843606
1,rs16854511,0,203076199
1,rs1107714,0,203085686
1,rs4370813,0,203119516
1,rs911988,0,203129929
1,rs10793721,0,203138453
1,rs2802817,0,203173666
1,rs17415295,0,203216449
1,rs3767283,0,203284884
1,rs10494860,0,203434422
1,rs10900473,0,203480506
1,rs16855436,0,203595661
1,rs16855673,0,203734790
1,rs12034971,0,203737387
1,rs12035825,0,203766118
1,rs8027,0,203768466
1,rs6593949,0,203773220
1,rs11240521,0,203799705
1,rs7515820,0,203820718
1,rs11240544,0,203882065
1,rs10900522,0,203950690
1,rs823091,0,204059459
1,rs2282430,0,204149077
1,rs12143020,0,204164031
1,rs17433242,0,204179859
1,rs12568232,0,204650485
1,rs6678300,0,204904538
1,rs4845141,0,205038695
1,rs574635,0,205131014
1,rs3093423,0,205139595
1,rs2842718,0,205243631
1,rs10864026,0,205254120
1,rs17022932,0,205442652
1,rs11585781,0,205571761
1,rs17042520,0,205648879
1,rs6656123,0,205662445
1,rs17045328,0,205718799
1,rs7519408,0,205727912
1,rs4274065,0,205738099
1,rs12567990,0,205748308
1,rs932859,0,205762503
1,rs1746658,0,205822962
1,rs17048254,0,205875073
1,rs2147023,0,205921107
1,rs1853526,0,205921326
1,rs1977265,0,205947306
1,rs12064026,0,206051670
1,rs947658,0,206077697
1,rs2952,0,206115700
1,rs2745948,0,206117682
1,rs2250321,0,206132233
1,rs1076725,0,206148263
1,rs12041505,0,206164419
1,rs490305,0,206171459
1,rs1212304,0,206185202
1,rs11579772,0,206194996
1,rs11118965,0,206208826
1,rs643930,0,206224964
1,rs6666839,0,206244148
1,rs2745945,0,206254819
1,rs1152832,0,206260355
1,rs9803859,0,206297054
1,rs17011903,0,206326154
1,rs2498023,0,206329845
1,rs3818517,0,206336867
1,rs2478819,0,206340737
1,rs11118986,0,206345851
1,rs4844406,0,206348562
1,rs12042643,0,206363437
1,rs1262046,0,206467115
1,rs2782935,0,206470566
1,rs17012257,0,206497473
1,rs3121647,0,206530741
1,rs718242,0,206531533
1,rs3121651,0,206535963
1,rs1762463,0,206544046
1,rs6540464,0,206545795
1,rs1499577,0,206577974
1,rs6695225,0,206580351
1,rs7546272,0,206582061
1,rs11119053,0,206593048
1,rs11119057,0,206618396
1,rs17012470,0,206634754
1,rs12751764,0,206650731
1,rs2036258,0,206665619
1,rs17012556,0,206693708
1,rs10863712,0,206706773
1,rs701627,0,206712713
1,rs10863733,0,207184923
1,rs7517671,0,207185511
1,rs17013785,0,207186803
1,rs12073738,0,207192924
1,rs2807391,0,207200521
1,rs6540507,0,207336250
1,rs1174555,0,207343138
1,rs17014055,0,207354215
1,rs6694118,0,207358261
1,rs11799553,0,207377534
1,rs4844769,0,207390618
1,rs17187974,0,207392564
1,rs17188009,0,207444776
1,rs17188016,0,207450230
1,rs6661881,0,207457364
1,rs2800919,0,207472376
1,rs12064516,0,207524773
1,rs6676705,0,207552024
1,rs11580645,0,207658865
1,rs2179654,0,207674394
1,rs4240836,0,207715753
1,rs17014674,0,207756895
1,rs11119300,0,207757335
1,rs12562470,0,207779076
1,rs17014842,0,207831317
1,rs2236891,0,207871122
1,rs10127604,0,207878902
1,rs2236900,0,207887252
1,rs4844880,0,207937539
1,rs2282738,0,207948638
1,rs3766615,0,208085359
1,rs11119371,0,208174451
1,rs11119388,0,208241040
1,rs4844936,0,208243492
1,rs2451696,0,208348969
1,rs2130627,0,208357932
1,rs17015699,0,208402901
1,rs2485898,0,208420219
1,rs12411084,0,208434426
1,rs670441,0,208535894
1,rs615285,0,208551604
1,rs12117063,0,208553369
1,rs684767,0,208582211
1,rs4845006,0,208596205
1,rs7548396,0,208687463
1,rs1028383,0,208723912
1,rs11583907,0,208765928
1,rs17016393,0,208784710
1,rs11807403,0,208797859
1,rs12046941,0,208875920
1,rs4951497,0,208886908
1,rs12126648,0,208922743
1,rs6681860,0,208960258
1,rs1770221,0,209046111
1,rs1418973,0,209060962
1,rs2357922,0,209090988
1,rs1160574,0,209152033
1,rs985382,0,209184396
1,rs4951695,0,209209364
1,rs17017087,0,209212739
1,rs12136201,0,209218640
1,rs2062674,0,209222237
1,rs1501549,0,209235292
1,rs11806852,0,209245451
1,rs12760791,0,209255560
1,rs12735839,0,209333791
1,rs3762452,0,209343451
1,rs17188881,0,209347496
1,rs4512717,0,209354720
1,rs6540658,0,209362825
1,rs12119695,0,209367506
1,rs4592308,0,209367681
1,rs12134651,0,209418136
1,rs12063878,0,209444575
1,rs1983259,0,209549943
1,rs2166104,0,209757441
1,rs9430069,0,209793598
1,rs2993533,0,210250145
1,rs12086905,0,210424732
1,rs12568048,0,210736098
1,rs1331060,0,210769279
1,rs4951617,0,210822568
1,rs6691852,0,210837045
1,rs11571537,0,210853648
1,rs12239360,0,210908582
1,rs6684313,0,211036619
1,rs12734543,0,211058033
1,rs903802,0,211182144
1,rs17020062,0,211207777
1,rs7511930,0,211213567
1,rs6695662,0,211327112
1,rs7547274,0,211400616
1,rs6664061,0,211416215
1,rs2841425,0,211428250
1,rs4130132,0,211498720
1,rs9429904,0,211514884
1,rs1187806,0,211521221
1,rs17020563,0,211610372
1,rs1566358,0,211729368
1,rs10494959,0,211743516
1,rs10864049,0,211771788
1,rs3934839,0,211836502
1,rs11585232,0,211925872
1,rs10494964,0,212033510
1,rs12034510,0,212114912
1,rs7540694,0,212258159
1,rs1660378,0,212356865
1,rs1795036,0,212358932
1,rs1795052,0,212368635
1,rs12747137,0,212393002
1,rs13376232,0,212407362
1,rs1223817,0,212411016
1,rs17022092,0,212418241
1,rs11120271,0,212438420
1,rs6540817,0,212542634
1,rs17022608,0,212567530
1,rs2291830,0,212570112
1,rs1498364,0,212585261
1,rs17022672,0,212588772
1,rs10779614,0,212656537
1,rs4587540,0,212658067
1,rs7537274,0,212721588
1,rs4465173,0,212775321
1,rs3748697,0,212886722
1,rs3790649,0,212887147
1,rs11120383,0,212947753
1,rs335558,0,212961230
1,rs4655374,0,213025381
1,rs2154119,0,213031724
1,rs11587867,0,213073562
1,rs4359011,0,213077991
1,rs1779669,0,213112323
1,rs6540871,0,213161907
1,rs547056,0,213171724
1,rs12566784,0,213195026
1,rs1452632,0,213220743
1,rs10779632,0,213245106
1,rs11120462,0,213252667
1,rs10494989,0,213254862
1,rs11120481,0,213307034
1,rs4655272,0,213312765
1,rs10779647,0,213393108
1,rs4655278,0,213411277
1,rs12094438,0,213481145
1,rs6694364,0,213493085
1,rs6540890,0,213493193
1,rs11120540,0,213522697
1,rs1339412,0,213537692
1,rs10494998,0,213545244
1,rs6678049,0,213574236
1,rs17024724,0,213587467
1,rs13374655,0,213633783
1,rs6685149,0,213827589
1,rs2675227,0,213873072
1,rs12085362,0,213890714
1,rs11578710,0,213919739
1,rs2820716,0,213966240
1,rs4330896,0,213971496
1,rs11120675,0,214099535
1,rs11120678,0,214104531
1,rs11120696,0,214150855
1,rs11587260,0,214316193
1,rs10864232,0,214326211
1,rs4511139,0,214348945
1,rs378340,0,214472395
1,rs11801737,0,214559014
1,rs6422637,0,214706603
1,rs10495029,0,214792606
1,rs7538424,0,214896531
1,rs2789725,0,214938801
1,rs10495033,0,214942844
1,rs17679570,0,214951458
1,rs10779278,0,214961025
1,rs2813702,0,214980123
1,rs17043715,0,214993274
1,rs12755597,0,215000961
1,rs6693633,0,215005164
1,rs11572636,0,215006408
1,rs946472,0,215009637
1,rs946471,0,215009748
1,rs10863270,0,215017687
1,rs6604647,0,215063606
1,rs11117688,0,215065236
1,rs17044062,0,215073372
1,rs6697946,0,215081677
1,rs11572578,0,215081860
1,rs2813684,0,215100985
1,rs11572541,0,215115560
1,rs11117714,0,215118012
1,rs11117715,0,215123516
1,rs1436900,0,215125102
1,rs3795704,0,215136136
1,rs10492955,0,215204287
1,rs2576211,0,215204846
1,rs2185225,0,215239913
1,rs2789574,0,215250774
1,rs17044977,0,215262051
1,rs1166345,0,215307721
1,rs6660872,0,215326411
1,rs1166350,0,215342135
1,rs17695327,0,215347191
1,rs1502356,0,215350151
1,rs1166331,0,215353110
1,rs17698963,0,215499023
1,rs2646806,0,215546263
1,rs1032601,0,215573738
1,rs479762,0,215657392
1,rs11584763,0,215663832
1,rs1930301,0,215771293
1,rs12408022,0,215785412
1,rs12145851,0,215816871
1,rs7545182,0,215836681
1,rs12078137,0,215840030
1,rs17723306,0,215850715
1,rs12064774,0,215961460
1,rs12120516,0,215980739
1,rs10863348,0,216019499
1,rs12141164,0,216020362
1,rs4532916,0,216026921
1,rs1397182,0,216053584
1,rs17046902,0,216073150
1,rs12759918,0,216087760
1,rs1983200,0,216143750
1,rs1832544,0,216200160
1,rs1490333,0,216274592
1,rs994382,0,216286827
1,rs11118024,0,216288755
1,rs12729245,0,216289828
1,rs928617,0,216299980
1,rs527213,0,216377616
1,rs521009,0,216379136
1,rs1948303,0,216394431
1,rs11118123,0,216786625
1,rs1690786,0,216794613
1,rs17048364,0,216897814
1,rs17048367,0,216900513
1,rs11585361,0,217126283
1,rs589217,0,217193669
1,rs17041707,0,217289571
1,rs6699816,0,217422412
1,rs1531089,0,217609595
1,rs6704463,0,217614448
1,rs2791553,0,217742665
1,rs6541102,0,218028935
1,rs2275706,0,218154326
1,rs6700061,0,218164952
1,rs1694588,0,218171929
1,rs2889877,0,218178770
1,rs1768666,0,218247633
1,rs2248479,0,218250253
1,rs2789809,0,218251671
1,rs2577156,0,218257468
1,rs1768676,0,218260490
1,rs17007135,0,218355581
1,rs1416328,0,218613566
1,rs1999935,0,218623211
1,rs11118564,0,218742547
1,rs2253641,0,218838515
1,rs12070516,0,218894830
1,rs3795535,0,219002995
1,rs17008613,0,219010204
1,rs12028745,0,219033223
1,rs2642445,0,219041014
1,rs2131886,0,219074266
1,rs1335914,0,219173855
1,rs7511784,0,219358211
1,rs12032422,0,219419466
1,rs12144872,0,219470134
1,rs4361991,0,219560327
1,rs10495163,0,219672455
1,rs12757436,0,219698561
1,rs1551670,0,219702124
1,rs966769,0,219741137
1,rs982292,0,219957975
1,rs6677276,0,219967078
1,rs9441953,0,220019258
1,rs3828088,0,220154456
1,rs2800856,0,220240724
1,rs2584314,0,220270984
1,rs158735,0,220433231
1,rs9441907,0,220541565
1,rs1034018,0,220556861
1,rs34559460,0,220605179
1,rs17163048,0,220609152
1,rs1108870,0,220644894
1,rs11485178,0,220794179
1,rs17510628,0,220803514
1,rs17464836,0,220828751
1,rs10495200,0,220966996
1,rs4256814,0,221018993
1,rs4415571,0,221057276
1,rs28362013,0,221061360
1,rs17534774,0,221067494
1,rs17162913,0,221138901
1,rs34715037,0,221145425
1,rs17535882,0,221149425
1,rs28675156,0,221296024
1,rs4846796,0,221306595
1,rs5744173,0,221351204
1,rs5744149,0,221374619
1,rs2096141,0,221378563
1,rs17163777,0,221535355
1,rs10495206,0,221565284
1,rs17163814,0,221569231
1,rs1417749,0,221677656
1,rs11809674,0,221730587
1,rs12066808,0,221768543
1,rs1108087,0,221906997
1,rs7545965,0,221949910
1,rs751128,0,222018464
1,rs16842171,0,222026514
1,rs1153942,0,222037368
1,rs12723025,0,222044142
1,rs16842259,0,222055966
1,rs9659552,0,222223362
1,rs7546034,0,222374348
1,rs2048994,0,222414541
1,rs10799551,0,222493794
1,rs3767723,0,222549116
1,rs989755,0,222798729
1,rs712088,0,222799523
1,rs873691,0,222845571
1,rs10799590,0,222889105
1,rs298733,0,222908874
1,rs12041370,0,222914976
1,rs7554310,0,222915981
1,rs7542995,0,222942273
1,rs6685547,0,222948747
1,rs6695061,0,222948783
1,rs16852081,0,222951922
1,rs1004222,0,222955255
1,rs10915704,0,222968677
1,rs4653596,0,222977558
1,rs1010735,0,222982052
1,rs16854034,0,223016723
1,rs12078470,0,223325647
1,rs10915791,0,223421040
1,rs1610406,0,223460769
1,rs12024361,0,223544114
1,rs2036497,0,223544430
1,rs596166,0,223551121
1,rs2897279,0,223593816
1,rs3856145,0,223594806
1,rs7527925,0,223600842
1,rs12737248,0,223622225
1,rs1340865,0,223698027
1,rs6426075,0,223704229
1,rs10915846,0,223777810
1,rs6683617,0,223910589
1,rs2840945,0,223925764
1,rs2794393,0,223954979
1,rs2246539,0,223959938
1,rs4653666,0,224011674
1,rs6688819,0,224026873
1,rs12404640,0,224027759
1,rs360065,0,224171688
1,rs9660924,0,224438562
1,rs1317646,0,224688401
1,rs506128,0,224768923
1,rs16846092,0,224796115
1,rs708749,0,224818200
1,rs7533202,0,224822576
1,rs41440951,0,224908922
1,rs3768376,0,224912347
1,rs835661,0,225039045
1,rs2802267,0,225145578
1,rs7519701,0,225196206
1,rs16841298,0,225213391
1,rs11549709,0,225215772
1,rs2154367,0,225220553
1,rs2802277,0,225220856
1,rs12565212,0,225241851
1,rs10495274,0,225241876
1,rs2997438,0,225245981
1,rs3795445,0,225247570
1,rs12403236,0,225263125
1,rs6659424,0,225264498
1,rs16846833,0,225279618
1,rs6662583,0,225450512
1,rs2029838,0,225753865
1,rs2644162,0,225770020
1,rs6693348,0,225786090
1,rs2644142,0,225787708
1,rs2935155,0,225839629
1,rs2935148,0,225857374
1,rs7410918,0,226077424
1,rs10799458,0,226163059
1,rs10916244,0,226175326
1,rs11589467,0,226255333
1,rs882451,0,226305967
1,rs708125,0,226345543
1,rs1771466,0,226348798
1,rs12128981,0,226354032
1,rs11577976,0,226400275
1,rs10157526,0,226473340
1,rs1771481,0,226478820
1,rs1757146,0,226482992
1,rs2872538,0,226501811
1,rs4653939,0,226561319
1,rs4653549,0,226596229
1,rs3738685,0,226623411
1,rs12058217,0,226640152
1,rs1188483,0,226684711
1,rs6426503,0,226717634
1,rs7535661,0,226954290
1,rs801109,0,227055824
1,rs714349,0,227061842
1,rs1845162,0,227106997
1,rs4654679,0,227147232
1,rs1582198,0,227154910
1,rs778532,0,227194714
1,rs483375,0,227208734
1,rs545321,0,227281341
1,rs617982,0,227297428
1,rs750557,0,227319829
1,rs11487482,0,227321026
1,rs6685977,0,227322397
1,rs4078437,0,227325540
1,rs9660060,0,227327503
1,rs9435822,0,227402313
1,rs12744888,0,227403401
1,rs342789,0,227446068
1,rs16849638,0,227452860
1,rs151470,0,227534653
1,rs6587332,0,227589165
1,rs3738184,0,227673198
1,rs1020353,0,227763941
1,rs6690223,0,227790451
1,rs3955545,0,227842676
1,rs10495287,0,227857488
1,rs10495286,0,227858007
1,rs7544909,0,227868947
1,rs10916540,0,227907544
1,rs557208,0,227983283
1,rs9919277,0,228024835
1,rs6692112,0,228049964
1,rs16850412,0,228051573
1,rs16850516,0,228085645
1,rs16850552,0,228096593
1,rs4925523,0,228123404
1,rs10442708,0,228149175
1,rs16850896,0,228295128
1,rs2352723,0,228358491
1,rs10779835,0,228366572
1,rs11122457,0,228375429
1,rs627702,0,228390742
1,rs4846926,0,228402910
1,rs3811485,0,228465068
1,rs16860220,0,228534555
1,rs41412646,0,228563259
1,rs12746891,0,228590232
1,rs828712,0,228632249
1,rs12760387,0,228638296
1,rs853448,0,228753096
1,rs11122535,0,228761685
1,rs11122552,0,228802203
1,rs16852085,0,228813913
1,rs28359687,0,228982883
1,rs1933633,0,228990999
1,rs11584791,0,228992680
1,rs16852740,0,229025873
1,rs1202604,0,229088104
1,rs16852992,0,229091276
1,rs6673085,0,229147927
1,rs10864647,0,229189674
1,rs4409638,0,229223136
1,rs4074492,0,229239062
1,rs9431925,0,229311089
1,rs1321131,0,229352269
1,rs6541259,0,229375223
1,rs12069815,0,229402747
1,rs16854028,0,229438233
1,rs10495305,0,229439133
1,rs34076086,0,229443274
1,rs6676401,0,229574768
1,rs11122321,0,229902233
1,rs821586,0,230154816
1,rs11122381,0,230160730
1,rs821634,0,230216143
1,rs16856202,0,230221774
1,rs3524,0,230225302
1,rs9701655,0,230232941
1,rs9726024,0,230235123
1,rs3737597,0,230239461
1,rs1411771,0,230241398
1,rs16856322,0,230243610
1,rs11122398,0,230246081
1,rs1411768,0,230294539
1,rs2026298,0,230298958
1,rs9730058,0,230309548
1,rs11122417,0,230318150
1,rs11122432,0,230337608
1,rs16856671,0,230388384
1,rs12033296,0,230515725
1,rs12047599,0,230607212
1,rs2275302,0,230657489
1,rs16857401,0,230687543
1,rs2182430,0,230719531
1,rs6656109,0,230731788
1,rs6666357,0,230734600
1,rs7532227,0,230736769
1,rs16857617,0,230745234
1,rs1285679,0,230778507
1,rs6672466,0,230796212
1,rs11808073,0,230796620
1,rs16857730,0,230798336
1,rs7556195,0,230799588
1,rs2814548,0,230975451
1,rs2644469,0,230987662
1,rs4649417,0,231140152
1,rs1885005,0,231207562
1,rs3820118,0,231240079
1,rs16858670,0,231308300
1,rs16858681,0,231309810
1,rs717588,0,231322903
1,rs1125642,0,231345972
1,rs16858735,0,231350417
1,rs696857,0,231420196
1,rs7553661,0,231449489
1,rs9650972,0,231450836
1,rs12124323,0,231473133
1,rs1294341,0,231503026
1,rs12567310,0,231506789
1,rs1294296,0,231536184
1,rs1294230,0,231586448
1,rs4452987,0,231662028
1,rs3843250,0,231875494
1,rs3843251,0,231875624
1,rs1908428,0,232059033
1,rs11802061,0,232130424
1,rs7536732,0,232355998
1,rs11810097,0,232357275
1,rs491673,0,232410918
1,rs637365,0,232425855
1,rs10910387,0,232427988
1,rs7536858,0,232472027
1,rs12036584,0,232476774
1,rs16842847,0,232477190
1,rs10910404,0,232478915
1,rs1001738,0,232484152
1,rs1001737,0,232484246
1,rs11586797,0,232487410
1,rs588219,0,232488888
1,rs480039,0,232493101
1,rs493453,0,232495434
1,rs684375,0,232495842
1,rs12136778,0,232502646
1,rs6658220,0,232515033
1,rs12075141,0,232539705
1,rs2991952,0,232540537
1,rs2991956,0,232557441
1,rs750813,0,232624541
1,rs1619856,0,232652413
1,rs271738,0,232729513
1,rs10910470,0,232792724
1,rs2786022,0,232960075
1,rs10910499,0,232966111
1,rs2802957,0,233082136
1,rs2673978,0,233123254
1,rs2802944,0,233123337
1,rs7532165,0,233139460
1,rs12095653,0,233393761
1,rs10157739,0,233421178
1,rs2055127,0,233665596
1,rs923942,0,233781652
1,rs12074079,0,233863841
1,rs11810173,0,233899178
1,rs12062769,0,233907312
1,rs13374219,0,233926205
1,rs9803890,0,234031046
1,rs746996,0,234261706
1,rs1570828,0,234272703
1,rs12406753,0,234278840
1,rs6701465,0,234343411
1,rs1468057,0,234357328
1,rs6678512,0,234551573
1,rs12240004,0,234570731
1,rs16833688,0,234678201
1,rs7531082,0,234735533
1,rs6689881,0,234738627
1,rs10802545,0,234744434
1,rs17753447,0,234748204
1,rs2243960,0,234775591
1,rs1126627,0,234785243
1,rs1358959,0,234791671
1,rs2794753,0,234824130
1,rs1111869,0,234856750
1,rs6671704,0,234863860
1,rs10925185,0,234883633
1,rs4120874,0,235013434
1,rs3768142,0,235095187
1,rs3737291,0,235103942
1,rs11806016,0,235135938
1,rs16834617,0,235183195
1,rs6428989,0,235315326
1,rs2490390,0,235342691
1,rs2490357,0,235402226
1,rs17627064,0,235479975
1,rs1421210,0,235519954
1,rs6429005,0,235563875
1,rs2808226,0,235568838
1,rs10925382,0,235585788
1,rs12047309,0,235695464
1,rs2253273,0,235778420
1,rs988168,0,235783193
1,rs1967580,0,235863726
1,rs490057,0,235879299
1,rs12028693,0,235926237
1,rs2819771,0,235973230
1,rs1890672,0,236081593
1,rs2794848,0,236099578
1,rs538499,0,236120147
1,rs2275450,0,236137082
1,rs2451604,0,236248208
1,rs2451605,0,236249142
1,rs17580659,0,236252278
1,rs16836229,0,236294718
1,rs6688029,0,236328592
1,rs6429064,0,236453684
1,rs722372,0,236455127
1,rs10754629,0,236461778
1,rs12077389,0,236533455
1,rs12760396,0,236581078
1,rs12131363,0,236645851
1,rs10157478,0,236689066
1,rs16837088,0,236781239
1,rs514426,0,236846097
1,rs10925727,0,236896259
1,rs2841393,0,236922050
1,rs2689128,0,236997900
1,rs11807252,0,237126547
1,rs7525031,0,237246812
1,rs12084592,0,237315931
1,rs1509689,0,237320698
1,rs12080823,0,237325886
1,rs17640830,0,237345147
1,rs2664057,0,237417351
1,rs16838079,0,237469651
1,rs11800276,0,237604713
1,rs13373941,0,237710794
1,rs2355232,0,237893282
1,rs17649857,0,237912651
1,rs12406493,0,237919728
1,rs589962,0,238056587
1,rs682355,0,238097022
1,rs530296,0,238120067
1,rs16839099,0,238137279
1,rs12742363,0,238203580
1,rs12757239,0,238203772
1,rs10926087,0,238273608
1,rs6429178,0,238292083
1,rs7525061,0,238395935
1,rs6698342,0,238470079
1,rs10926187,0,238491676
1,rs12123394,0,238501203
1,rs10754697,0,238520251
1,rs994276,0,238539168
1,rs12023949,0,238548468
1,rs4659573,0,238665510
1,rs10926254,0,238665722
1,rs9728576,0,238668418
1,rs2883927,0,238674922
1,rs16840124,0,238692605
1,rs945511,0,238705672
1,rs12759793,0,238715975
1,rs10465630,0,238733625
1,rs10802883,0,238750112
1,rs12136650,0,239066499
1,rs12042312,0,239067413
1,rs1573073,0,239071350
1,rs7550813,0,239086716
1,rs410331,0,239094365
1,rs10926376,0,239116939
1,rs628208,0,239237600
1,rs7521857,0,239341141
1,rs6696557,0,239357297
1,rs10465612,0,239387130
1,rs11802564,0,239424405
1,rs10802944,0,239513933
1,rs7531569,0,239534941
1,rs12750979,0,239547663
1,rs12128314,0,239569532
1,rs2994969,0,239673414
1,rs6696900,0,239701143
1,rs12028394,0,239867788
1,rs7519667,0,239951930
1,rs6429302,0,239979931
1,rs11587279,0,239992859
1,rs4149910,0,240090581
1,rs4149921,0,240091745
1,rs6429332,0,240316107
1,rs6657252,0,240344753
1,rs1898152,0,240359313
1,rs7541781,0,240360541
1,rs12037915,0,240394199
1,rs10803028,0,240463453
1,rs12083159,0,240473818
1,rs12123442,0,240517973
1,rs10926701,0,240601109
1,rs12410712,0,240633837
1,rs2055536,0,240669682
1,rs12184253,0,240968200
1,rs876912,0,240991182
1,rs1591216,0,240997245
1,rs6680878,0,240997636
1,rs6694819,0,241058609
1,rs12043626,0,241060193
1,rs7520638,0,241130701
1,rs2491845,0,241152513
1,rs11809000,0,241155379
1,rs2171972,0,241450284
1,rs6662118,0,241451930
1,rs3818802,0,241516504
1,rs10803134,0,241521181
1,rs6703335,0,241675590
1,rs4403617,0,241677889
1,rs946824,0,241750642
1,rs4658577,0,241788199
1,rs10927041,0,241798513
1,rs2291409,0,241798820
1,rs320339,0,241937533
1,rs897960,0,242000191
1,rs6671359,0,242224553
1,rs10927117,0,242294057
1,rs2486545,0,242310198
1,rs6696761,0,242367737
1,rs10927143,0,242369330
1,rs12139580,0,242440182
1,rs9663050,0,242477085
1,rs3102468,0,242537028
1,rs667745,0,242559534
1,rs4658623,0,242574450
1,rs12734228,0,242591986
1,rs6661148,0,242647779
1,rs3003235,0,242775828
1,rs6682429,0,242877732
1,rs10157764,0,243007670
1,rs12566094,0,243118509
1,rs2786694,0,243235637
1,rs648282,0,243253357
1,rs10927390,0,243320667
1,rs10803259,0,243332225
1,rs4658733,0,243487380
1,rs12740199,0,243495425
1,rs10924184,0,243601575
1,rs819883,0,243618305
1,rs1624589,0,243651699
1,rs1773779,0,243656275
1,rs1756921,0,243660729
1,rs1093932,0,243692901
1,rs7523252,0,243714349
1,rs6697408,0,243761355
1,rs12084726,0,243873610
1,rs12027003,0,243887200
1,rs1572895,0,243889522
1,rs10802241,0,243893280
1,rs34092713,0,243900309
1,rs1317002,0,244012943
1,rs10924363,0,244089760
1,rs9730400,0,244093308
1,rs12137320,0,244182975
1,rs11576666,0,244203176
1,rs4654180,0,244215414
1,rs7538394,0,244339768
1,rs4654210,0,244356743
1,rs4654216,0,244396799
1,rs4654096,0,244458300
1,rs1630253,0,244490318
1,rs1148711,0,244530925
1,rs10924702,0,244578841
1,rs6426299,0,244647517
1,rs10924727,0,244653464
1,rs7550853,0,244685568
1,rs946001,0,244690666
1,rs12734241,0,244915044
1,rs6426317,0,244916242
1,rs7532928,0,244936916
1,rs10924820,0,244995163
1,rs12132038,0,245020788
1,rs4384270,0,245229251
1,rs2642960,0,245270316
1,rs12116484,0,245273908
1,rs1573897,0,245281677
1,rs12133296,0,245282505
1,rs4925612,0,245302997
1,rs4925703,0,245351847
1,rs4925786,0,245389818
1,rs10924936,0,245406391
1,rs12082567,0,245417860
1,rs17720872,0,245430686
1,rs1578862,0,245494240
1,rs12034919,0,245539228
1,rs7529058,0,245642391
1,rs12048215,0,245651214
1,rs10754557,0,245665855
1,rs10925060,0,245717763
1,rs6426257,0,245782621
1,rs10925081,0,245792705
1,rs1151694,0,245795585
1,rs1151687,0,245818642
1,rs12072304,0,245836282
1,rs12093373,0,245853028
1,rs12402455,0,245916096
1,rs11204577,0,245953625
1,rs7547691,0,245978380
1,rs1493255,0,246003406
1,rs6681483,0,246070919
1,rs7514184,0,246115610
1,rs4372294,0,246118032
1,rs946698,0,246127223
1,rs10888275,0,246147044
1,rs12041241,0,246200912
1,rs12742561,0,246329768
1,rs7533237,0,246365175
1,rs7411614,0,246489811
1,rs10888354,0,246522135
1,rs6701129,0,246618008
1,rs28687208,0,246754059
1,rs7553503,0,247032794
1,rs12407362,0,247111233
1,rs12081467,0,247112698
2,rs28433318,0,21791
2,rs4499454,0,49698
2,rs300710,0,129574
2,rs17713396,0,217201
2,rs10181051,0,232800
2,rs7566599,0,435185
2,rs6716246,0,435636
2,rs2685257,0,443432
2,rs1511324,0,444860
2,rs4854263,0,445588
2,rs3961050,0,447320
2,rs1317824,0,540644
2,rs41429945,0,558464
2,rs2724904,0,580023
2,rs10779978,0,581113
2,rs17728141,0,597566
2,rs17042334,0,658685
2,rs35801395,0,1051182
2,rs10190521,0,1376979
2,rs10193257,0,1377419
2,rs12329329,0,1379442
2,rs10519477,0,1410597
2,rs4645041,0,1413375
2,rs2885362,0,1417512
2,rs6752121,0,1437868
2,rs28910612,0,1467519
2,rs1126799,0,1499683
2,rs4927632,0,1524117
2,rs9711675,0,1608115
2,rs7580177,0,1672042
2,rs12617500,0,1760029
2,rs11678525,0,1833504
2,rs11127298,0,1949233
2,rs1623124,0,2055804
2,rs12614597,0,2111801
2,rs1421612,0,2229433
2,rs4473412,0,2238547
2,rs1858409,0,2430444
2,rs877398,0,2449195
2,rs12617042,0,2451615
2,rs17039802,0,2453512
2,rs1865578,0,2748882
2,rs934563,0,2771467
2,rs1435552,0,2771974
2,rs1369505,0,2854391
2,rs2031028,0,2991297
2,rs10172519,0,3132502
2,rs7563563,0,3180424
2,rs4854198,0,3290407
2,rs10165099,0,3381598
2,rs11692184,0,3459717
2,rs9309715,0,3471325
2,rs9678657,0,3476174
2,rs6422709,0,3498747
2,rs4072374,0,3564846
2,rs12711976,0,3583343
2,rs11684944,0,3611792
2,rs4850068,0,3633618
2,rs4850069,0,3633680
2,rs13000184,0,3636549
2,rs12993068,0,3642459
2,rs4849976,0,3695442
2,rs12614698,0,3791920
2,rs6736727,0,3811256
2,rs4261733,0,3967588
2,rs1494054,0,3974387
2,rs12614263,0,4101672
2,rs903239,0,4116693
2,rs7559496,0,4128859
2,rs1347684,0,4130803
2,rs12619118,0,4242691
2,rs6542704,0,4352623
2,rs4131040,0,4397352
2,rs1670528,0,4559107
2,rs6542609,0,4559807
2,rs1670530,0,4570116
2,rs10196150,0,4583269
2,rs6717561,0,4585383
2,rs10864994,0,4591242
2,rs12623182,0,4644258
2,rs699549,0,4683138
2,rs699550,0,4683217
2,rs11890167,0,4739136
2,rs1584183,0,4778730
2,rs6746310,0,4930672
2,rs4144195,0,4935064
2,rs2580869,0,4936315
2,rs7571340,0,4940239
2,rs722148,0,4941913
2,rs6422704,0,4963631
2,rs13393547,0,5099109
2,rs11690345,0,5114353
2,rs6731394,0,5120352
2,rs766144,0,5143822
2,rs10169484,0,5149707
2,rs10165882,0,5151204
2,rs9679610,0,5205278
2,rs6718342,0,5233540
2,rs12616745,0,5285401
2,rs2123733,0,5294034
2,rs7560891,0,5320834
2,rs1020618,0,5323461
2,rs10432395,0,5324524
2,rs1453785,0,5329801
2,rs13388472,0,5345759
2,rs4233855,0,5347640
2,rs969768,0,5509001
2,rs792095,0,5521393
2,rs1370937,0,5542951
2,rs1866364,0,5563061
2,rs4669467,0,5568219
2,rs6748866,0,5568786
2,rs2882275,0,5606938
2,rs13007983,0,5642699
2,rs16855588,0,5768215
2,rs2722572,0,5786799
2,rs16864121,0,5809965
2,rs1864261,0,5884849
2,rs16864365,0,5894287
2,rs13405548,0,5895099
2,rs2564006,0,5900776
2,rs10495526,0,5923899
2,rs34648212,0,5999108
2,rs10198477,0,6031459
2,rs12464178,0,6071393
2,rs12104877,0,6087833
2,rs11675731,0,6092311
2,rs2609111,0,6114899
2,rs2609126,0,6189017
2,rs6717137,0,6212585
2,rs7558447,0,6268204
2,rs1448572,0,6269394
2,rs7595558,0,6284501
2,rs7592788,0,6284540
2,rs2350908,0,6341173
2,rs306137,0,6532719
2,rs1462062,0,6568068
2,rs1870131,0,6612612
2,rs1566982,0,6841618
2,rs415204,0,7059415
2,rs9287680,0,7135929
2,rs16865953,0,7174095
2,rs10221761,0,7179532
2,rs13387376,0,7210009
2,rs16865979,0,7214110
2,rs9287684,0,7231206
2,rs7588701,0,7238197
2,rs7567132,0,7242030
2,rs17628484,0,7300227
2,rs959724,0,7323518
2,rs13007576,0,7334228
2,rs6741456,0,7344764
2,rs17681545,0,7357793
2,rs270835,0,7707193
2,rs12615861,0,7724696
2,rs6761917,0,7906219
2,rs11682805,0,7906289
2,rs1030051,0,7907174
2,rs4669214,0,7907799
2,rs6431907,0,7959008
2,rs1019325,0,7972897
2,rs10205352,0,7977620
2,rs6729773,0,8083671
2,rs6431919,0,8102200
2,rs2355056,0,8146182
2,rs6712604,0,8152690
2,rs16866597,0,8157376
2,rs916085,0,8169131
2,rs16866617,0,8191900
2,rs7591430,0,8205401
2,rs181136,0,8212229
2,rs238618,0,8317508
2,rs6730934,0,8336963
2,rs3102937,0,8365327
2,rs453193,0,8367972
2,rs3097289,0,8376644
2,rs10929525,0,8522541
2,rs345903,0,8608610
2,rs6737516,0,8635741
2,rs6755480,0,8644834
2,rs7606528,0,8716107
2,rs6431959,0,8788265
2,rs6706366,0,9103967
2,rs12613620,0,9152306
2,rs1109670,0,9167489
2,rs12622209,0,9192143
2,rs968265,0,9215004
2,rs16866981,0,9347069
2,rs4627537,0,9376857
2,rs10203328,0,9377437
2,rs7570823,0,9422380
2,rs10184450,0,9446544
2,rs11682319,0,9458832
2,rs11887079,0,9483059
2,rs11901380,0,9787301
2,rs6754662,0,9807603
2,rs287986,0,9903057
2,rs4143791,0,9907433
2,rs11682339,0,9963106
2,rs16867277,0,10054043
2,rs6432057,0,10127695
2,rs4583435,0,10135403
2,rs6746721,0,10324028
2,rs11677361,0,10420184
2,rs1974676,0,10481364
2,rs818172,0,10528929
2,rs1023588,0,10713632
2,rs1734343,0,10854488
2,rs12471762,0,10875709
2,rs1734406,0,10883901
2,rs1686486,0,10887015
2,rs4669639,0,10939300
2,rs2357889,0,11117422
2,rs7424263,0,11420802
2,rs4533449,0,11422664
2,rs4477887,0,11439505
2,rs12466910,0,11444167
2,rs4260216,0,11452974
2,rs11687681,0,11490266
2,rs10929742,0,11506725
2,rs13425712,0,11628703
2,rs3828298,0,11671148
2,rs7567183,0,11728737
2,rs7574891,0,11763400
2,rs7598299,0,11857427
2,rs2577268,0,11913781
2,rs11891288,0,12000047
2,rs10190914,0,12002376
2,rs2716621,0,12043865
2,rs12328935,0,12060549
2,rs1550398,0,12061004
2,rs12692451,0,12064787
2,rs736447,0,12103883
2,rs11893707,0,12110794
2,rs6728621,0,12190544
2,rs3954862,0,12222204
2,rs12996777,0,12239560
2,rs1225213,0,12254006
2,rs12329240,0,12381587
2,rs2380440,0,12490398
2,rs1534432,0,12492585
2,rs6760700,0,12543188
2,rs13011788,0,12600516
2,rs4668774,0,12694310
2,rs2113810,0,12707335
2,rs10490549,0,12725134
2,rs10490548,0,12726862
2,rs7596623,0,12808101
2,rs4669869,0,12815911
2,rs4668785,0,12818982
2,rs17465721,0,12880269
2,rs10168407,0,13117860
2,rs13420039,0,13137620
2,rs10167255,0,13421182
2,rs10166323,0,13426410
2,rs7576014,0,13447183
2,rs10495614,0,13531758
2,rs1877101,0,13644064
2,rs6432400,0,13644508
2,rs10495627,0,13851380
2,rs7583428,0,13883622
2,rs2890456,0,13952273
2,rs7560226,0,13969684
2,rs17312849,0,13976875
2,rs452005,0,13998718
2,rs7597867,0,14000228
2,rs16861009,0,14010728
2,rs12611490,0,14031636
2,rs12620047,0,14039507
2,rs16861159,0,14130253
2,rs6729531,0,14153300
2,rs16861426,0,14266365
2,rs16861512,0,14297848
2,rs10177752,0,14329634
2,rs10168245,0,14344778
2,rs17343042,0,14366750
2,rs4322816,0,14400345
2,rs13408950,0,14599626
2,rs13384484,0,14610298
2,rs10929918,0,14828630
2,rs6432474,0,14865812
2,rs2714258,0,14884099
2,rs1344741,0,15042737
2,rs6717741,0,15044313
2,rs4668845,0,15079769
2,rs17436306,0,15087947
2,rs6711583,0,15096116
2,rs4668856,0,15100480
2,rs6716200,0,15166673
2,rs2380631,0,15171096
2,rs7598924,0,15172983
2,rs9287654,0,15173591
2,rs10180512,0,15186292
2,rs2080804,0,15192244
2,rs10929352,0,15290182
2,rs4668897,0,15397892
2,rs4668911,0,15528101
2,rs4668923,0,15598678
2,rs13400694,0,15630255
2,rs3755130,0,15647034
2,rs976016,0,15690316
2,rs807576,0,15721907
2,rs7579979,0,15729712
2,rs2080799,0,15789778
2,rs4668989,0,15846727
2,rs3755135,0,16002045
2,rs13431879,0,16025574
2,rs1365966,0,16067231
2,rs13401906,0,16119462
2,rs12995942,0,16226902
2,rs12474170,0,16268929
2,rs10495649,0,16283870
2,rs11690983,0,16404937
2,rs10495650,0,16406714
2,rs5007483,0,16597006
2,rs700424,0,16759764
2,rs4832485,0,17116235
2,rs2342551,0,17178028
2,rs10182258,0,17243209
2,rs16983552,0,17428244
2,rs977874,0,17457764
2,rs6753351,0,17467552
2,rs1568362,0,17481941
2,rs1519562,0,17557526
2,rs3109180,0,17638115
2,rs13031455,0,17647638
2,rs2555083,0,17648604
2,rs7559470,0,17651909
2,rs16983915,0,17843473
2,rs10495671,0,17907509
2,rs7590044,0,18041875
2,rs11892741,0,18108641
2,rs13404587,0,18109180
2,rs13395679,0,18139219
2,rs2345450,0,18332049
2,rs10185162,0,18343230
2,rs1400452,0,18413538
2,rs2272519,0,18575231
2,rs4832602,0,18576936
2,rs4462780,0,18588656
2,rs2256536,0,18658764
2,rs1348631,0,18674231
2,rs16985353,0,18675047
2,rs2346138,0,18678382
2,rs13027398,0,18686501
2,rs1992667,0,18687547
2,rs16985374,0,18691583
2,rs16985413,0,18725621
2,rs6720133,0,18771904
2,rs12710685,0,18775155
2,rs7558736,0,18788975
2,rs6531116,0,18829215
2,rs11096572,0,19039913
2,rs4666376,0,19108208
2,rs2346579,0,19112773
2,rs11096577,0,19114014
2,rs11904265,0,19221964
2,rs851374,0,19241999
2,rs851413,0,19305477
2,rs1522491,0,19522189
2,rs6531181,0,19686860
2,rs17619264,0,19724672
2,rs6738923,0,19742933
2,rs4572555,0,19778919
2,rs1078150,0,19797761
2,rs2276606,0,19932895
2,rs3795965,0,20062570
2,rs12476858,0,20117235
2,rs2348314,0,20201735
2,rs4386284,0,20248646
2,rs4034930,0,20251924
2,rs11689467,0,20294231
2,rs2110410,0,20309120
2,rs2128833,0,20481922
2,rs342124,0,20534657
2,rs535916,0,20851788
2,rs16988072,0,20867732
2,rs340602,0,20894460
2,rs13406521,0,20980013
2,rs11673961,0,20998403
2,rs12710748,0,20999808
2,rs11685356,0,21050656
2,rs512535,0,21121287
2,rs6545609,0,21397571
2,rs219556,0,21431887
2,rs6545834,0,21436607
2,rs12615116,0,21491575
2,rs7596106,0,21491735
2,rs11897825,0,21547956
2,rs7563902,0,21628127
2,rs17678742,0,21632198
2,rs4665932,0,21638566
2,rs2288150,0,21642172
2,rs4665942,0,21647761
2,rs10865471,0,21667000
2,rs34192883,0,21752735
2,rs2167409,0,21772806
2,rs1022376,0,21920718
2,rs329793,0,22077209
2,rs2165093,0,22176767
2,rs4362588,0,22296848
2,rs2136377,0,22457212
2,rs4665181,0,22612848
2,rs1471767,0,22644396
2,rs936751,0,22680257
2,rs6720574,0,22697734
2,rs12617351,0,22700964
2,rs1562751,0,23214360
2,rs17674213,0,23308704
2,rs4665573,0,23320371
2,rs17044980,0,23320439
2,rs2577734,0,23347861
2,rs12621867,0,23353621
2,rs17045108,0,23381199
2,rs1025702,0,23393439
2,rs893425,0,23397629
2,rs12477732,0,23398392
2,rs6743908,0,23399601
2,rs7570872,0,23519201
2,rs4665213,0,23532286
2,rs1465677,0,23559181
2,rs1653769,0,23586872
2,rs7602557,0,23597240
2,rs9798012,0,23807337
2,rs7588286,0,23924931
2,rs10167308,0,24027422
2,rs2136264,0,24096631
2,rs2160943,0,24142279
2,rs35100357,0,24152692
2,rs6708328,0,24265917
2,rs2288075,0,24267115
2,rs2303292,0,24285642
2,rs2303293,0,24285715
2,rs2303296,0,24286343
2,rs2303297,0,24286441
2,rs2551186,0,24295699
2,rs2543663,0,24297009
2,rs2251331,0,24301579
2,rs2247083,0,24313927
2,rs11890820,0,24334647
2,rs1049032,0,24805983
2,rs35213472,0,24872013
2,rs17738465,0,24961208
2,rs6545814,0,24984820
2,rs6737082,0,24991544
2,rs12986502,0,25034992
2,rs12614622,0,25081679
2,rs6754325,0,25088711
2,rs6705367,0,25091003
2,rs11125884,0,25092768
2,rs4665761,0,25097551
2,rs6735897,0,25118126
2,rs17047084,0,25670725
2,rs6546314,0,25698971
2,rs890681,0,25831991
2,rs7599961,0,25859983
2,rs4665830,0,26252718
2,rs6748996,0,26443588
2,rs2280512,0,26538001
2,rs41448746,0,26934210
2,rs11898143,0,26987549
2,rs11695406,0,27031633
2,rs2891534,0,27037950
2,rs1866655,0,27062371
2,rs6726655,0,27075419
2,rs10207573,0,27096439
2,rs3754734,0,27153102
2,rs10186315,0,27160094
2,rs2293571,0,27582984
2,rs1919126,0,27654922
2,rs13432900,0,27797953
2,rs3792252,0,27849435
2,rs7595986,0,27938815
2,rs10171517,0,27943563
2,rs12470614,0,28070831
2,rs1506534,0,28153818
2,rs2337699,0,28157217
2,rs17006489,0,28158134
2,rs13016086,0,28169274
2,rs6740628,0,28183106
2,rs7601155,0,28201186
2,rs13426181,0,28353108
2,rs12468697,0,28438327
2,rs2879177,0,28511735
2,rs12622211,0,28528076
2,rs10186544,0,28536678
2,rs2940794,0,28566920
2,rs11127160,0,28570459
2,rs4666104,0,28665611
2,rs6547881,0,28886250
2,rs6547882,0,28890505
2,rs6547889,0,28981826
2,rs9653591,0,28999229
2,rs6734543,0,29127087
2,rs2123443,0,29235542
2,rs17007646,0,29270298
2,rs7592311,0,29355224
2,rs12185589,0,29360411
2,rs7599783,0,29387286
2,rs10171502,0,29411068
2,rs4666232,0,29575325
2,rs4381746,0,29632523
2,rs10193521,0,29639183
2,rs11684459,0,29644370
2,rs6742561,0,29646678
2,rs11127228,0,29652683
2,rs6757945,0,29655944
2,rs10167952,0,29663009
2,rs4426491,0,29664585
2,rs4630725,0,29665933
2,rs6746239,0,29692287
2,rs2541183,0,29833912
2,rs3845689,0,29842835
2,rs4666271,0,29846236
2,rs4429434,0,29894983
2,rs11890191,0,29897062
2,rs13020484,0,29950983
2,rs6547981,0,29960013
2,rs4444478,0,29975798
2,rs10174538,0,30019439
2,rs4572642,0,30452158
2,rs711236,0,30502669
2,rs829625,0,30609769
2,rs1869431,0,30642126
2,rs2280404,0,30799400
2,rs17010098,0,30810295
2,rs10176484,0,30882600
2,rs10177929,0,30884217
2,rs11687942,0,30885747
2,rs7564445,0,30886415
2,rs17010363,0,30890714
2,rs7562766,0,30914802
2,rs4410329,0,30915852
2,rs7572773,0,30978553
2,rs12614732,0,31053418
2,rs12987759,0,31092028
2,rs6705710,0,31152939
2,rs2216829,0,31182177
2,rs17010732,0,31197623
2,rs10165977,0,31197697
2,rs12620887,0,31241433
2,rs6736278,0,31296379
2,rs2295473,0,31320855
2,rs13414618,0,31430138
2,rs10171290,0,31448928
2,rs494852,0,31478340
2,rs11681398,0,31511700
2,rs2365772,0,31512730
2,rs11890763,0,31987256
2,rs13011700,0,32162170
2,rs12474659,0,32216177
2,rs10199511,0,32262511
2,rs177083,0,32301222
2,rs6705704,0,32444858
2,rs4952216,0,32593069
2,rs4952295,0,32670319
2,rs2116585,0,32852110
2,rs927087,0,32890663
2,rs6760225,0,32942374
2,rs17395936,0,32999730
2,rs10198807,0,33070309
2,rs219201,0,33101518
2,rs13391477,0,33111638
2,rs6727912,0,33142223
2,rs219123,0,33172013
2,rs218225,0,33188624
2,rs218226,0,33189351
2,rs1453845,0,33349785
2,rs7580131,0,33400113
2,rs5024713,0,33421641
2,rs11902602,0,33516548
2,rs604788,0,33517854
2,rs646374,0,33518534
2,rs13385731,0,33555394
2,rs17648515,0,33560990
2,rs10166200,0,33576358
2,rs2305572,0,33602220
2,rs6746691,0,33667835
2,rs10173176,0,33719316
2,rs6543729,0,33721371
2,rs6758248,0,33831382
2,rs1996834,0,33897937
2,rs10176557,0,33903017
2,rs7579548,0,33910238
2,rs1568626,0,33910342
2,rs10495794,0,33911826
2,rs17038151,0,33918848
2,rs1510876,0,33956825
2,rs2461615,0,33971808
2,rs6743868,0,34022855
2,rs7605928,0,34028131
2,rs1346008,0,34152037
2,rs25440,0,34355710
2,rs17486615,0,34364774
2,rs4327215,0,34382521
2,rs6543823,0,34405070
2,rs17015223,0,34487764
2,rs1022391,0,34605270
2,rs11124380,0,34614077
2,rs4145758,0,34627867
2,rs1220210,0,34668257
2,rs12468850,0,34755957
2,rs17015516,0,34767282
2,rs6751154,0,34776507
2,rs6753757,0,34856204
2,rs280681,0,34881713
2,rs280775,0,34972973
2,rs6543881,0,35009799
2,rs896824,0,35090874
2,rs4670431,0,35159253
2,rs11124420,0,35284059
2,rs7597757,0,35291605
2,rs6724178,0,35297896
2,rs4624361,0,35477063
2,rs11885690,0,35508212
2,rs4438459,0,35513452
2,rs10175485,0,35589474
2,rs7597849,0,35598501
2,rs6751843,0,35736388
2,rs1518642,0,35738451
2,rs12105787,0,35761726
2,rs1518652,0,35769369
2,rs12712466,0,35874095
2,rs6755649,0,35912841
2,rs11677293,0,35934637
2,rs13411285,0,35952719
2,rs1533972,0,36061840
2,rs305202,0,36131728
2,rs305163,0,36163166
2,rs11124500,0,36262097
2,rs1183799,0,36274072
2,rs2052626,0,36331104
2,rs6728758,0,36335685
2,rs12104793,0,36344508
2,rs17018597,0,36371889
2,rs17407386,0,36410432
2,rs2030644,0,36529401
2,rs3770876,0,36532532
2,rs711250,0,36560015
2,rs3770827,0,36601416
2,rs10490671,0,36603509
2,rs3755197,0,36610853
2,rs848607,0,36623696
2,rs2276671,0,36625205
2,rs10180760,0,36632648
2,rs10172196,0,36634053
2,rs4670166,0,36808509
2,rs13006813,0,36822840
2,rs10183626,0,36909934
2,rs28718824,0,36994204
2,rs6732075,0,37164397
2,rs4648182,0,37221205
2,rs4670671,0,37250008
2,rs6544062,0,37267731
2,rs3755195,0,37313174
2,rs2714474,0,37313239
2,rs17481834,0,37381853
2,rs10173794,0,37482726
2,rs960139,0,37558270
2,rs6544093,0,37660876
2,rs11885952,0,37765075
2,rs10495872,0,37857119
2,rs766232,0,37921175
2,rs4670791,0,37999922
2,rs4670800,0,38032638
2,rs12615577,0,38033772
2,rs6544127,0,38073146
2,rs10181021,0,38074599
2,rs1562285,0,38080334
2,rs11885386,0,38125958
2,rs9341269,0,38147752
2,rs9341252,0,38153935
2,rs2008077,0,38365567
2,rs4670861,0,38374360
2,rs17022549,0,38375412
2,rs9678942,0,38378754
2,rs4670872,0,38501716
2,rs11679742,0,38518842
2,rs13399799,0,38536502
2,rs10495879,0,38546662
2,rs17022847,0,38591827
2,rs9989771,0,38591940
2,rs6742843,0,38707528
2,rs4670265,0,38786281
2,rs6717670,0,38801526
2,rs6756847,0,38809481
2,rs3112160,0,38926825
2,rs3112164,0,38941394
2,rs2373467,0,38958063
2,rs2373497,0,39141602
2,rs7564481,0,39183881
2,rs2373528,0,39328709
2,rs7608958,0,39340050
2,rs3770670,0,39346789
2,rs4670946,0,39648713
2,rs17024047,0,39685869
2,rs9917269,0,39689737
2,rs6735983,0,39698172
2,rs10194567,0,39700327
2,rs867788,0,39731769
2,rs17024197,0,39787470
2,rs2192712,0,39861300
2,rs17024493,0,39968806
2,rs720796,0,40035896
2,rs917974,0,40057400
2,rs759358,0,40069967
2,rs1990590,0,40084786
2,rs2373790,0,40186611
2,rs7576587,0,40209578
2,rs373857,0,40274001
2,rs4952591,0,40279048
2,rs447136,0,40309860
2,rs11903986,0,40336877
2,rs41483748,0,40339028
2,rs11891800,0,40367218
2,rs6730154,0,40385480
2,rs10490049,0,40426854
2,rs10490048,0,40479484
2,rs6719986,0,40512791
2,rs4557029,0,40512984
2,rs1558897,0,40668742
2,rs7608684,0,40779642
2,rs17026537,0,40798271
2,rs10490263,0,40826793
2,rs17026650,0,40841353
2,rs1379028,0,40918176
2,rs17026745,0,40932658
2,rs17026746,0,40934022
2,rs11124766,0,40947863
2,rs7577566,0,41042091
2,rs4952347,0,41081078
2,rs2112095,0,41082519
2,rs2112093,0,41083640
2,rs2161070,0,41083802
2,rs6747102,0,41187649
2,rs10176121,0,41201323
2,rs9309065,0,41241625
2,rs17027384,0,41367776
2,rs4952361,0,41490131
2,rs12465424,0,41516314
2,rs10204010,0,41616134
2,rs12620138,0,41619459
2,rs10183045,0,41731236
2,rs10175239,0,41747896
2,rs17028363,0,41766666
2,rs11692115,0,41922400
2,rs11902014,0,41928141
2,rs7602635,0,42018966
2,rs4952561,0,42063034
2,rs750651,0,42072049
2,rs7584262,0,42104053
2,rs11891490,0,42139419
2,rs10203720,0,42150909
2,rs10190326,0,42241766
2,rs2579966,0,42274235
2,rs12614560,0,42280506
2,rs17624908,0,42288762
2,rs13018498,0,42298609
2,rs6715270,0,42306812
2,rs1371196,0,42309990
2,rs6736913,0,42363522
2,rs6544538,0,42378812
2,rs12464702,0,42385375
2,rs6728830,0,42391499
2,rs7557075,0,42410214
2,rs13384323,0,42484850
2,rs222467,0,42496110
2,rs17029700,0,42504236
2,rs222482,0,42506999
2,rs222478,0,42510423
2,rs17029732,0,42531053
2,rs4953573,0,42787842
2,rs13395650,0,42929775
2,rs4953678,0,42975357
2,rs7609363,0,42994465
2,rs4953686,0,43002601
2,rs4952951,0,43003402
2,rs17633521,0,43153486
2,rs1002796,0,43168347
2,rs10199639,0,43200631
2,rs4952667,0,43226138
2,rs6738922,0,43272120
2,rs934232,0,43272997
2,rs10199242,0,43301270
2,rs13430791,0,43334517
2,rs6544643,0,43413576
2,rs7557989,0,43484161
2,rs6744642,0,43525408
2,rs10179648,0,43661569
2,rs12469695,0,43686762
2,rs11888770,0,43690092
2,rs13011594,0,43690520
2,rs17031133,0,43698337
2,rs6725688,0,43700057
2,rs11124948,0,43750548
2,rs12617907,0,43755117
2,rs17031287,0,43773525
2,rs7573490,0,43782272
2,rs1469625,0,43851514
2,rs4131229,0,43911571
2,rs11898901,0,44033240
2,rs4361173,0,44075905
2,rs7593926,0,44452757
2,rs2054408,0,44523280
2,rs786419,0,44538657
2,rs785679,0,44906115
2,rs11892046,0,44971777
2,rs12712926,0,44971970
2,rs17041592,0,44975846
2,rs6713476,0,44980090
2,rs578584,0,44996679
2,rs533063,0,45000820
2,rs6748377,0,45002877
2,rs3738976,0,45011742
2,rs741813,0,45021390
2,rs6743447,0,45067249
2,rs2959230,0,45087617
2,rs964992,0,45092214
2,rs1868023,0,45126291
2,rs4952741,0,45226472
2,rs929901,0,45339442
2,rs6721199,0,45350317
2,rs3851333,0,45398911
2,rs869584,0,45423008
2,rs3770252,0,45522377
2,rs3770272,0,45568059
2,rs10427402,0,45597896
2,rs6713298,0,45703581
2,rs17034089,0,45819348
2,rs11125031,0,45831080
2,rs4446102,0,45851371
2,rs11898074,0,45871727
2,rs4952774,0,45874885
2,rs2005271,0,45918603
2,rs10169469,0,45930716
2,rs4952786,0,45947928
2,rs747032,0,45999114
2,rs7578578,0,46019567
2,rs7583392,0,46456942
2,rs11125080,0,46585909
2,rs17035272,0,46645865
2,rs1869836,0,46735897
2,rs4953422,0,46875667
2,rs17773492,0,46898825
2,rs2278715,0,46902913
2,rs735888,0,47053529
2,rs1865260,0,47061169
2,rs2082562,0,47068140
2,rs1865258,0,47085999
2,rs10194115,0,47093516
2,rs10084454,0,47108070
2,rs12617529,0,47112032
2,rs13427658,0,47127015
2,rs1723493,0,47239348
2,rs10514805,0,47533482
2,rs7601062,0,47599029
2,rs1922043,0,47648464
2,rs13397771,0,47672843
2,rs4245815,0,47673476
2,rs11687554,0,47686116
2,rs6723656,0,47699520
2,rs7579956,0,47713365
2,rs11679397,0,47719637
2,rs6739687,0,47733554
2,rs17036815,0,47757936
2,rs4588237,0,47796406
2,rs3136331,0,47878676
2,rs960106,0,47932342
2,rs17037021,0,47941916
2,rs6714441,0,47957548
2,rs13401500,0,48027661
2,rs4953532,0,48028630
2,rs12105860,0,48038807
2,rs12713007,0,48337971
2,rs17037460,0,48698887
2,rs7561278,0,48808409
2,rs3934824,0,48926712
2,rs4290704,0,48932288
2,rs10490122,0,48978498
2,rs7563889,0,48983394
2,rs759287,0,49051188
2,rs3788983,0,49098768
2,rs13428062,0,49248239
2,rs6720857,0,49273914
2,rs9677134,0,49317292
2,rs2350021,0,49346803
2,rs10495972,0,49354399
2,rs7578654,0,49363677
2,rs1344647,0,49369137
2,rs11685144,0,49401059
2,rs1527902,0,49580799
2,rs1534406,0,49604685
2,rs2081741,0,49620044
2,rs4971624,0,49689830
2,rs12620068,0,49758597
2,rs6744040,0,49761655
2,rs1568287,0,49763051
2,rs2350701,0,49767459
2,rs1518823,0,49843872
2,rs17039294,0,49862724
2,rs10174758,0,49863127
2,rs10203268,0,49876668
2,rs7586200,0,49885317
2,rs11675829,0,49888190
2,rs1421570,0,49934030
2,rs17039430,0,49992990
2,rs17439140,0,50048552
2,rs13025736,0,50054297
2,rs4971883,0,50054887
2,rs11889551,0,50056457
2,rs1819972,0,50121732
2,rs6748208,0,50152467
2,rs985132,0,50207784
2,rs11125295,0,50246474
2,rs1356888,0,50369522
2,rs1554425,0,50378820
2,rs10490231,0,50390970
2,rs4971678,0,50518671
2,rs13396103,0,50518986
2,rs6738086,0,50522978
2,rs3213756,0,50546064
2,rs6726487,0,50547858
2,rs6706713,0,50575015
2,rs11896341,0,50673310
2,rs13419154,0,50675063
2,rs17040885,0,50675554
2,rs12713117,0,50677835
2,rs727209,0,50683307
2,rs4971686,0,50685238
2,rs9309189,0,50770177
2,rs9751737,0,50872736
2,rs11888865,0,50960473
2,rs10490170,0,50968208
2,rs6545185,0,50978562
2,rs17041095,0,50981293
2,rs10490168,0,50988978
2,rs7558540,0,50993732
2,rs6545187,0,51054050
2,rs17041161,0,51068645
2,rs2216308,0,51080516
2,rs2193411,0,51120644
2,rs17039344,0,51157414
2,rs2163018,0,51157742
2,rs17575302,0,51165036
2,rs1157606,0,51177841
2,rs2217351,0,51179406
2,rs10186486,0,51222043
2,rs17578056,0,51253335
2,rs10490144,0,51372785
2,rs2160410,0,51428560
2,rs13406144,0,51493252
2,rs6760682,0,51519227
2,rs6706076,0,51559936
2,rs1528795,0,51598758
2,rs12612083,0,51606865
2,rs11899940,0,51623573
2,rs2715082,0,51627750
2,rs11125379,0,51806029
2,rs7564650,0,51875514
2,rs7603003,0,51896017
2,rs13387224,0,51910176
2,rs5014872,0,51913629
2,rs9967693,0,51919651
2,rs4971764,0,51926162
2,rs4971766,0,51927956
2,rs1435802,0,51952502
2,rs4971785,0,52119185
2,rs7602118,0,52142413
2,rs12713174,0,52180512
2,rs13417515,0,52356868
2,rs9309229,0,52557332
2,rs6545284,0,52573537
2,rs10180656,0,52643644
2,rs12467013,0,52727200
2,rs13418868,0,52739544
2,rs350794,0,52764191
2,rs350788,0,52792027
2,rs11125442,0,52818343
2,rs1085204,0,52853527
2,rs785282,0,52865578
2,rs13428586,0,52872491
2,rs13404094,0,52985400
2,rs6743135,0,53054816
2,rs6545316,0,53076542
2,rs10185735,0,53078637
2,rs1446445,0,53110198
2,rs12476215,0,53175470
2,rs7594693,0,53176962
2,rs17044134,0,53212184
2,rs11886718,0,53239786
2,rs10496016,0,53252138
2,rs17267852,0,53254804
2,rs10496018,0,53254839
2,rs10172264,0,53255641
2,rs10496019,0,53256546
2,rs1424976,0,53257164
2,rs13010704,0,53258938
2,rs1424975,0,53260212
2,rs17267880,0,53261272
2,rs7603187,0,53263627
2,rs2357180,0,53270870
2,rs12473577,0,53370497
2,rs12621830,0,53384965
2,rs17044669,0,53511205
2,rs882250,0,53532896
2,rs6720273,0,53571608
2,rs6735360,0,53715065
2,rs10190578,0,53787655
2,rs3821080,0,53820750
2,rs3755113,0,53941528
2,rs805385,0,53950616
2,rs6713523,0,53962743
2,rs1547980,0,53973689
2,rs3213775,0,54003741
2,rs13422211,0,54057431
2,rs11890838,0,54114570
2,rs1559040,0,54201254
2,rs4671925,0,54482585
2,rs12328732,0,54578496
2,rs17045953,0,54615736
2,rs4671960,0,54652045
2,rs4641979,0,54665421
2,rs6735962,0,54676563
2,rs4557016,0,54688343
2,rs10182310,0,54700740
2,rs12713274,0,54702232
2,rs6755737,0,54704247
2,rs1052820,0,54739851
2,rs2971877,0,54742640
2,rs2931462,0,54759298
2,rs171350,0,54778400
2,rs6732751,0,54810920
2,rs13428703,0,54814184
2,rs13401661,0,54826152
2,rs2288682,0,54827989
2,rs1848924,0,54830274
2,rs2053326,0,54871804
2,rs10208786,0,54920121
2,rs4613325,0,54926968
2,rs10188555,0,54939687
2,rs7590265,0,55019041
2,rs13021245,0,55019276
2,rs11899295,0,55065388
2,rs2968812,0,55181576
2,rs1444262,0,55208016
2,rs10183953,0,55261439
2,rs3791628,0,55344292
2,rs2589092,0,55344834
2,rs7602357,0,55346194
2,rs7579539,0,55360890
2,rs2576692,0,55370227
2,rs6733567,0,55400928
2,rs2576704,0,55408102
2,rs6747649,0,55504644
2,rs4355154,0,55864307
2,rs10209818,0,55876486
2,rs6753814,0,55888494
2,rs4672087,0,56208196
2,rs11685990,0,56234892
2,rs12613794,0,56279206
2,rs1549030,0,56361056
2,rs11683066,0,56425427
2,rs13432055,0,56457489
2,rs4672115,0,56481054
2,rs17047891,0,56486858
2,rs2869826,0,56522951
2,rs10189319,0,56560176
2,rs10184476,0,56571096
2,rs1477521,0,56607983
2,rs10208385,0,56631513
2,rs13022080,0,56665253
2,rs11678164,0,56810621
2,rs10193589,0,56967660
2,rs2865297,0,57111147
2,rs10193562,0,57235831
2,rs9309294,0,57243502
2,rs12052870,0,57294931
2,rs7602729,0,57436425
2,rs10170869,0,57440057
2,rs10189684,0,57441576
2,rs10204326,0,57442981
2,rs7599407,0,57454127
2,rs7588566,0,57505674
2,rs12991276,0,57505799
2,rs2310826,0,57514412
2,rs820950,0,57592227
2,rs2264599,0,57609000
2,rs1918454,0,57674449
2,rs2178047,0,57719427
2,rs820774,0,57731369
2,rs864737,0,57742570
2,rs820780,0,57756125
2,rs12997934,0,57783299
2,rs6731365,0,57789377
2,rs2683620,0,57886057
2,rs2678919,0,57977863
2,rs17049243,0,57985036
2,rs10496083,0,58070008
2,rs1051061,0,58170318
2,rs13011711,0,58191590
2,rs848293,0,58235994
2,rs3771220,0,58304073
2,rs35267016,0,58497951
2,rs13418402,0,58550500
2,rs7577494,0,58678815
2,rs17190576,0,58718259
2,rs10187702,0,58723279
2,rs11886121,0,58734104
2,rs17549476,0,58776074
2,rs17550821,0,58832027
2,rs7565873,0,58895772
2,rs4671330,0,58896351
2,rs10198586,0,58935942
2,rs10202568,0,58958232
2,rs2192453,0,59021061
2,rs17049838,0,59028413
2,rs10490109,0,59242195
2,rs4672279,0,59298179
2,rs17050030,0,59338284
2,rs10198463,0,59353228
2,rs1861149,0,59358830
2,rs6545733,0,59382917
2,rs13008312,0,59801943
2,rs13001801,0,59849992
2,rs722889,0,59867633
2,rs17050473,0,59951491
2,rs13400924,0,59980175
2,rs6545767,0,59999083
2,rs4671358,0,60018138
2,rs17032721,0,60150373
2,rs6712536,0,60250618
2,rs13391464,0,60291020
2,rs9309324,0,60399636
2,rs12471192,0,60400609
2,rs1512226,0,60405305
2,rs9309325,0,60434335
2,rs6731582,0,60436706
2,rs6744891,0,60440324
2,rs243015,0,60442375
2,rs1012585,0,60525061
2,rs6545819,0,60592565
2,rs1397318,0,60641985
2,rs842944,0,60689503
2,rs3796067,0,60815807
2,rs28459296,0,60847942
2,rs13393899,0,60905572
2,rs777587,0,61281179
2,rs17481482,0,61286846
2,rs10186325,0,61611225
2,rs6545883,0,61625761
2,rs778758,0,61635665
2,rs9679654,0,61690277
2,rs11884242,0,61700178
2,rs13396724,0,62154219
2,rs3943540,0,62234978
2,rs7424427,0,62519265
2,rs7567530,0,62525871
2,rs4608500,0,62617751
2,rs11904315,0,62620227
2,rs17025642,0,62628207
2,rs2049674,0,62637346
2,rs13008096,0,62646193
2,rs6545961,0,62667670
2,rs901530,0,62671771
2,rs6752010,0,62712546
2,rs10177638,0,62740514
2,rs360807,0,62780363
2,rs11892147,0,62859756
2,rs13013218,0,62865175
2,rs13386257,0,62967955
2,rs13006926,0,62973471
2,rs17027460,0,62974889
2,rs2710638,0,62977118
2,rs2215870,0,62985846
2,rs17347994,0,62995594
2,rs35228788,0,63001505
2,rs6729573,0,63005832
2,rs2710637,0,63026954
2,rs17027529,0,63036469
2,rs13013948,0,63197816
2,rs13009267,0,63201033
2,rs6723088,0,63770330
2,rs6546029,0,63923236
2,rs6749188,0,63977549
2,rs10189454,0,64174769
2,rs329499,0,64177580
2,rs13408188,0,64189154
2,rs871776,0,64309178
2,rs17677161,0,64317462
2,rs6750096,0,64327573
2,rs2162382,0,64375338
2,rs2555445,0,64388785
2,rs1426702,0,64418566
2,rs6546069,0,64448987
2,rs13412599,0,64461468
2,rs7607006,0,64462297
2,rs10205009,0,64494694
2,rs11676689,0,64495305
2,rs3770730,0,64662337
2,rs3770720,0,64672368
2,rs13035297,0,64676004
2,rs1861405,0,64684287
2,rs860214,0,64848407
2,rs10183268,0,64959769
2,rs2302647,0,65136678
2,rs12611491,0,65150161
2,rs12621608,0,65154256
2,rs2302631,0,65185163
2,rs6546134,0,65284698
2,rs7583469,0,65504860
2,rs2860773,0,65519145
2,rs10451656,0,65568948
2,rs702927,0,65588253
2,rs3845817,0,65612029
2,rs6546162,0,65669811
2,rs17030604,0,65739992
2,rs9309377,0,65898521
2,rs9309379,0,65908971
2,rs10179903,0,65922480
2,rs2860914,0,65930746
2,rs17030985,0,65932848
2,rs6716982,0,65939037
2,rs11890665,0,65950134
2,rs2553050,0,65952329
2,rs13398775,0,65980132
2,rs2052669,0,66030569
2,rs1160706,0,66080479
2,rs1358696,0,66138566
2,rs17031432,0,66147410
2,rs12613940,0,66179467
2,rs6728387,0,66215446
2,rs2951282,0,66264450
2,rs17031735,0,66270614
2,rs17557930,0,66275737
2,rs2951290,0,66307547
2,rs999667,0,66351811
2,rs10865352,0,66440438
2,rs6755563,0,66546832
2,rs17032119,0,66568776
2,rs4671729,0,66573603
2,rs6710894,0,66730205
2,rs7601069,0,66748692
2,rs7601310,0,66748939
2,rs17631680,0,66943871
2,rs10496144,0,67338532
2,rs12477464,0,67448743
2,rs600524,0,67527284
2,rs581955,0,67543727
2,rs1607905,0,67611225
2,rs11900117,0,67648527
2,rs1430762,0,67766808
2,rs11126151,0,67836538
2,rs1346870,0,67842579
2,rs13429160,0,67880659
2,rs7585792,0,67920971
2,rs7558015,0,67981586
2,rs17578007,0,68010543
2,rs10439493,0,68114519
2,rs1343913,0,68126700
2,rs13390548,0,68132669
2,rs7575344,0,68153931
2,rs17034913,0,68160243
2,rs1868403,0,68163605
2,rs10174380,0,68449973
2,rs7607375,0,68766137
2,rs10173408,0,68850754
2,rs6546439,0,68893246
2,rs17035988,0,68894308
2,rs7557267,0,68899457
2,rs4854459,0,68901555
2,rs11689198,0,68905634
2,rs13426171,0,69026507
2,rs6720209,0,69033405
2,rs7577132,0,69092887
2,rs7577398,0,69093099
2,rs11885134,0,69105314
2,rs13030844,0,69152321
2,rs9808255,0,69234383
2,rs7599536,0,69250457
2,rs4854554,0,69296841
2,rs4473430,0,69436399
2,rs4078089,0,69459056
2,rs13399511,0,69472867
2,rs4535086,0,69474703
2,rs7580642,0,69479142
2,rs6759021,0,69486124
2,rs4481034,0,69491989
2,rs7567691,0,69730994
2,rs4853027,0,69892728
2,rs13432169,0,69893648
2,rs17037145,0,69925968
2,rs10865380,0,69944750
2,rs12612925,0,69966084
2,rs12624244,0,70270642
2,rs4852180,0,70501576
2,rs6749533,0,70545274
2,rs455125,0,70600234
2,rs4852650,0,70628593
2,rs11466191,0,70633589
2,rs2108479,0,70727597
2,rs2074814,0,70758068
2,rs1030044,0,70807253
2,rs888352,0,71150565
2,rs6713,0,71158964
2,rs1558899,0,71163094
2,rs3948606,0,71184183
2,rs10199088,0,71213652
2,rs357754,0,71220384
2,rs3821248,0,71267515
2,rs3187463,0,71268153
2,rs17006807,0,71324506
2,rs12713761,0,71773020
2,rs11684409,0,71870424
2,rs7598575,0,72089002
2,rs4405788,0,72089196
2,rs4852837,0,72107634
2,rs10190369,0,72159726
2,rs3768641,0,72221698
2,rs194240,0,72250074
2,rs10221769,0,72332562
2,rs17007984,0,72338547
2,rs17008015,0,72355412
2,rs10204415,0,72361148
2,rs6723136,0,72385119
2,rs10186080,0,72435084
2,rs653220,0,72561382
2,rs17008355,0,72779365
2,rs10196456,0,73011984
2,rs11682000,0,73020093
2,rs11900251,0,73083930
2,rs7599245,0,73097659
2,rs13402225,0,73270414
2,rs2303906,0,73299443
2,rs2288631,0,73309255
2,rs1018342,0,73325161
2,rs1522928,0,73379045
2,rs6745973,0,73387128
2,rs13033768,0,73393111
2,rs10191517,0,73411911
2,rs6720094,0,73441584
2,rs6546828,0,73467296
2,rs6749680,0,73539360
2,rs780392,0,73557219
2,rs1083922,0,73557511
2,rs1632564,0,73981877
2,rs17676291,0,74053639
2,rs6745576,0,74157886
2,rs6738709,0,74180961
2,rs6546891,0,74188298
2,rs11126425,0,74234497
2,rs7596645,0,74258627
2,rs13002080,0,74334154
2,rs11694367,0,74518758
2,rs9309487,0,74818061
2,rs11678377,0,74823901
2,rs17010504,0,74969195
2,rs943,0,74971838
2,rs34573284,0,74972994
2,rs3771799,0,75041081
2,rs11890633,0,75042396
2,rs7571034,0,75091869
2,rs11680998,0,75167528
2,rs2111378,0,75208112
2,rs3771840,0,75239139
2,rs3821318,0,75240819
2,rs17010840,0,75244249
2,rs3771848,0,75252938
2,rs13035573,0,75266087
2,rs17010956,0,75332025
2,rs10490309,0,75357378
2,rs7571650,0,75393251
2,rs10172095,0,75413132
2,rs10194748,0,75418420
2,rs2901664,0,75427337
2,rs6546993,0,75483417
2,rs1160613,0,75486060
2,rs7604227,0,75525222
2,rs4853154,0,75533715
2,rs6746075,0,75568444
2,rs993669,0,75599279
2,rs6756309,0,75603871
2,rs17011455,0,75643997
2,rs1859710,0,75716440
2,rs10165899,0,75736784
2,rs917236,0,75736898
2,rs2051942,0,75754577
2,rs6722682,0,75760859
2,rs17011691,0,75810490
2,rs1859707,0,75832783
2,rs7573143,0,75857893
2,rs6547035,0,75945152
2,rs2001886,0,75945399
2,rs7600292,0,75983378
2,rs13393642,0,75991439
2,rs7558098,0,76007151
2,rs7588316,0,76017325
2,rs2583530,0,76027001
2,rs6547043,0,76079609
2,rs17012063,0,76102365
2,rs12614261,0,76104051
2,rs404892,0,76157421
2,rs370903,0,76178443
2,rs317295,0,76186944
2,rs12476837,0,76189582
2,rs7563058,0,76196590
2,rs13397093,0,76376027
2,rs11891955,0,76452797
2,rs6742852,0,76495299
2,rs7599064,0,76568629
2,rs17012789,0,76575813
2,rs10180133,0,76577438
2,rs7604513,0,76595355
2,rs991725,0,76638592
2,rs7566719,0,76719093
2,rs1969314,0,76809810
2,rs10182466,0,76810331
2,rs10172954,0,76810878
2,rs6718129,0,76884755
2,rs1400846,0,76892049
2,rs10185383,0,76942823
2,rs17406084,0,77079914
2,rs13033902,0,77117862
2,rs1561528,0,77328387
2,rs370099,0,77495361
2,rs6749190,0,77523358
2,rs4145833,0,77523580
2,rs17700606,0,77545241
2,rs1922805,0,77548335
2,rs6749867,0,77575762
2,rs11126616,0,77611960
2,rs7591531,0,77817290
2,rs7559027,0,77949041
2,rs6719220,0,77978542
2,rs4853352,0,77993057
2,rs1581610,0,78065531
2,rs13418891,0,78079256
2,rs6730071,0,78108397
2,rs17014972,0,78167411
2,rs1589932,0,78331506
2,rs2901908,0,78350467
2,rs9309531,0,78447245
2,rs17015520,0,78695712
2,rs6547214,0,78814409
2,rs17015724,0,78917688
2,rs1521972,0,78949544
2,rs13384662,0,79050138
2,rs1666768,0,79076723
2,rs6744763,0,79078334
2,rs6710030,0,79079831
2,rs811526,0,79080607
2,rs283826,0,79086587
2,rs402180,0,79137779
2,rs4853431,0,79150982
2,rs10206626,0,79172597
2,rs892865,0,79263666
2,rs17754855,0,79271916
2,rs1434186,0,79344830
2,rs10520240,0,79520643
2,rs10520241,0,79525360
2,rs6547242,0,79562835
2,rs17017286,0,79656795
2,rs12470592,0,79662790
2,rs12104625,0,79713327
2,rs10189345,0,79724263
2,rs3739139,0,79732172
2,rs17017634,0,79787593
2,rs17040667,0,79797525
2,rs13025833,0,79797616
2,rs7585451,0,79894502
2,rs1511196,0,79898641
2,rs17018036,0,79942775
2,rs983217,0,79968796
2,rs17018300,0,80031835
2,rs11685451,0,80218704
2,rs17019050,0,80431432
2,rs723525,0,80434963
2,rs9789515,0,80447339
2,rs41376844,0,80515492
2,rs10195705,0,80517950
2,rs2044302,0,80521451
2,rs2117276,0,80589586
2,rs13409724,0,80606013
2,rs41511244,0,80647447
2,rs1845017,0,80852717
2,rs4389353,0,81055194
2,rs4552212,0,81154156
2,rs13430688,0,81275462
2,rs754361,0,81283673
2,rs1379382,0,81312900
2,rs7557531,0,81331645
2,rs11681909,0,81334017
2,rs6711618,0,81339645
2,rs10210426,0,81468939
2,rs1435887,0,81481530
2,rs6706111,0,81485223
2,rs1435892,0,81524512
2,rs4401230,0,81596623
2,rs6547379,0,81712408
2,rs12612468,0,81789503
2,rs10166510,0,81888727
2,rs4852638,0,81916576
2,rs2685708,0,82022381
2,rs6746046,0,82200716
2,rs1864565,0,82244152
2,rs6738010,0,82348205
2,rs6733403,0,82363176
2,rs17021738,0,82515859
2,rs17624541,0,82545388
2,rs7584969,0,82682493
2,rs12328118,0,82811461
2,rs17022331,0,82815186
2,rs1393508,0,82831931
2,rs17022371,0,82834115
2,rs17022872,0,83073500
2,rs1372083,0,83073823
2,rs13425508,0,83078390
2,rs7586364,0,83084192
2,rs10496282,0,83108574
2,rs17023207,0,83194440
2,rs12470218,0,83316683
2,rs12474534,0,83316877
2,rs7422290,0,83325517
2,rs6547469,0,83328343
2,rs6731262,0,83362573
2,rs995833,0,83477815
2,rs1375993,0,83812094
2,rs7602366,0,83889238
2,rs7569405,0,83947338
2,rs10865470,0,83959470
2,rs13398848,0,84098679
2,rs2886027,0,84216108
2,rs2364236,0,84225454
2,rs1531046,0,84403907
2,rs1455000,0,84422129
2,rs4254518,0,84447675
2,rs4832076,0,84457271
2,rs6752272,0,84503558
2,rs1811537,0,84668747
2,rs17759625,0,84669195
2,rs6759185,0,85187720
2,rs4832142,0,85203414
2,rs10520406,0,85233563
2,rs17026108,0,85336656
2,rs7601117,0,85363936
2,rs17026157,0,85365157
2,rs13001442,0,85383492
2,rs12714139,0,85385318
2,rs11547160,0,85389926
2,rs2028900,0,85621246
2,rs2232750,0,85677979
2,rs7564769,0,85710131
2,rs1030862,0,85756080
2,rs10204426,0,85757419
2,rs6547631,0,85762537
2,rs4832183,0,85769998
2,rs10181739,0,85775063
2,rs2043760,0,85775503
2,rs2176625,0,85815357
2,rs10207756,0,85876440
2,rs10184538,0,85876533
2,rs13400884,0,85893332
2,rs2366947,0,85941520
2,rs1978842,0,86080050
2,rs1561328,0,86126269
2,rs311565,0,86147340
2,rs929916,0,86159325
2,rs4832027,0,86223211
2,rs4422155,0,86276530
2,rs4450596,0,86276542
2,rs4544439,0,86276735
2,rs12714176,0,86286751
2,rs2241432,0,86291657
2,rs6547685,0,86479039
2,rs6740863,0,86618191
2,rs11695337,0,86684659
2,rs12997796,0,86827829
2,rs2367378,0,86851724
2,rs10201422,0,86852682
2,rs1049457,0,86856539
2,rs4971998,0,87539111
2,rs778,0,87704128
2,rs1545223,0,88204625
2,rs1258408,0,88400609
2,rs6722564,0,88520407
2,rs6759503,0,88601279
2,rs10451635,0,88604809
2,rs11887300,0,88604978
2,rs11898156,0,88605219
2,rs11890178,0,88606597
2,rs12467314,0,88693926
2,rs13012166,0,89666286
2,rs3879147,0,91096593
2,rs11885687,0,94793151
2,rs3112992,0,95148702
2,rs13033750,0,95242989
2,rs13408943,0,96050879
2,rs29000576,0,96142770
2,rs4907229,0,96215988
2,rs4907312,0,96397667
2,rs10207855,0,96427247
2,rs2312991,0,96497674
2,rs3731939,0,96528670
2,rs11891926,0,96703508
2,rs3903548,0,96955397
2,rs1624844,0,96977343
2,rs1257029,0,97018405
2,rs1256999,0,97043660
2,rs10496325,0,97047056
2,rs6744498,0,97078638
2,rs11687510,0,97701111
2,rs746004,0,97729339
2,rs930607,0,97737890
2,rs6721323,0,97753610
2,rs17489454,0,97773782
2,rs7576509,0,97815164
2,rs10460482,0,98010611
2,rs17026292,0,98043596
2,rs921426,0,98052877
2,rs6543280,0,98067475
2,rs7591591,0,98110841
2,rs13008613,0,98116322
2,rs7559678,0,98121684
2,rs13022257,0,98148279
2,rs2309389,0,98150707
2,rs6721097,0,98177204
2,rs6725543,0,98277290
2,rs10176056,0,98284586
2,rs999900,0,98286252
2,rs17429208,0,98328021
2,rs13429817,0,98380724
2,rs10190015,0,98385149
2,rs3769737,0,98455305
2,rs6542818,0,98504039
2,rs2278210,0,98516630
2,rs11537554,0,98582963
2,rs3769696,0,98625359
2,rs17021869,0,98649780
2,rs7577636,0,98703741
2,rs4851166,0,98860167
2,rs7607186,0,98890247
2,rs1607256,0,98909876
2,rs4851178,0,98913702
2,rs13385547,0,98914765
2,rs6732579,0,98926671
2,rs1453564,0,98930860
2,rs6746969,0,99205971
2,rs1922624,0,99276390
2,rs28382926,0,99404508
2,rs17022762,0,99534690
2,rs3792118,0,99538360
2,rs9808393,0,99564070
2,rs13393937,0,99918020
2,rs6708436,0,99936162
2,rs13023088,0,99942736
2,rs10187195,0,99947757
2,rs17023571,0,100126296
2,rs12712066,0,100129438
2,rs4851262,0,100162680
2,rs17023916,0,100278651
2,rs763962,0,100419888
2,rs7561516,0,100425642
2,rs962556,0,100434250
2,rs13428749,0,100463266
2,rs13422218,0,100551621
2,rs11678350,0,100572431
2,rs2942894,0,100663439
2,rs10175405,0,100686144
2,rs11123843,0,100704455
2,rs10177037,0,100760147
2,rs11694387,0,100779813
2,rs7595380,0,100869227
2,rs12989454,0,100896053
2,rs11894671,0,100896250
2,rs6719437,0,100965503
2,rs7559325,0,101097003
2,rs796055,0,101099330
2,rs7590093,0,101327335
2,rs6735216,0,101337417
2,rs11123884,0,101435147
2,rs7599763,0,101823988
2,rs10164504,0,101877005
2,rs12467695,0,101936156
2,rs12328606,0,101974019
2,rs11894843,0,102039924
2,rs17767183,0,102091445
2,rs1861282,0,102095161
2,rs12619383,0,102108150
2,rs951193,0,102152231
2,rs12474258,0,102183127
2,rs1558625,0,102228596
2,rs11674302,0,102253560
2,rs1135354,0,102380734
2,rs11695455,0,102407134
2,rs13383035,0,102421766
2,rs4851010,0,102422559
2,rs10490204,0,102422966
2,rs2075186,0,102423683
2,rs4851601,0,102482693
2,rs7601773,0,102486915
2,rs13019784,0,102489733
2,rs17773637,0,102534473
2,rs11681159,0,102547296
2,rs1051783,0,102699022
2,rs6722221,0,102744444
2,rs2732841,0,102748249
2,rs2540321,0,102800056
2,rs41487545,0,102999915
2,rs17413833,0,103267167
2,rs2375763,0,103337495
2,rs17028872,0,103415788
2,rs671722,0,103754287
2,rs2678663,0,103803000
2,rs1837712,0,103827860
2,rs17029415,0,103950183
2,rs2582952,0,103952837
2,rs1816754,0,103957897
2,rs1156296,0,103973185
2,rs12987666,0,104095998
2,rs6736012,0,104115536
2,rs7588406,0,104121742
2,rs12623447,0,104174202
2,rs10170023,0,104208014
2,rs7591412,0,104305840
2,rs896357,0,104899319
2,rs17030689,0,105186565
2,rs2576727,0,105224828
2,rs2576737,0,105257942
2,rs2241801,0,105290942
2,rs1054250,0,105317063
2,rs2576772,0,105335006
2,rs7572930,0,105400737
2,rs11691434,0,105422103
2,rs9653477,0,105497878
2,rs11893176,0,105584453
2,rs4851816,0,105610128
2,rs6743358,0,105612174
2,rs2376977,0,105774523
2,rs17031883,0,105845716
2,rs6714861,0,105885325
2,rs1869070,0,105982008
2,rs13026071,0,106663354
2,rs2169159,0,106667577
2,rs1349065,0,106754740
2,rs10496408,0,106816219
2,rs12621787,0,106944518
2,rs1524291,0,106962422
2,rs6732006,0,107148335
2,rs2971653,0,107151097
2,rs4569471,0,107171958
2,rs10427187,0,107191130
2,rs266253,0,107406841
2,rs266177,0,107417947
2,rs1516205,0,107663254
2,rs41385048,0,107744373
2,rs831977,0,107752753
2,rs6725400,0,107757377
2,rs832660,0,108059838
2,rs11898498,0,108060852
2,rs6730646,0,108067742
2,rs1949679,0,108157595
2,rs17820651,0,108252867
2,rs17036059,0,108278062
2,rs7576937,0,108281860
2,rs10185965,0,108290191
2,rs10173535,0,108332126
2,rs2577599,0,108474892
2,rs2577626,0,108519994
2,rs2577592,0,108530811
2,rs4012003,0,108635898
2,rs13405612,0,108696605
2,rs17036959,0,108858887
2,rs6747261,0,108876584
2,rs940928,0,108880896
2,rs260595,0,108899990
2,rs260700,0,108934357
2,rs10496426,0,108951212
2,rs7594209,0,108951842
2,rs6749207,0,108973688
2,rs11674534,0,108982484
2,rs921876,0,109003940
2,rs1560385,0,109170449
2,rs7586264,0,109227495
2,rs6755578,0,109250285
2,rs10195035,0,109251841
2,rs6747772,0,109378555
2,rs7369007,0,109452923
2,rs9330313,0,109637681
2,rs10207090,0,109643055
2,rs1509419,0,110259482
2,rs2271244,0,110276610
2,rs1509415,0,110328316
2,rs3789119,0,111423876
2,rs1877655,0,111429174
2,rs4577288,0,111429517
2,rs1483535,0,111476132
2,rs17041797,0,111508664
2,rs754352,0,111514391
2,rs13382791,0,111574650
2,rs7567444,0,111579909
2,rs10200879,0,111679717
2,rs2594419,0,112074810
2,rs1464095,0,112153611
2,rs4848209,0,112343109
2,rs4848857,0,112385075
2,rs10208134,0,112482444
2,rs13387346,0,112489528
2,rs4627569,0,112489624
2,rs10211152,0,112491980
2,rs11683819,0,112494912
2,rs4849007,0,112572636
2,rs12185740,0,112606202
2,rs6737707,0,112616492
2,rs7596661,0,112742660
2,rs10165123,0,112757932
2,rs4622729,0,112791047
2,rs6759275,0,112948153
2,rs1561265,0,113003033
2,rs7565714,0,113012529
2,rs4849073,0,113017129
2,rs10496441,0,113051030
2,rs12469092,0,113080421
2,rs3849317,0,113090421
2,rs13032036,0,113099065
2,rs4849112,0,113192832
2,rs4849124,0,113293373
2,rs2708958,0,113386946
2,rs17042601,0,113414079
2,rs6724667,0,113506112
2,rs17042721,0,113506598
2,rs10179714,0,113521589
2,rs1992761,0,113526757
2,rs1530550,0,113533984
2,rs2100071,0,113541857
2,rs28928301,0,113549593
2,rs12711752,0,113554311
2,rs17486819,0,113588277
2,rs4251995,0,113597521
2,rs315935,0,113597836
2,rs444413,0,113602297
2,rs447713,0,113604143
2,rs752590,0,113689416
2,rs1110839,0,113710887
2,rs11123179,0,113776588
2,rs10197232,0,113865431
2,rs3982465,0,114120596
2,rs11123205,0,114163654
2,rs10172842,0,114209691
2,rs3748905,0,114216943
2,rs17633527,0,114246995
2,rs10864924,0,114313936
2,rs1028246,0,114317712
2,rs4362566,0,114327084
2,rs11123215,0,114328538
2,rs156729,0,114498258
2,rs6724135,0,114520991
2,rs1872421,0,114534923
2,rs2900893,0,114561377
2,rs4849312,0,114618179
2,rs17040427,0,114641003
2,rs6752229,0,114888714
2,rs12473953,0,114926064
2,rs17048384,0,114935528
2,rs10208795,0,114936131
2,rs10496463,0,114939198
2,rs10204212,0,114956611
2,rs17048418,0,114960064
2,rs6747076,0,114960232
2,rs17048444,0,114970999
2,rs12464258,0,114972881
2,rs9308696,0,114975533
2,rs1820924,0,114986677
2,rs1430104,0,115002724
2,rs2043573,0,115143670
2,rs13405672,0,115194319
2,rs12472049,0,115273644
2,rs17732092,0,115334151
2,rs10199796,0,115607584
2,rs993986,0,115819691
2,rs17044994,0,116269435
2,rs17718031,0,116297537
2,rs1597005,0,116453178
2,rs13384486,0,116478499
2,rs17045399,0,116498279
2,rs17045782,0,116788838
2,rs17045790,0,116790077
2,rs4616491,0,116886017
2,rs6742479,0,116941200
2,rs1586790,0,117004749
2,rs7568311,0,117184949
2,rs2421756,0,117308580
2,rs10496530,0,117409757
2,rs4438486,0,117438168
2,rs4305291,0,117438243
2,rs6758551,0,117442935
2,rs9646903,0,117531115
2,rs17046639,0,117563098
2,rs6746455,0,117662663
2,rs333870,0,117665796
2,rs333866,0,117669344
2,rs1869309,0,117784178
2,rs1400127,0,117868747
2,rs6748738,0,117871524
2,rs952973,0,117922795
2,rs6542375,0,118024517
2,rs1878114,0,118071791
2,rs6741154,0,118080155
2,rs2010568,0,118112442
2,rs204873,0,118238076
2,rs17047402,0,118262410
2,rs11690896,0,118507870
2,rs3849327,0,118588897
2,rs17768352,0,118604967
2,rs6705504,0,118619993
2,rs3849331,0,118624828
2,rs3914668,0,118695360
2,rs17047898,0,118717054
2,rs11886017,0,119131945
2,rs332103,0,119165642
2,rs332694,0,119220399
2,rs332073,0,119224454
2,rs332681,0,119229044
2,rs12478002,0,119328734
2,rs13423915,0,119332217
2,rs1438846,0,119356911
2,rs330767,0,119581807
2,rs13429515,0,119582444
2,rs13425098,0,119621617
2,rs3731606,0,119719277
2,rs7598576,0,119821330
2,rs13031771,0,119831547
2,rs7591084,0,119907381
2,rs17015893,0,119919758
2,rs2579612,0,119988253
2,rs4260253,0,120066736
2,rs2272057,0,120104598
2,rs939775,0,120124870
2,rs1521911,0,120125821
2,rs4849797,0,120155929
2,rs6542545,0,120186463
2,rs6542547,0,120200605
2,rs971651,0,120215230
2,rs34265631,0,120234063
2,rs17624445,0,120653241
2,rs4849836,0,120676757
2,rs4849857,0,120786392
2,rs6741251,0,120840111
2,rs4077985,0,120890630
2,rs11123557,0,120965384
2,rs7568190,0,121070128
2,rs4849911,0,121075411
2,rs10206072,0,121089936
2,rs11122803,0,121094994
2,rs4848613,0,121149926
2,rs4848110,0,121188006
2,rs13424850,0,121267018
2,rs12185756,0,121304720
2,rs6748503,0,121567005
2,rs13404201,0,121577911
2,rs13420449,0,121602318
2,rs13015322,0,121646628
2,rs12988595,0,121646688
2,rs11694438,0,121650343
2,rs11679589,0,121651527
2,rs6716980,0,121684708
2,rs750416,0,121714168
2,rs934940,0,121812488
2,rs10221741,0,121821453
2,rs6735895,0,121840107
2,rs10221922,0,121995817
2,rs10176760,0,122034792
2,rs6541785,0,122043188
2,rs6757238,0,122164666
2,rs10864871,0,122290487
2,rs6541806,0,122302702
2,rs11889169,0,122344831
2,rs13392720,0,122527630
2,rs1219898,0,122540950
2,rs10164754,0,122572009
2,rs12986470,0,122592824
2,rs7589005,0,122656430
2,rs1973860,0,122883523
2,rs7589494,0,122886929
2,rs4848771,0,122896220
2,rs1453684,0,122935187
2,rs2602683,0,122965436
2,rs1527242,0,123004207
2,rs993335,0,123018576
2,rs6704664,0,123019263
2,rs1080548,0,123024644
2,rs999492,0,123048824
2,rs1371493,0,123137097
2,rs17009017,0,123444280
2,rs11674052,0,123459444
2,rs299559,0,123566925
2,rs7569433,0,123611862
2,rs1519283,0,123778001
2,rs1534188,0,123904518
2,rs6737930,0,124035898
2,rs13403945,0,124099377
2,rs4848883,0,124122962
2,rs17010412,0,124186228
2,rs1159139,0,124193341
2,rs11123009,0,124289666
2,rs1214079,0,124427988
2,rs17010669,0,124432258
2,rs13022471,0,124464716
2,rs1213956,0,124522909
2,rs17319464,0,124642983
2,rs4278930,0,124918220
2,rs1504011,0,125025589
2,rs7601703,0,125029491
2,rs6760693,0,125034693
2,rs13385718,0,125141350
2,rs1905205,0,125190392
2,rs900392,0,125194453
2,rs2123855,0,125243245
2,rs10190995,0,125458170
2,rs7584945,0,125493079
2,rs10451603,0,125848506
2,rs6741779,0,125862369
2,rs17012583,0,125908333
2,rs10185927,0,125928219
2,rs11678363,0,125937068
2,rs6542014,0,126172814
2,rs3886717,0,126407106
2,rs11883592,0,126496224
2,rs1350067,0,126514148
2,rs12478275,0,126535588
2,rs13029264,0,126552797
2,rs17013445,0,126704900
2,rs374585,0,126712612
2,rs2634786,0,126904354
2,rs13005708,0,126985212
2,rs10196520,0,127055406
2,rs7596310,0,127056545
2,rs4663038,0,127139536
2,rs10164664,0,127190350
2,rs2001624,0,127195720
2,rs11682397,0,127254771
2,rs1545149,0,127460878
2,rs13024600,0,127470996
2,rs9287565,0,127487025
2,rs17694125,0,127506111
2,rs10496659,0,127509335
2,rs6743470,0,127584905
2,rs1566823,0,127734662
2,rs10496661,0,127806614
2,rs7580658,0,127875731
2,rs2069904,0,127892249
2,rs12478656,0,127912990
2,rs3889307,0,127938026
2,rs4662582,0,127943311
2,rs10928769,0,127954224
2,rs2099209,0,128008660
2,rs12616100,0,128011525
2,rs11693296,0,128057325
2,rs2245711,0,128095033
2,rs7608516,0,128162347
2,rs800861,0,128190796
2,rs17599575,0,128197443
2,rs705048,0,128267840
2,rs2109315,0,128295310
2,rs1045832,0,128337564
2,rs10177174,0,128705634
2,rs6742117,0,128723843
2,rs6731871,0,128729627
2,rs6735124,0,128729874
2,rs6431005,0,128743219
2,rs2405747,0,128748295
2,rs4143782,0,128762235
2,rs12986656,0,128775554
2,rs840885,0,128794436
2,rs13388923,0,128814346
2,rs11696048,0,128842783
2,rs13384975,0,128843171
2,rs13390327,0,128994175
2,rs6713276,0,129064651
2,rs13400950,0,129178675
2,rs3845655,0,129188125
2,rs4662834,0,129195312
2,rs6749328,0,129214215
2,rs11678966,0,129259629
2,rs11896348,0,129264845
2,rs12692083,0,129265753
2,rs4662631,0,129501193
2,rs4662634,0,129528262
2,rs7573598,0,129629619
2,rs13416941,0,129720050
2,rs13001721,0,129825783
2,rs17049447,0,129899370
2,rs11685820,0,129906506
2,rs11685900,0,129906669
2,rs17049466,0,129913618
2,rs12617480,0,130030405
2,rs4662974,0,130142742
2,rs10181675,0,130169701
2,rs4662660,0,130182350
2,rs4662986,0,130186378
2,rs6431114,0,130335521
2,rs1968676,0,130655758
2,rs12994812,0,130858112
2,rs272152,0,131196881
2,rs272128,0,131204143
2,rs7567322,0,131244171
2,rs16856228,0,131350315
2,rs272141,0,131354491
2,rs7370154,0,131380783
2,rs16856518,0,131541401
2,rs11895872,0,131611700
2,rs7607806,0,132039196
2,rs4850234,0,132144891
2,rs9967740,0,132533070
2,rs17396006,0,133048464
2,rs10194752,0,133104209
2,rs7562087,0,133124227
2,rs2315599,0,133126367
2,rs11887210,0,133159974
2,rs9287423,0,133168925
2,rs1430629,0,133208643
2,rs13389282,0,133324474
2,rs13411777,0,133362067
2,rs6430381,0,133436085
2,rs16845733,0,133499241
2,rs16845741,0,133500716
2,rs16857050,0,133605196
2,rs6430398,0,133637926
2,rs10496698,0,133639815
2,rs10496704,0,133760601
2,rs2874399,0,133961873
2,rs16826261,0,134001423
2,rs16827348,0,134114895
2,rs2321201,0,134136406
2,rs7571689,0,134153139
2,rs1901440,0,134154429
2,rs7569669,0,134156409
2,rs1037137,0,134251965
2,rs10496713,0,134262951
2,rs6430452,0,134265289
2,rs4589813,0,134266330
2,rs744129,0,134268496
2,rs4954079,0,134291151
2,rs20349,0,134292719
2,rs882672,0,134321086
2,rs11886330,0,134336738
2,rs12475141,0,134358209
2,rs6736758,0,134433422
2,rs4953900,0,134547589
2,rs4954126,0,134768541
2,rs10172155,0,134810886
2,rs10469582,0,134862013
2,rs6759078,0,134872056
2,rs3791320,0,134904472
2,rs535900,0,134918925
2,rs2439568,0,134925612
2,rs7565308,0,134938219
2,rs13385720,0,134976670
2,rs4440018,0,135153875
2,rs13383547,0,135155659
2,rs16831001,0,135251264
2,rs13390951,0,135298598
2,rs10184868,0,135318227
2,rs3814358,0,135340478
2,rs16831351,0,135596535
2,rs16831432,0,135675742
2,rs16831433,0,135676481
2,rs7605229,0,135945357
2,rs2289959,0,136140374
2,rs12615624,0,136438073
2,rs6745602,0,136789254
2,rs5011376,0,136804060
2,rs7589775,0,136804073
2,rs4528821,0,136830992
2,rs1430352,0,136971394
2,rs16834638,0,136982215
2,rs7562765,0,137220828
2,rs1649570,0,137339051
2,rs548794,0,137368148
2,rs11884290,0,137435681
2,rs10928587,0,137484661
2,rs6727323,0,137531274
2,rs4340584,0,137537785
2,rs6430679,0,137568662
2,rs11886051,0,137643028
2,rs6744992,0,137648612
2,rs10153631,0,137677389
2,rs6430694,0,137692057
2,rs10195563,0,137709884
2,rs12618360,0,137729543
2,rs12623085,0,137748042
2,rs4954376,0,137854832
2,rs16838999,0,137977217
2,rs7563139,0,138041133
2,rs1375357,0,138072204
2,rs7596424,0,138374361
2,rs12991572,0,138420362
2,rs2071048,0,138438067
2,rs3100725,0,138459636
2,rs16840203,0,138522073
2,rs10205475,0,138554765
2,rs4553876,0,138878614
2,rs6430794,0,138883539
2,rs12468073,0,138946157
2,rs12612989,0,138948491
2,rs4432511,0,138980114
2,rs4629211,0,138994974
2,rs10928663,0,139205887
2,rs4130252,0,139208481
2,rs10200922,0,139246709
2,rs4257340,0,139271504
2,rs1385417,0,139469745
2,rs7561649,0,139605931
2,rs6716603,0,139614411
2,rs34796301,0,139658383
2,rs17707488,0,139741445
2,rs12992680,0,139767163
2,rs10171364,0,139818486
2,rs17710801,0,139849587
2,rs13024957,0,139861158
2,rs13384713,0,139908405
2,rs13408369,0,139966976
2,rs16842553,0,140034435
2,rs10496823,0,140035465
2,rs1550259,0,140186083
2,rs12464074,0,140217143
2,rs10928725,0,140269611
2,rs7590643,0,140296883
2,rs10206250,0,140304731
2,rs4452083,0,140305538
2,rs16842974,0,140324759
2,rs10182878,0,140362673
2,rs13035654,0,140368755
2,rs10496830,0,140382792
2,rs1401939,0,140384674
2,rs1405933,0,140546178
2,rs16843644,0,140716772
2,rs13393822,0,140841422
2,rs2380790,0,140873306
2,rs1518436,0,140896937
2,rs4589693,0,141001530
2,rs17591870,0,141012579
2,rs1564933,0,141057096
2,rs16844473,0,141150515
2,rs185959,0,141234122
2,rs16844695,0,141263390
2,rs13432282,0,141288579
2,rs10166257,0,141320756
2,rs7349387,0,141344532
2,rs16844912,0,141358187
2,rs7562670,0,141394101
2,rs16845015,0,141430306
2,rs2140872,0,141558330
2,rs13426911,0,141604284
2,rs13016322,0,141639674
2,rs17543266,0,141790341
2,rs1402470,0,141835872
2,rs11896157,0,142175485
2,rs10469560,0,142213455
2,rs13013316,0,142401794
2,rs11902882,0,142403772
2,rs6735141,0,142468480
2,rs10185217,0,142487218
2,rs1900933,0,142529190
2,rs10172743,0,142704765
2,rs1446355,0,142710798
2,rs7607584,0,142715513
2,rs4662554,0,142971026
2,rs2028967,0,142990138
2,rs16857472,0,143015195
2,rs1447200,0,143050529
2,rs16857671,0,143068614
2,rs16857690,0,143077209
2,rs1017751,0,143097554
2,rs17180890,0,143108267
2,rs10189091,0,143188470
2,rs2840085,0,143250111
2,rs3806485,0,143350485
2,rs16858198,0,143357580
2,rs187133,0,143636856
2,rs17814575,0,143771023
2,rs12328672,0,143772718
2,rs11681284,0,143773914
2,rs16822430,0,143863945
2,rs13393509,0,144099874
2,rs12986858,0,144219915
2,rs1882626,0,144243858
2,rs10185589,0,144304041
2,rs1257351,0,144347638
2,rs6713567,0,144364299
2,rs2381516,0,144381455
2,rs12467836,0,144401728
2,rs1469474,0,144481137
2,rs9287357,0,144515664
2,rs7572015,0,144541868
2,rs6707998,0,144608828
2,rs7571370,0,144612202
2,rs13033857,0,144680683
2,rs10206546,0,144837809
2,rs4662380,0,145032877
2,rs4471836,0,145191615
2,rs1438901,0,145470967
2,rs13386034,0,145476369
2,rs7604735,0,145556125
2,rs41351349,0,145667843
2,rs17409360,0,145723325
2,rs1445304,0,145762814
2,rs16824790,0,145822988
2,rs1996289,0,145824850
2,rs10427255,0,145841993
2,rs1516136,0,145845693
2,rs1996286,0,145849942
2,rs7580214,0,145866546
2,rs11683083,0,146143266
2,rs6724640,0,146283881
2,rs13010057,0,146459249
2,rs13422402,0,146554586
2,rs2194675,0,146648713
2,rs16826070,0,146651823
2,rs10432337,0,146912761
2,rs12991297,0,147196035
2,rs6430134,0,147247225
2,rs16827336,0,147895653
2,rs1371031,0,147902342
2,rs6733608,0,147908977
2,rs1344983,0,147910119
2,rs7563149,0,147983307
2,rs723529,0,147993393
2,rs2049743,0,148139493
2,rs1950047,0,148145083
2,rs13005423,0,148269776
2,rs6711560,0,148643494
2,rs12463708,0,148790414
2,rs1108567,0,149000538
2,rs7592501,0,149053581
2,rs16829066,0,149089920
2,rs11688979,0,149090291
2,rs2890932,0,149311497
2,rs11899232,0,149361874
2,rs7568726,0,149370361
2,rs4130558,0,149521137
2,rs7559952,0,149551286
2,rs6726682,0,149563228
2,rs6436316,0,149588143
2,rs16826436,0,149629056
2,rs406523,0,149713201
2,rs10207105,0,149782492
2,rs12614396,0,149809140
2,rs16826803,0,149841974
2,rs4667444,0,149871364
2,rs12618689,0,149914315
2,rs888102,0,150030492
2,rs10186954,0,150073523
2,rs10203060,0,150086265
2,rs9710823,0,150409340
2,rs16827518,0,150436182
2,rs331112,0,150564083
2,rs330648,0,150612917
2,rs330625,0,150619405
2,rs170702,0,150627708
2,rs16827779,0,150665263
2,rs330604,0,150699615
2,rs492161,0,150699986
2,rs6727863,0,150724320
2,rs16828277,0,151075387
2,rs11676530,0,151175489
2,rs16828387,0,151183245
2,rs4355108,0,151195859
2,rs10203897,0,151278525
2,rs10195263,0,151434038
2,rs2214893,0,151458219
2,rs16828865,0,151462848
2,rs12328269,0,151482889
2,rs6433060,0,151490249
2,rs1485107,0,151541753
2,rs1905744,0,151544451
2,rs16829505,0,151671347
2,rs3940993,0,151676950
2,rs3771882,0,151835212
2,rs4338956,0,152087531
2,rs13005519,0,152385601
2,rs3768658,0,152385920
2,rs16830490,0,152504308
2,rs16830513,0,152531394
2,rs17270394,0,152552320
2,rs11900926,0,152563287
2,rs4664531,0,152694287
2,rs3768649,0,152711350
2,rs12614451,0,152720776
2,rs4368329,0,152740839
2,rs2345887,0,152834009
2,rs6722740,0,152901944
2,rs2345873,0,152956650
2,rs2345874,0,152959722
2,rs10193625,0,153022450
2,rs13427485,0,153086232
2,rs12474927,0,153099828
2,rs10193104,0,153123190
2,rs7574348,0,153132631
2,rs10497108,0,153146684
2,rs3811573,0,153148960
2,rs10439306,0,153152135
2,rs16831437,0,153178237
2,rs16831451,0,153184050
2,rs4664599,0,153201011
2,rs1561267,0,153201156
2,rs6738344,0,153206156
2,rs12693429,0,153212798
2,rs3762503,0,153231209
2,rs1437677,0,153236382
2,rs7598878,0,153282512
2,rs4664606,0,153286359
2,rs1128804,0,153325666
2,rs3175,0,153327019
2,rs9677873,0,153344718
2,rs4664612,0,153345181
2,rs7593238,0,153378432
2,rs6434230,0,153427248
2,rs9789587,0,153452427
2,rs4664127,0,153454116
2,rs2227,0,153456434
2,rs7558749,0,153530305
2,rs17813970,0,153710398
2,rs4664649,0,153766618
2,rs1371392,0,153778421
2,rs767363,0,153792538
2,rs9283502,0,153859714
2,rs16832972,0,153953665
2,rs1940266,0,154124417
2,rs7564934,0,154125516
2,rs4664146,0,154139645
2,rs4330072,0,154141995
2,rs7565204,0,154143333
2,rs1940269,0,154144922
2,rs1940268,0,154144981
2,rs10206675,0,154148767
2,rs16834074,0,154269265
2,rs16834143,0,154290496
2,rs1372388,0,154305442
2,rs11690681,0,154319227
2,rs10183136,0,154328054
2,rs11683668,0,154334300
2,rs6760170,0,154358304
2,rs11691174,0,154482914
2,rs1013694,0,154569594
2,rs9288324,0,154807392
2,rs2113477,0,154815553
2,rs12693973,0,154879385
2,rs10176531,0,154893023
2,rs10490527,0,154922118
2,rs707034,0,154922529
2,rs1991081,0,154978377
2,rs13420537,0,155006641
2,rs13419570,0,155011806
2,rs16837783,0,155079108
2,rs1589832,0,155088784
2,rs11899123,0,155106545
2,rs16837891,0,155188531
2,rs10932132,0,155189832
2,rs2971911,0,155381989
2,rs13030348,0,155403300
2,rs10205531,0,155584902
2,rs13014709,0,155732189
2,rs6435732,0,155931280
2,rs10209181,0,156066483
2,rs4401171,0,156096079
2,rs11679712,0,156173260
2,rs843236,0,156192075
2,rs707120,0,156204753
2,rs16839935,0,156624725
2,rs13011491,0,156692334
2,rs4664804,0,156816639
2,rs10175502,0,156880360
2,rs16840227,0,156882314
2,rs298225,0,156930279
2,rs297598,0,157076499
2,rs7591462,0,157139667
2,rs12993820,0,157204373
2,rs16840623,0,157214357
2,rs7601643,0,157219937
2,rs6706146,0,157223806
2,rs6721565,0,157226944
2,rs10497163,0,157248207
2,rs4664835,0,157285636
2,rs6735613,0,157564308
2,rs16841206,0,157586953
2,rs1580359,0,157696587
2,rs16841415,0,157802986
2,rs16841611,0,157885735
2,rs155605,0,157958138
2,rs6437106,0,158118442
2,rs13383985,0,158164226
2,rs13430078,0,158218083
2,rs13395576,0,158293795
2,rs9288697,0,158403064
2,rs2883604,0,158445585
2,rs2204088,0,158794281
2,rs13413279,0,158803431
2,rs2204085,0,158816861
2,rs13428319,0,158817058
2,rs10180408,0,159204833
2,rs2711063,0,159218232
2,rs3771673,0,159218637
2,rs2528582,0,159219409
2,rs1055579,0,159247680
2,rs4664990,0,159250935
2,rs16843215,0,159251987
2,rs10208144,0,159324618
2,rs967381,0,159331492
2,rs16843332,0,159337045
2,rs4665005,0,159337664
2,rs3914570,0,159369731
2,rs16843561,0,159584086
2,rs264594,0,159687499
2,rs6741790,0,159745900
2,rs174244,0,159872433
2,rs242514,0,160188327
2,rs1469350,0,160409470
2,rs12692577,0,160490442
2,rs1995950,0,160508874
2,rs3792174,0,160570960
2,rs16844742,0,160639530
2,rs13000870,0,160670897
2,rs1430,0,160882939
2,rs12692593,0,160905114
2,rs7579523,0,160930545
2,rs10176456,0,161026250
2,rs978673,0,161427227
2,rs4664386,0,161453483
2,rs1404358,0,161454788
2,rs1629345,0,161513963
2,rs1710644,0,161523448
2,rs12615294,0,161530547
2,rs197273,0,161602909
2,rs1114337,0,161624989
2,rs6432689,0,162088006
2,rs6734760,0,162468441
2,rs12474587,0,162511239
2,rs12619850,0,162523069
2,rs13409045,0,162588629
2,rs11691329,0,162597732
2,rs10930040,0,162603012
2,rs4664446,0,162618649
2,rs7608181,0,162746172
2,rs7567026,0,162908924
2,rs16846633,0,162919737
2,rs13389236,0,162929704
2,rs307869,0,163469837
2,rs16847639,0,163489480
2,rs1834224,0,163529784
2,rs1345959,0,163536361
2,rs2113700,0,163597532
2,rs2451284,0,163668679
2,rs6432749,0,163703341
2,rs16848136,0,163752543
2,rs1462165,0,163924064
2,rs1899112,0,164086114
2,rs7568319,0,164481899
2,rs13002621,0,164623525
2,rs1446470,0,164667456
2,rs2892897,0,164681893
2,rs12614440,0,164712353
2,rs1470048,0,164821416
2,rs11891062,0,164835084
2,rs2118884,0,164871451
2,rs12990422,0,164882054
2,rs9287848,0,164943733
2,rs2100323,0,164971463
2,rs10192863,0,164983781
2,rs2198225,0,164984842
2,rs12464219,0,165035516
2,rs3828191,0,165058148
2,rs671689,0,165060651
2,rs7568547,0,165071596
2,rs8192674,0,165073133
2,rs7604907,0,165116517
2,rs3923113,0,165210095
2,rs10490694,0,165256815
2,rs6705646,0,165275941
2,rs7586858,0,165281948
2,rs3769888,0,165306544
2,rs355900,0,165346316
2,rs10497251,0,165447260
2,rs1509104,0,165455506
2,rs16849912,0,165460253
2,rs6722927,0,165530135
2,rs10190215,0,165542482
2,rs16850017,0,165570849
2,rs1377961,0,165573685
2,rs10200289,0,165592861
2,rs1595795,0,165618858
2,rs7574918,0,165647425
2,rs1439807,0,165708114
2,rs4667790,0,165726501
2,rs3806542,0,165769457
2,rs1866603,0,165797235
2,rs6718960,0,165803974
2,rs1446579,0,165831847
2,rs353114,0,165846256
2,rs6722792,0,166088761
2,rs7557669,0,166135235
2,rs13423840,0,166329659
2,rs4621175,0,166357038
2,rs13394566,0,166423619
2,rs749773,0,166441984
2,rs6750044,0,166482217
2,rs7581810,0,166497211
2,rs3812718,0,166617790
2,rs6722462,0,166639772
2,rs16851478,0,166645366
2,rs4667872,0,166666340
2,rs552161,0,166694292
2,rs519110,0,166695593
2,rs6432894,0,166847226
2,rs1528481,0,166921543
2,rs1010577,0,166950369
2,rs16852112,0,166970334
2,rs13029092,0,167027829
2,rs2293567,0,167036996
2,rs10497291,0,167133794
2,rs1588352,0,167192976
2,rs12616058,0,167354738
2,rs7586086,0,167364591
2,rs7605911,0,167410346
2,rs16853370,0,167830602
2,rs6731860,0,167836975
2,rs10186558,0,167884659
2,rs6759363,0,168359574
2,rs2441371,0,168360118
2,rs16854351,0,168449083
2,rs2063958,0,168718905
2,rs2390639,0,168738010
2,rs16855092,0,168755992
2,rs6747978,0,168765002
2,rs6751410,0,168778544
2,rs2123194,0,168913149
2,rs2444058,0,168919778
2,rs7559622,0,168959129
2,rs1453405,0,169016477
2,rs16855373,0,169047054
2,rs10202908,0,169086538
2,rs17808500,0,169093834
2,rs12463569,0,169122626
2,rs7605770,0,169137081
2,rs1863147,0,169209179
2,rs6729730,0,169322289
2,rs4233821,0,169340971
2,rs573225,0,169465787
2,rs16856207,0,169479886
2,rs519887,0,169489131
2,rs485094,0,169490599
2,rs551754,0,169495932
2,rs3755160,0,169525649
2,rs16856314,0,169531338
2,rs11568364,0,169533229
2,rs2287623,0,169538401
2,rs4148783,0,169541217
2,rs13384680,0,169543336
2,rs7563233,0,169550992
2,rs11568377,0,169561466
2,rs6761690,0,169579578
2,rs3755161,0,169583488
2,rs11892966,0,169583982
2,rs13393726,0,169587943
2,rs4233823,0,169599137
2,rs7577650,0,169599456
2,rs6705785,0,170236737
2,rs6750738,0,170307619
2,rs12692924,0,170337547
2,rs10199673,0,170399715
2,rs4566332,0,170653878
2,rs9287930,0,170658294
2,rs13395562,0,170676473
2,rs4667617,0,170676660
2,rs12464547,0,170735367
2,rs6739145,0,170769029
2,rs7584516,0,170775312
2,rs7565000,0,170782611
2,rs6729519,0,170786180
2,rs4668224,0,170790629
2,rs10211441,0,170794365
2,rs1549343,0,170802031
2,rs2883655,0,171034567
2,rs4668261,0,171052535
2,rs10189587,0,171053523
2,rs4668263,0,171059952
2,rs2110733,0,171155888
2,rs2160231,0,171186648
2,rs7574074,0,171256739
2,rs35095207,0,171265830
2,rs10201752,0,171275214
2,rs3791860,0,171397667
2,rs701492,0,171410726
2,rs1035825,0,171674195
2,rs10177560,0,171721975
2,rs7566096,0,171816068
2,rs4566333,0,171973993
2,rs12995009,0,172203753
2,rs9653291,0,172205633
2,rs1033217,0,172218404
2,rs16859809,0,172310871
2,rs1443700,0,172554503
2,rs11695630,0,172559798
2,rs17581509,0,172561659
2,rs10174055,0,172566460
2,rs3791344,0,172672449
2,rs17218404,0,172717152
2,rs13413690,0,172753618
2,rs9287950,0,172770405
2,rs6735491,0,172775045
2,rs13019357,0,172779484
2,rs10204599,0,172802172
2,rs10164474,0,172804670
2,rs6721348,0,172826755
2,rs12471128,0,172863964
2,rs10930541,0,172867550
2,rs6742057,0,172873741
2,rs4427989,0,172886736
2,rs4395225,0,172902379
2,rs4972502,0,172910701
2,rs10166912,0,172982996
2,rs1920984,0,173005671
2,rs10210544,0,173022585
2,rs1076597,0,173035519
2,rs7564654,0,173065647
2,rs3820852,0,173388331
2,rs2676511,0,173425553
2,rs2592938,0,173538953
2,rs6734119,0,173542694
2,rs11685193,0,173572738
2,rs3769188,0,173712253
2,rs698252,0,173890908
2,rs3816061,0,173940322
2,rs4972556,0,173948535
2,rs17701274,0,174016891
2,rs6712841,0,174021646
2,rs7567348,0,174080038
2,rs2015608,0,174080136
2,rs949544,0,174126434
2,rs10168874,0,174145784
2,rs1006815,0,174288870
2,rs6718308,0,174318579
2,rs12614526,0,174545413
2,rs9287971,0,174639998
2,rs16862364,0,174675759
2,rs17239377,0,174688585
2,rs1595796,0,174706829
2,rs16862429,0,174728555
2,rs6749799,0,174730921
2,rs7423096,0,174787508
2,rs7602123,0,175073764
2,rs7590001,0,175091061
2,rs6755710,0,175146497
2,rs1991600,0,175203557
2,rs11694307,0,175294756
2,rs7558477,0,175382066
2,rs2646167,0,175400191
2,rs11904103,0,175444256
2,rs17288308,0,175584822
2,rs6736834,0,175607945
2,rs12995802,0,175608179
2,rs1153719,0,175612435
2,rs268230,0,175755108
2,rs1982235,0,175756152
2,rs1433233,0,175801602
2,rs268165,0,175808274
2,rs12611773,0,175843371
2,rs268176,0,175851379
2,rs16863112,0,175855075
2,rs4972469,0,175977283
2,rs16863195,0,176038612
2,rs6706646,0,176248649
2,rs1348844,0,176339566
2,rs4972487,0,176414832
2,rs2360945,0,176583689
2,rs34727427,0,176724974
2,rs2301301,0,176740513
2,rs7571183,0,176871680
2,rs3754986,0,176898714
2,rs2689951,0,176907092
2,rs818361,0,176918757
2,rs16863792,0,176990201
2,rs10183544,0,177172192
2,rs938278,0,177256759
2,rs16864357,0,177300955
2,rs12693106,0,177383118
2,rs16864468,0,177383238
2,rs13005005,0,177425936
2,rs6753026,0,177474441
2,rs10930761,0,177477668
2,rs12693109,0,177608520
2,rs4894235,0,177613757
2,rs17683237,0,177637930
2,rs1358622,0,177638435
2,rs6738981,0,177666788
2,rs1551288,0,177863085
2,rs10179735,0,177905115
2,rs1901826,0,177933512
2,rs1348848,0,178066479
2,rs1374437,0,178071669
2,rs2178017,0,178083034
2,rs3850165,0,178138849
2,rs6717572,0,178178640
2,rs1106074,0,178215664
2,rs16865756,0,178329956
2,rs7574975,0,178571360
2,rs1527296,0,178602031
2,rs1025598,0,178629888
2,rs10211367,0,178636671
2,rs13392603,0,178671691
2,rs334062,0,178708537
2,rs6719178,0,178795327
2,rs4133879,0,178896032
2,rs10497522,0,179360292
2,rs3769858,0,179376051
2,rs4893858,0,179471954
2,rs10166147,0,179488869
2,rs1961416,0,179579417
2,rs16866620,0,179622592
2,rs16866624,0,179645015
2,rs2289994,0,179685497
2,rs13382185,0,179767872
2,rs1907423,0,179853779
2,rs3749123,0,180016028
2,rs1400820,0,180082843
2,rs9288039,0,180085545
2,rs6715181,0,180105032
2,rs12620539,0,180105418
2,rs11888508,0,180114026
2,rs12053119,0,180331078
2,rs1480706,0,180417152
2,rs10185471,0,180417851
2,rs2219670,0,180421454
2,rs16867040,0,180425906
2,rs2367797,0,180432755
2,rs7588510,0,180440654
2,rs2367347,0,180503532
2,rs1046356,0,180518447
2,rs3845702,0,180556733
2,rs16867131,0,180556896
2,rs11884030,0,180717079
2,rs1534692,0,180771042
2,rs11675392,0,180783162
2,rs16867269,0,180802572
2,rs7578753,0,180809183
2,rs6724701,0,180968192
2,rs6414101,0,180996451
2,rs1840108,0,181074496
2,rs13021392,0,181093646
2,rs13025932,0,181125254
2,rs1919143,0,181135865
2,rs766598,0,181185903
2,rs34842451,0,181188770
2,rs17667472,0,181322780
2,rs4667005,0,181570824
2,rs4508560,0,181575430
2,rs4667020,0,181596567
2,rs1946895,0,181822023
2,rs10187534,0,181864445
2,rs12616514,0,181912364
2,rs16867415,0,181924117
2,rs17224277,0,182048689
2,rs971741,0,182123343
2,rs11686899,0,182158102
2,rs3108789,0,182625507
2,rs1400008,0,182676513
2,rs12612546,0,182752853
2,rs7589989,0,182755408
2,rs17366503,0,182777089
2,rs10930993,0,182792971
2,rs2568675,0,182816730
2,rs6726543,0,182833270
2,rs17356152,0,183000937
2,rs17356200,0,183013154
2,rs10931023,0,183112207
2,rs955038,0,183161490
2,rs10497608,0,183175701
2,rs4490144,0,183188791
2,rs288299,0,183365534
2,rs16823785,0,183395567
2,rs16823787,0,183401036
2,rs288320,0,183406478
2,rs288325,0,183411075
2,rs288248,0,183420593
2,rs12473127,0,183434276
2,rs10803961,0,183435174
2,rs4539758,0,183466460
2,rs7510,0,183497894
2,rs16823967,0,183647606
2,rs2675098,0,183713851
2,rs11684526,0,183842987
2,rs16824259,0,183884847
2,rs10197820,0,183889922
2,rs7556885,0,183919473
2,rs2204709,0,184170494
2,rs1377760,0,184224494
2,rs10176147,0,184378789
2,rs826154,0,184383495
2,rs12475510,0,184436658
2,rs2043922,0,184447610
2,rs4303682,0,184565829
2,rs4396672,0,184598790
2,rs10754999,0,184615182
2,rs10803972,0,184763972
2,rs6735475,0,184835014
2,rs13005060,0,184842482
2,rs1455885,0,184866619
2,rs41434646,0,184868757
2,rs1378668,0,184872000
2,rs13416635,0,184872151
2,rs12473132,0,184989106
2,rs6759838,0,184992674
2,rs10207872,0,185008886
2,rs1036872,0,185048166
2,rs2114549,0,185078256
2,rs13426842,0,185208876
2,rs2054548,0,185210269
2,rs11894278,0,185223496
2,rs6738793,0,185230401
2,rs6730122,0,185275696
2,rs7564941,0,185444058
2,rs10931156,0,185505932
2,rs12469739,0,185954617
2,rs16826790,0,185963333
2,rs988937,0,186245156
2,rs10931190,0,186263066
2,rs10084180,0,186329034
2,rs11884071,0,186350809
2,rs10931199,0,186363971
2,rs16827305,0,186521308
2,rs2370510,0,186537078
2,rs11689385,0,186629690
2,rs2029233,0,186639425
2,rs10497667,0,186752103
2,rs3107423,0,186801335
2,rs13431396,0,186851649
2,rs2119861,0,187075997
2,rs1992898,0,187199385
2,rs13006571,0,187201209
2,rs9333289,0,187206352
2,rs13422838,0,187211091
2,rs13010811,0,187693770
2,rs6747392,0,187834764
2,rs2048487,0,187871270
2,rs12104503,0,188005378
2,rs8176592,0,188040937
2,rs8176542,0,188049179
2,rs4667175,0,188149094
2,rs16829228,0,188261319
2,rs6747576,0,188341542
2,rs2139631,0,188348899
2,rs7560413,0,188479541
2,rs10497691,0,188514907
2,rs4667203,0,188568362
2,rs4667205,0,188568715
2,rs2165150,0,188587450
2,rs11685656,0,188615962
2,rs2043945,0,188632575
2,rs1371530,0,188661378
2,rs12992671,0,188694420
2,rs13015608,0,188725744
2,rs6738105,0,188740798
2,rs4527172,0,188762356
2,rs7589600,0,188867337
2,rs9288155,0,188918085
2,rs7421510,0,189097674
2,rs12987561,0,189138827
2,rs13396968,0,189144573
2,rs16830208,0,189175782
2,rs6717231,0,189604415
2,rs13383261,0,189621993
2,rs10181597,0,189662472
2,rs939156,0,189891430
2,rs10804029,0,189912358
2,rs9808245,0,189919136
2,rs4667280,0,189940207
2,rs11685197,0,190120622
2,rs11539983,0,190133719
2,rs11568350,0,190138341
2,rs7604386,0,190189727
2,rs2196670,0,190325206
2,rs6760268,0,190604028
2,rs1011584,0,190606463
2,rs2562802,0,190652296
2,rs4853637,0,190656360
2,rs16832588,0,190921157
2,rs4853694,0,190927518
2,rs2067392,0,190930358
2,rs909270,0,190941420
2,rs4536676,0,191076111
2,rs13003362,0,191161263
2,rs7599714,0,191200017
2,rs6434414,0,191382071
2,rs2883715,0,191402799
2,rs1914408,0,191548221
2,rs10167514,0,191568774
2,rs10173099,0,191575577
2,rs7355231,0,191578255
2,rs3024879,0,191612801
2,rs1400656,0,191643278
2,rs16833531,0,191799538
2,rs10188309,0,191831677
2,rs979967,0,191877666
2,rs1517838,0,191924998
2,rs1356448,0,192031800
2,rs4525637,0,192053822
2,rs13015182,0,192099233
2,rs12615079,0,192106709
2,rs6752735,0,192156406
2,rs6434494,0,192199698
2,rs7368902,0,192331367
2,rs12616974,0,192374781
2,rs4627504,0,192391984
2,rs7577607,0,192414794
2,rs7575939,0,192484435
2,rs4584974,0,192504860
2,rs7422307,0,192506049
2,rs3923556,0,192506233
2,rs7585690,0,192550467
2,rs2581256,0,192832777
2,rs10931557,0,193112153
2,rs1439664,0,193267259
2,rs10208842,0,193286131
2,rs1898920,0,193293055
2,rs11687813,0,193301037
2,rs6730654,0,193311175
2,rs6730696,0,193311341
2,rs6745599,0,193311353
2,rs1561511,0,193329443
2,rs7567586,0,193348325
2,rs12474870,0,193628435
2,rs16835141,0,193856285
2,rs10209930,0,194147336
2,rs13395241,0,194153774
2,rs10205140,0,194342947
2,rs1376696,0,194913285
2,rs8179736,0,194929853
2,rs10931642,0,194967976
2,rs981800,0,194989191
2,rs7563315,0,194998311
2,rs4321383,0,195024254
2,rs2360090,0,195053028
2,rs1590051,0,195056515
2,rs801295,0,195296890
2,rs10178702,0,195393595
2,rs11900563,0,195421045
2,rs13030671,0,195519979
2,rs12466584,0,195536005
2,rs7578216,0,195540933
2,rs11681386,0,195577217
2,rs10170325,0,195579760
2,rs2043128,0,195581649
2,rs1820974,0,195639565
2,rs12474423,0,195724218
2,rs11695130,0,195742430
2,rs7424430,0,195746806
2,rs4850595,0,195772644
2,rs12621054,0,196001638
2,rs1039375,0,196003538
2,rs4850633,0,196178806
2,rs41416845,0,196239912
2,rs17627135,0,196370244
2,rs6752056,0,196425794
2,rs419784,0,196471081
2,rs2889144,0,196622078
2,rs7558876,0,196884193
2,rs16849755,0,196905478
2,rs1113321,0,196941944
2,rs11902313,0,196959498
2,rs6434848,0,196972722
2,rs16852469,0,197061129
2,rs7557926,0,197088368
2,rs13427143,0,197093643
2,rs9288264,0,197109943
2,rs10189882,0,197123808
2,rs12329384,0,197140591
2,rs10497788,0,197140620
2,rs2376081,0,197215251
2,rs10182356,0,197422110
2,rs10931758,0,197430936
2,rs12614828,0,197676520
2,rs9288272,0,197763017
2,rs2564393,0,197839342
2,rs6715936,0,197856815
2,rs787998,0,197924337
2,rs699319,0,197990021
2,rs6745660,0,198057781
2,rs16866980,0,198221254
2,rs12620961,0,198466121
2,rs2342558,0,198628387
2,rs1379020,0,198846102
2,rs12471228,0,198860306
2,rs10167840,0,198949738
2,rs16830007,0,198959931
2,rs10804083,0,199076967
2,rs1608945,0,199406914
2,rs6714133,0,200040327
2,rs41495246,0,200139903
2,rs1551085,0,200168590
2,rs12233186,0,200337970
2,rs7569510,0,200561975
2,rs6414157,0,200581187
2,rs4673648,0,200599167
2,rs159321,0,200892958
2,rs1975583,0,200934147
2,rs17531736,0,200949660
2,rs842823,0,200962201
2,rs3820881,0,200962294
2,rs3769441,0,201026618
2,rs6435050,0,201037369
2,rs11885025,0,201041872
2,rs17532861,0,201171755
2,rs2465665,0,201186509
2,rs2465661,0,201208876
2,rs7563682,0,201247451
2,rs16834212,0,201298768
2,rs10179459,0,201304021
2,rs16834398,0,201337863
2,rs13028496,0,201353594
2,rs10186377,0,201399747
2,rs2307359,0,201514250
2,rs13028562,0,201554127
2,rs11889137,0,201555172
2,rs2518142,0,201733376
2,rs13034255,0,201743309
2,rs3754935,0,201827517
2,rs17199144,0,201830703
2,rs1045494,0,201860026
2,rs6715380,0,201922750
2,rs6726823,0,201925161
2,rs7585152,0,201948900
2,rs17384203,0,202197354
2,rs2540450,0,202200240
2,rs13029894,0,202480367
2,rs986769,0,202506262
2,rs7571877,0,202559360
2,rs6754409,0,202560792
2,rs4673221,0,202567683
2,rs13017290,0,202617342
2,rs10221698,0,202647899
2,rs1521882,0,202658096
2,rs1568534,0,202664065
2,rs10186301,0,202855805
2,rs6435146,0,202920474
2,rs7589059,0,203021883
2,rs17406900,0,203492447
2,rs13007533,0,203760399
2,rs2043449,0,203824935
2,rs10174606,0,203834708
2,rs2043444,0,203851371
2,rs12468888,0,203858950
2,rs1048013,0,203862797
2,rs11682759,0,203900446
2,rs4261696,0,203942560
2,rs2255047,0,203995378
2,rs13422031,0,204157348
2,rs4303699,0,204176719
2,rs3181096,0,204278337
2,rs3769683,0,204287042
2,rs17449312,0,204313588
2,rs231773,0,204439917
2,rs3116534,0,204542014
2,rs4675391,0,204550713
2,rs16840559,0,204602070
2,rs2353320,0,204603405
2,rs1991177,0,204759139
2,rs6725583,0,204802909
2,rs13407072,0,204822328
2,rs7581837,0,204822838
2,rs3940409,0,204823904
2,rs16824671,0,205052938
2,rs16836294,0,205094844
2,rs10932076,0,205170344
2,rs17595217,0,205261744
2,rs41440444,0,205271173
2,rs980388,0,205305239
2,rs17450826,0,205358634
2,rs236831,0,205519727
2,rs13313783,0,205538444
2,rs11693416,0,205553191
2,rs2063407,0,205555395
2,rs17188399,0,205739367
2,rs7597102,0,205747416
2,rs10490300,0,205785852
2,rs1540369,0,205858397
2,rs1207425,0,205863352
2,rs6435290,0,206128103
2,rs7566612,0,206140808
2,rs16837671,0,206364198
2,rs17387557,0,206369947
2,rs10197445,0,206414805
2,rs11903046,0,206444233
2,rs6435309,0,206444767
2,rs6729701,0,206497788
2,rs11679716,0,206500512
2,rs7574444,0,206531598
2,rs817992,0,206584504
2,rs818006,0,206625973
2,rs1564163,0,206694873
2,rs10198830,0,206696898
2,rs2010572,0,206772070
2,rs750505,0,206805778
2,rs34873750,0,206842455
2,rs6758398,0,206846724
2,rs1921666,0,207096781
2,rs12472480,0,207106802
2,rs4675625,0,207280061
2,rs879472,0,207360027
2,rs2241346,0,207365099
2,rs1862090,0,207400985
2,rs6755560,0,207426028
2,rs16838957,0,207443245
2,rs918343,0,207450875
2,rs2123525,0,207489384
2,rs11903403,0,207532629
2,rs10497886,0,207566368
2,rs6732038,0,207598380
2,rs13405169,0,207654585
2,rs16839150,0,207663403
2,rs16839351,0,207746963
2,rs741476,0,207789371
2,rs6435369,0,207811297
2,rs716630,0,207815074
2,rs2072570,0,207827288
2,rs2216782,0,207884477
2,rs10932191,0,207944495
2,rs6719582,0,207975855
2,rs6741811,0,208046696
2,rs12612195,0,208049830
2,rs2551654,0,208077201
2,rs10202862,0,208106221
2,rs7594560,0,208214124
2,rs2306433,0,208398526
2,rs2621469,0,208473943
2,rs11677782,0,208532296
2,rs12694096,0,208542472
2,rs12471242,0,208563380
2,rs6435402,0,208595869
2,rs1545503,0,208612065
2,rs4675723,0,208617577
2,rs10497894,0,208624672
2,rs1008487,0,208708658
2,rs971493,0,208710281
2,rs10932245,0,208745000
2,rs41474550,0,208751098
2,rs16840827,0,208849311
2,rs12624141,0,208885052
2,rs10932259,0,208893244
2,rs2363579,0,208917537
2,rs1465804,0,208922711
2,rs13014969,0,208956666
2,rs3820901,0,209058553
2,rs13398234,0,209215670
2,rs17664733,0,209230229
2,rs10210120,0,209234904
2,rs1356376,0,209237226
2,rs16841676,0,209284169
2,rs871394,0,209491412
2,rs11888538,0,209504118
2,rs10497917,0,209522342
2,rs1107012,0,209522823
2,rs870908,0,209522928
2,rs1402995,0,209644714
2,rs12694178,0,209915577
2,rs2365661,0,210100082
2,rs288071,0,210116661
2,rs16824918,0,210156015
2,rs6745316,0,210224102
2,rs9288412,0,210395105
2,rs6742553,0,210397792
2,rs2080158,0,210628681
2,rs16844119,0,210662556
2,rs2160020,0,210710058
2,rs6749141,0,210732054
2,rs10490318,0,211105970
2,rs10490327,0,211328126
2,rs969816,0,211352006
2,rs6733934,0,211446697
2,rs16845044,0,211449439
2,rs4520971,0,211473512
2,rs9288423,0,211590220
2,rs13016652,0,211635433
2,rs16845301,0,211677583
2,rs12694216,0,211693682
2,rs10804189,0,211697225
2,rs4673601,0,211778172
2,rs6758490,0,211821939
2,rs16845717,0,211825026
2,rs4442936,0,211847782
2,rs7599399,0,211855398
2,rs4462737,0,211865445
2,rs3791686,0,211966598
2,rs16846184,0,212013444
2,rs2030457,0,212084990
2,rs10200942,0,212087236
2,rs10804197,0,212093589
2,rs961593,0,212116799
2,rs16846476,0,212141297
2,rs7601664,0,212201009
2,rs12151786,0,212204208
2,rs16847178,0,212474887
2,rs12994785,0,212565670
2,rs1879637,0,212576869
2,rs2139938,0,212599382
2,rs1521543,0,212619013
2,rs939664,0,212746332
2,rs17344929,0,212762525
2,rs10497966,0,212821324
2,rs16848148,0,212851861
2,rs1505374,0,212900905
2,rs1394782,0,212909165
2,rs13383860,0,212962175
2,rs6726147,0,213025491
2,rs985995,0,213049859
2,rs4673694,0,213399236
2,rs2371791,0,213542169
2,rs13405747,0,213563735
2,rs17355973,0,213585320
2,rs13427107,0,213659138
2,rs7582752,0,213662648
2,rs4673725,0,213673567
2,rs962360,0,213704121
2,rs10164670,0,213856544
2,rs11677793,0,213869766
2,rs975956,0,213870018
2,rs13384459,0,213892014
2,rs6435770,0,213922542
2,rs11674674,0,213923772
2,rs1488982,0,213936190
2,rs16850844,0,214317752
2,rs7572850,0,214437919
2,rs2042784,0,214472562
2,rs7560270,0,214487701
2,rs4672695,0,214497173
2,rs13404642,0,214593050
2,rs4672704,0,214611175
2,rs16851351,0,214635103
2,rs1160402,0,214649962
2,rs10932529,0,214852965
2,rs13419939,0,214910163
2,rs1912190,0,214926902
2,rs4673822,0,214952527
2,rs4673847,0,215083376
2,rs10932539,0,215092215
2,rs10181141,0,215254919
2,rs10176759,0,215332924
2,rs6756170,0,215488828
2,rs10498030,0,215573820
2,rs1464686,0,215632317
2,rs16853467,0,215742628
2,rs12474265,0,215788373
2,rs1250036,0,216215690
2,rs2579013,0,216225328
2,rs6740786,0,216514509
2,rs17313557,0,216530145
2,rs4430956,0,216590121
2,rs7587968,0,216651277
2,rs10932647,0,216723529
2,rs3755148,0,216729300
2,rs16855522,0,216738529
2,rs207936,0,216748278
2,rs7607617,0,216761909
2,rs2738280,0,216998305
2,rs16856088,0,217000959
2,rs11683506,0,217052237
2,rs6738427,0,217137471
2,rs6728171,0,217150196
2,rs7563079,0,217359370
2,rs2293677,0,217439274
2,rs1179726,0,217439553
2,rs1179664,0,217493370
2,rs10210524,0,217607154
2,rs6435959,0,217608854
2,rs16856921,0,217668981
2,rs12993885,0,217686440
2,rs6742032,0,217703319
2,rs11681853,0,217771542
2,rs17653058,0,217792834
2,rs3732007,0,218051510
2,rs10207440,0,218085252
2,rs2052929,0,218214898
2,rs1004814,0,218420551
2,rs1364641,0,218420851
2,rs3791885,0,218534444
2,rs13026485,0,218766229
2,rs10932769,0,218855489
2,rs2739049,0,218972351
2,rs6744089,0,219284847
2,rs940469,0,219428221
2,rs359969,0,219546807
2,rs398926,0,219571833
2,rs2385208,0,219614945
2,rs394452,0,219628281
2,rs6744858,0,219717510
2,rs6723299,0,219833448
2,rs9646859,0,219924093
2,rs10432539,0,219925668
2,rs6711142,0,219934637
2,rs9646862,0,219941572
2,rs907679,0,219958391
2,rs13025575,0,220082381
2,rs3770237,0,220109976
2,rs7604210,0,220172366
2,rs7571961,0,220253750
2,rs9973681,0,220277268
2,rs678134,0,220288792
2,rs6733609,0,220307777
2,rs6723258,0,220353994
2,rs1863207,0,220358135
2,rs16860356,0,220400001
2,rs9288556,0,220479819
2,rs750765,0,220489503
2,rs4330098,0,220548296
2,rs7583162,0,220566082
2,rs17305387,0,220629953
2,rs1466241,0,220811329
2,rs1454572,0,220811880
2,rs7600944,0,220821262
2,rs6737249,0,220852759
2,rs6747324,0,220920193
2,rs1454531,0,220942697
2,rs897135,0,220946938
2,rs4234032,0,220962858
2,rs4435439,0,220988509
2,rs17577244,0,221002601
2,rs4539786,0,221021554
2,rs1620682,0,221143710
2,rs6756125,0,221420277
2,rs11895372,0,221510402
2,rs6436233,0,221590073
2,rs9808155,0,221636096
2,rs6722941,0,221669452
2,rs1369327,0,221679889
2,rs4527188,0,221705183
2,rs4254490,0,221725638
2,rs4672995,0,221727827
2,rs13389615,0,221788700
2,rs13029409,0,221813607
2,rs6731058,0,221884493
2,rs10166033,0,221950806
2,rs4674596,0,221989050
2,rs3770196,0,222013205
2,rs1430223,0,222032185
2,rs16862777,0,222063717
2,rs7573758,0,222065570
2,rs10211481,0,222080207
2,rs2710503,0,222082943
2,rs2952836,0,222183031
2,rs12053343,0,222255527
2,rs7575267,0,222259624
2,rs825289,0,222262042
2,rs825278,0,222269511
2,rs16863129,0,222409563
2,rs16863231,0,222540592
2,rs7600373,0,222544699
2,rs6748403,0,222589683
2,rs1583151,0,222924383
2,rs16863687,0,222982000
2,rs4416206,0,223018164
2,rs12476857,0,223042482
2,rs13382464,0,223120387
2,rs1374537,0,223308918
2,rs2395925,0,223362271
2,rs2395926,0,223362314
2,rs1375084,0,223750872
2,rs1597166,0,223752257
2,rs6436396,0,223885532
2,rs17206239,0,223959702
2,rs16864786,0,224008324
2,rs2230168,0,224170300
2,rs16865100,0,224270904
2,rs4255953,0,224300799
2,rs17182821,0,224336574
2,rs12467861,0,224381259
2,rs7587148,0,224387679
2,rs666438,0,224448949
2,rs486593,0,224453945
2,rs17838658,0,224490850
2,rs3795879,0,224571065
2,rs13392374,0,224572500
2,rs7602990,0,224585755
2,rs1371028,0,224587694
2,rs6436459,0,224588580
2,rs13008520,0,224597627
2,rs920250,0,224612918
2,rs4674860,0,224630058
2,rs2123717,0,224714843
2,rs12472634,0,224778403
2,rs16865681,0,224792817
2,rs12475768,0,224844375
2,rs16865730,0,224855407
2,rs1861985,0,224860809
2,rs41443452,0,224886372
2,rs16865785,0,224898706
2,rs16865804,0,224907708
2,rs7596864,0,224990709
2,rs1542789,0,225149052
2,rs11688359,0,225286662
2,rs1565073,0,225342937
2,rs3768878,0,225359629
2,rs16866182,0,225367415
2,rs16866183,0,225367461
2,rs9967872,0,225553380
2,rs281539,0,225601204
2,rs448375,0,225637742
2,rs7568255,0,225683208
2,rs1345074,0,225750602
2,rs13396607,0,225883255
2,rs4673143,0,225923350
2,rs6753020,0,226007553
2,rs17482489,0,226176878
2,rs7595617,0,226223942
2,rs4641920,0,226225481
2,rs1530545,0,226395585
2,rs7419300,0,226446095
2,rs2037286,0,226543568
2,rs6753296,0,226587968
2,rs6753941,0,226588441
2,rs12473563,0,226605892
2,rs2894587,0,226707755
2,rs10178651,0,226713957
2,rs1522803,0,226728765
2,rs1879943,0,226730211
2,rs13405357,0,226730280
2,rs11891269,0,226757751
2,rs2673148,0,226883227
2,rs13032261,0,226976835
2,rs16867037,0,227063521
2,rs16867052,0,227081048
2,rs6436630,0,227088100
2,rs2396385,0,227211369
2,rs1922529,0,227239101
2,rs10187726,0,227581239
2,rs1922021,0,227734000
2,rs4528750,0,227766292
2,rs6723547,0,227806366
2,rs4675161,0,227836051
2,rs4432446,0,227888941
2,rs11681636,0,227889666
2,rs12623024,0,227967265
2,rs7557146,0,227972502
2,rs4673194,0,227996429
2,rs4973181,0,228121240
2,rs6715394,0,228193085
2,rs11686438,0,228369373
2,rs13419936,0,228424432
2,rs12162286,0,228481159
2,rs6737663,0,228510226
2,rs10200894,0,228525376
2,rs13431126,0,228739037
2,rs4430943,0,228741314
2,rs7608344,0,228822720
2,rs12052730,0,228896256
2,rs1528213,0,228905418
2,rs2551987,0,228943179
2,rs1406142,0,228944767
2,rs12624216,0,228947643
2,rs2551985,0,228948389
2,rs13035510,0,228970428
2,rs17320089,0,229035268
2,rs11689274,0,229038234
2,rs6436793,0,229038455
2,rs9631013,0,229320230
2,rs1527669,0,229360707
2,rs995159,0,229536991
2,rs10203445,0,229541397
2,rs2536217,0,229686159
2,rs7561332,0,229721138
2,rs16825789,0,229734630
2,rs6736122,0,229773255
2,rs6738963,0,229800381
2,rs17321656,0,229811346
2,rs6724020,0,229830491
2,rs12694808,0,229921764
2,rs7605496,0,230214956
2,rs11682974,0,230725220
2,rs41345344,0,230773172
2,rs13384787,0,230796328
2,rs10209615,0,230798187
2,rs11684950,0,230892030
2,rs10933333,0,230909605
2,rs7573405,0,230921858
2,rs3754944,0,230987860
2,rs13398034,0,230988036
2,rs12694867,0,230998220
2,rs6722012,0,231009145
2,rs7595408,0,231029204
2,rs16827319,0,231084218
2,rs10804366,0,231150378
2,rs7579345,0,231199136
2,rs6750050,0,231234770
2,rs12476589,0,231272870
2,rs9288670,0,231415985
2,rs1881481,0,231814378
2,rs6753112,0,231895399
2,rs17513198,0,231967620
2,rs13035735,0,231992683
2,rs4973442,0,232097545
2,rs10166046,0,232269228
2,rs3116174,0,232717833
2,rs12467219,0,232874251
2,rs7423787,0,232913675
2,rs1190462,0,233070511
2,rs2853462,0,233115364
2,rs1201451,0,233127640
2,rs1307667,0,233128216
2,rs1190441,0,233130481
2,rs41329144,0,233134663
2,rs1550097,0,233136519
2,rs7585327,0,233149196
2,rs11684420,0,233245170
2,rs11555646,0,233308148
2,rs12618284,0,233385397
2,rs11684636,0,233400139
2,rs6751801,0,233405444
2,rs895431,0,233467606
2,rs12477794,0,233471606
2,rs4973578,0,233517488
2,rs7603678,0,233524159
2,rs10165078,0,233530996
2,rs2176308,0,233532447
2,rs1400348,0,233571835
2,rs7584458,0,233758544
2,rs838733,0,233988000
2,rs13387539,0,234139989
2,rs1901813,0,234173507
2,rs2741012,0,234173702
2,rs13431913,0,234222951
2,rs2741042,0,234230656
2,rs7595138,0,234252784
2,rs10199293,0,234254243
2,rs4347832,0,234257780
2,rs13426130,0,234318677
2,rs12622156,0,234366425
2,rs6731478,0,234384443
2,rs965835,0,234413553
2,rs506632,0,234428239
2,rs689101,0,234430305
2,rs758276,0,234502547
2,rs17864755,0,234551102
2,rs17869068,0,234575181
2,rs7560562,0,234576954
2,rs17864777,0,234583857
2,rs2190951,0,234589814
2,rs17865681,0,234591489
2,rs763379,0,234592520
2,rs617970,0,234627728
2,rs7557035,0,234644611
2,rs250963,0,234655448
2,rs7591543,0,234785158
2,rs1878971,0,234831500
2,rs1467234,0,234853398
2,rs11894176,0,234860065
2,rs7575512,0,234875032
2,rs1401501,0,234879054
2,rs10184939,0,235041501
2,rs6720954,0,235048910
2,rs2364316,0,235049531
2,rs2363990,0,235061556
2,rs13407074,0,235065468
2,rs12692137,0,235075906
2,rs4663445,0,235168591
2,rs10206814,0,235214930
2,rs940954,0,235250318
2,rs11677044,0,235264642
2,rs4413112,0,235341636
2,rs1365983,0,235442728
2,rs4663525,0,235518053
2,rs4663175,0,235558721
2,rs11676855,0,235564910
2,rs11898961,0,235603715
2,rs10190447,0,235606276
2,rs6431333,0,235612032
2,rs1559986,0,235622396
2,rs4663541,0,235643910
2,rs11680191,0,235694828
2,rs6716118,0,235715130
2,rs7605399,0,235720650
2,rs4663189,0,235839330
2,rs1816370,0,235843093
2,rs11902474,0,235844824
2,rs1367876,0,235876743
2,rs6728599,0,235913679
2,rs13386664,0,235930235
2,rs4663604,0,236094249
2,rs6740833,0,236185677
2,rs2316913,0,236228020
2,rs1881186,0,236232762
2,rs10188236,0,236260674
2,rs2675124,0,236295779
2,rs1631149,0,236300113
2,rs2696398,0,236319891
2,rs3106791,0,236345695
2,rs12616076,0,236384041
2,rs4663621,0,236432082
2,rs3820776,0,236445196
2,rs13393799,0,236551866
2,rs9636243,0,236589998
2,rs6758225,0,236604151
2,rs9750595,0,236717804
2,rs1530955,0,236775742
2,rs6757571,0,236800732
2,rs13390159,0,236821288
2,rs7579389,0,236912809
2,rs1869091,0,237260606
2,rs2720161,0,237275758
2,rs7571246,0,237284617
2,rs1344767,0,237322027
2,rs2568560,0,237354022
2,rs10929189,0,237357509
2,rs1368202,0,237395901
2,rs6431485,0,237425522
2,rs7582195,0,237425637
2,rs1344760,0,237440233
2,rs11680023,0,237440978
2,rs11887482,0,237444723
2,rs12692194,0,237462128
2,rs9287609,0,237466515
2,rs6732447,0,237466612
2,rs10192099,0,237468039
2,rs13019665,0,237476528
2,rs4380174,0,237507719
2,rs1865672,0,237512788
2,rs6431504,0,237666034
2,rs7590967,0,237708471
2,rs4377286,0,237734425
2,rs4416170,0,237752053
2,rs4233629,0,237768857
2,rs6728906,0,237843445
2,rs11693505,0,237857291
2,rs4392201,0,237886882
2,rs6720773,0,237901660
2,rs2646262,0,237923019
2,rs3790995,0,237924414
2,rs6717825,0,237999018
2,rs12469894,0,238030267
2,rs10182209,0,238034135
2,rs6431543,0,238044163
2,rs10171774,0,238096335
2,rs4142730,0,238256652
2,rs3769071,0,238313260
2,rs2043464,0,238428892
2,rs302676,0,238462548
2,rs6728431,0,238673394
2,rs11898344,0,238686429
2,rs7602358,0,238720567
2,rs3892365,0,238827955
2,rs13391269,0,238849308
2,rs2304672,0,238851328
2,rs13002160,0,238866870
2,rs6723560,0,238898848
2,rs4474837,0,238922726
2,rs7605254,0,239027677
2,rs480767,0,239061015
2,rs2280034,0,239103037
2,rs6431598,0,239105824
2,rs9677577,0,239113705
2,rs6760255,0,239116279
2,rs11694162,0,239153541
2,rs6738372,0,239154471
2,rs7594129,0,239265425
2,rs4078406,0,239500148
2,rs12328525,0,239581072
2,rs12476000,0,239583981
2,rs3935696,0,239588505
2,rs4563248,0,239593679
2,rs11692005,0,239629142
2,rs3791476,0,239726672
2,rs1962113,0,239773054
2,rs13390309,0,239790050
2,rs519165,0,239806320
2,rs7582778,0,240015394
2,rs13011924,0,240046087
2,rs1872618,0,240050908
2,rs1077528,0,240058342
2,rs6726998,0,240064551
2,rs6543540,0,240074261
2,rs1486323,0,240082725
2,rs1796449,0,240085612
2,rs731153,0,240123290
2,rs13432599,0,240225884
2,rs4852107,0,240284845
2,rs6749693,0,240285780
2,rs6734016,0,240312339
2,rs731161,0,240336705
2,rs4851988,0,240343852
2,rs6543577,0,240350378
2,rs6543582,0,240367404
2,rs6721288,0,240368425
2,rs12614692,0,240369980
2,rs13417874,0,240397226
2,rs4852003,0,240414673
2,rs10196581,0,240420275
2,rs7567753,0,240432115
2,rs4263139,0,240485952
2,rs7599067,0,240488647
2,rs10202772,0,240506815
2,rs958960,0,240571495
2,rs4149541,0,240606407
2,rs2083411,0,240610401
2,rs10166127,0,240710414
2,rs13026031,0,240734104
2,rs13424628,0,240762156
2,rs869953,0,240792682
2,rs10191103,0,240848482
2,rs11685173,0,240872867
2,rs4676439,0,240952269
2,rs12622565,0,240999627
2,rs1573782,0,241015207
2,rs2292832,0,241044176
2,rs881029,0,241051687
2,rs3792216,0,241055251
2,rs3811624,0,241058129
2,rs3811623,0,241058373
2,rs6739196,0,241068515
2,rs11693855,0,241069684
2,rs4676432,0,241104970
2,rs4676423,0,241160239
2,rs3792269,0,241180152
2,rs7565704,0,241193525
2,rs2953153,0,241214685
2,rs2975783,0,241216485
2,rs3749172,0,241218922
2,rs2060190,0,241242674
2,rs7599943,0,241390650
2,rs10933637,0,241398817
2,rs6708561,0,241399117
2,rs12053433,0,241432408
2,rs7600847,0,241449380
2,rs10207380,0,241509584
2,rs3934763,0,241558600
2,rs6735450,0,241591926
2,rs2286321,0,241653539
2,rs13000549,0,241657946
2,rs2215025,0,241734086
2,rs3771350,0,241759459
2,rs12987697,0,241764920
2,rs7355565,0,241813721
2,rs2305069,0,241817597
2,rs15129,0,241817649
2,rs10153800,0,241827807
2,rs12468518,0,241913299
2,rs11690506,0,241932839
2,rs41342147,0,242056261
2,rs13390284,0,242568437
2,rs6749587,0,242596070
3,rs6778252,0,101158
3,rs6443038,0,108412
3,rs17034602,0,143731
3,rs6807605,0,161019
3,rs2048629,0,161790
3,rs17329688,0,228679
3,rs17330105,0,235434
3,rs17264905,0,252746
3,rs3864046,0,264311
3,rs445658,0,272321
3,rs9310982,0,353639
3,rs2060312,0,376533
3,rs3773383,0,391943
3,rs6442823,0,410647
3,rs11925173,0,481881
3,rs9850692,0,574626
3,rs2729258,0,577574
3,rs9848984,0,643914
3,rs41486650,0,655601
3,rs4311202,0,762770
3,rs1568748,0,852235
3,rs2030661,0,926367
3,rs11131169,0,980969
3,rs17050469,0,992408
3,rs6797677,0,1106967
3,rs9310372,0,1118588
3,rs7632373,0,1143171
3,rs265776,0,1344278
3,rs155394,0,1398634
3,rs9854037,0,1444844
3,rs9868904,0,1485747
3,rs6795018,0,1490094
3,rs469196,0,1502229
3,rs9814262,0,1554270
3,rs2678247,0,1576470
3,rs9840913,0,1578610
3,rs409430,0,1580071
3,rs462790,0,1585784
3,rs9820473,0,1593188
3,rs13058803,0,1626561
3,rs13318076,0,1831083
3,rs7635437,0,1859957
3,rs4387949,0,1921687
3,rs9310593,0,1957655
3,rs2727948,0,2008717
3,rs2727955,0,2023351
3,rs6442718,0,2193696
3,rs11129096,0,2330167
3,rs1143977,0,2334149
3,rs9310717,0,2375576
3,rs1502567,0,2403189
3,rs2134356,0,2462786
3,rs34154967,0,2489371
3,rs9828150,0,2518302
3,rs17194490,0,2522786
3,rs11714570,0,2530912
3,rs17620999,0,2536556
3,rs7636894,0,2553082
3,rs724707,0,2553402
3,rs9816116,0,2553819
3,rs17563566,0,2557514
3,rs2619569,0,2588613
3,rs12496271,0,2614963
3,rs6442744,0,2681671
3,rs1914011,0,2692559
3,rs1878181,0,2700785
3,rs965396,0,2709701
3,rs965395,0,2709792
3,rs2728024,0,2710354
3,rs1949344,0,2713520
3,rs2176262,0,2713595
3,rs2675301,0,2718000
3,rs9811943,0,2718441
3,rs1554198,0,2752622
3,rs9823500,0,2758344
3,rs6442751,0,2758715
3,rs4594606,0,2767369
3,rs6442753,0,2776981
3,rs6770695,0,2937651
3,rs17023926,0,2991114
3,rs168165,0,2992397
3,rs13068264,0,3005223
3,rs7646097,0,3050224
3,rs340824,0,3079631
3,rs1669340,0,3173380
3,rs1672767,0,3173513
3,rs698206,0,3179804
3,rs9310977,0,3209722
3,rs13065779,0,3236377
3,rs711587,0,3284116
3,rs9854191,0,3291471
3,rs17670698,0,3296634
3,rs10470666,0,3301963
3,rs1995196,0,3338379
3,rs13063998,0,3446411
3,rs1396416,0,3486173
3,rs2122407,0,3524029
3,rs1472914,0,3528907
3,rs1584573,0,3592016
3,rs6763612,0,3594968
3,rs6766360,0,3595294
3,rs1921015,0,3679409
3,rs1488454,0,3821805
3,rs9844909,0,3862093
3,rs17749633,0,3979427
3,rs9877622,0,4067922
3,rs795722,0,4078601
3,rs17039952,0,4134419
3,rs17039991,0,4141239
3,rs17040046,0,4159253
3,rs2172110,0,4361378
3,rs3306,0,4371191
3,rs2819561,0,4378767
3,rs2662126,0,4385432
3,rs11915920,0,4385534
3,rs9990361,0,4406356
3,rs964402,0,4407061
3,rs3864051,0,4407116
3,rs6777977,0,4412256
3,rs794185,0,4412358
3,rs17040622,0,4415674
3,rs7612868,0,4416735
3,rs17684934,0,4418548
3,rs711655,0,4446125
3,rs1825914,0,4488582
3,rs304082,0,4502619
3,rs304079,0,4507469
3,rs304077,0,4509629
3,rs420944,0,4530388
3,rs6796205,0,4546671
3,rs6784152,0,4547505
3,rs304061,0,4548043
3,rs304060,0,4548345
3,rs7616234,0,4563013
3,rs4685762,0,4578412
3,rs4685763,0,4578592
3,rs6442887,0,4591061
3,rs4074087,0,4656908
3,rs4594601,0,4661814
3,rs17760545,0,4662653
3,rs4630930,0,4663975
3,rs11720328,0,4666885
3,rs7630678,0,4668462
3,rs17041104,0,4668475
3,rs17041113,0,4670995
3,rs6766212,0,4674950
3,rs1994500,0,4687234
3,rs17041165,0,4695206
3,rs9866640,0,4697532
3,rs11709648,0,4703804
3,rs6803046,0,4706593
3,rs3749382,0,4713774
3,rs3749383,0,4713837
3,rs4685804,0,4715646
3,rs6762558,0,4717251
3,rs3828437,0,4768520
3,rs13068994,0,4769128
3,rs4685814,0,4771784
3,rs12490375,0,4773489
3,rs4685815,0,4774948
3,rs2291863,0,4783703
3,rs11130135,0,4784618
3,rs1550559,0,4786913
3,rs4685835,0,4861347
3,rs6807140,0,4911864
3,rs1514453,0,4921028
3,rs908078,0,4999771
3,rs7635972,0,5006263
3,rs1980113,0,5018043
3,rs4532119,0,5019311
3,rs2606776,0,5039834
3,rs11708761,0,5293004
3,rs343443,0,5308663
3,rs7636715,0,5324970
3,rs9871505,0,5352364
3,rs7653671,0,5405952
3,rs17042426,0,5408756
3,rs4685921,0,5409536
3,rs13325114,0,5409964
3,rs7635144,0,5417857
3,rs17042936,0,5578441
3,rs7630333,0,5645133
3,rs1597859,0,5682689
3,rs9830161,0,5780199
3,rs6779060,0,5783682
3,rs17043611,0,5824483
3,rs6781156,0,5828299
3,rs1435369,0,5829015
3,rs2323508,0,5924537
3,rs17043970,0,5967208
3,rs2176246,0,5974655
3,rs908606,0,6095251
3,rs7624196,0,6137438
3,rs1504030,0,6159718
3,rs13084181,0,6182031
3,rs1394156,0,6199872
3,rs1369621,0,6318913
3,rs17044640,0,6337809
3,rs157462,0,6339784
3,rs17045232,0,6529226
3,rs6782309,0,6535071
3,rs164726,0,6631903
3,rs631985,0,6648897
3,rs4684538,0,6683157
3,rs349902,0,6692504
3,rs12631413,0,6700076
3,rs7374379,0,6724470
3,rs163972,0,6767400
3,rs3749380,0,6878297
3,rs11915789,0,6925603
3,rs17693618,0,6946349
3,rs12486271,0,6959448
3,rs507385,0,6985717
3,rs1154352,0,6988463
3,rs10490860,0,7021016
3,rs17234886,0,7067021
3,rs11919292,0,7086392
3,rs1318267,0,7122208
3,rs6443099,0,7295514
3,rs7621537,0,7347535
3,rs17047131,0,7347942
3,rs12491592,0,7369287
3,rs6781406,0,7370170
3,rs1901046,0,7439414
3,rs6443109,0,7447061
3,rs712793,0,7468351
3,rs1868617,0,7480468
3,rs779733,0,7502372
3,rs10222587,0,7508618
3,rs747939,0,7536536
3,rs1965222,0,7578194
3,rs3804836,0,7701861
3,rs11719723,0,7872220
3,rs1825924,0,7937284
3,rs3919962,0,7938833
3,rs9844587,0,8119234
3,rs6779176,0,8123696
3,rs9681162,0,8169734
3,rs223305,0,8177526
3,rs2046744,0,8248005
3,rs923381,0,8289924
3,rs9877426,0,8359934
3,rs9312016,0,8382728
3,rs359018,0,8424747
3,rs359017,0,8426805
3,rs2648750,0,8429818
3,rs359031,0,8432992
3,rs1161149,0,8462491
3,rs358273,0,8465018
3,rs17049179,0,8496841
3,rs7637683,0,8530507
3,rs355127,0,8612456
3,rs6795577,0,8668750
3,rs17049474,0,8742169
3,rs11131149,0,8777851
3,rs11706378,0,8880524
3,rs341772,0,8954292
3,rs683894,0,8963189
3,rs399747,0,9027506
3,rs867528,0,9054714
3,rs1162326,0,9056339
3,rs2664096,0,9074065
3,rs17738430,0,9076315
3,rs9653985,0,9079011
3,rs13324911,0,9080481
3,rs382196,0,9120554
3,rs1145157,0,9216749
3,rs1154398,0,9233218
3,rs756235,0,9243931
3,rs2600164,0,9287398
3,rs2648567,0,9311503
3,rs11707847,0,9327319
3,rs2290163,0,9481051
3,rs11928554,0,9493106
3,rs2596915,0,9514684
3,rs2648381,0,9597677
3,rs2304277,0,9776080
3,rs11131187,0,9811386
3,rs3806666,0,9836053
3,rs41331948,0,9837746
3,rs4686377,0,9852452
3,rs17050601,0,9857912
3,rs279565,0,9873280
3,rs192495,0,9873582
3,rs41523146,0,9874605
3,rs203563,0,9878362
3,rs17222536,0,9883935
3,rs279576,0,9924634
3,rs9873200,0,9925077
3,rs6778076,0,9942538
3,rs7627880,0,9944328
3,rs3846167,0,9971426
3,rs17032278,0,10052955
3,rs34632086,0,10108478
3,rs7613239,0,10111156
3,rs2272123,0,10115115
3,rs6792811,0,10117452
3,rs11465886,0,10225783
3,rs776514,0,10250475
3,rs378630,0,10270847
3,rs17032596,0,10283985
3,rs9881452,0,10290429
3,rs703916,0,10317005
3,rs4684689,0,10423426
3,rs3774151,0,10429969
3,rs9826066,0,10466230
3,rs9832923,0,10501523
3,rs1318099,0,10507032
3,rs4684697,0,10509475
3,rs9873870,0,10514482
3,rs799319,0,10515322
3,rs6808128,0,10563732
3,rs9839935,0,10608169
3,rs17033250,0,10639079
3,rs745643,0,10682421
3,rs6797758,0,10715652
3,rs2596852,0,10728490
3,rs1682825,0,10749759
3,rs1905755,0,10810441
3,rs2629133,0,10910558
3,rs1960131,0,10917903
3,rs3821761,0,10923486
3,rs3774084,0,10933276
3,rs1881364,0,10946358
3,rs2924149,0,10966346
3,rs9844030,0,11001206
3,rs1710879,0,11004421
3,rs1710885,0,11013807
3,rs2933309,0,11017330
3,rs2944366,0,11028242
3,rs1728803,0,11034996
3,rs11719708,0,11062044
3,rs17034004,0,11138408
3,rs13089418,0,11167428
3,rs7625184,0,11308734
3,rs6785396,0,11380927
3,rs9874535,0,11438730
3,rs2442769,0,11466086
3,rs6442260,0,11565751
3,rs2596815,0,11569930
3,rs6780175,0,11613519
3,rs2574704,0,11630381
3,rs301557,0,11767931
3,rs4684812,0,11810161
3,rs4605523,0,11818908
3,rs6442288,0,11822081
3,rs303849,0,11850271
3,rs17035328,0,11860377
3,rs11128574,0,11864926
3,rs9819059,0,11866529
3,rs12630609,0,11912402
3,rs305489,0,11986163
3,rs11720130,0,12131316
3,rs794999,0,12204015
3,rs6800748,0,12332832
3,rs4684848,0,12370645
3,rs4135315,0,12383758
3,rs13306745,0,12396056
3,rs4135329,0,12405216
3,rs1373642,0,12424651
3,rs709149,0,12425354
3,rs1175544,0,12442044
3,rs4135360,0,12445314
3,rs10222537,0,12453380
3,rs9833097,0,12453817
3,rs13090265,0,12459985
3,rs299629,0,12551846
3,rs4420845,0,12775103
3,rs7626609,0,12781080
3,rs7645264,0,12874890
3,rs734390,0,12921690
3,rs734525,0,12924028
3,rs2600327,0,12974160
3,rs3816058,0,12979851
3,rs428862,0,13017982
3,rs17037831,0,13201945
3,rs17037953,0,13259218
3,rs12486110,0,13270317
3,rs3852030,0,13282093
3,rs6442382,0,13407581
3,rs6780809,0,13488501
3,rs3934833,0,13685563
3,rs6770968,0,13698768
3,rs11915770,0,13707273
3,rs6798127,0,13953064
3,rs10468,0,14159720
3,rs990593,0,14239684
3,rs12493406,0,14255175
3,rs754018,0,14281427
3,rs1077050,0,14296452
3,rs9848108,0,14336541
3,rs9815883,0,14337552
3,rs9851340,0,14340270
3,rs9310445,0,14352473
3,rs13095528,0,14377966
3,rs1550160,0,14381335
3,rs4685151,0,14406465
3,rs1157564,0,14434627
3,rs4402920,0,14453235
3,rs7642354,0,14484869
3,rs3773172,0,14486703
3,rs2341984,0,14503008
3,rs12630545,0,14554844
3,rs11712736,0,14599527
3,rs13326222,0,14614711
3,rs9830416,0,14697574
3,rs17040258,0,14771148
3,rs17040416,0,14881164
3,rs12491077,0,14944201
3,rs3773480,0,15033960
3,rs9831807,0,15317854
3,rs9990297,0,15323134
3,rs9868046,0,15336966
3,rs6763735,0,15337250
3,rs9875649,0,15341076
3,rs3852037,0,15353190
3,rs9853193,0,15437362
3,rs2290536,0,15444005
3,rs9875261,0,15450841
3,rs11128745,0,15473265
3,rs6782980,0,15474717
3,rs12634346,0,15475299
3,rs2305616,0,15490699
3,rs2124493,0,15530274
3,rs12634035,0,15552112
3,rs4305404,0,15552571
3,rs9310479,0,15646030
3,rs2455793,0,15718848
3,rs2455837,0,15734244
3,rs2455838,0,15735344
3,rs1348981,0,15803815
3,rs1447649,0,15812788
3,rs4685266,0,15883770
3,rs753196,0,15910845
3,rs1378164,0,16052268
3,rs1454770,0,16052876
3,rs6791879,0,16086429
3,rs11916777,0,16097021
3,rs4504158,0,16116468
3,rs6783201,0,16126392
3,rs11927783,0,16140954
3,rs10510446,0,16164025
3,rs6804329,0,16220694
3,rs12634179,0,16225072
3,rs10087,0,16276152
3,rs690268,0,16378067
3,rs689953,0,16383782
3,rs17042188,0,16386535
3,rs471336,0,16401431
3,rs17042200,0,16401895
3,rs13093250,0,16547979
3,rs6797529,0,16637492
3,rs7637655,0,16653388
3,rs17042506,0,16653499
3,rs965175,0,16681045
3,rs1449528,0,16802377
3,rs4685393,0,16824832
3,rs1823368,0,16829383
3,rs10510468,0,16913627
3,rs11917952,0,16918882
3,rs1348109,0,16924518
3,rs17200543,0,16948766
3,rs4684306,0,16991131
3,rs13064821,0,17157237
3,rs13062346,0,17169075
3,rs2470585,0,17265469
3,rs2084572,0,17290762
3,rs2733479,0,17295935
3,rs283943,0,17321359
3,rs11929066,0,17870212
3,rs4908990,0,17883552
3,rs34990473,0,17962586
3,rs9809856,0,18202425
3,rs7427439,0,18293133
3,rs13086004,0,18312126
3,rs6781964,0,18331754
3,rs9310553,0,18390636
3,rs9809323,0,18390706
3,rs9858924,0,18410605
3,rs12630073,0,18434192
3,rs13320035,0,18438921
3,rs6762753,0,18440447
3,rs17044691,0,18633747
3,rs4260464,0,18737936
3,rs7428918,0,18799302
3,rs7652611,0,18821102
3,rs6809472,0,18823859
3,rs7617388,0,18862394
3,rs13097985,0,18921624
3,rs11922574,0,18971698
3,rs6801884,0,18981745
3,rs6550910,0,19064169
3,rs7633856,0,19178214
3,rs11711975,0,19234279
3,rs11919491,0,19236541
3,rs9827701,0,19242456
3,rs6789829,0,19286719
3,rs7647965,0,19288605
3,rs9837116,0,19397679
3,rs12494090,0,19507420
3,rs4858383,0,19585353
3,rs13075095,0,19593841
3,rs9829974,0,19612511
3,rs1473604,0,19614854
3,rs7624072,0,19631960
3,rs17006106,0,19640299
3,rs6787710,0,19647577
3,rs17572637,0,19662888
3,rs1847913,0,19739740
3,rs4858093,0,19774294
3,rs2929402,0,20071114
3,rs11714225,0,20096832
3,rs7641684,0,20112899
3,rs2661376,0,20167150
3,rs4858770,0,20169427
3,rs9838186,0,20314161
3,rs6550521,0,20470425
3,rs1520050,0,20475108
3,rs6550532,0,20482625
3,rs595551,0,20491534
3,rs1113746,0,20576135
3,rs6789500,0,20739700
3,rs11918349,0,20756006
3,rs1500419,0,20792807
3,rs11128974,0,20847032
3,rs13078058,0,21035135
3,rs6550566,0,21053072
3,rs7622116,0,21053943
3,rs1469885,0,21202723
3,rs13074521,0,21256359
3,rs1344869,0,21282605
3,rs11914557,0,21305577
3,rs9825848,0,21343057
3,rs9835915,0,21402022
3,rs4858325,0,21468776
3,rs4858006,0,21611294
3,rs17009139,0,21626718
3,rs13083531,0,21819887
3,rs2670258,0,21842790
3,rs2670245,0,21877071
3,rs1679234,0,21877726
3,rs259499,0,21918936
3,rs7642008,0,21979551
3,rs475648,0,21983101
3,rs1679256,0,22024533
3,rs1871522,0,22104885
3,rs779178,0,22123068
3,rs3932414,0,22178640
3,rs1965306,0,22180509
3,rs2638153,0,22268515
3,rs2638162,0,22289034
3,rs17011295,0,22408378
3,rs17011390,0,22460340
3,rs9829216,0,22583475
3,rs9310701,0,22682774
3,rs9310704,0,22686450
3,rs9817607,0,22695632
3,rs159397,0,22807481
3,rs637382,0,22904990
3,rs4485741,0,23150871
3,rs9846398,0,23287162
3,rs778506,0,23415648
3,rs1692617,0,23438818
3,rs17013322,0,23492851
3,rs11928456,0,23717496
3,rs4858547,0,23828297
3,rs4858090,0,23829647
3,rs1471060,0,23835419
3,rs11707828,0,23836276
3,rs17014418,0,24243910
3,rs826219,0,24244605
3,rs1466119,0,24247392
3,rs7625917,0,24248532
3,rs9863517,0,24265684
3,rs9843698,0,24265749
3,rs1505288,0,24387355
3,rs9838720,0,24565748
3,rs6550879,0,24597897
3,rs4131484,0,24666717
3,rs9310751,0,24698527
3,rs4858630,0,24699887
3,rs9310754,0,24739504
3,rs6772760,0,24754652
3,rs4241536,0,24773191
3,rs7649758,0,24775833
3,rs4131189,0,24800195
3,rs5002695,0,24808964
3,rs6800560,0,24825476
3,rs7623169,0,24825550
3,rs2068900,0,24868305
3,rs9880358,0,24874127
3,rs13064710,0,24877946
3,rs7610607,0,24879908
3,rs2885596,0,24892502
3,rs11711907,0,24896771
3,rs17015415,0,24908893
3,rs4280597,0,25028486
3,rs9840442,0,25055045
3,rs17015764,0,25089865
3,rs1574901,0,25090417
3,rs13092408,0,25183250
3,rs17015907,0,25195916
3,rs322662,0,25331877
3,rs9877461,0,25338624
3,rs6799176,0,25414158
3,rs4416353,0,25454782
3,rs957950,0,25471678
3,rs1435703,0,25535235
3,rs7626008,0,25537074
3,rs1286756,0,25542084
3,rs1299018,0,25545558
3,rs1286729,0,25583580
3,rs7619447,0,25785091
3,rs11917528,0,25870948
3,rs7639643,0,26036390
3,rs9849293,0,26060608
3,rs9821503,0,26092144
3,rs9860291,0,26115532
3,rs9840616,0,26127721
3,rs9855736,0,26170980
3,rs6551069,0,26199219
3,rs2188635,0,26232545
3,rs17017696,0,26234047
3,rs12629104,0,26308410
3,rs10510573,0,26385033
3,rs1160717,0,26389087
3,rs1160716,0,26389224
3,rs17018015,0,26442226
3,rs971452,0,26477674
3,rs2366104,0,26480198
3,rs2134321,0,26491104
3,rs7637842,0,26517967
3,rs7626479,0,26518019
3,rs12494023,0,26599334
3,rs1599923,0,26651318
3,rs7615531,0,26670337
3,rs4973800,0,26677984
3,rs11916104,0,26693728
3,rs1488233,0,26752476
3,rs4443123,0,26880591
3,rs7641130,0,26924021
3,rs9851229,0,26977949
3,rs17019338,0,27095086
3,rs1402979,0,27098721
3,rs6551174,0,27125114
3,rs7618127,0,27182764
3,rs7626646,0,27243320
3,rs1603050,0,27353234
3,rs2724524,0,27592542
3,rs17019934,0,27592809
3,rs3915432,0,27597149
3,rs17019970,0,27598066
3,rs6774979,0,27639321
3,rs1542542,0,27864039
3,rs1080873,0,27884541
3,rs2618108,0,27909726
3,rs9865599,0,28063050
3,rs2371260,0,28155253
3,rs4295137,0,28558884
3,rs4368456,0,28586768
3,rs4234341,0,28588606
3,rs4298010,0,28724352
3,rs1993761,0,28824042
3,rs6762992,0,28827084
3,rs17022021,0,28853692
3,rs9839941,0,28896258
3,rs6809035,0,28955281
3,rs6793529,0,28968697
3,rs546270,0,29119254
3,rs2122322,0,29133888
3,rs6770126,0,29169314
3,rs1025644,0,29306863
3,rs13065187,0,29370510
3,rs7643656,0,29447050
3,rs9865001,0,29557416
3,rs6795382,0,29671625
3,rs17024312,0,29756109
3,rs10510626,0,29814281
3,rs10510627,0,29818580
3,rs9854636,0,29842756
3,rs9875937,0,29929555
3,rs1433989,0,30209620
3,rs6549976,0,30233860
3,rs6549977,0,30234244
3,rs1821388,0,30242761
3,rs1433997,0,30243821
3,rs1603258,0,30280895
3,rs12492555,0,30355579
3,rs7641221,0,30522443
3,rs11466537,0,30710180
3,rs795428,0,30715874
3,rs2219610,0,30737665
3,rs7614821,0,30749790
3,rs17026472,0,30754963
3,rs1381048,0,30765158
3,rs6805561,0,30776717
3,rs9842693,0,30885556
3,rs1565877,0,30919028
3,rs17434315,0,31039489
3,rs294314,0,31042456
3,rs1385829,0,31091603
3,rs4955391,0,31270126
3,rs9859166,0,31305862
3,rs17027377,0,31356962
3,rs12497821,0,31415519
3,rs6550053,0,31446105
3,rs9310971,0,31452774
3,rs9828566,0,31500384
3,rs7639313,0,31504093
3,rs4420912,0,31546331
3,rs7611111,0,31858775
3,rs6776254,0,31876852
3,rs4438696,0,31900672
3,rs4245876,0,32216793
3,rs2053280,0,32334013
3,rs4293737,0,32348534
3,rs4353835,0,32421779
3,rs347152,0,32448322
3,rs17029597,0,32498291
3,rs3821700,0,32499711
3,rs6782149,0,32544100
3,rs13063187,0,32671788
3,rs7640848,0,32674426
3,rs4678684,0,33129250
3,rs9880596,0,33268762
3,rs9861219,0,33290108
3,rs4678848,0,33296663
3,rs9819495,0,33350703
3,rs623244,0,33419290
3,rs4678957,0,33421495
3,rs1807844,0,33447941
3,rs509957,0,33493341
3,rs7647008,0,33637324
3,rs13100100,0,33683118
3,rs7636692,0,33921648
3,rs7642534,0,33923374
3,rs6778341,0,33924973
3,rs11720491,0,34010163
3,rs9823543,0,34187525
3,rs2053425,0,34216690
3,rs1401341,0,34273867
3,rs2336648,0,34442826
3,rs9311052,0,34516508
3,rs4678690,0,34518050
3,rs2044722,0,34520607
3,rs17031805,0,34521405
3,rs13353395,0,34522099
3,rs1852808,0,34531505
3,rs9821551,0,34532378
3,rs10490824,0,34541951
3,rs7651066,0,34628662
3,rs11719120,0,34815095
3,rs9311079,0,34889889
3,rs10514688,0,34937673
3,rs13069987,0,35083048
3,rs28847946,0,35236202
3,rs1450311,0,35264990
3,rs11713318,0,35305177
3,rs4678765,0,35335211
3,rs6550350,0,35552956
3,rs9839823,0,35553600
3,rs12634096,0,35614888
3,rs6766511,0,35634348
3,rs4678789,0,35670516
3,rs17033647,0,35677092
3,rs11129684,0,36023255
3,rs6550396,0,36141302
3,rs10222618,0,36154514
3,rs17034564,0,36211440
3,rs9828927,0,36426994
3,rs13319487,0,36428726
3,rs1357069,0,36567042
3,rs4678898,0,36725449
3,rs868488,0,36767610
3,rs9811881,0,36786141
3,rs9855901,0,36843741
3,rs4647200,0,37008466
3,rs3774332,0,37049672
3,rs4678925,0,37053510
3,rs10154916,0,37160964
3,rs9883275,0,37313492
3,rs9819914,0,37316208
3,rs11718848,0,37341463
3,rs10490810,0,37348121
3,rs7612879,0,37349628
3,rs7634034,0,37368741
3,rs6809362,0,37403327
3,rs9857774,0,37434226
3,rs149815,0,37483555
3,rs155524,0,37537145
3,rs2364652,0,37700475
3,rs11712745,0,37754649
3,rs1800,0,37780866
3,rs2685104,0,37782039
3,rs10510697,0,37831653
3,rs13077801,0,37845179
3,rs6790217,0,37924180
3,rs9816217,0,37935049
3,rs9311167,0,37949937
3,rs9826470,0,37994432
3,rs10095,0,37998557
3,rs6550514,0,38014191
3,rs9857730,0,38026945
3,rs933135,0,38027729
3,rs3753170,0,38038512
3,rs989298,0,38155415
3,rs9847326,0,38204835
3,rs9879252,0,38265334
3,rs2234600,0,38363018
3,rs2234608,0,38381797
3,rs2234618,0,38384582
3,rs169046,0,38392371
3,rs1002675,0,38420230
3,rs13058903,0,38488369
3,rs6781009,0,38560438
3,rs6799868,0,38576560
3,rs7374138,0,38580736
3,rs7427447,0,38581592
3,rs9832586,0,38582082
3,rs4131778,0,38587230
3,rs7430407,0,38597471
3,rs7374004,0,38600713
3,rs11711097,0,38603646
3,rs7428779,0,38621427
3,rs6599248,0,38724030
3,rs7372672,0,38729096
3,rs10428132,0,38752558
3,rs4414778,0,38787169
3,rs11712354,0,38810892
3,rs11928765,0,38897170
3,rs4676588,0,38915745
3,rs9311204,0,39081685
3,rs9827576,0,39200771
3,rs17729892,0,39209174
3,rs1344220,0,39241125
3,rs11921137,0,39398851
3,rs13092508,0,39482949
3,rs631312,0,39483972
3,rs12632500,0,39499437
3,rs1768262,0,39528280
3,rs9883430,0,39531944
3,rs572971,0,39536431
3,rs17039147,0,39537170
3,rs1631776,0,39565199
3,rs1708007,0,39567646
3,rs4234142,0,39641264
3,rs6776748,0,39662764
3,rs17039482,0,39668806
3,rs1405791,0,39803862
3,rs2371181,0,40083340
3,rs6779997,0,40245684
3,rs2371136,0,40250659
3,rs2278928,0,40325787
3,rs6769309,0,40475755
3,rs9882171,0,40493825
3,rs6774548,0,40562141
3,rs4308249,0,40621740
3,rs13060320,0,40652595
3,rs17051804,0,40926995
3,rs9855568,0,41033043
3,rs6802872,0,41033830
3,rs425940,0,41058461
3,rs416486,0,41088080
3,rs107236,0,41092749
3,rs12634519,0,41102364
3,rs450615,0,41108614
3,rs17053299,0,41143109
3,rs12631726,0,41355299
3,rs13075079,0,41408476
3,rs9852005,0,41430336
3,rs6809441,0,41469609
3,rs1795313,0,41592385
3,rs7637587,0,41629155
3,rs9880350,0,41645198
3,rs974594,0,41651366
3,rs17213434,0,41665081
3,rs9825741,0,41736832
3,rs6599175,0,41761013
3,rs11915132,0,41780315
3,rs2272007,0,41971140
3,rs12106811,0,42051974
3,rs1530735,0,42131911
3,rs3774396,0,42274741
3,rs9311319,0,42310665
3,rs7638457,0,42382472
3,rs33484,0,42392891
3,rs17074405,0,42420090
3,rs6771175,0,42473012
3,rs2271187,0,42585519
3,rs6441928,0,42632228
3,rs704889,0,42957270
3,rs17075161,0,43092383
3,rs11712506,0,43178406
3,rs9880888,0,43247175
3,rs1320162,0,43278201
3,rs13095863,0,43309882
3,rs17406308,0,43320179
3,rs2888312,0,43459971
3,rs12487775,0,43605682
3,rs6796191,0,44142393
3,rs12631341,0,44284272
3,rs11709024,0,44702557
3,rs6792918,0,44832008
3,rs7340559,0,44846990
3,rs3804580,0,44867037
3,rs9863165,0,44937017
3,rs4683021,0,45019882
3,rs7647252,0,45067489
3,rs17210907,0,45144638
3,rs7633169,0,45160523
3,rs6785477,0,45175258
3,rs33767,0,45256608
3,rs1515355,0,45364110
3,rs9825692,0,45451366
3,rs267256,0,45562115
3,rs4682797,0,45706279
3,rs938365,0,45718642
3,rs4683143,0,45830176
3,rs10490770,0,45839736
3,rs2191031,0,45885874
3,rs2171529,0,46022036
3,rs3181077,0,46225656
3,rs17283264,0,46228570
3,rs4683189,0,46249769
3,rs13096142,0,46256748
3,rs12636651,0,46257395
3,rs1027241,0,46287543
3,rs11718385,0,46302592
3,rs7371865,0,46524192
3,rs11713015,0,46548322
3,rs4519738,0,46679233
3,rs3827495,0,46686511
3,rs12106916,0,46855006
3,rs2385861,0,46904357
3,rs4682847,0,46911255
3,rs7628747,0,46976994
3,rs749511,0,47010739
3,rs34642992,0,47023330
3,rs9826488,0,47146881
3,rs11130115,0,47156665
3,rs7632501,0,47243310
3,rs11710121,0,47326505
3,rs35628908,0,47430734
3,rs13059519,0,47514973
3,rs13059528,0,47667909
3,rs13099699,0,47702568
3,rs1875103,0,47869105
3,rs12495221,0,48154182
3,rs6771889,0,48169330
3,rs6796490,0,48212108
3,rs9824599,0,48286414
3,rs11716371,0,48337754
3,rs986739,0,48370543
3,rs1459242,0,48388541
3,rs9826195,0,48408639
3,rs9841713,0,48439972
3,rs3135944,0,48483520
3,rs734071,0,48494825
3,rs9826673,0,48526633
3,rs9869698,0,48555543
3,rs2006871,0,48561701
3,rs2267844,0,48566485
3,rs17080261,0,48589335
3,rs28393949,0,48666650
3,rs13434258,0,48713495
3,rs7653408,0,48947355
3,rs4974081,0,49045503
3,rs9846123,0,49063116
3,rs4955411,0,49120308
3,rs11715581,0,49169335
3,rs11708174,0,49484972
3,rs9862534,0,49573068
3,rs4241405,0,49617031
3,rs7649348,0,49747379
3,rs2681781,0,49873277
3,rs1879293,0,49890227
3,rs12489386,0,49902507
3,rs13078735,0,49908278
3,rs2624851,0,49981809
3,rs12490944,0,50034655
3,rs13071931,0,50037882
3,rs4688755,0,50039428
3,rs2247510,0,50101219
3,rs13100903,0,50149576
3,rs2624842,0,50171422
3,rs2624837,0,50180966
3,rs12632110,0,50199229
3,rs2236944,0,50267197
3,rs6766600,0,50275554
3,rs7641224,0,50282115
3,rs12492880,0,50284128
3,rs13336,0,50289340
3,rs34364099,0,50302014
3,rs2236947,0,50346436
3,rs3774755,0,50373893
3,rs2282753,0,50411720
3,rs13075377,0,50808364
3,rs6446222,0,50812087
3,rs11921011,0,50831091
3,rs2675835,0,50837744
3,rs2085580,0,50841577
3,rs11917538,0,50847980
3,rs6446245,0,51012298
3,rs4267675,0,51122847
3,rs6779658,0,51187201
3,rs1383251,0,51341880
3,rs17051762,0,51365016
3,rs2241784,0,51393388
3,rs9311469,0,51515075
3,rs13353437,0,51539470
3,rs1394813,0,51810417
3,rs12639503,0,51835857
3,rs1587922,0,51893268
3,rs323867,0,51952221
3,rs323874,0,51969627
3,rs352169,0,52211802
3,rs6445358,0,52283885
3,rs11718125,0,52354460
3,rs11714402,0,52366775
3,rs13091025,0,52442364
3,rs7620015,0,52485737
3,rs6810027,0,52499614
3,rs13326165,0,52507158
3,rs3796353,0,52568270
3,rs4386495,0,52628879
3,rs13099479,0,52652518
3,rs2028216,0,52655863
3,rs7651709,0,52670901
3,rs12488461,0,52673457
3,rs34182518,0,52718894
3,rs1014969,0,52783381
3,rs9883888,0,52816151
3,rs2001734,0,52856035
3,rs11713324,0,52901727
3,rs13072457,0,53077429
3,rs17052826,0,53187756
3,rs7649323,0,53307746
3,rs2109184,0,53494743
3,rs991818,0,53562559
3,rs9866078,0,53610482
3,rs2680672,0,53691013
3,rs2612018,0,53694125
3,rs1020819,0,53737753
3,rs6800641,0,53745628
3,rs2612026,0,53752035
3,rs714786,0,53764062
3,rs719260,0,53764212
3,rs1829423,0,53789237
3,rs4687766,0,53992929
3,rs7627558,0,54027765
3,rs4927992,0,54029021
3,rs4928047,0,54075649
3,rs11130396,0,54127859
3,rs9861843,0,54134398
3,rs6765381,0,54148298
3,rs4928005,0,54177493
3,rs4345101,0,54197026
3,rs9846400,0,54220814
3,rs6763602,0,54233423
3,rs4928015,0,54234421
3,rs4257583,0,54273864
3,rs11130416,0,54342933
3,rs9811393,0,54354842
3,rs9874177,0,54543246
3,rs4955919,0,54605869
3,rs11915214,0,54616060
3,rs10510769,0,54625698
3,rs17054340,0,54763829
3,rs1317838,0,54798638
3,rs5015055,0,54799562
3,rs6799750,0,54802077
3,rs13093404,0,54809643
3,rs3773603,0,54855501
3,rs12152349,0,54862331
3,rs4955898,0,54864084
3,rs12487923,0,54977106
3,rs41499945,0,55084215
3,rs2122562,0,55136692
3,rs716384,0,55187054
3,rs1381389,0,55206839
3,rs4955943,0,55207885
3,rs17054983,0,55214938
3,rs6775075,0,55225032
3,rs373532,0,55238146
3,rs1879382,0,55405511
3,rs3913369,0,55456115
3,rs1829556,0,55476215
3,rs9311564,0,55489285
3,rs1160047,0,55506999
3,rs1167241,0,55549978
3,rs6769469,0,55552095
3,rs3907611,0,55581148
3,rs1809885,0,55600202
3,rs193317,0,55611785
3,rs815406,0,55724234
3,rs11130479,0,55739028
3,rs12636001,0,55839545
3,rs6782906,0,55856560
3,rs7609626,0,55865516
3,rs724334,0,55933122
3,rs13078548,0,56129361
3,rs4974176,0,56196647
3,rs11130510,0,56312064
3,rs7644975,0,56380209
3,rs10212434,0,56407200
3,rs9860812,0,56417279
3,rs11719646,0,56442731
3,rs4974142,0,56458720
3,rs9881216,0,56491685
3,rs7627759,0,56496259
3,rs9311603,0,56502406
3,rs17216615,0,56510277
3,rs11130522,0,56537132
3,rs1491166,0,56545137
3,rs11130525,0,56568720
3,rs9848723,0,56573216
3,rs4681951,0,56608442
3,rs9833926,0,56625218
3,rs3772219,0,56746291
3,rs3732509,0,56759888
3,rs17057298,0,56780272
3,rs6803697,0,56806588
3,rs4328779,0,56850548
3,rs6445827,0,56851222
3,rs11130549,0,56855484
3,rs9882574,0,56919059
3,rs12637209,0,56981180
3,rs6769806,0,57037868
3,rs6445846,0,57051236
3,rs17057654,0,57057783
3,rs9830791,0,57066615
3,rs2171504,0,57077555
3,rs11920551,0,57103251
3,rs6807055,0,57109270
3,rs1075398,0,57112636
3,rs6792236,0,57124355
3,rs4493402,0,57188891
3,rs6787862,0,57223646
3,rs9826459,0,57257050
3,rs4681966,0,57264324
3,rs508398,0,57321642
3,rs9846190,0,57370077
3,rs17744471,0,57655593
3,rs11720564,0,57688062
3,rs6775340,0,57756441
3,rs6764645,0,57789302
3,rs17058587,0,57791993
3,rs7621574,0,57831437
3,rs1131356,0,58084202
3,rs1878014,0,58170414
3,rs7634153,0,58212541
3,rs6790764,0,58240990
3,rs6925,0,58255129
3,rs7653734,0,58347925
3,rs4390943,0,58351679
3,rs7625947,0,58458670
3,rs1982758,0,58524687
3,rs10866020,0,58539477
3,rs4681869,0,58548574
3,rs11922962,0,58567942
3,rs4681901,0,58680914
3,rs9865466,0,58752250
3,rs12637981,0,58837838
3,rs2137457,0,59080953
3,rs17060183,0,59166360
3,rs6806227,0,59168061
3,rs7372633,0,59202372
3,rs2197311,0,59248213
3,rs6782236,0,59296942
3,rs12054034,0,59380114
3,rs10428213,0,59381971
3,rs9841867,0,59382948
3,rs6791866,0,59383164
3,rs6776486,0,59383218
3,rs6795120,0,59414325
3,rs10510810,0,59444153
3,rs12494786,0,59538907
3,rs12107494,0,59659678
3,rs7372191,0,59693998
3,rs12152416,0,59725109
3,rs17061173,0,59729218
3,rs17061180,0,59731730
3,rs9809345,0,59752027
3,rs11130734,0,59759549
3,rs565226,0,59763565
3,rs589792,0,59764007
3,rs17362486,0,59796111
3,rs1485730,0,59801818
3,rs11715245,0,59866267
3,rs12495662,0,59925390
3,rs17253376,0,59936554
3,rs2687895,0,59949593
3,rs2736793,0,59973429
3,rs6803449,0,59985809
3,rs9868731,0,59989879
3,rs17061880,0,59993366
3,rs191927,0,60026111
3,rs2630197,0,60032048
3,rs2630187,0,60037738
3,rs6807325,0,60037979
3,rs2630149,0,60041815
3,rs2736781,0,60042126
3,rs12493170,0,60051437
3,rs7610403,0,60054908
3,rs7609578,0,60060011
3,rs969561,0,60063101
3,rs6446115,0,60123725
3,rs6781028,0,60124477
3,rs17062413,0,60127623
3,rs720285,0,60193505
3,rs9813221,0,60297988
3,rs6773500,0,60324149
3,rs11709440,0,60367407
3,rs2121863,0,60434241
3,rs6805412,0,60519519
3,rs939495,0,60555062
3,rs12638023,0,60556846
3,rs17063619,0,60562702
3,rs2856029,0,60564450
3,rs9845743,0,60568068
3,rs939498,0,60571739
3,rs2856036,0,60572503
3,rs1716734,0,60646358
3,rs1735471,0,60680065
3,rs1716749,0,60684028
3,rs9860076,0,60684785
3,rs6797892,0,60691512
3,rs11130782,0,60732540
3,rs17063986,0,60746472
3,rs6777650,0,60751008
3,rs2594139,0,60783865
3,rs6804478,0,60860180
3,rs7646851,0,60881402
3,rs9990051,0,60907660
3,rs7634868,0,60908079
3,rs7616675,0,61021903
3,rs1965143,0,61023705
3,rs9881064,0,61034471
3,rs4309721,0,61107738
3,rs17064660,0,61183242
3,rs10866046,0,61190537
3,rs13099397,0,61192810
3,rs9882998,0,61376152
3,rs9311811,0,61420361
3,rs6785998,0,61593709
3,rs7609954,0,61611196
3,rs7624118,0,61652572
3,rs648546,0,61702758
3,rs632091,0,61704101
3,rs645957,0,61738529
3,rs17065345,0,61743126
3,rs620479,0,61809795
3,rs1107043,0,61813449
3,rs6445243,0,61859908
3,rs976856,0,61923615
3,rs251039,0,61931628
3,rs17274931,0,61958880
3,rs6774688,0,61961537
3,rs9847300,0,61965835
3,rs17065685,0,61970270
3,rs11718787,0,61979625
3,rs9851070,0,62030099
3,rs9879067,0,62031909
3,rs1508411,0,62039557
3,rs804422,0,62049549
3,rs729863,0,62055746
3,rs349153,0,62056535
3,rs1997366,0,62414626
3,rs1452079,0,62463200
3,rs4396888,0,62518163
3,rs833662,0,62528253
3,rs9820569,0,62529783
3,rs17066613,0,62533173
3,rs11130889,0,62537788
3,rs866482,0,62568930
3,rs1567092,0,62579050
3,rs2668230,0,62604114
3,rs7619205,0,62605505
3,rs17066807,0,62647783
3,rs6796109,0,62675557
3,rs17066998,0,62679090
3,rs564720,0,62704974
3,rs17067161,0,62726013
3,rs9847575,0,62899244
3,rs17067466,0,62941910
3,rs6806422,0,62948163
3,rs6445307,0,62999408
3,rs1031246,0,63003112
3,rs11711145,0,63110118
3,rs13082672,0,63197123
3,rs4298038,0,63203780
3,rs6767034,0,63251876
3,rs11130920,0,63260778
3,rs1851666,0,63274989
3,rs11715570,0,63289955
3,rs7637410,0,63348618
3,rs6790302,0,63351522
3,rs17068597,0,63413298
3,rs11708840,0,63479640
3,rs12490926,0,63484375
3,rs17069004,0,63502396
3,rs964902,0,63591683
3,rs6797570,0,63647792
3,rs6789160,0,63648374
3,rs17653846,0,63677515
3,rs9865811,0,63969545
3,rs17344570,0,63989279
3,rs12493866,0,64027828
3,rs11130958,0,64080319
3,rs9809042,0,64096489
3,rs2008984,0,64105658
3,rs161665,0,64149097
3,rs696231,0,64181336
3,rs697294,0,64192324
3,rs704400,0,64197256
3,rs704417,0,64227464
3,rs2263039,0,64258539
3,rs17070342,0,64264629
3,rs6445394,0,64265079
3,rs9819932,0,64265456
3,rs866466,0,64308560
3,rs6445399,0,64311012
3,rs733316,0,64319584
3,rs4688203,0,64426628
3,rs13320542,0,64555209
3,rs9860730,0,64676186
3,rs7636929,0,64730477
3,rs17669365,0,64749589
3,rs4142325,0,64769783
3,rs9823400,0,64801424
3,rs11925687,0,64959884
3,rs1482599,0,65032663
3,rs17072226,0,65039156
3,rs1482596,0,65043188
3,rs17072299,0,65054747
3,rs9818174,0,65058765
3,rs9831020,0,65079274
3,rs6445466,0,65107331
3,rs13322292,0,65131327
3,rs12330417,0,65140374
3,rs9815340,0,65155041
3,rs781291,0,65187636
3,rs2620522,0,65198424
3,rs2624867,0,65200276
3,rs7653116,0,65209185
3,rs7629236,0,65261443
3,rs4688557,0,65267529
3,rs4688558,0,65271060
3,rs2371951,0,65282006
3,rs13095497,0,65286785
3,rs1016553,0,65354334
3,rs13083269,0,65385529
3,rs7429906,0,65386556
3,rs4467382,0,65389091
3,rs9837844,0,65389759
3,rs11131023,0,65417178
3,rs9942112,0,65481179
3,rs940630,0,65547738
3,rs17073380,0,65631717
3,rs12374103,0,65632156
3,rs9859419,0,65679524
3,rs6445511,0,65827637
3,rs9837263,0,65830551
3,rs865854,0,65857201
3,rs1390244,0,65861543
3,rs9840991,0,65864193
3,rs9879690,0,65888816
3,rs17441629,0,65892448
3,rs2888302,0,65914868
3,rs9848235,0,65978030
3,rs28653378,0,65989952
3,rs28438945,0,66097087
3,rs1680401,0,66376942
3,rs1678105,0,66382633
3,rs13084982,0,66400004
3,rs782744,0,66437848
3,rs707009,0,66454834
3,rs17044348,0,66485974
3,rs9827734,0,66498039
3,rs231276,0,66510575
3,rs754821,0,66871691
3,rs9813067,0,66945334
3,rs6808000,0,66960107
3,rs4411828,0,66995369
3,rs7648743,0,66997379
3,rs9874047,0,67045084
3,rs9874651,0,67095948
3,rs17045682,0,67105010
3,rs11128388,0,67195362
3,rs6796851,0,67321169
3,rs4857002,0,67332738
3,rs17804294,0,67376872
3,rs9309736,0,67377649
3,rs1490244,0,67399974
3,rs17042943,0,67406980
3,rs1387870,0,67426804
3,rs6548450,0,67436712
3,rs17046209,0,67449165
3,rs951518,0,67461107
3,rs7651267,0,67488499
3,rs11710800,0,67548993
3,rs7616397,0,67599971
3,rs6792584,0,67614078
3,rs7618449,0,67665944
3,rs2772450,0,67690867
3,rs1463231,0,67747830
3,rs6797199,0,67748571
3,rs13065696,0,67781505
3,rs13099253,0,67795660
3,rs13091275,0,67795921
3,rs1585383,0,67939031
3,rs9872151,0,67944833
3,rs17047115,0,68137649
3,rs6549003,0,68245565
3,rs4446218,0,68321675
3,rs1388492,0,68328167
3,rs1388495,0,68339738
3,rs7628109,0,68351677
3,rs7632646,0,68379178
3,rs262195,0,68509818
3,rs10222670,0,68532327
3,rs1039878,0,68557818
3,rs7634101,0,68568133
3,rs4855482,0,68588546
3,rs17247167,0,68811369
3,rs1489992,0,68887714
3,rs6785239,0,69084092
3,rs6549194,0,69426066
3,rs9876410,0,69457747
3,rs9820308,0,69466501
3,rs6549211,0,69504538
3,rs1982747,0,69510320
3,rs6795389,0,69566636
3,rs17005917,0,69585438
3,rs1498836,0,69604455
3,rs9310159,0,69614189
3,rs11926899,0,69743842
3,rs12637754,0,69923555
3,rs4284984,0,70067799
3,rs9815027,0,70181989
3,rs9855111,0,70248048
3,rs4974258,0,70274763
3,rs6775159,0,70407708
3,rs1357270,0,70410810
3,rs2111582,0,70503844
3,rs2058890,0,70507951
3,rs17007267,0,70602364
3,rs17007274,0,70603787
3,rs13063956,0,70709595
3,rs1907560,0,70754740
3,rs17007788,0,70890956
3,rs17007838,0,70944152
3,rs955109,0,71122084
3,rs704247,0,71232117
3,rs17008210,0,71235276
3,rs6773327,0,71235387
3,rs12633797,0,71282655
3,rs7633837,0,71538465
3,rs17656368,0,71556906
3,rs7640269,0,71558262
3,rs12108053,0,71587458
3,rs11720980,0,71588340
3,rs9819066,0,71605800
3,rs2133627,0,71634560
3,rs13067120,0,71638363
3,rs9878279,0,71684153
3,rs6549400,0,71689156
3,rs878172,0,71705139
3,rs1374912,0,71894565
3,rs10779992,0,71912604
3,rs1316853,0,71919726
3,rs9871833,0,71959139
3,rs9861583,0,72031216
3,rs7624088,0,72033022
3,rs9841665,0,72039677
3,rs12495691,0,72082883
3,rs6549433,0,72178561
3,rs9310229,0,72180599
3,rs7611391,0,72248350
3,rs9857666,0,72316453
3,rs6801640,0,72369857
3,rs12635882,0,72378651
3,rs7642076,0,72412027
3,rs9848266,0,72454412
3,rs11914636,0,72494501
3,rs2028240,0,72573442
3,rs934841,0,72598896
3,rs902423,0,72760423
3,rs9851428,0,72761077
3,rs2322610,0,72876341
3,rs7634188,0,73023979
3,rs6549489,0,73060176
3,rs7643262,0,73060530
3,rs6807538,0,73082594
3,rs17742733,0,73087270
3,rs13081110,0,73088184
3,rs6807768,0,73323463
3,rs2035580,0,73341002
3,rs1486286,0,73341836
3,rs557919,0,73378282
3,rs6784750,0,73409136
3,rs1482172,0,73415930
3,rs2170474,0,73419987
3,rs6777416,0,73429656
3,rs7644097,0,73525534
3,rs6549539,0,73571211
3,rs6549540,0,73571360
3,rs2324088,0,73583865
3,rs11709074,0,73589793
3,rs10865678,0,73814827
3,rs1543071,0,73832006
3,rs1511530,0,73852548
3,rs4676946,0,73861094
3,rs291529,0,73923057
3,rs17011831,0,74047442
3,rs1474456,0,74048810
3,rs6775849,0,74069665
3,rs6772123,0,74098459
3,rs1526720,0,74119669
3,rs3942544,0,74172692
3,rs2197742,0,74439371
3,rs615326,0,74483378
3,rs6549590,0,74496366
3,rs7428834,0,74591116
3,rs6803546,0,74845069
3,rs7627286,0,74936301
3,rs6549660,0,74948321
3,rs6781475,0,75317100
3,rs4677503,0,75470147
3,rs7649947,0,75474627
3,rs6549833,0,76241351
3,rs11128504,0,76280542
3,rs17013911,0,76309324
3,rs4855971,0,76314655
3,rs1516457,0,76337782
3,rs4855974,0,76345256
3,rs17140549,0,76372423
3,rs17140566,0,76379362
3,rs17013925,0,76445108
3,rs7626782,0,76450134
3,rs6796472,0,76553163
3,rs12107824,0,76603032
3,rs924708,0,76634395
3,rs3901064,0,76648394
3,rs9309741,0,76664471
3,rs13061512,0,76767347
3,rs7614957,0,76768574
3,rs1816955,0,76796473
3,rs1026164,0,76817556
3,rs2608158,0,76893568
3,rs267131,0,76902356
3,rs4856055,0,76969898
3,rs2324694,0,76975146
3,rs3884004,0,76979922
3,rs13320269,0,77030007
3,rs7648227,0,77174943
3,rs3884526,0,77181908
3,rs7628843,0,77216563
3,rs6769992,0,77250858
3,rs7618319,0,77255422
3,rs12487190,0,77263872
3,rs7612655,0,77278220
3,rs7433790,0,77297641
3,rs4683993,0,77306958
3,rs6548485,0,77318588
3,rs17015077,0,77327679
3,rs6764366,0,77378160
3,rs1372427,0,77451048
3,rs10084692,0,77460897
3,rs4449296,0,77477230
3,rs7642312,0,77491880
3,rs9876951,0,77501113
3,rs12488430,0,77511567
3,rs7634014,0,77518876
3,rs9836971,0,77525971
3,rs6781059,0,77582130
3,rs7432637,0,77624724
3,rs6797725,0,77627512
3,rs775756,0,77663947
3,rs1589720,0,77686296
3,rs11925882,0,77708244
3,rs1523765,0,77716115
3,rs9309775,0,77730624
3,rs776112,0,77847362
3,rs7641365,0,77963763
3,rs9857102,0,78032730
3,rs13322529,0,78578485
3,rs10511127,0,78677401
3,rs1470377,0,78678265
3,rs3773195,0,78745964
3,rs9839790,0,78749455
3,rs2660739,0,78776530
3,rs1476153,0,78879005
3,rs1865861,0,78886649
3,rs333493,0,78939953
3,rs17016593,0,79043731
3,rs17016763,0,79288170
3,rs902161,0,79359258
3,rs17336055,0,79375985
3,rs7610397,0,79447918
3,rs12629799,0,79459700
3,rs4362686,0,79476047
3,rs9842630,0,79489209
3,rs9838937,0,79696421
3,rs4856443,0,79789840
3,rs4856324,0,79897813
3,rs1393358,0,79930747
3,rs6781777,0,79991946
3,rs9816658,0,80241624
3,rs1028082,0,80539553
3,rs6770791,0,80568047
3,rs12638116,0,80572790
3,rs7431461,0,80682502
3,rs6775603,0,80779142
3,rs11127707,0,80788260
3,rs34868871,0,80818080
3,rs4472019,0,80864416
3,rs17018287,0,80874070
3,rs9816762,0,80922927
3,rs9864645,0,81322335
3,rs1477686,0,81333353
3,rs13074098,0,81492364
3,rs4856347,0,81585473
3,rs13082939,0,81694906
3,rs6785616,0,81711666
3,rs1031265,0,81750740
3,rs13073613,0,81971202
3,rs7628505,0,81971416
3,rs7621968,0,82034150
3,rs11705789,0,82051886
3,rs9985397,0,82058384
3,rs9875335,0,82065994
3,rs6778265,0,82068435
3,rs4440144,0,82071049
3,rs9810554,0,82076783
3,rs9814843,0,82077195
3,rs4481177,0,82079507
3,rs7620422,0,82081713
3,rs9875387,0,82132974
3,rs1609392,0,82146716
3,rs9309886,0,82226341
3,rs9867012,0,82493408
3,rs2122355,0,82529436
3,rs7644123,0,82578678
3,rs17019957,0,82747735
3,rs1598120,0,82776690
3,rs2054402,0,82831046
3,rs28549095,0,82838865
3,rs1382069,0,82849478
3,rs6801422,0,82851352
3,rs9883093,0,82857521
3,rs7638693,0,82960545
3,rs17020227,0,82989090
3,rs2029918,0,83009782
3,rs11926691,0,83064778
3,rs1482633,0,83072958
3,rs12714558,0,83239473
3,rs168370,0,83485917
3,rs17779488,0,83507468
3,rs398634,0,83518582
3,rs985399,0,83680310
3,rs7632355,0,83727489
3,rs6801135,0,83976507
3,rs4640578,0,83988335
3,rs6802899,0,84013790
3,rs4128523,0,84023138
3,rs4482673,0,84027431
3,rs17352297,0,84425545
3,rs17249969,0,84440539
3,rs13079966,0,84449087
3,rs7642069,0,84491064
3,rs12486566,0,84554767
3,rs4452340,0,84592481
3,rs4856528,0,84638895
3,rs9846094,0,84653448
3,rs1598082,0,84892258
3,rs17430092,0,84922139
3,rs1248821,0,85013437
3,rs2132183,0,85049557
3,rs10490895,0,85164480
3,rs1376934,0,85319233
3,rs1452127,0,85367280
3,rs12486784,0,85387434
3,rs7637876,0,85419249
3,rs1452123,0,85429129
3,rs12497411,0,85469346
3,rs9309973,0,85470000
3,rs9833972,0,85490594
3,rs1821349,0,85521254
3,rs28655875,0,85563705
3,rs1449391,0,85637272
3,rs9819299,0,85764868
3,rs7629690,0,85795664
3,rs7644873,0,85803578
3,rs12714648,0,86261182
3,rs10865615,0,86296933
3,rs1603323,0,86520428
3,rs884026,0,86550124
3,rs9861167,0,86632703
3,rs10511062,0,86638822
3,rs17363689,0,86725876
3,rs7645055,0,86746685
3,rs4270505,0,86773723
3,rs1370213,0,86793984
3,rs17024019,0,87340113
3,rs1994487,0,87345688
3,rs6792500,0,87391521
3,rs6798591,0,87472064
3,rs4549297,0,87821976
3,rs4362744,0,87903799
3,rs2116150,0,88130444
3,rs9310073,0,88227718
3,rs1458003,0,88443405
3,rs6796650,0,88460512
3,rs34747674,0,88533555
3,rs3911553,0,88555212
3,rs7641600,0,88634831
3,rs6787863,0,88658982
3,rs7651671,0,88772968
3,rs12488888,0,88809562
3,rs13084044,0,88855357
3,rs1384778,0,88974680
3,rs12053900,0,88993809
3,rs9849235,0,89186562
3,rs12633482,0,89295631
3,rs9815025,0,89297903
3,rs6551408,0,89353428
3,rs6419884,0,89362157
3,rs11927218,0,89412215
3,rs1028013,0,89566958
3,rs7632427,0,89617067
3,rs11706497,0,89621056
3,rs7635408,0,89727858
3,rs1915304,0,89787083
3,rs1104526,0,89834629
3,rs7617247,0,89878589
3,rs1915728,0,89915500
3,rs7653486,0,90027433
3,rs11128080,0,90139143
3,rs9714342,0,90510976
3,rs8178604,0,95137210
3,rs9837104,0,95154063
3,rs7615950,0,95308429
3,rs3887491,0,95503065
3,rs7636618,0,95590163
3,rs17749495,0,95665802
3,rs9290227,0,95691745
3,rs13327303,0,95696163
3,rs4626098,0,95696843
3,rs13098825,0,95741657
3,rs12488331,0,95742727
3,rs4857458,0,95811054
3,rs6791440,0,95825543
3,rs7647173,0,95962122
3,rs13324772,0,95989072
3,rs6780760,0,95989113
3,rs9846361,0,96030724
3,rs10933951,0,96467958
3,rs529719,0,96585649
3,rs6776804,0,96635117
3,rs5000487,0,96664292
3,rs9852345,0,96993302
3,rs6804031,0,97010839
3,rs4642148,0,97205830
3,rs13085875,0,97308169
3,rs1020612,0,97477789
3,rs7641736,0,97485894
3,rs9846627,0,97567626
3,rs11924282,0,97628133
3,rs326255,0,97683865
3,rs1906312,0,97787481
3,rs9289243,0,98117431
3,rs9856509,0,98774086
3,rs6784579,0,98798759
3,rs7620134,0,98980660
3,rs831878,0,99115406
3,rs4857328,0,99334165
3,rs5000372,0,99419858
3,rs1008191,0,99508038
3,rs13091483,0,99631045
3,rs1461159,0,99745820
3,rs2229123,0,99782122
3,rs4558798,0,99791605
3,rs7623192,0,99847601
3,rs6774195,0,99862399
3,rs4857412,0,99873730
3,rs1440156,0,99907923
3,rs4857414,0,99915249
3,rs828594,0,99945030
3,rs828595,0,99945988
3,rs278374,0,99961089
3,rs2334230,0,99974309
3,rs704585,0,99986373
3,rs999147,0,99986466
3,rs704586,0,99997851
3,rs34269725,0,100056270
3,rs1905020,0,100205870
3,rs2449014,0,100209748
3,rs2623458,0,100256697
3,rs17773202,0,100588645
3,rs9990265,0,100596190
3,rs2128021,0,100621946
3,rs16841326,0,100738725
3,rs9836213,0,100810296
3,rs1965397,0,100866101
3,rs4928220,0,100962239
3,rs1871847,0,101023200
3,rs704582,0,101054616
3,rs9864437,0,101247444
3,rs17393080,0,101247716
3,rs1387647,0,101309632
3,rs9837131,0,101337204
3,rs17856191,0,101367926
3,rs9810704,0,101470696
3,rs1144122,0,101837214
3,rs1680499,0,101864647
3,rs7642041,0,101962074
3,rs9877253,0,102022969
3,rs4928058,0,102093544
3,rs17398421,0,102155597
3,rs6774218,0,102178372
3,rs17399603,0,102218829
3,rs2713777,0,102219791
3,rs7611522,0,102240510
3,rs2317335,0,102269706
3,rs9835687,0,102275037
3,rs906380,0,102388600
3,rs538834,0,102493189
3,rs4618204,0,102764224
3,rs11914318,0,102936548
3,rs2449495,0,102983963
3,rs2625289,0,102987314
3,rs6794896,0,103085816
3,rs1707612,0,103122354
3,rs9857771,0,103145493
3,rs1606462,0,103161770
3,rs11713188,0,103163333
3,rs1849467,0,103165105
3,rs771828,0,103174821
3,rs6791332,0,103174924
3,rs1514471,0,103179898
3,rs771785,0,103188499
3,rs12639221,0,103195429
3,rs771795,0,103201347
3,rs771765,0,103221763
3,rs1828668,0,103229420
3,rs1398609,0,103233052
3,rs2619283,0,103373585
3,rs9290704,0,103643195
3,rs16845038,0,103655864
3,rs7626999,0,103663246
3,rs11927227,0,103820556
3,rs12330555,0,103908778
3,rs1391427,0,103955345
3,rs1241150,0,104005483
3,rs1546208,0,104068472
3,rs1241287,0,104080803
3,rs16845761,0,104085440
3,rs6807113,0,104102754
3,rs708318,0,104103958
3,rs345585,0,104106703
3,rs345584,0,104107133
3,rs3910641,0,104133501
3,rs17835169,0,104138957
3,rs1470146,0,104158957
3,rs17174940,0,104204257
3,rs1390673,0,104211044
3,rs346876,0,104277101
3,rs1379497,0,104387081
3,rs6441695,0,104392764
3,rs16846075,0,104451320
3,rs13061385,0,104496273
3,rs1492865,0,104544716
3,rs9819225,0,104572626
3,rs6441729,0,104579967
3,rs9837775,0,104584441
3,rs10804922,0,104588096
3,rs1179234,0,105260186
3,rs13324427,0,105265539
3,rs2121868,0,105302686
3,rs2398992,0,105513898
3,rs2398966,0,105589393
3,rs9852058,0,105603694
3,rs2953143,0,105630288
3,rs10049449,0,105714206
3,rs2961318,0,105722344
3,rs2961320,0,105722469
3,rs2943734,0,105747760
3,rs1083411,0,105837700
3,rs2633650,0,105905326
3,rs777897,0,105914277
3,rs1402746,0,105919893
3,rs2633667,0,105922126
3,rs6437534,0,105981703
3,rs6789374,0,105984355
3,rs1177392,0,105987449
3,rs7646548,0,106078480
3,rs9860835,0,106155104
3,rs13320037,0,106177590
3,rs9830827,0,106311046
3,rs3732555,0,106858436
3,rs2618316,0,107177994
3,rs12632646,0,107429896
3,rs2712464,0,107682646
3,rs1023807,0,107683527
3,rs2712473,0,107701243
3,rs2921253,0,107702820
3,rs12639414,0,107768145
3,rs9861447,0,107771523
3,rs7612221,0,107903024
3,rs2682519,0,108046274
3,rs938405,0,108100532
3,rs7632114,0,108205492
3,rs9816917,0,108459898
3,rs4855602,0,108518191
3,rs2676364,0,108530133
3,rs2042686,0,108549433
3,rs6809605,0,108645339
3,rs11710737,0,108946860
3,rs7628544,0,108969905
3,rs9844996,0,108994687
3,rs9849624,0,109052445
3,rs1991782,0,109072444
3,rs4404444,0,109073705
3,rs13317948,0,109077156
3,rs9848504,0,109095805
3,rs709468,0,109189779
3,rs2925534,0,109450154
3,rs6808592,0,109538537
3,rs936261,0,109546548
3,rs16854775,0,109925461
3,rs12494937,0,109936711
3,rs9858569,0,109971111
3,rs11920119,0,110019594
3,rs1470567,0,110134811
3,rs1515379,0,110445946
3,rs11714349,0,110480137
3,rs1183655,0,110529311
3,rs13069030,0,110555013
3,rs1564703,0,110566139
3,rs1125903,0,110568968
3,rs808802,0,110611382
3,rs769568,0,110677736
3,rs1732180,0,110778057
3,rs677533,0,111030404
3,rs2693632,0,111151965
3,rs775525,0,111210043
3,rs10755067,0,111356498
3,rs2614694,0,111474560
3,rs2054354,0,111481334
3,rs12185907,0,111527291
3,rs1398342,0,111790272
3,rs10934056,0,111822814
3,rs9917828,0,111857554
3,rs1350929,0,111951197
3,rs1462324,0,112000633
3,rs13093547,0,112041358
3,rs9881407,0,112041670
3,rs2399346,0,112050878
3,rs1381835,0,112083286
3,rs10514755,0,112085416
3,rs16857598,0,112276754
3,rs6765133,0,112277688
3,rs4682230,0,112279101
3,rs1382072,0,112344540
3,rs1382079,0,112349642
3,rs7620372,0,112391085
3,rs2932045,0,112468369
3,rs16857874,0,112469063
3,rs11715145,0,112471795
3,rs7432014,0,112471947
3,rs13066713,0,112484195
3,rs2971352,0,112517264
3,rs10804486,0,112522510
3,rs11713386,0,112522901
3,rs7625666,0,112523202
3,rs11920390,0,112539518
3,rs2646991,0,112603009
3,rs10511296,0,112680250
3,rs6796120,0,112717985
3,rs10511298,0,112750254
3,rs6796976,0,112918647
3,rs7620801,0,112937223
3,rs4557129,0,112939549
3,rs10804492,0,112939706
3,rs6788543,0,112941527
3,rs10451860,0,112971307
3,rs9858228,0,112974462
3,rs6787278,0,112976429
3,rs3922704,0,112983875
3,rs13062508,0,113004306
3,rs9814037,0,113025561
3,rs3177104,0,113177814
3,rs902854,0,113281967
3,rs340168,0,113310470
3,rs16859233,0,113319045
3,rs10511307,0,113342424
3,rs9879184,0,113448372
3,rs7624367,0,113454023
3,rs9809384,0,113464568
3,rs4568110,0,113474906
3,rs7626450,0,113483502
3,rs3814411,0,113534595
3,rs6800096,0,113609736
3,rs11708711,0,113610249
3,rs1386895,0,113684065
3,rs11919639,0,113691440
3,rs2933134,0,113738600
3,rs2969896,0,113739320
3,rs3736271,0,113745647
3,rs2638031,0,113770450
3,rs1398091,0,113815499
3,rs3817188,0,113820157
3,rs13084615,0,113820717
3,rs9833212,0,113824803
3,rs820544,0,113889253
3,rs9863500,0,113923638
3,rs10934185,0,113985406
3,rs877004,0,114010003
3,rs2129941,0,114024651
3,rs4682435,0,114037561
3,rs12494693,0,114160219
3,rs3872610,0,114222835
3,rs3995917,0,114335304
3,rs12486305,0,114340874
3,rs9845807,0,114352102
3,rs16860670,0,114424374
3,rs9844111,0,114540171
3,rs17256551,0,114599917
3,rs9810754,0,114759502
3,rs2271493,0,114785115
3,rs2566963,0,115014539
3,rs324556,0,115213977
3,rs3796246,0,115226700
3,rs9813552,0,115258932
3,rs2630351,0,115357749
3,rs167771,0,115358965
3,rs16822416,0,115373000
3,rs6787134,0,115385439
3,rs3732781,0,115437877
3,rs6796182,0,115581589
3,rs16822606,0,115606553
3,rs4510355,0,115615506
3,rs16822651,0,115625314
3,rs2718424,0,115678813
3,rs16822875,0,115727486
3,rs1606492,0,115796749
3,rs6438214,0,115812781
3,rs9852045,0,115817168
3,rs9840094,0,115820376
3,rs16823021,0,115827201
3,rs6762934,0,115902638
3,rs16823247,0,115983798
3,rs2971238,0,116028279
3,rs16823416,0,116158336
3,rs9876704,0,116168635
3,rs2895421,0,116265751
3,rs7648400,0,116276310
3,rs6438234,0,116396198
3,rs2085700,0,116417029
3,rs11918485,0,116532732
3,rs6763416,0,116549440
3,rs9811128,0,116724643
3,rs1837205,0,116825903
3,rs1837206,0,116836509
3,rs2028248,0,116849656
3,rs12632276,0,116869550
3,rs1370808,0,116880475
3,rs1370809,0,116885745
3,rs3772934,0,116900555
3,rs283393,0,116905919
3,rs2918231,0,116972700
3,rs7646077,0,117026581
3,rs1550305,0,117027353
3,rs4831205,0,117107173
3,rs2279109,0,117457064
3,rs1619451,0,117620729
3,rs1731598,0,117652106
3,rs1401086,0,117839660
3,rs7635760,0,117881454
3,rs7613406,0,118056611
3,rs1521412,0,118271041
3,rs1554328,0,118325495
3,rs1462845,0,118425700
3,rs9880827,0,118435016
3,rs4522775,0,118445018
3,rs9815875,0,118467123
3,rs1877545,0,118536447
3,rs1513156,0,118549311
3,rs2869783,0,118567018
3,rs13074007,0,118570414
3,rs16826713,0,118571794
3,rs4632551,0,118631263
3,rs6800337,0,118631671
3,rs9880665,0,118631726
3,rs1698042,0,118667838
3,rs1466416,0,118753496
3,rs9856139,0,118779280
3,rs10934408,0,118786061
3,rs11719399,0,118798496
3,rs7638822,0,118894082
3,rs4129471,0,119073946
3,rs13082166,0,119077201
3,rs1378831,0,119224714
3,rs12634615,0,119231637
3,rs7618293,0,119238218
3,rs1486337,0,119331709
3,rs16828557,0,119674780
3,rs9289126,0,120476867
3,rs11714363,0,120612493
