CHR,SNP,GEN_DIST,POS
1,rs1048488,0,750775
1,rs12562034,0,758311
1,rs12124819,0,766409
1,rs4040617,0,769185
1,rs4245756,0,789326
1,rs6694982,0,847691
1,rs2340582,0,872666
1,rs28695703,0,894218
1,rs34831709,0,897696
1,rs2341354,0,908436
1,rs6665000,0,914761
1,rs9777939,0,919053
1,rs3121567,0,933331
1,rs2465126,0,936897
1,rs3128097,0,970323
1,rs9803031,0,977063
1,rs2465136,0,980280
1,rs13129,0,980702
1,rs3934834,0,995669
1,rs4970409,0,1043315
1,rs11807848,0,1051029
1,rs12757754,0,1051125
1,rs9442380,0,1077546
1,rs7553429,0,1080420
1,rs11811498,0,1105317
1,rs4314833,0,1111887
1,rs9729550,0,1125105
1,rs35569523,0,1137518
1,rs3766186,0,1152298
1,rs7515488,0,1153667
1,rs11260566,0,1168108
1,rs12072310,0,1183586
1,rs12073590,0,1195018
1,rs6667923,0,1196206
1,rs11260577,0,1200334
1,rs6689813,0,1200826
1,rs2144440,0,1209999
1,rs604618,0,1222182
1,rs1739855,0,1223804
1,rs11586188,0,1227692
1,rs11260584,0,1229202
1,rs12410087,0,1229798
1,rs12142199,0,1239050
1,rs11801967,0,1245896
1,rs3845293,0,1248109
1,rs167405,0,1249647
1,rs35913253,0,1259642
1,rs182532,0,1276903
1,rs2765022,0,1286934
1,rs34186100,0,1291496
1,rs17160669,0,1295424
1,rs2649589,0,1301579
1,rs2649588,0,1303878
1,rs1240708,0,1325653
1,rs17160975,0,1328459
1,rs12730443,0,1351326
1,rs819980,0,1415563
1,rs9782908,0,1462064
1,rs1571150,0,1464167
1,rs3766180,0,1468016
1,rs6603790,0,1478446
1,rs2377417,0,1484510
1,rs3766170,0,1486871
1,rs2296715,0,1488015
1,rs11552172,0,1524477
1,rs28464684,0,1556023
1,rs28456011,0,1557069
1,rs35154105,0,1588771
1,rs6699975,0,1593297
1,rs4074197,0,1601974
1,rs2235537,0,1679622
1,rs876029,0,1685434
1,rs742359,0,1704871
1,rs2272908,0,1711339
1,rs9660180,0,1712891
1,rs12069909,0,1717251
1,rs12742323,0,1736554
1,rs2180311,0,1738594
1,rs4648726,0,1742815
1,rs12090110,0,1747197
1,rs9786963,0,1748886
1,rs7553640,0,1751874
1,rs11589067,0,1753634
1,rs12126768,0,1767950
1,rs12403351,0,1769090
1,rs35371819,0,1809844
1,rs28659907,0,1831675
1,rs2474460,0,1833906
1,rs2748988,0,1836217
1,rs2247560,0,1836625
1,rs28710181,0,1837391
1,rs941532,0,1838594
1,rs1884454,0,1843148
1,rs28637822,0,1851885
1,rs2748981,0,1863313
1,rs4648745,0,1904125
1,rs6605081,0,1920614
1,rs16824749,0,2006662
1,rs2459994,0,2013924
1,rs908739,0,2020726
1,rs12754312,0,2123555
1,rs262683,0,2145729
1,rs12385717,0,2174715
1,rs12119470,0,2207960
1,rs903916,0,2221323
1,rs1496555,0,2224111
1,rs2173049,0,2229866
1,rs2843157,0,2230243
1,rs2643893,0,2247587
1,rs2645065,0,2251082
1,rs2645066,0,2254886
1,rs4648831,0,2272977
1,rs3795272,0,2274055
1,rs2840531,0,2276268
1,rs10910061,0,2293372
1,rs12404555,0,2298084
1,rs6693447,0,2320050
1,rs3001336,0,2322891
1,rs11577147,0,2340956
1,rs4233033,0,2358092
1,rs34241773,0,2367906
1,rs2477695,0,2389474
1,rs12049628,0,2399136
1,rs4648639,0,2406217
1,rs7512269,0,2408485
1,rs3762444,0,2417572
1,rs2296442,0,2420477
1,rs2246732,0,2440254
1,rs2494625,0,2444569
1,rs1980789,0,2445723
1,rs3001339,0,2455652
1,rs2477716,0,2457530
1,rs2147905,0,2472781
1,rs11573991,0,2480807
1,rs4648648,0,2502312
1,rs2764841,0,2519220
1,rs2843404,0,2520418
1,rs2985855,0,2521232
1,rs6424092,0,2522759
1,rs10910105,0,2528069
1,rs12138909,0,2528598
1,rs4445406,0,2529260
1,rs10797440,0,2531129
1,rs4648390,0,2690232
1,rs4648360,0,2713205
1,rs12565258,0,2725680
1,rs1563469,0,2776005
1,rs2045333,0,2791319
1,rs3100865,0,2795967
1,rs1456465,0,2801674
1,rs2842910,0,2807281
1,rs897631,0,2815227
1,rs12058842,0,2831202
1,rs2606411,0,2837348
1,rs12044030,0,2879437
1,rs6685625,0,2917484
1,rs4576609,0,2928125
1,rs12034573,0,2937880
1,rs34408665,0,2939927
1,rs6692292,0,2949470
1,rs1109251,0,2963436
1,rs12057171,0,2964072
1,rs1125017,0,2964602
1,rs2280987,0,2966158
1,rs2297829,0,2973947
1,rs4648451,0,2984577
1,rs7525173,0,2986056
1,rs6695131,0,2990784
1,rs926246,0,2995991
1,rs2817168,0,3003550
1,rs2993502,0,3017201
1,rs6690373,0,3025087
1,rs10797380,0,3045736
1,rs731031,0,3062552
1,rs13328662,0,3114015
1,rs10492941,0,3116997
1,rs3753758,0,3117398
1,rs12124147,0,3124191
1,rs2817148,0,3127996
1,rs905138,0,3147474
1,rs2455099,0,3171275
1,rs2455130,0,3181598
1,rs12760258,0,3181769
1,rs16823783,0,3187340
1,rs12565013,0,3192997
1,rs2455136,0,3208189
1,rs10909924,0,3212487
1,rs2483260,0,3217048
1,rs12743017,0,3219045
1,rs6687835,0,3227034
1,rs870465,0,3230059
1,rs2483275,0,3239102
1,rs2483278,0,3241964
1,rs7552331,0,3243801
1,rs16824328,0,3243960
1,rs4494089,0,3244216
1,rs882430,0,3248973
1,rs4415513,0,3251542
1,rs946758,0,3262923
1,rs2500286,0,3265998
1,rs4648485,0,3273388
1,rs871822,0,3302774
1,rs6424074,0,3307640
1,rs4648500,0,3330715
1,rs870171,0,3332664
1,rs2493272,0,3339373
1,rs2493264,0,3343809
1,rs2483250,0,3346265
1,rs4648501,0,3357991
1,rs3806164,0,3369917
1,rs12725009,0,3403857
1,rs7543634,0,3421095
1,rs4648524,0,3446452
1,rs869698,0,3456489
1,rs869697,0,3456573
1,rs2821063,0,3464486
1,rs13374641,0,3465061
1,rs947354,0,3476986
1,rs2821050,0,3486969
1,rs2821045,0,3489106
1,rs10909979,0,3495947
1,rs4648527,0,3497721
1,rs2995006,0,3504221
1,rs4648528,0,3507139
1,rs4364818,0,3528361
1,rs4648538,0,3533353
1,rs12076009,0,3536632
1,rs2821007,0,3536795
1,rs12408890,0,3550868
1,rs2181484,0,3562634
1,rs7523732,0,3574901
1,rs3765703,0,3582296
1,rs3765716,0,3591800
1,rs12731705,0,3627319
1,rs2146658,0,3627473
1,rs10910017,0,3633945
1,rs12095248,0,3634912
1,rs4648553,0,3638739
1,rs1181868,0,3640986
1,rs1181867,0,3641178
1,rs7514979,0,3644455
1,rs10797410,0,3659061
1,rs1181884,0,3666458
1,rs17411279,0,3686352
1,rs7513053,0,3699347
1,rs6667255,0,3701549
1,rs7543006,0,3703893
1,rs6663840,0,3733179
1,rs16824152,0,3733563
1,rs9424310,0,3733944
1,rs7535133,0,3738373
1,rs1891941,0,3745535
1,rs2298224,0,3746015
1,rs6657021,0,3759091
1,rs12132240,0,3784133
1,rs3205087,0,3790102
1,rs10797351,0,3796195
1,rs10909819,0,3796218
1,rs11807227,0,3799283
1,rs12082157,0,3801670
1,rs10797353,0,3802708
1,rs7538691,0,3902358
1,rs4654482,0,3910603
1,rs10915427,0,3912093
1,rs10915433,0,3913951
1,rs10915469,0,3922325
1,rs12031275,0,3925928
1,rs4654521,0,3928142
1,rs3935162,0,3931187
1,rs11587314,0,3939693
1,rs11587331,0,3939756
1,rs10799231,0,3943376
1,rs12733769,0,3957262
1,rs12135298,0,3957348
1,rs4128222,0,3966641
1,rs4440829,0,3980640
1,rs12025543,0,3982587
1,rs12023925,0,3982891
1,rs4654611,0,3985761
1,rs4313364,0,3994955
1,rs4292923,0,3997148
1,rs4654404,0,4017098
1,rs10915360,0,4017414
1,rs10915366,0,4019282
1,rs12745618,0,4019438
1,rs11809224,0,4021795
1,rs3936238,0,4031586
1,rs10915421,0,4045475
1,rs4351611,0,4057702
1,rs10915428,0,4058815
1,rs12073797,0,4065058
1,rs12032575,0,4070038
1,rs6702575,0,4071203
1,rs10915434,0,4073976
1,rs10915436,0,4081028
1,rs4400585,0,4082645
1,rs4282783,0,4090545
1,rs12409803,0,4093286
1,rs6702633,0,4096895
1,rs16840831,0,4100029
1,rs11808881,0,4100697
1,rs4654492,0,4101675
1,rs16840861,0,4107031
1,rs4654500,0,4135543
1,rs4233262,0,4136842
1,rs4130091,0,4168730
1,rs10915476,0,4175151
1,rs6657617,0,4180030
1,rs4654424,0,4181318
1,rs4233265,0,4181670
1,rs1874266,0,4188412
1,rs10915482,0,4194861
1,rs12078298,0,4208894
1,rs1495250,0,4217111
1,rs10915493,0,4227724
1,rs4654426,0,4231643
1,rs17407901,0,4241377
1,rs12564602,0,4259243
1,rs693734,0,4264086
1,rs1106307,0,4264332
1,rs1490413,0,4267183
1,rs10915508,0,4268131
1,rs351617,0,4268811
1,rs351615,0,4270245
1,rs12132314,0,4271809
1,rs351596,0,4277771
1,rs12744254,0,4277994
1,rs351605,0,4282649
1,rs351608,0,4284633
1,rs12042246,0,4285608
1,rs581070,0,4289059
1,rs639739,0,4289122
1,rs12046130,0,4294880
1,rs11589129,0,4304274
1,rs16838763,0,4306534
1,rs16838800,0,4322090
1,rs16838813,0,4324005
1,rs349387,0,4326278
1,rs1032325,0,4326657
1,rs7519313,0,4327422
1,rs661536,0,4334834
1,rs2926484,0,4335881
1,rs589870,0,4340609
1,rs1845636,0,4340838
1,rs1845635,0,4340949
1,rs16838915,0,4354372
1,rs10915523,0,4357704
1,rs10915528,0,4371234
1,rs12119213,0,4377482
1,rs349409,0,4377771
1,rs706144,0,4403954
1,rs12407583,0,4413754
1,rs1037800,0,4440655
1,rs350171,0,4444653
1,rs350181,0,4447948
1,rs705689,0,4449167
1,rs705690,0,4449240
1,rs780614,0,4451539
1,rs1878052,0,4452662
1,rs350193,0,4454074
1,rs239770,0,4456350
1,rs13374152,0,4458832
1,rs9660574,0,4460265
1,rs11802495,0,4462130
1,rs660100,0,4462210
1,rs10753382,0,4465913
1,rs1870509,0,4466655
1,rs4654552,0,4470842
1,rs10915550,0,4475382
1,rs6703696,0,4478355
1,rs12038994,0,4478650
1,rs685831,0,4481126
1,rs608203,0,4481445
1,rs607850,0,4481483
1,rs7516166,0,4481708
1,rs241239,0,4487037
1,rs10915551,0,4487455
1,rs694935,0,4503184
1,rs6691031,0,4503728
1,rs241215,0,4503964
1,rs12092980,0,4506331
1,rs17348860,0,4509363
1,rs241250,0,4513093
1,rs4654556,0,4515191
1,rs241260,0,4515926
1,rs916408,0,4518139
1,rs171317,0,4532688
1,rs515279,0,4543548
1,rs619364,0,4546239
1,rs536749,0,4546345
1,rs1849943,0,4549176
1,rs7518781,0,4553124
1,rs12141994,0,4567856
1,rs6703429,0,4572615
1,rs10489133,0,4573797
1,rs1905304,0,4579811
1,rs12403290,0,4582392
1,rs875807,0,4585532
1,rs4654576,0,4587674
1,rs10799249,0,4591720
1,rs12405615,0,4594458
1,rs10915575,0,4601118
1,rs12083135,0,4623702
1,rs11588149,0,4625356
1,rs12567266,0,4626314
1,rs10799255,0,4631537
1,rs11587129,0,4631788
1,rs10915584,0,4636316
1,rs16839451,0,4637553
1,rs6681520,0,4663261
1,rs3820250,0,4680610
1,rs3820253,0,4684744
1,rs242044,0,4686979
1,rs732801,0,4689445
1,rs448741,0,4702373
1,rs4654598,0,4704202
1,rs414176,0,4704966
1,rs380239,0,4712975
1,rs7537345,0,4718223
1,rs422988,0,4718977
1,rs10915613,0,4774365
1,rs2181699,0,4787872
1,rs7527319,0,4801597
1,rs11805663,0,4806218
1,rs11582327,0,4807563
1,rs1535734,0,4816766
1,rs1886112,0,4830041
1,rs10489138,0,4833927
1,rs6658585,0,4845341
1,rs10753392,0,4869610
1,rs942245,0,4881363
1,rs6702564,0,4883885
1,rs4644459,0,4886368
1,rs2898853,0,4892064
1,rs12049256,0,4894886
1,rs10915683,0,4896045
1,rs9426468,0,4898245
1,rs10915295,0,4901348
1,rs6426368,0,4902486
1,rs6678838,0,4903007
1,rs7531490,0,4905340
1,rs12410485,0,4912215
1,rs12119864,0,4922627
1,rs6702660,0,4923290
1,rs1841241,0,4939240
1,rs1563791,0,4943594
1,rs7365286,0,4947023
1,rs9426492,0,4948575
1,rs7367766,0,4951165
1,rs10799150,0,4951493
1,rs12116428,0,4954210
1,rs12123277,0,4965556
1,rs10915315,0,4978209
1,rs720318,0,4988854
1,rs1563793,0,4993601
1,rs1563792,0,5024719
1,rs922123,0,5036504
1,rs11590026,0,5040086
1,rs10799159,0,5043104
1,rs6674378,0,5086107
1,rs12756944,0,5088814
1,rs17374719,0,5089502
1,rs16840020,0,5094064
1,rs12026977,0,5131030
1,rs10492929,0,5137472
1,rs4641339,0,5143708
1,rs12038986,0,5145678
1,rs10492932,0,5153405
1,rs12136793,0,5160617
1,rs2722786,0,5164088
1,rs12140099,0,5170137
1,rs2883104,0,5177299
1,rs7549461,0,5180977
1,rs12024316,0,5183883
1,rs35457436,0,5188419
1,rs586165,0,5197747
1,rs534188,0,5202029
1,rs640254,0,5208405
1,rs12135834,0,5209527
1,rs12128282,0,5209757
1,rs4847582,0,5217931
1,rs4847581,0,5218042
1,rs12089315,0,5218412
1,rs2945618,0,5218643
1,rs12139398,0,5225584
1,rs583170,0,5234274
1,rs12747870,0,5234751
1,rs12729227,0,5234796
1,rs615185,0,5237605
1,rs17457350,0,5238072
1,rs604664,0,5242892
1,rs478357,0,5247487
1,rs4417082,0,5248130
1,rs9439522,0,5268607
1,rs9439527,0,5269658
1,rs11576342,0,5290438
1,rs12085538,0,5291940
1,rs9439570,0,5295270
1,rs11587319,0,5308749
1,rs4129058,0,5310402
1,rs7512133,0,5321464
1,rs11583605,0,5324969
1,rs34603599,0,5327426
1,rs11578764,0,5386883
1,rs11576458,0,5398168
1,rs6603835,0,5398250
1,rs3924260,0,5402448
1,rs11260657,0,5404973
1,rs3922826,0,5407764
1,rs17028061,0,5462910
1,rs9786944,0,5471099
1,rs12030717,0,5471705
1,rs10907219,0,5476057
1,rs2071959,0,5478654
1,rs10796408,0,5481836
1,rs17028122,0,5484150
1,rs12023966,0,5485398
1,rs9659669,0,5485986
1,rs916374,0,5487704
1,rs959873,0,5509017
1,rs10737109,0,5515009
1,rs6673119,0,5548153
1,rs11260649,0,5557973
1,rs2226156,0,5559666
1,rs17027039,0,5559785
1,rs12080410,0,5561260
1,rs1695645,0,5566345
1,rs4845803,0,5568016
1,rs10907200,0,5568589
1,rs1775416,0,5568851
1,rs12139270,0,5581006
1,rs12116874,0,5593214
1,rs707583,0,5594344
1,rs707582,0,5594373
1,rs770718,0,5597021
1,rs945322,0,5606888
1,rs945321,0,5607027
1,rs770683,0,5612289
1,rs17028442,0,5619138
1,rs6670965,0,5619264
1,rs6690868,0,5623910
1,rs17427125,0,5629184
1,rs6690488,0,5630102
1,rs707590,0,5635418
1,rs771073,0,5641929
1,rs770706,0,5669960
1,rs904534,0,5700044
1,rs904532,0,5700507
1,rs1875037,0,5707722
1,rs2842257,0,5713242
1,rs2842256,0,5717165
1,rs17429690,0,5736722
1,rs11260689,0,5737485
1,rs17028753,0,5740061
1,rs12076190,0,5751626
1,rs4412595,0,5753402
1,rs3935073,0,5753554
1,rs4276922,0,5753705
1,rs11804517,0,5757652
1,rs11260693,0,5758904
1,rs6698924,0,5762617
1,rs7413085,0,5769498
1,rs1698976,0,5823382
1,rs525289,0,5825820
1,rs1624858,0,5827305
1,rs11121600,0,5843629
1,rs12121542,0,5844143
1,rs12405167,0,5852796
1,rs12120967,0,5887968
1,rs12123214,0,5890337
1,rs7549324,0,5904631
1,rs11120805,0,5912516
1,rs12121044,0,5912568
1,rs10864264,0,5915268
1,rs12098207,0,5917676
1,rs10864284,0,5931883
1,rs2011197,0,5942458
1,rs12745395,0,5952524
1,rs11120961,0,5966396
1,rs1295100,0,5981816
1,rs546526,0,5993457
1,rs9662088,0,6024829
1,rs3789559,0,6027696
1,rs2010057,0,6033376
1,rs6679367,0,6052422
1,rs7554078,0,6067552
1,rs1883769,0,6080580
1,rs3810993,0,6085170
1,rs1883767,0,6098076
1,rs1883764,0,6113198
1,rs17029186,0,6113718
1,rs11121295,0,6115452
1,rs3765451,0,6117167
1,rs17436816,0,6126748
1,rs12067480,0,6127936
1,rs1883604,0,6135457
1,rs4908865,0,6191927
1,rs709209,0,6201001
1,rs735385,0,6201210
1,rs12070839,0,6205649
1,rs12740426,0,6237066
1,rs11590458,0,6237409
1,rs11121534,0,6238119
1,rs3827720,0,6264813
1,rs3789504,0,6267721
1,rs12404358,0,6268405
1,rs3789500,0,6274671
1,rs7543514,0,6289058
1,rs12087652,0,6297074
1,rs3789491,0,6298809
1,rs742506,0,6319676
1,rs4908881,0,6325607
1,rs742504,0,6330861
1,rs11121699,0,6336671
1,rs3789466,0,6338918
1,rs3789465,0,6339001
1,rs6683017,0,6351564
1,rs12752846,0,6362890
1,rs6663299,0,6377181
1,rs7524775,0,6379059
1,rs4582826,0,6384117
1,rs17029399,0,6385687
1,rs11485227,0,6396595
1,rs3791184,0,6397020
1,rs10864548,0,6424383
1,rs9434774,0,6434169
1,rs2986755,0,6446412
1,rs3176900,0,6449513
1,rs14708,0,6449920
1,rs3007419,0,6450889
1,rs2986742,0,6472963
1,rs4908901,0,6491537
1,rs7548042,0,6508657
1,rs932112,0,6514524
1,rs2412310,0,6525533
1,rs6679649,0,6529195
1,rs10864628,0,6557818
1,rs35070405,0,6580551
1,rs742394,0,6612727
1,rs11892,0,6617918
1,rs200448,0,6624565
1,rs200457,0,6627943
1,rs200456,0,6628115
1,rs7549198,0,6632197
1,rs6577584,0,6637977
1,rs2294528,0,6652336
1,rs201166,0,6662360
1,rs200444,0,6668031
1,rs277686,0,6670484
1,rs278017,0,6685724
1,rs277678,0,6704158
1,rs202577,0,6706640
1,rs277681,0,6707179
1,rs11590169,0,6709168
1,rs12724107,0,6726079
1,rs422111,0,6746510
1,rs3861756,0,6753649
1,rs17029843,0,6766515
1,rs1542899,0,6775942
1,rs12059518,0,6777678
1,rs17029852,0,6781074
1,rs623974,0,6805573
1,rs12088027,0,6806835
1,rs11578279,0,6821102
1,rs6691442,0,6882783
1,rs12043429,0,6917805
1,rs11586158,0,6924853
1,rs4908575,0,6927931
1,rs7554752,0,6937031
1,rs10864255,0,6937226
1,rs11809206,0,6937931
1,rs7539029,0,6938696
1,rs1567402,0,6943214
1,rs11120799,0,6946809
1,rs4518923,0,6959389
1,rs6681529,0,6975153
1,rs12128446,0,6977194
1,rs7525119,0,6984017
1,rs6674104,0,6985320
1,rs2275909,0,6991259
1,rs6656639,0,6995137
1,rs10864266,0,7012803
1,rs12048981,0,7014173
1,rs7517585,0,7021853
1,rs6577408,0,7022879
1,rs7524998,0,7025531
1,rs4074964,0,7027666
1,rs10746466,0,7030673
1,rs7552540,0,7039598
1,rs7553100,0,7040129
1,rs4553221,0,7048169
1,rs4908596,0,7049641
1,rs7536178,0,7050643
1,rs11584416,0,7051884
1,rs7515073,0,7069162
1,rs7544611,0,7071042
1,rs4908440,0,7081148
1,rs11120842,0,7083541
1,rs7528710,0,7087351
1,rs10779675,0,7102448
1,rs6698911,0,7109134
1,rs4908600,0,7119246
1,rs11587739,0,7133632
1,rs9434482,0,7133927
1,rs13376128,0,7136961
1,rs4908602,0,7143557
1,rs17030465,0,7155984
1,rs6680365,0,7159397
1,rs4908605,0,7168021
1,rs11120876,0,7174953
1,rs2097524,0,7184085
1,rs916393,0,7194837
1,rs12035586,0,7195607
1,rs12084272,0,7201424
1,rs7521056,0,7219987
1,rs4908451,0,7222205
1,rs4908610,0,7233847
1,rs6701870,0,7234845
1,rs4908611,0,7236448
1,rs7512599,0,7238618
1,rs10864289,0,7241035
1,rs11120887,0,7241121
1,rs17030643,0,7241353
1,rs7549382,0,7243490
1,rs4908612,0,7244747
1,rs11120889,0,7246910
1,rs11120890,0,7247090
1,rs1034453,0,7247546
1,rs10864291,0,7249334
1,rs6577435,0,7274915
1,rs11120896,0,7283925
1,rs7530939,0,7292252
1,rs2001143,0,7302649
1,rs10864294,0,7315907
1,rs845242,0,7330555
1,rs763173,0,7332769
1,rs4908624,0,7334675
1,rs4908625,0,7335548
1,rs2040433,0,7370741
1,rs845232,0,7370843
1,rs845226,0,7373066
1,rs2097518,0,7383020
1,rs4908635,0,7392367
1,rs11120923,0,7409917
1,rs17030828,0,7413907
1,rs17030886,0,7428428
1,rs1725235,0,7442716
1,rs11805932,0,7444066
1,rs7553147,0,7445582
1,rs1775049,0,7446493
1,rs1193234,0,7449729
1,rs1149331,0,7451256
1,rs1149332,0,7451433
1,rs732400,0,7451674
1,rs732401,0,7451831
1,rs11805543,0,7457051
1,rs1011126,0,7458825
1,rs11806825,0,7459156
1,rs12039004,0,7459985
1,rs2693958,0,7463878
1,rs1079330,0,7468787
1,rs1193163,0,7469799
1,rs1193233,0,7472713
1,rs4908463,0,7483885
1,rs1725262,0,7485075
1,rs2462925,0,7486488
1,rs749958,0,7494849
1,rs7529399,0,7498253
1,rs12723779,0,7514160
1,rs17031077,0,7523316
1,rs12407666,0,7523492
1,rs1750824,0,7525904
1,rs11120972,0,7538496
1,rs4908656,0,7539180
1,rs12755955,0,7539327
1,rs17031113,0,7540071
1,rs6697897,0,7540142
1,rs2003397,0,7556200
1,rs7526052,0,7557274
1,rs17031150,0,7563206
1,rs873433,0,7563975
1,rs2056675,0,7592509
1,rs11120989,0,7599657
1,rs4328095,0,7606617
1,rs4311910,0,7607000
1,rs6661496,0,7619766
1,rs6662747,0,7645088
1,rs3737907,0,7646121
1,rs2995034,0,7693488
1,rs4908684,0,7695967
1,rs3011936,0,7697922
1,rs4908686,0,7702715
1,rs41454244,0,7751873
1,rs707457,0,7753651
1,rs707460,0,7761278
1,rs228644,0,7788670
1,rs228688,0,7801717
1,rs17374439,0,7811025
1,rs170629,0,7832978
1,rs707476,0,7840693
1,rs504560,0,7849129
1,rs863171,0,7915202
1,rs9657982,0,7917545
1,rs9657965,0,7920841
1,rs9657961,0,7921604
1,rs2493215,0,7930303
1,rs226472,0,7930509
1,rs161799,0,7938147
1,rs226249,0,7944365
1,rs35675666,0,7944560
1,rs3766606,0,7944784
1,rs178932,0,7952887
1,rs448472,0,8005457
1,rs11801089,0,8014959
1,rs225128,0,8015782
1,rs11121071,0,8017947
1,rs9434586,0,8023226
1,rs12748993,0,8052094
1,rs4908727,0,8085709
1,rs6703955,0,8088562
1,rs9434608,0,8108572
1,rs4908736,0,8109798
1,rs12566369,0,8115512
1,rs17032307,0,8195061
1,rs421490,0,8197871
1,rs388933,0,8209403
1,rs534231,0,8212866
1,rs7513908,0,8225206
1,rs11803602,0,8237187
1,rs2661869,0,8252297
1,rs11121157,0,8292675
1,rs966134,0,8295795
1,rs1473309,0,8311158
1,rs12711517,0,8316823
1,rs7535752,0,8318147
1,rs1058791,0,8335904
1,rs2252865,0,8345263
1,rs17032503,0,8356587
1,rs6678140,0,8359389
1,rs17032511,0,8362644
1,rs2587513,0,8369824
1,rs2784736,0,8382871
1,rs301789,0,8391924
1,rs2661868,0,8392376
1,rs301788,0,8394751
1,rs12754538,0,8396400
1,rs11121181,0,8399593
1,rs17032553,0,8410102
1,rs301800,0,8413190
1,rs1922983,0,8453913
1,rs1884354,0,8467454
1,rs926951,0,8530693
1,rs17032665,0,8534393
1,rs1150395,0,8555186
1,rs17032681,0,8561077
1,rs9988404,0,8565425
1,rs6677196,0,8572229
1,rs1953827,0,8602435
1,rs17032714,0,8613490
1,rs11121213,0,8650774
1,rs4908505,0,8651451
1,rs7556169,0,8663988
1,rs7533442,0,8673178
1,rs10864363,0,8689898
1,rs11121221,0,8690116
1,rs4908777,0,8726824
1,rs17383360,0,8727030
1,rs4908778,0,8727475
1,rs12567502,0,8731407
1,rs12403640,0,8740450
1,rs1353130,0,8744951
1,rs17032767,0,8750837
1,rs1472228,0,8787267
1,rs12137865,0,8790993
1,rs11121237,0,8798979
1,rs12410893,0,8801472
1,rs6695310,0,8813712
1,rs11582339,0,8821394
1,rs914994,0,8839799
1,rs10864368,0,8840900
1,rs7523767,0,8845868
1,rs6682376,0,8894709
1,rs6694243,0,8898561
1,rs6667091,0,8905315
1,rs10864370,0,8907623
1,rs6577539,0,8911822
1,rs7417097,0,8916454
1,rs6688840,0,8922093
1,rs12091891,0,8922807
1,rs1475734,0,8923215
1,rs11809994,0,8927856
1,rs12078431,0,8941829
1,rs3765965,0,8944585
1,rs4466678,0,8949978
1,rs12564569,0,8958601
1,rs6680186,0,8962291
1,rs4908802,0,8967992
1,rs875148,0,8971619
1,rs7516862,0,8983748
1,rs12402611,0,8985852
1,rs2039631,0,8990607
1,rs7530465,0,8990973
1,rs3737661,0,9030436
1,rs3004245,0,9034213
1,rs7521322,0,9036678
1,rs765617,0,9044369
1,rs3820034,0,9052454
1,rs1327257,0,9061477
1,rs770036,0,9065919
1,rs729829,0,9081584
1,rs17033261,0,9082258
1,rs6697376,0,9084638
1,rs6577556,0,9141970
1,rs797263,0,9161140
1,rs797264,0,9163191
1,rs10864392,0,9173578
1,rs743973,0,9183487
1,rs17033526,0,9202760
1,rs4908830,0,9220458
1,rs11121350,0,9229725
1,rs1294014,0,9248263
1,rs17033642,0,9248719
1,rs11121356,0,9253066
1,rs4465231,0,9269865
1,rs563347,0,9280547
1,rs1294035,0,9282795
1,rs9662290,0,9284928
1,rs630075,0,9293498
1,rs564709,0,9304872
1,rs41526651,0,9327280
1,rs11121390,0,9350383
1,rs9660866,0,9354749
1,rs12134602,0,9369348
1,rs11121406,0,9388879
1,rs11121412,0,9412926
1,rs9787285,0,9421833
1,rs9661476,0,9428408
1,rs12034064,0,9431542
1,rs10779726,0,9432408
1,rs12565445,0,9432737
1,rs11121423,0,9433113
1,rs6679380,0,9455825
1,rs12561781,0,9461241
1,rs10157778,0,9465199
1,rs11121432,0,9480754
1,rs12097188,0,9533125
1,rs4926480,0,9534606
1,rs6660810,0,9537745
1,rs4423053,0,9543994
1,rs9430273,0,9546700
1,rs12124860,0,9549690
1,rs6540953,0,9556310
1,rs9430155,0,9560178
1,rs6669846,0,9573158
1,rs6540962,0,9573866
1,rs7544083,0,9576784
1,rs6540967,0,9599589
1,rs4076986,0,9611099
1,rs7553125,0,9641110
1,rs12730387,0,9653924
1,rs4846189,0,9661466
1,rs9430636,0,9662022
1,rs4333853,0,9664379
1,rs11121477,0,9668303
1,rs11801864,0,9677860
1,rs28730673,0,9702632
1,rs10864436,0,9723928
1,rs4845976,0,9758204
1,rs17034335,0,9768854
1,rs12094930,0,9777379
1,rs7538320,0,9778116
1,rs12083800,0,9779413
1,rs4585981,0,9782637
1,rs12068489,0,9816276
1,rs946273,0,9831102
1,rs7539650,0,9832308
1,rs2379107,0,9833878
1,rs2278611,0,9845688
1,rs17034417,0,9859450
1,rs946276,0,9872727
1,rs2304778,0,9917432
1,rs12136459,0,9942590
1,rs7517812,0,9975283
1,rs3003376,0,9993888
1,rs11809750,0,10035013
1,rs4265433,0,10048142
1,rs3762290,0,10100377
1,rs6687550,0,10120199
1,rs12070814,0,10123161
1,rs6659436,0,10141789
1,rs6667049,0,10144434
1,rs17034560,0,10151745
1,rs2038353,0,10152387
1,rs11121524,0,10155121
1,rs7418410,0,10158989
1,rs7546642,0,10161357
1,rs4846195,0,10164174
1,rs2180185,0,10168716
1,rs3903151,0,10183179
1,rs6671413,0,10204271
1,rs1538557,0,10219817
1,rs4240911,0,10230040
1,rs946503,0,10231218
1,rs11586485,0,10231613
1,rs4846208,0,10236426
1,rs3753037,0,10278421
1,rs2275424,0,10279149
1,rs12737841,0,10292133
1,rs17401924,0,10307026
1,rs17401966,0,10308058
1,rs17034735,0,10309229
1,rs6703708,0,10336034
1,rs2185252,0,10338499
1,rs7546368,0,10341413
1,rs12131441,0,10351539
1,rs17411502,0,10353745
1,rs11121552,0,10357911
1,rs1536262,0,10361274
1,rs1002076,0,10361479
1,rs12409754,0,10380127
1,rs3737155,0,10382366
1,rs11579365,0,10393433
1,rs11121567,0,10395783
1,rs1889309,0,10402265
1,rs2483679,0,10407606
1,rs634358,0,10411729
1,rs481571,0,10413468
1,rs1307485,0,10418095
1,rs1307490,0,10431266
1,rs666103,0,10434176
1,rs2274986,0,10450048
1,rs607941,0,10462130
1,rs670666,0,10471967
1,rs4846228,0,10475305
1,rs2480786,0,10490245
1,rs2480782,0,10515883
1,rs12120962,0,10532092
1,rs6688558,0,10533990
1,rs12028449,0,10539621
1,rs7512467,0,10544961
1,rs6687430,0,10555832
1,rs10864467,0,10571392
1,rs2242288,0,10606685
1,rs284320,0,10649607
1,rs17035541,0,10650078
1,rs12567769,0,10650360
1,rs7514751,0,10685019
1,rs11804707,0,10689053
1,rs11805515,0,10690372
1,rs284254,0,10708901
1,rs284278,0,10713123
1,rs284277,0,10713384
1,rs6540946,0,10715998
1,rs2076492,0,10731174
1,rs12076104,0,10757478
1,rs710139,0,10767145
1,rs7555879,0,10812613
1,rs2840299,0,10814087
1,rs1292664,0,10827952
1,rs12061144,0,10856886
1,rs1280995,0,10858010
1,rs7543908,0,10870140
1,rs6670956,0,10880306
1,rs1280975,0,10899282
1,rs2387422,0,10903585
1,rs1280985,0,10906993
1,rs2387698,0,10914691
1,rs744921,0,10921096
1,rs1925666,0,10922187
1,rs17036014,0,10926832
1,rs1281020,0,10929659
1,rs17036032,0,10931282
1,rs1281013,0,10932266
1,rs11121657,0,10935873
1,rs6540959,0,10938965
1,rs12758614,0,10940652
1,rs6659326,0,10946968
1,rs2003046,0,10955414
1,rs9659356,0,10957404
1,rs12068532,0,10971841
1,rs12744501,0,10993239
1,rs7540903,0,11001312
1,rs12085877,0,11010274
1,rs7536030,0,11025995
1,rs2273344,0,11027709
1,rs743576,0,11041764
1,rs2748881,0,11043107
1,rs12117241,0,11090416
1,rs41274510,0,11104572
1,rs17036377,0,11111443
1,rs2275527,0,11113233
1,rs17036458,0,11161003
1,rs28991009,0,11176271
1,rs28918368,0,11178096
1,rs1010447,0,11192383
1,rs11121704,0,11216546
1,rs2076656,0,11224428
1,rs11121710,0,11235831
1,rs727974,0,11266846
1,rs11121715,0,11267926
1,rs12752745,0,11271042
1,rs12143691,0,11297646
1,rs17036666,0,11311320
1,rs2982380,0,11317870
1,rs2993664,0,11318358
1,rs909836,0,11320952
1,rs2993660,0,11323154
1,rs2982384,0,11324332
1,rs3124632,0,11325336
1,rs2744844,0,11331763
1,rs2744847,0,11333658
1,rs17036706,0,11348286
1,rs2982364,0,11355331
1,rs2788557,0,11362175
1,rs6660541,0,11370392
1,rs11121728,0,11391029
1,rs10864504,0,11398790
1,rs2890085,0,11399128
1,rs877309,0,11412265
1,rs11121734,0,11416455
1,rs2379151,0,11417160
1,rs12146008,0,11425438
1,rs2379159,0,11427101
1,rs12407951,0,11430949
1,rs7543377,0,11449891
1,rs7546801,0,11453663
1,rs11121748,0,11457129
1,rs2007215,0,11460564
1,rs2379137,0,11470170
1,rs6675332,0,11497944
1,rs17036950,0,11498793
1,rs3887379,0,11500418
1,rs2072996,0,11501560
1,rs2076469,0,11506751
1,rs2745291,0,11530519
1,rs2817597,0,11540865
1,rs2817583,0,11549856
1,rs2745282,0,11552817
1,rs12132870,0,11558004
1,rs11121770,0,11564031
1,rs761084,0,11583297
1,rs6540987,0,11626430
1,rs1055547,0,11631323
1,rs9614,0,11633148
1,rs1883575,0,11635753
1,rs12139487,0,11639887
1,rs2233025,0,11658239
1,rs2336030,0,11659187
1,rs2143296,0,11669087
1,rs9430207,0,11672908
1,rs745806,0,11680590
1,rs2336034,0,11694927
1,rs9430631,0,11697543
1,rs6676319,0,11704560
1,rs7414943,0,11705401
1,rs12095517,0,11719773
1,rs6419478,0,11721399
1,rs4073574,0,11725021
1,rs6660106,0,11729438
1,rs4845877,0,11746890
1,rs6667720,0,11754202
1,rs11121828,0,11757041
1,rs4845884,0,11769034
1,rs13306556,0,11774697
1,rs4846051,0,11777044
1,rs13306559,0,11786098
1,rs12404124,0,11796456
1,rs2050265,0,11802286
1,rs12567136,0,11806318
1,rs2076003,0,11806734
1,rs7537765,0,11809890
1,rs2272803,0,11821376
1,rs198415,0,11824179
1,rs5068,0,11828561
1,rs5067,0,11828568
1,rs5065,0,11828655
1,rs5063,0,11830235
1,rs17376426,0,11830754
1,rs1009592,0,11851301
1,rs9661078,0,11858911
1,rs2336395,0,11864071
1,rs17037520,0,11874993
1,rs1208985,0,11920388
1,rs11802668,0,11923257
1,rs2336381,0,11931611
1,rs7529312,0,11947510
1,rs3753579,0,11961178
1,rs4846085,0,11973221
1,rs12408163,0,12001361
1,rs12096568,0,12013687
1,rs6665486,0,12040488
1,rs12029016,0,12051085
1,rs11121855,0,12078823
1,rs11576403,0,12081154
1,rs4845894,0,12086665
1,rs6541014,0,12086677
1,rs11121868,0,12093561
1,rs17422381,0,12107010
1,rs488733,0,12107922
1,rs11569909,0,12108120
1,rs11569921,0,12110180
1,rs17037627,0,12113295
1,rs11569928,0,12117053
1,rs522807,0,12146826
1,rs12062134,0,12154241
1,rs976881,0,12156341
1,rs5745984,0,12163002
1,rs3766730,0,12163263
1,rs5746001,0,12171090
1,rs11121892,0,12226668
1,rs2336646,0,12238258
1,rs235243,0,12242581
1,rs7546794,0,12258734
1,rs12565969,0,12265268
1,rs9430219,0,12277030
1,rs12084276,0,12281382
1,rs7523900,0,12286398
1,rs12070180,0,12295399
1,rs6660347,0,12342887
1,rs11121903,0,12347560
1,rs10864553,0,12349308
1,rs17038007,0,12388253
1,rs12057615,0,12400493
1,rs11121906,0,12411062
1,rs6541023,0,12418608
1,rs12405691,0,12439662
1,rs12731666,0,12447239
1,rs12408116,0,12456055
1,rs11121916,0,12486714
1,rs12129750,0,12496410
1,rs12406819,0,12499796
1,rs7543597,0,12514869
1,rs760943,0,12521021
1,rs6541038,0,12548797
1,rs4997711,0,12550267
1,rs4385721,0,12550350
1,rs4580,0,12550775
1,rs4072868,0,12551058
1,rs4845906,0,12556772
1,rs2275875,0,12561551
1,rs3128451,0,12564075
1,rs10864572,0,12575786
1,rs3010928,0,12601328
1,rs2493875,0,12633469
1,rs11121955,0,12645771
1,rs2027589,0,12647518
1,rs1857539,0,12653002
1,rs2489262,0,12665747
1,rs7547122,0,12679470
1,rs3000877,0,12683977
1,rs3000861,0,12698438
1,rs3000860,0,12698805
1,rs3000857,0,12700518
1,rs3010887,0,12709004
1,rs3010903,0,12718631
1,rs4603144,0,12725637
1,rs3000920,0,12728783
1,rs6681939,0,12730924
1,rs10746500,0,12738903
1,rs12059239,0,12743662
1,rs1812242,0,12758455
1,rs848577,0,12760427
1,rs9725475,0,12846549
1,rs2020273,0,12883614
1,rs2012404,0,13125475
1,rs1819131,0,13141529
1,rs870007,0,13576249
1,rs11579830,0,13647709
1,rs3013090,0,13668036
1,rs3013094,0,13670620
1,rs2359534,0,13672044
1,rs3013106,0,13675024
1,rs3013107,0,13676401
1,rs10803381,0,13700026
1,rs2999899,0,13702006
1,rs2990683,0,13713642
1,rs2282188,0,13715099
1,rs410922,0,13720252
1,rs16851217,0,13724819
1,rs12072110,0,13728195
1,rs354570,0,13736402
1,rs6684199,0,13753109
1,rs946332,0,13776302
1,rs2885135,0,13779114
1,rs10927903,0,13785474
1,rs10927904,0,13787496
1,rs11804743,0,13789998
1,rs2483133,0,13806643
1,rs1412838,0,13810964
1,rs1935116,0,13818506
1,rs11588651,0,13820492
1,rs16852432,0,13822418
1,rs7515525,0,13825451
1,rs12408369,0,13827313
1,rs12409667,0,13827739
1,rs4661998,0,13840431
1,rs16852640,0,13843947
1,rs2495069,0,13854215
1,rs3806425,0,13903630
1,rs17393663,0,13904402
1,rs5017266,0,13912275
1,rs6429794,0,13917981
1,rs2495050,0,13923151
1,rs10489151,0,13928296
1,rs1209513,0,13948116
1,rs1203619,0,13949152
1,rs2359756,0,13969007
1,rs2884788,0,13969222
1,rs1203651,0,13981701
1,rs1203647,0,13985336
1,rs12033212,0,13988915
1,rs2281170,0,13996685
1,rs2697992,0,13998083
1,rs2281168,0,14000230
1,rs2697985,0,14006006
1,rs2697968,0,14022209
1,rs6693629,0,14032036
1,rs6702813,0,14039337
1,rs17346826,0,14062882
1,rs17350949,0,14070988
1,rs1203696,0,14081075
1,rs4557966,0,14082528
1,rs12091229,0,14086550
1,rs1881559,0,14088700
1,rs760911,0,14091025
1,rs2744648,0,14091454
1,rs7522358,0,14096310
1,rs2038094,0,14097762
1,rs2744645,0,14099195
1,rs6429800,0,14100664
1,rs1203709,0,14101077
1,rs12122426,0,14112937
1,rs6670657,0,14127127
1,rs6661262,0,14127337
1,rs1005301,0,14129451
1,rs6660353,0,14142300
1,rs16853258,0,14152206
1,rs6678469,0,14154038
1,rs16853268,0,14156031
1,rs12043211,0,14157047
1,rs6676708,0,14158425
1,rs12044299,0,14160706
1,rs12117960,0,14164497
1,rs1883644,0,14166768
1,rs7543486,0,14170601
1,rs2359898,0,14172679
1,rs2359900,0,14177356
1,rs6678410,0,14187167
1,rs12738601,0,14192304
1,rs12127946,0,14192937
1,rs6691183,0,14193238
1,rs17351165,0,14210188
1,rs6689299,0,14210513
1,rs10927994,0,14212815
1,rs4579751,0,14226898
1,rs7551069,0,14234336
1,rs2359908,0,14237162
1,rs2294811,0,14238380
1,rs10754907,0,14244750
1,rs16853528,0,14260887
1,rs10733143,0,14262724
1,rs12726425,0,14282272
1,rs16853565,0,14282799
1,rs10928003,0,14290773
1,rs11590117,0,14301837
1,rs6664316,0,14313463
1,rs4662110,0,14321158
1,rs2187942,0,14331728
1,rs4661474,0,14334733
1,rs6671183,0,14335811
1,rs11591032,0,14368824
1,rs4145433,0,14373150
1,rs12028521,0,14374749
1,rs10928050,0,14379644
1,rs517269,0,14383936
1,rs7518617,0,14413264
1,rs1339366,0,14416667
1,rs12723920,0,14426249
1,rs4565709,0,14431694
1,rs12024171,0,14440278
1,rs10158007,0,14447843
1,rs12403204,0,14448579
1,rs6668555,0,14452329
1,rs4662137,0,14459129
1,rs10803478,0,14465764
1,rs10928063,0,14493126
1,rs1416624,0,14502191
1,rs3737643,0,14511199
1,rs7552034,0,14520067
1,rs16853946,0,14521179
1,rs16853966,0,14529786
1,rs703801,0,14536213
1,rs2789745,0,14545358
1,rs2789746,0,14545612
1,rs12121975,0,14545972
1,rs12134023,0,14550316
1,rs12239349,0,14552188
1,rs4113453,0,14553486
1,rs12129808,0,14561294
1,rs10927414,0,14565185
1,rs7538154,0,14565259
1,rs10803271,0,14573416
1,rs6689141,0,14577028
1,rs4415555,0,14580716
1,rs2050941,0,14592434
1,rs820668,0,14598683
1,rs820672,0,14610978
1,rs10754855,0,14615310
1,rs12130603,0,14617376
1,rs6678924,0,14624063
1,rs10754856,0,14628414
1,rs12085004,0,14645819
1,rs10927439,0,14660705
1,rs12119122,0,14663019
1,rs4661496,0,14663218
1,rs16850332,0,14669134
1,rs9429233,0,14671870
1,rs7555566,0,14677461
1,rs4369222,0,14677802
1,rs12129734,0,14692344
1,rs12031064,0,14696224
1,rs12035028,0,14700352
1,rs10927446,0,14700669
1,rs11807837,0,14713776
1,rs3892594,0,14721675
1,rs12759765,0,14724957
1,rs12044865,0,14725884
1,rs2211180,0,14737167
1,rs4385705,0,14748619
1,rs869839,0,14758687
1,rs6666337,0,14772941
1,rs1543362,0,14791672
1,rs1295787,0,14797692
1,rs1737859,0,14802525
1,rs11578959,0,14816778
1,rs12085709,0,14823606
1,rs6429671,0,14857242
1,rs705582,0,14866742
1,rs4661295,0,14871777
1,rs10803296,0,14874318
1,rs4661513,0,14883034
1,rs1569635,0,14915604
1,rs4661517,0,14923111
1,rs10803315,0,14957733
1,rs10927533,0,14958362
1,rs4543785,0,14962354
1,rs4661524,0,14972309
1,rs4661526,0,14973526
1,rs4661529,0,14974980
1,rs1737360,0,14986431
1,rs804134,0,15023501
1,rs17368807,0,15025956
1,rs2005997,0,15030107
1,rs3845598,0,15062280
1,rs12734818,0,15063839
1,rs2690018,0,15066442
1,rs12094795,0,15067148
1,rs3845600,0,15068722
1,rs2803394,0,15075316
1,rs1524160,0,15090918
1,rs2690028,0,15113504
1,rs7512398,0,15128708
1,rs12743836,0,15140950
1,rs6694029,0,15145768
1,rs884813,0,15147591
1,rs4661548,0,15150297
1,rs7522410,0,15153410
1,rs7547875,0,15155742
1,rs7547885,0,15155773
1,rs7514440,0,15155804
1,rs4421580,0,15161797
1,rs11589152,0,15182488
1,rs10927617,0,15189234
1,rs4661310,0,15193036
1,rs10754876,0,15202574
1,rs7541955,0,15204132
1,rs6681053,0,15207369
1,rs6429701,0,15208446
1,rs11578349,0,15211490
1,rs7548096,0,15212214
1,rs10927653,0,15241140
1,rs6704367,0,15243919
1,rs1513548,0,15251772
1,rs10803344,0,15266180
1,rs16851219,0,15270827
1,rs17371917,0,15272533
1,rs4661317,0,15272641
1,rs1000314,0,15278494
1,rs2175774,0,15279283
1,rs10803349,0,15284856
1,rs2221926,0,15285942
1,rs532075,0,15299704
1,rs529587,0,15302815
1,rs7515649,0,15305451
1,rs910105,0,15314513
1,rs2206761,0,15339419
1,rs6429711,0,15339850
1,rs10754883,0,15343760
1,rs4436387,0,15371039
1,rs10737907,0,15382439
1,rs761296,0,15385344
1,rs6692220,0,15393170
1,rs7536482,0,15402847
1,rs10927720,0,15404717
1,rs4661603,0,15405692
1,rs1316277,0,15412540
1,rs3753315,0,15413999
1,rs17405463,0,15415941
1,rs2312335,0,15417210
1,rs6429732,0,15431525
1,rs4661614,0,15438936
1,rs1752000,0,15451923
1,rs12144738,0,15464228
1,rs6679212,0,15468121
1,rs10927758,0,15472672
1,rs10927764,0,15479040
1,rs1737344,0,15483196
1,rs504775,0,15521618
1,rs7549759,0,15536018
1,rs763821,0,15540863
1,rs2473358,0,15553038
1,rs12081714,0,15553608
1,rs11582182,0,15555996
1,rs17368978,0,15574717
1,rs742362,0,15599378
1,rs2473344,0,15600876
1,rs2496321,0,15616471
1,rs2496320,0,15616858
1,rs2549316,0,15641320
1,rs11579489,0,15663226
1,rs11585808,0,15678249
1,rs3737701,0,15684883
1,rs4646092,0,15694260
1,rs2042369,0,15715831
1,rs4646011,0,15716442
1,rs1862710,0,15716644
1,rs1820204,0,15717202
1,rs4646008,0,15717314
1,rs1052571,0,15723200
1,rs4263990,0,15725291
1,rs2042371,0,15730303
1,rs6703016,0,15733150
1,rs11583306,0,15733390
1,rs10927797,0,15738191
1,rs6659992,0,15769946
1,rs6678650,0,15772739
1,rs6429755,0,15777324
1,rs7545080,0,15809441
1,rs16851876,0,15823215
1,rs6697813,0,15824330
1,rs6429769,0,15841197
1,rs6695903,0,15858527
1,rs3738648,0,15859762
1,rs7556473,0,15869445
1,rs12090337,0,15888573
1,rs7552400,0,15908479
1,rs16851970,0,15916988
1,rs7519899,0,15918166
1,rs1006147,0,15918696
1,rs12091326,0,15920592
1,rs41393951,0,15926080
1,rs6682484,0,15932281
1,rs10927843,0,15933479
1,rs12744547,0,15934965
1,rs6701500,0,15936285
1,rs28689907,0,15966375
1,rs10927852,0,15971453
1,rs12093675,0,15973990
1,rs11576404,0,15983402
1,rs1472554,0,15987920
1,rs4661654,0,16008695
1,rs16852022,0,16010682
1,rs2862162,0,16015547
1,rs12135073,0,16040386
1,rs7552077,0,16069346
1,rs16852052,0,16074089
1,rs4661670,0,16084806
1,rs848210,0,16132400
1,rs848215,0,16139734
1,rs698892,0,16158286
1,rs848312,0,16182443
1,rs12046247,0,16182696
1,rs4661681,0,16194110
1,rs1739834,0,16204570
1,rs1763612,0,16205158
1,rs1048334,0,16213348
1,rs1739839,0,16214112
1,rs945416,0,16216989
1,rs872222,0,16217251
1,rs2009594,0,16219511
1,rs6683445,0,16240990
1,rs945403,0,16246917
1,rs4661351,0,16286675
1,rs6676852,0,16321957
1,rs6684802,0,16322267
1,rs3820610,0,16325585
1,rs4661707,0,16327730
1,rs12405694,0,16344042
1,rs7525723,0,16345193
1,rs11260766,0,16346357
1,rs4661709,0,16351768
1,rs924206,0,16368585
1,rs4661718,0,16378495
1,rs16852561,0,16387073
1,rs221037,0,16400820
1,rs221048,0,16403303
1,rs221058,0,16407233
1,rs12119764,0,16425359
1,rs6693819,0,16429210
1,rs6603850,0,16435555
1,rs4661727,0,16441200
1,rs4661729,0,16451657
1,rs11585312,0,16456775
1,rs10489599,0,16458405
1,rs6698317,0,16463659
1,rs2994142,0,16492747
1,rs11260720,0,16493176
1,rs1007150,0,16493770
1,rs10489597,0,16495133
1,rs12068146,0,16499859
1,rs12122897,0,16509001
1,rs11260727,0,16525886
1,rs6660695,0,16527581
1,rs650298,0,16538195
1,rs7522506,0,16598892
1,rs4661748,0,16612622
1,rs2783371,0,16640093
1,rs12064256,0,16642536
1,rs279023,0,16658755
1,rs149565,0,16667504
1,rs156847,0,16676928
1,rs156851,0,16687581
1,rs2235934,0,17167887
1,rs761423,0,17174259
1,rs2076600,0,17209978
1,rs2871775,0,17218492
1,rs1022580,0,17232263
1,rs6586496,0,17250815
1,rs2076599,0,17268067
1,rs3818040,0,17274327
1,rs3818034,0,17274722
1,rs2057096,0,17278396
1,rs2057094,0,17278536
1,rs2647190,0,17279910
1,rs2076617,0,17281604
1,rs2076608,0,17294889
1,rs2235914,0,17297432
1,rs1883912,0,17310475
1,rs10788657,0,17337367
1,rs7530306,0,17338088
1,rs2746479,0,17342279
1,rs2454166,0,17361453
1,rs2501810,0,17363419
1,rs2977265,0,17375797
1,rs12124688,0,17391681
1,rs2454178,0,17391794
1,rs754171,0,17395408
1,rs3003470,0,17395850
1,rs2977259,0,17397652
1,rs11583629,0,17399211
1,rs2293910,0,17404169
1,rs11203335,0,17421479
1,rs2293912,0,17422708
1,rs2977290,0,17425462
1,rs2977306,0,17436554
1,rs3003412,0,17437434
1,rs2977310,0,17437577
1,rs3003419,0,17446575
1,rs2977227,0,17448915
1,rs3003423,0,17452009
1,rs4363467,0,17459240
1,rs3003426,0,17460749
1,rs2272629,0,17465903
1,rs4595409,0,17470308
1,rs12037653,0,17472904
1,rs11585357,0,17473752
1,rs11585118,0,17478361
1,rs2477138,0,17502892
1,rs4625336,0,17503551
1,rs2477134,0,17506159
1,rs2477133,0,17506479
1,rs2477131,0,17508908
1,rs1748033,0,17535249
1,rs1635586,0,17537357
1,rs2240335,0,17547124
1,rs12754590,0,17547708
1,rs1613767,0,17548476
1,rs6691485,0,17593975
1,rs7545115,0,17596918
1,rs2526830,0,17600706
1,rs7191,0,17606151
1,rs942457,0,17612173
1,rs12089849,0,17618620
1,rs1408420,0,17627402
1,rs2800686,0,17635899
1,rs2800687,0,17636104
1,rs11203405,0,17680124
1,rs4387213,0,17688020
1,rs10736367,0,17693677
1,rs2247863,0,17725694
1,rs2248129,0,17728411
1,rs2244432,0,17731122
1,rs2477735,0,17741766
1,rs41530444,0,17750077
1,rs12039118,0,17758443
1,rs12049589,0,17771738
1,rs12404333,0,17788420
1,rs16829867,0,17837061
1,rs11800478,0,17839631
1,rs3766307,0,17844908
1,rs6703771,0,17849147
1,rs11580813,0,17854500
1,rs883379,0,17856376
1,rs1339800,0,17892788
1,rs1339801,0,17892885
1,rs2279817,0,17894445
1,rs2270978,0,17895952
1,rs11203447,0,17914282
1,rs1553400,0,17914622
1,rs6687077,0,17916961
1,rs11584168,0,17933023
1,rs12136469,0,17952399
1,rs16830722,0,17963562
1,rs16830759,0,17997291
1,rs480231,0,18010764
1,rs6679624,0,18021371
1,rs694214,0,18022097
1,rs2296035,0,18022153
1,rs685987,0,18032082
1,rs683259,0,18032720
1,rs510504,0,18039982
1,rs587276,0,18066191
1,rs10465788,0,18071626
1,rs11203224,0,18074220
1,rs7538231,0,18074768
1,rs578987,0,18075967
1,rs597865,0,18084817
1,rs575598,0,18085798
1,rs7524159,0,18109206
1,rs11203232,0,18112587
1,rs1537773,0,18122227
1,rs12089039,0,18136097
1,rs651743,0,18140868
1,rs7551015,0,18146429
1,rs10127575,0,18146891
1,rs11203243,0,18147006
1,rs1192586,0,18147485
1,rs1192579,0,18156444
1,rs11203247,0,18157845
1,rs1192573,0,18158655
1,rs3128752,0,18163601
1,rs2095842,0,18169994
1,rs12076050,0,18170759
1,rs1339932,0,18191608
1,rs1192616,0,18199796
1,rs16861391,0,18202756
1,rs6678740,0,18208503
1,rs794237,0,18215551
1,rs12058837,0,18215693
1,rs11800261,0,18216820
1,rs11203258,0,18217281
1,rs12057922,0,18223377
1,rs7553424,0,18232488
1,rs4920413,0,18234646
1,rs12135074,0,18235271
1,rs1890498,0,18235855
1,rs870042,0,18237480
1,rs1031568,0,18250521
1,rs9286088,0,18264561
1,rs17486629,0,18277660
1,rs12730245,0,18289229
1,rs4920428,0,18298188
1,rs12739708,0,18299015
1,rs4920295,0,18310826
1,rs12403357,0,18314001
1,rs12735521,0,18322908
1,rs12401347,0,18324007
1,rs16861613,0,18326505
1,rs753305,0,18342596
1,rs9329469,0,18345930
1,rs9659686,0,18356697
1,rs4920300,0,18362648
1,rs11260940,0,18363138
1,rs1031570,0,18376401
1,rs12087645,0,18382254
1,rs4920453,0,18395918
1,rs1356000,0,18406950
1,rs3738089,0,18427298
1,rs10907297,0,18429791
1,rs12041024,0,18433964
1,rs12040189,0,18434103
1,rs223185,0,18457607
1,rs402642,0,18459402
1,rs10489572,0,18468013
1,rs223192,0,18483603
1,rs223160,0,18495911
1,rs1832787,0,18499504
1,rs10907304,0,18503729
1,rs12134352,0,18503762
1,rs11260977,0,18504955
1,rs761584,0,18506270
1,rs761585,0,18506527
1,rs513728,0,18527458
1,rs517004,0,18537213
1,rs11260984,0,18541088
1,rs648097,0,18542037
1,rs4920486,0,18562092
1,rs12079178,0,18564201
1,rs11582486,0,18568909
1,rs10465918,0,18574486
1,rs3817378,0,18577684
1,rs4920489,0,18580054
1,rs1577608,0,18580989
1,rs4920491,0,18581719
1,rs11260998,0,18590892
1,rs12041781,0,18591117
1,rs7522460,0,18604249
1,rs867538,0,18605567
1,rs12059600,0,18606731
1,rs7512838,0,18609578
1,rs12119827,0,18609820
1,rs12128025,0,18623018
1,rs6677903,0,18640325
1,rs3007723,0,18644154
1,rs2992746,0,18649526
1,rs12041192,0,18665973
1,rs2992764,0,18676731
1,rs11261020,0,18678151
1,rs2992753,0,18680879
1,rs2992751,0,18681298
1,rs2992745,0,18682483
1,rs3007719,0,18684255
1,rs3007720,0,18685613
1,rs11577512,0,18687183
1,rs6679160,0,18691288
1,rs6686713,0,18694003
1,rs2883890,0,18708024
1,rs9439709,0,18722641
1,rs2816027,0,18726077
1,rs2816030,0,18730185
1,rs4920513,0,18733715
1,rs2745329,0,18745000
1,rs4375229,0,18746840
1,rs2745327,0,18748995
1,rs10907320,0,18755076
1,rs2745322,0,18758323
1,rs2816050,0,18767019
1,rs12131648,0,18770092
1,rs11806115,0,18772519
1,rs2816062,0,18776489
1,rs12566790,0,18781452
1,rs4920335,0,18786421
1,rs4920522,0,18812967
1,rs4027744,0,18817798
1,rs2236832,0,18872418
1,rs618941,0,18878739
1,rs545793,0,18889109
1,rs585075,0,18893960
1,rs515739,0,18904481
1,rs589463,0,18906162
1,rs9439728,0,18914052
1,rs2236816,0,18922341
1,rs2743189,0,18928969
1,rs2236804,0,18930528
1,rs12142647,0,18931332
1,rs2236800,0,18931516
1,rs9439731,0,18932058
1,rs4521967,0,18932426
1,rs551027,0,18942431
1,rs2743185,0,18943196
1,rs12068377,0,18943377
1,rs12121503,0,18947567
1,rs9439743,0,18967416
1,rs6697715,0,18978167
1,rs11261065,0,18978841
1,rs4076925,0,18985613
1,rs7539659,0,18994343
1,rs12566799,0,18995620
1,rs11261073,0,18996955
1,rs4075770,0,19004362
1,rs6684577,0,19026556
1,rs4920550,0,19032823
1,rs3935824,0,19070436
1,rs1138333,0,19070651
1,rs9117,0,19071482
1,rs11740,0,19071808
1,rs2230709,0,19074515
1,rs28497538,0,19078259
1,rs9426726,0,19087086
1,rs4911985,0,19088027
1,rs17492518,0,19094208
1,rs9426794,0,19100349
1,rs4912044,0,19102850
1,rs2024724,0,19109694
1,rs4911977,0,19112102
1,rs16862370,0,19114491
1,rs28677055,0,19119126
1,rs17387963,0,19130962
1,rs16862387,0,19131310
1,rs16862413,0,19169478
1,rs6697292,0,19192796
1,rs17384449,0,19194049
1,rs6690097,0,19195637
1,rs2147949,0,19199897
1,rs7523455,0,19204663
1,rs2313062,0,19215883
1,rs942186,0,19258945
1,rs10158647,0,19276421
1,rs2274010,0,19277131
1,rs1043899,0,19287891
1,rs9661719,0,19312694
1,rs6691238,0,19353416
1,rs3748757,0,19364444
1,rs6663221,0,19365294
1,rs6659990,0,19372941
1,rs6694521,0,19373316
1,rs2066002,0,19376887
1,rs1538485,0,19377630
1,rs7519084,0,19380586
1,rs3762396,0,19382981
1,rs841371,0,19385103
1,rs4912051,0,19387648
1,rs11588032,0,19391246
1,rs841374,0,19398172
1,rs12122656,0,19398950
1,rs10158092,0,19410342
1,rs710870,0,19422346
1,rs710872,0,19422624
1,rs12565770,0,19427647
1,rs2275403,0,19430300
1,rs10917240,0,19432550
1,rs16862632,0,19436487
1,rs9426799,0,19444220
1,rs1063986,0,19459158
1,rs947534,0,19460993
1,rs12061906,0,19470713
1,rs12405546,0,19485999
1,rs12133034,0,19494857
1,rs2227295,0,19510896
1,rs2073098,0,19514913
1,rs12146076,0,19517942
1,rs3790775,0,19522807
1,rs12118471,0,19531936
1,rs214298,0,19533080
1,rs214322,0,19535670
1,rs214325,0,19540786
1,rs3790774,0,19543034
1,rs4912072,0,19544963
1,rs2268807,0,19549013
1,rs214336,0,19551060
1,rs12751502,0,19553119
1,rs214341,0,19553145
1,rs214303,0,19560323
1,rs937608,0,19569965
1,rs10753558,0,19570502
1,rs10917432,0,19571448
1,rs17394154,0,19578972
1,rs12088915,0,19580950
1,rs7529705,0,19592679
1,rs4911988,0,19597067
1,rs4244002,0,19610777
1,rs6426800,0,19611743
1,rs4912088,0,19618387
1,rs17398986,0,19622437
1,rs11583187,0,19626434
1,rs2088829,0,19630324
1,rs10799810,0,19636619
1,rs4911996,0,19637792
1,rs12755497,0,19665149
1,rs1500968,0,19674769
1,rs10917461,0,19682345
1,rs2314146,0,19696595
1,rs11806434,0,19705024
1,rs12123337,0,19734998
1,rs12060501,0,19741132
1,rs12566505,0,19761755
1,rs3133373,0,19768807
1,rs2745218,0,19796027
1,rs6686867,0,19796513
1,rs2745220,0,19803226
1,rs728611,0,19821094
1,rs753613,0,19851252
1,rs753612,0,19851482
1,rs4912141,0,19874483
1,rs10917512,0,19879058
1,rs9064,0,19881467
1,rs3748748,0,19890782
1,rs7539563,0,19921672
1,rs1266437,0,19968807
1,rs11589077,0,19990579
1,rs7513083,0,20010708
1,rs3767216,0,20012927
1,rs4654865,0,20023571
1,rs12117495,0,20056032
1,rs12124726,0,20082056
1,rs16823095,0,20107617
1,rs10492999,0,20110347
1,rs16823105,0,20111099
1,rs6660540,0,20128579
1,rs1796918,0,20135518
1,rs6685105,0,20145505
1,rs12132830,0,20151511
1,rs12239721,0,20153220
1,rs1796924,0,20154556
1,rs12408941,0,20158074
1,rs4655010,0,20160506
1,rs2795480,0,20160568
1,rs12044628,0,20164537
1,rs12023742,0,20164593
1,rs6672057,0,20166378
1,rs10916681,0,20168579
1,rs955587,0,20175738
1,rs3753827,0,20178474
1,rs11573152,0,20179158
1,rs12568139,0,20184263
1,rs6676409,0,20187999
1,rs7530853,0,20188186
1,rs12021819,0,20188642
1,rs818670,0,20210688
1,rs7537184,0,20220931
1,rs12747681,0,20233437
1,rs1578642,0,20240265
1,rs12403822,0,20257371
1,rs11573185,0,20267988
1,rs11573190,0,20268886
1,rs3806313,0,20269320
1,rs11573199,0,20270107
1,rs11573213,0,20274597
1,rs11573219,0,20275354
1,rs11573223,0,20275978
1,rs2020883,0,20283888
1,rs11573262,0,20283896
1,rs2020887,0,20283919
1,rs11573288,0,20289381
1,rs565503,0,20289465
1,rs10916707,0,20301140
1,rs12059492,0,20309991
1,rs16823482,0,20317383
1,rs623784,0,20325021
1,rs518588,0,20338031
1,rs6657574,0,20342735
1,rs6684376,0,20343354
1,rs11582551,0,20345766
1,rs11811671,0,20356881
1,rs876171,0,20360330
1,rs10753482,0,20363887
1,rs6667486,0,20366457
1,rs2315355,0,20370668
1,rs7542968,0,20373178
1,rs2301479,0,20374948
1,rs1061588,0,20392395
1,rs7542020,0,20393319
1,rs10916721,0,20409813
1,rs10799615,0,20413957
1,rs10737446,0,20414980
1,rs2213801,0,20417422
1,rs2097532,0,20424332
1,rs1010573,0,20445116
1,rs2157510,0,20445481
1,rs10489156,0,20448489
1,rs6674531,0,20449364
1,rs736665,0,20455272
1,rs743982,0,20455825
1,rs11800772,0,20457232
1,rs966366,0,20464927
1,rs2157511,0,20469036
1,rs4655183,0,20476601
1,rs10916749,0,20477546
1,rs11582590,0,20478450
1,rs1076624,0,20486045
1,rs1022470,0,20487682
1,rs10799626,0,20500703
1,rs10753495,0,20503833
1,rs12086296,0,20505933
1,rs12095205,0,20508819
1,rs1883165,0,20530474
1,rs4329481,0,20530676
1,rs1076623,0,20531236
1,rs230182,0,20551138
1,rs1886740,0,20568418
1,rs10916780,0,20579740
1,rs879484,0,20601799
1,rs7514144,0,20608456
1,rs4654860,0,20613934
1,rs7537381,0,20623148
1,rs10799636,0,20643474
1,rs390423,0,20663637
1,rs433816,0,20676358
1,rs1152986,0,20691522
1,rs11585967,0,20698481
1,rs2641114,0,20702147
1,rs11589696,0,20708581
1,rs10916806,0,20727643
1,rs661784,0,20737942
1,rs10916812,0,20750788
1,rs10799637,0,20754341
1,rs41415447,0,20764413
1,rs6701759,0,20770987
1,rs639400,0,20772710
1,rs1253795,0,20777445
1,rs1152989,0,20777894
1,rs485716,0,20780417
1,rs485833,0,20782945
1,rs680748,0,20783595
1,rs650264,0,20784417
1,rs6690069,0,20787038
1,rs818197,0,20797070
1,rs12036993,0,20806183
1,rs580032,0,20806480
1,rs41467355,0,20807027
1,rs558946,0,20807945
1,rs6676236,0,20813076
1,rs7349186,0,20843707
1,rs3131713,0,20844635
1,rs10916843,0,20850724
1,rs2070660,0,20853037
1,rs10916846,0,20859144
1,rs3753834,0,20861498
1,rs3753835,0,20861678
1,rs581635,0,20883411
1,rs535696,0,20893785
1,rs536421,0,20893813
1,rs6426645,0,20907736
1,rs12042868,0,20908165
1,rs666371,0,20914142
1,rs6668854,0,20918095
1,rs12403580,0,20922105
1,rs3753046,0,20922987
1,rs10916852,0,20925280
1,rs16824570,0,20940093
1,rs12729575,0,20948861
1,rs559177,0,20970170
1,rs2777619,0,20977074
1,rs12086758,0,20979731
1,rs3856173,0,20987420
1,rs6687357,0,20998997
1,rs12734856,0,21007478
1,rs10799665,0,21025227
1,rs7553394,0,21039991
1,rs10916883,0,21059465
1,rs12404749,0,21061312
1,rs6704421,0,21093261
1,rs11805006,0,21122190
1,rs10916909,0,21154871
1,rs2271115,0,21168451
1,rs10799677,0,21191043
1,rs4654732,0,21209900
1,rs1354792,0,21264462
1,rs7521711,0,21272805
1,rs17453044,0,21389948
1,rs9426741,0,21399565
1,rs12130137,0,21405848
1,rs7539288,0,21414322
1,rs3026918,0,21416046
1,rs3026911,0,21418169
1,rs11590928,0,21423928
1,rs2038090,0,21424137
1,rs1076669,0,21446442
1,rs9426750,0,21449383
1,rs3026883,0,21454566
1,rs212525,0,21457172
1,rs28367975,0,21459432
1,rs212531,0,21460865
1,rs84657,0,21477627
1,rs212544,0,21479370
1,rs213046,0,21490333
1,rs12758257,0,21499518
1,rs10916959,0,21504250
1,rs3026838,0,21512212
1,rs213011,0,21512982
1,rs213023,0,21522495
1,rs213025,0,21524162
1,rs213037,0,21528471
1,rs3026806,0,21542388
1,rs16825276,0,21558032
1,rs12084005,0,21560344
1,rs2796354,0,21560441
1,rs785195,0,21569023
1,rs785198,0,21570056
1,rs1935574,0,21607049
1,rs1976403,0,21639040
1,rs10916992,0,21642584
1,rs10916995,0,21663308
1,rs2047654,0,21685739
1,rs1697420,0,21696216
1,rs1780321,0,21696695
1,rs16825427,0,21697575
1,rs6703976,0,21709521
1,rs1500932,0,21713950
1,rs10465542,0,21732094
1,rs2840331,0,21734243
1,rs16825522,0,21735954
1,rs12127343,0,21742360
1,rs1697414,0,21747583
1,rs6658127,0,21747977
1,rs1256328,0,21769354
1,rs1780320,0,21772078
1,rs2275370,0,21773007
1,rs2242420,0,21777116
1,rs10917021,0,21789821
1,rs7515386,0,21794323
1,rs12759525,0,21800435
1,rs866677,0,21805235
1,rs829370,0,21805780
1,rs829417,0,21815723
1,rs2275360,0,21816407
1,rs12134357,0,21818983
1,rs7354914,0,21825874
1,rs10799705,0,21831174
1,rs931252,0,21865155
1,rs829399,0,21870565
1,rs12128325,0,21875454
1,rs16825800,0,21876253
1,rs1618590,0,21889306
1,rs3767134,0,21892915
1,rs16825856,0,21908447
1,rs333188,0,21912881
1,rs1018102,0,21913660
1,rs333185,0,21915230
1,rs12030578,0,21921251
1,rs16825895,0,21926849
1,rs7526162,0,21940495
1,rs333204,0,21953362
1,rs884726,0,21983005
1,rs13374837,0,22012935
1,rs2010397,0,22014570
1,rs3736360,0,22022707
1,rs10917053,0,22039180
1,rs7556412,0,22040803
1,rs34719083,0,22049356
1,rs2229481,0,22073585
1,rs2228348,0,22074049
1,rs2445137,0,22078725
1,rs2501260,0,22089695
1,rs16826031,0,22104033
1,rs4654773,0,22124849
1,rs7531732,0,22148283
1,rs6681966,0,22157295
1,rs7520526,0,22184495
1,rs2501279,0,22240929
1,rs12035094,0,22257300
1,rs16826398,0,22266156
1,rs2056974,0,22281681
1,rs16826534,0,22285616
1,rs10917148,0,22288267
1,rs1046310,0,22316474
1,rs7552004,0,22317397
1,rs12131703,0,22320804
1,rs7526484,0,22324432
1,rs7544210,0,22327729
1,rs12568557,0,22372815
1,rs926434,0,22378746
1,rs2807377,0,22389007
1,rs11579887,0,22391165
1,rs2744718,0,22396314
1,rs2744720,0,22402455
1,rs2473246,0,22407986
1,rs7513455,0,22408000
1,rs17356087,0,22409121
1,rs2505722,0,22415032
1,rs10917176,0,22417884
1,rs7552560,0,22419877
1,rs2744731,0,22421406
1,rs2010062,0,22423545
1,rs2505711,0,22424512
1,rs2744741,0,22437958
1,rs2744744,0,22441334
1,rs932371,0,22441813
1,rs2744749,0,22445813
1,rs16826845,0,22449643
1,rs2143101,0,22451023
1,rs4655036,0,22460465
1,rs736473,0,22465972
1,rs6682404,0,22467543
1,rs2179376,0,22472660
1,rs909812,0,22475953
1,rs12753092,0,22480144
1,rs10917196,0,22495100
1,rs10799746,0,22497833
1,rs7538267,0,22501775
1,rs8179370,0,22518476
1,rs10917214,0,22525088
1,rs12137132,0,22526471
1,rs6660965,0,22531830
1,rs12089677,0,22555617
1,rs10917220,0,22555992
1,rs11810369,0,22560238
1,rs12048775,0,22562970
1,rs6667212,0,22595281
1,rs4655059,0,22608493
1,rs4515757,0,22617273
1,rs6426755,0,22631170
1,rs1934482,0,22656922
1,rs6426758,0,22663868
1,rs1011380,0,22678868
1,rs4655067,0,22686876
1,rs209753,0,22694555
1,rs209729,0,22708264
1,rs12756490,0,22736267
1,rs7521074,0,22758353
1,rs209737,0,22762662
1,rs3767555,0,22786747
1,rs209705,0,22807231
1,rs7536607,0,22819354
1,rs186037,0,22824973
1,rs665691,0,22832941
1,rs12740591,0,22837590
1,rs6690827,0,22840083
1,rs652826,0,22844266
1,rs294223,0,22888593
1,rs294230,0,22892131
1,rs2869514,0,22892844
1,rs6676345,0,22904038
1,rs882025,0,22922939
1,rs16827476,0,22926123
1,rs4655093,0,22927947
1,rs10442639,0,22933952
1,rs16827484,0,22937707
1,rs6426763,0,22941348
1,rs6698922,0,22945754
1,rs6686970,0,22946209
1,rs10157808,0,22949503
1,rs4654814,0,22967008
1,rs12076863,0,22986497
1,rs16827555,0,22995127
1,rs1866790,0,22996176
1,rs12723359,0,23010348
1,rs2869511,0,23013287
1,rs2165332,0,23014938
1,rs751022,0,23016234
1,rs4361967,0,23020923
1,rs10917317,0,23035395
1,rs16827646,0,23037343
1,rs4655130,0,23048581
1,rs17488885,0,23049346
1,rs6679387,0,23062090
1,rs4655136,0,23072536
1,rs10917325,0,23081865
1,rs309473,0,23091301
1,rs10799772,0,23102227
1,rs7553678,0,23131754
1,rs2817899,0,23132214
1,rs6701919,0,23138927
1,rs2903995,0,23144091
1,rs7543064,0,23161167
1,rs522802,0,23211571
1,rs6683468,0,23224753
1,rs997511,0,23231470
1,rs4654834,0,23237506
1,rs587168,0,23244195
1,rs10489564,0,23244508
1,rs605775,0,23285614
1,rs12061649,0,23289885
1,rs489644,0,23298526
1,rs2274687,0,23308256
1,rs7519050,0,23335516
1,rs500167,0,23359564
1,rs643492,0,23373941
1,rs1757044,0,23388218
1,rs588387,0,23396276
1,rs2746561,0,23399139
1,rs2806570,0,23399592
1,rs627304,0,23410142
1,rs16828047,0,23412712
1,rs7519093,0,23413665
1,rs10917362,0,23419781
1,rs10917363,0,23421458
1,rs12027190,0,23438014
1,rs1740482,0,23438186
1,rs9662343,0,23446638
1,rs2144732,0,23450253
1,rs628465,0,23476957
1,rs12567682,0,23491293
1,rs17437121,0,23513250
1,rs679442,0,23523678
1,rs3753250,0,23542357
1,rs6666848,0,23549602
1,rs1198494,0,23557564
1,rs644749,0,23560414
1,rs12127143,0,23563260
1,rs680386,0,23567862
1,rs10753555,0,23575705
1,rs6666439,0,23579240
1,rs10737472,0,23581506
1,rs10917375,0,23581576
1,rs686546,0,23582764
1,rs12126283,0,23585212
1,rs4648892,0,23592772
1,rs2275355,0,23596770
1,rs1787653,0,23603312
1,rs2156087,0,23616168
1,rs1077514,0,23638820
1,rs3218203,0,23710147
1,rs2811971,0,23710642
1,rs3218151,0,23723897
1,rs12094355,0,23734916
1,rs11591199,0,23742757
1,rs1555026,0,23759792
1,rs4649097,0,23760467
1,rs16828599,0,23796808
1,rs12080522,0,23802985
1,rs6677615,0,23815389
1,rs1317329,0,23839424
1,rs2864705,0,23876686
1,rs2864704,0,23876789
1,rs10799801,0,23877100
1,rs571479,0,23926052
1,rs2267960,0,23941131
1,rs2235541,0,23950038
1,rs34394004,0,23950821
1,rs35273670,0,23954988
1,rs7514394,0,23972810
1,rs1046924,0,23986411
1,rs2232975,0,23990169
1,rs2502985,0,23990422
1,rs760941,0,23995573
1,rs28940884,0,23995799
1,rs12031592,0,24000451
1,rs1018396,0,24006199
1,rs2473375,0,24009132
1,rs35385477,0,24028511
1,rs16860719,0,24109400
1,rs16829011,0,24111010
1,rs2501415,0,24111665
1,rs17338135,0,24159484
1,rs3211053,0,24161063
1,rs6424148,0,24255071
1,rs11249061,0,24258712
1,rs4649168,0,24260958
1,rs3795303,0,24261266
1,rs4648931,0,24261800
1,rs4649171,0,24268162
1,rs11249102,0,24273786
1,rs4649175,0,24279234
1,rs4313343,0,24281001
1,rs4333801,0,24281352
1,rs11249131,0,24286304
1,rs4378147,0,24287634
1,rs4393101,0,24288646
1,rs6700245,0,24290002
1,rs4233050,0,24292083
1,rs6678540,0,24294061
1,rs11249170,0,24307182
1,rs6686007,0,24315494
1,rs11578307,0,24325350
1,rs7418238,0,24336004
1,rs2502450,0,24337292
1,rs10903022,0,24337700
1,rs10751768,0,24338846
1,rs7527540,0,24347309
1,rs10903032,0,24353451
1,rs10903035,0,24354527
1,rs4649197,0,24368309
1,rs11249017,0,24369249
1,rs4489498,0,24384642
1,rs11249021,0,24385468
1,rs10903056,0,24407598
1,rs4648949,0,24432732
1,rs10903063,0,24437230
1,rs12131684,0,24440022
1,rs12135904,0,24441391
1,rs7517309,0,24445393
1,rs6688902,0,24452022
1,rs4233034,0,24454003
1,rs12139592,0,24461105
1,rs6424169,0,24463278
1,rs11249064,0,24463995
1,rs4233035,0,24464166
1,rs12065087,0,24475213
1,rs4648858,0,24479146
1,rs1572786,0,24488881
1,rs12563854,0,24490576
1,rs11249073,0,24493888
1,rs7514013,0,24503052
1,rs1099285,0,24508787
1,rs12568599,0,24539887
1,rs4648859,0,24543874
1,rs6665910,0,24558091
1,rs16829480,0,24561400
1,rs7535482,0,24567701
1,rs7537875,0,24567738
1,rs3765428,0,24578700
1,rs2294520,0,24590662
1,rs1408559,0,24599822
1,rs576096,0,24606973
1,rs6694932,0,24616190
1,rs10489442,0,24621666
1,rs1008485,0,24637276
1,rs2294524,0,24643181
1,rs2272934,0,24652442
1,rs11249117,0,24652943
1,rs11808194,0,24653514
1,rs2281188,0,24653834
1,rs7518379,0,24656622
1,rs9424374,0,24695087
1,rs11805096,0,24701516
1,rs196399,0,24706588
1,rs196410,0,24723462
1,rs196430,0,24732252
1,rs4378146,0,24800212
1,rs4648870,0,24828079
1,rs12077892,0,24841044
1,rs4636398,0,24857560
1,rs6673039,0,24863060
1,rs12145221,0,24867393
1,rs6698591,0,24867824
1,rs6660909,0,24868676
1,rs12068506,0,24887396
1,rs1538416,0,24936588
1,rs7525139,0,24953109
1,rs12058768,0,24994522
1,rs4649020,0,24997709
1,rs10732912,0,25000710
1,rs10903104,0,25009300
1,rs3890756,0,25013412
1,rs4233040,0,25017160
1,rs10794663,0,25017715
1,rs11581533,0,25029914
1,rs7555134,0,25034249
1,rs4648878,0,25036700
1,rs4295833,0,25058373
1,rs11249187,0,25060539
1,rs6681012,0,25060651
1,rs3131513,0,25065742
1,rs3116863,0,25077340
1,rs2223365,0,25078991
1,rs10458603,0,25088752
1,rs7553295,0,25096597
1,rs742230,0,25124011
1,rs7517302,0,25126904
1,rs10903115,0,25134283
1,rs1848186,0,25155443
1,rs10903117,0,25156179
1,rs4648890,0,25166528
1,rs11249215,0,25169771
1,rs1609996,0,25174456
1,rs407765,0,25199993
1,rs12058996,0,25206003
1,rs755394,0,25206486
1,rs12117144,0,25207809
1,rs1007353,0,25210525
1,rs10903126,0,25216742
1,rs11249242,0,25217597
1,rs6700387,0,25221244
1,rs13374888,0,25226290
1,rs452044,0,25236243
1,rs380497,0,25238769
1,rs4649057,0,25247764
1,rs311452,0,25264951
1,rs448385,0,25267720
1,rs380149,0,25268346
1,rs365865,0,25269420
1,rs7548291,0,25270726
1,rs178135,0,25281020
1,rs311482,0,25281052
1,rs11808307,0,25293021
1,rs803313,0,25306829
1,rs2753306,0,25313603
1,rs6692950,0,25319712
1,rs11248985,0,25325024
1,rs2753319,0,25325258
1,rs2064251,0,25342500
1,rs6600257,0,25345052
1,rs12075758,0,25350591
1,rs7415034,0,25400531
1,rs2375278,0,25401625
1,rs9438866,0,25416071
1,rs6672228,0,25430739
1,rs12065043,0,25431817
1,rs11249010,0,25434674
1,rs12119722,0,25439947
1,rs12119728,0,25440002
1,rs1043879,0,25442668
1,rs12096700,0,25443228
1,rs11547,0,25443417
1,rs10159215,0,25444902
1,rs28429653,0,25447943
1,rs28644387,0,25487964
1,rs2478031,0,25513968
1,rs28521963,0,25528125
1,rs3093569,0,25538558
1,rs3093642,0,25560329
1,rs2375309,0,25620994
1,rs35260034,0,25731611
1,rs34514236,0,25752481
1,rs6687605,0,25762219
1,rs4573505,0,25783120
1,rs12090967,0,25784995
1,rs7543123,0,25801220
1,rs12075373,0,25808837
1,rs3767914,0,25822941
1,rs2982300,0,25829251
1,rs3767911,0,25840098
1,rs3014717,0,25851514
1,rs11247588,0,25862736
1,rs768199,0,25865704
1,rs2982313,0,25872104
1,rs1534948,0,25887954
1,rs1971442,0,25903601
1,rs17163184,0,25931710
1,rs2993240,0,25940698
1,rs807260,0,25955133
1,rs807270,0,25962659
1,rs807274,0,25979908
1,rs807252,0,25989910
1,rs807247,0,25993456
1,rs807245,0,25994142
1,rs11247735,0,26004046
1,rs6676509,0,26012506
1,rs2294222,0,26031624
1,rs1044494,0,26031823
1,rs213633,0,26040373
1,rs213628,0,26044137
1,rs213627,0,26044698
1,rs213651,0,26050099
1,rs191938,0,26053695
1,rs807067,0,26069650
1,rs11247821,0,26070429
1,rs11576981,0,26071086
1,rs11247824,0,26082751
1,rs159525,0,26086578
1,rs159532,0,26111704
1,rs298429,0,26133501
1,rs2914971,0,26156421
1,rs1429936,0,26170496
1,rs298447,0,26179288
1,rs2257255,0,26187212
1,rs11247842,0,26200258
1,rs4659401,0,26200412
1,rs11247851,0,26242854
1,rs2997450,0,26245861
1,rs1135253,0,26250467
1,rs1135251,0,26250589
1,rs2275947,0,26256462
1,rs1317709,0,26257277
1,rs1892496,0,26258884
1,rs12089458,0,26263846
1,rs12067773,0,26284756
1,rs17163588,0,26322596
1,rs2802332,0,26342647
1,rs4992499,0,26356788
1,rs10902717,0,26358679
1,rs11247860,0,26363942
1,rs2783628,0,26374414
1,rs2783631,0,26377343
1,rs3819033,0,26380880
1,rs2275945,0,26381067
1,rs2297710,0,26383527
1,rs12732022,0,26395105
1,rs9970046,0,26397293
1,rs6700024,0,26399141
1,rs10493028,0,26425508
1,rs6598947,0,26432638
1,rs6663950,0,26432718
1,rs10493030,0,26434443
1,rs11247894,0,26470260
1,rs7544,0,26480313
1,rs4332350,0,26483478
1,rs4233458,0,26488203
1,rs2276712,0,26500065
1,rs17184982,0,26506566
1,rs6676527,0,26506585
1,rs3924934,0,26516666
1,rs4659426,0,26516801
1,rs1071849,0,26519313
1,rs12049489,0,26521271
1,rs7544018,0,26523719
1,rs12057290,0,26528049
1,rs11582416,0,26550308
1,rs11247932,0,26562246
1,rs12137896,0,26585184
1,rs11591111,0,26598019
1,rs1105726,0,26605826
1,rs12122703,0,26608360
1,rs17163904,0,26613693
1,rs11247958,0,26639954
1,rs9438551,0,26647810
1,rs12723046,0,26654142
1,rs3127011,0,26655267
1,rs2445640,0,26660906
1,rs17162134,0,26663886
1,rs6703872,0,26671231
1,rs2445635,0,26673436
1,rs12741800,0,26675135
1,rs4659375,0,26676677
1,rs11576300,0,26676993
1,rs1982525,0,26698169
1,rs11800553,0,26729049
1,rs2100577,0,26736322
1,rs17162184,0,26737631
1,rs4443935,0,26748020
1,rs897641,0,26754393
1,rs6657116,0,26767083
1,rs6668958,0,26774975
1,rs566421,0,26782253
1,rs6598858,0,26782352
1,rs6699237,0,26798430
1,rs4970480,0,26818299
1,rs11583297,0,26834421
1,rs17262006,0,26907690
1,rs4589135,0,26914301
1,rs12742115,0,26952518
1,rs34885854,0,26958836
1,rs35706918,0,26960649
1,rs34502618,0,26966743
1,rs12748152,0,27010980
1,rs2273015,0,27026545
1,rs11247599,0,27034257
1,rs35650645,0,27042071
1,rs12030597,0,27043488
1,rs17162316,0,27050494
1,rs17279224,0,27051437
1,rs34543648,0,27060468
1,rs7518079,0,27075014
1,rs1045460,0,27078541
1,rs11555809,0,27089256
1,rs4378228,0,27095184
1,rs2871814,0,27096298
1,rs12022619,0,27098164
1,rs34339345,0,27098676
1,rs12724052,0,27107269
1,rs17162330,0,27108799
1,rs3010109,0,27151140
1,rs17162387,0,27165943
1,rs36092677,0,27200779
1,rs10430146,0,27256902
1,rs12410656,0,27270191
1,rs12144792,0,27290812
1,rs11802056,0,27293851
1,rs7556004,0,27298297
1,rs4418629,0,27299628
1,rs13375526,0,27310276
1,rs11806219,0,27320635
1,rs11807614,0,27337504
1,rs12727081,0,27338374
1,rs6696706,0,27350136
1,rs12117956,0,27370169
1,rs12117705,0,27375306
1,rs11805918,0,27395449
1,rs10751722,0,27416110
1,rs11247626,0,27421244
1,rs10794500,0,27430343
1,rs12161523,0,27449817
1,rs6598879,0,27459487
1,rs6598880,0,27460914
1,rs17340642,0,27493541
1,rs4592273,0,27521681
1,rs6663062,0,27533318
1,rs4525067,0,27562350
1,rs10794501,0,27572036
1,rs4134410,0,27575632
1,rs2474287,0,27578152
1,rs2504783,0,27587289
1,rs2474284,0,27590258
1,rs734852,0,27593554
1,rs7516721,0,27600627
1,rs2251670,0,27613012
1,rs2474291,0,27620225
1,rs2504771,0,27626663
1,rs2504772,0,27628496
1,rs4970522,0,27638148
1,rs6691276,0,27659279
1,rs7527229,0,27685100
1,rs6694794,0,27726046
1,rs7522734,0,27729507
1,rs6661941,0,27735642
1,rs1997757,0,27767206
1,rs2143294,0,27793978
1,rs6598891,0,27810043
1,rs17162676,0,27817946
1,rs2231868,0,27822360
1,rs2231863,0,27823714
1,rs6658795,0,27832598
1,rs1292076,0,27846335
1,rs11810311,0,27852598
1,rs1141746,0,27865456
1,rs2808428,0,27868725
1,rs12743229,0,27884441
1,rs12030184,0,27898558
1,rs12134293,0,27959672
1,rs11247684,0,27975247
1,rs17162805,0,28009394
1,rs17162815,0,28018680
1,rs3766393,0,28050874
1,rs7553672,0,28072073
1,rs3766398,0,28081892
1,rs1467464,0,28084237
1,rs6564,0,28085562
1,rs1474908,0,28085800
1,rs28904899,0,28093413
1,rs12058265,0,28094024
1,rs2295367,0,28096899
1,rs11247723,0,28124287
1,rs6676158,0,28129796
1,rs17162907,0,28136540
1,rs4908341,0,28141293
1,rs3813804,0,28154793
1,rs4243820,0,28165326
1,rs12040932,0,28183811
1,rs11247734,0,28186580
1,rs17162928,0,28216105
1,rs12144891,0,28217567
1,rs12144354,0,28221740
1,rs480019,0,28234063
1,rs525844,0,28236861
1,rs10902684,0,28249640
1,rs3753864,0,28263183
1,rs560958,0,28268709
1,rs6703873,0,28285837
1,rs523054,0,28302184
1,rs11247753,0,28305891
1,rs495223,0,28312551
1,rs313990,0,28362279
1,rs905909,0,28392439
1,rs17162987,0,28394066
1,rs510379,0,28407820
1,rs3767306,0,28408798
1,rs6686978,0,28436346
1,rs17185150,0,28448258
1,rs6683422,0,28483248
1,rs1283628,0,28510846
1,rs17163135,0,28521480
1,rs11247771,0,28521989
1,rs6598927,0,28522964
1,rs4908398,0,28548682
1,rs12132064,0,28591141
1,rs11247807,0,28602151
1,rs12091029,0,28606580
1,rs6686344,0,28608937
1,rs7518232,0,28611885
1,rs7518249,0,28611931
1,rs11587757,0,28613008
1,rs35593799,0,28635262
1,rs34288882,0,28635917
1,rs35703169,0,28659616
1,rs11539548,0,28665628
1,rs34532547,0,28677284
1,rs35340518,0,28679778
1,rs7518859,0,28687869
1,rs10915235,0,28690184
1,rs4491036,0,28708083
1,rs11557294,0,28708395
1,rs2066726,0,28734223
1,rs10799123,0,28736707
1,rs9426403,0,28740229
1,rs11801300,0,28847321
1,rs9426296,0,28847988
1,rs7534265,0,28864651
1,rs4233253,0,28905343
1,rs17262293,0,28935014
1,rs12068075,0,28935307
1,rs10915194,0,28947570
1,rs12082140,0,28950600
1,rs7520756,0,28952753
1,rs16837687,0,28976886
1,rs1338064,0,28995934
1,rs204053,0,29033326
1,rs2236855,0,29034586
1,rs529520,0,29047533
1,rs12749204,0,29048800
1,rs508448,0,29054112
1,rs4654327,0,29062725
1,rs16837739,0,29076225
1,rs760590,0,29093556
1,rs150093,0,29101418
1,rs157194,0,29108306
1,rs150084,0,29122512
1,rs12122962,0,29124909
1,rs149914,0,29140132
1,rs150087,0,29142365
1,rs10158728,0,29152852
1,rs4654383,0,29156151
1,rs2985319,0,29162203
1,rs12047323,0,29170902
1,rs6686151,0,29205116
1,rs2985338,0,29242471
1,rs12072831,0,29265747
1,rs12125204,0,29267282
1,rs550712,0,29312210
1,rs536178,0,29314878
1,rs502393,0,29316262
1,rs12046213,0,29385910
1,rs2291611,0,29394971
1,rs10915239,0,29396536
1,rs2319014,0,29422583
1,rs2640467,0,29428745
1,rs1113735,0,29444375
1,rs2068388,0,29445141
1,rs1032425,0,29448192
1,rs7550930,0,29467150
1,rs6681000,0,29496681
1,rs2235938,0,29505187
1,rs2235940,0,29510818
1,rs2007350,0,29518714
1,rs1062921,0,29525262
1,rs9426418,0,29526423
1,rs7530986,0,29531081
1,rs6666094,0,29532868
1,rs6687854,0,29535357
1,rs6426356,0,29558377
1,rs6657309,0,29615995
1,rs10799133,0,29618189
1,rs6686991,0,29619749
1,rs7418049,0,29623121
1,rs12134081,0,29623414
1,rs912772,0,29623834
1,rs10915268,0,29626197
1,rs10915272,0,29627295
1,rs7520785,0,29627752
1,rs16838233,0,29628405
1,rs11809607,0,29628832
1,rs9426448,0,29629857
1,rs16838255,0,29633735
1,rs2182111,0,29637387
1,rs10915277,0,29639995
1,rs1408858,0,29642665
1,rs7514421,0,29650688
1,rs4654347,0,29651892
1,rs11800911,0,29653667
1,rs12049158,0,29654810
1,rs12563023,0,29655981
1,rs4654351,0,29656342
1,rs12758197,0,29656737
1,rs7526490,0,29656930
1,rs4654352,0,29661930
1,rs766385,0,29664890
1,rs4654355,0,29666866
1,rs4654314,0,29668805
1,rs4420061,0,29680675
1,rs11808245,0,29682837
1,rs6678182,0,29704106
1,rs9426278,0,29708375
1,rs12071830,0,29727327
1,rs6426343,0,29737694
1,rs12079158,0,29739034
1,rs6700641,0,29740660
1,rs7418865,0,29743041
1,rs35294772,0,29747934
1,rs16832700,0,29866911
1,rs271322,0,29869599
1,rs9659705,0,29895702
1,rs271375,0,29895740
1,rs199613,0,29906089
1,rs11582200,0,29914467
1,rs12408008,0,29938761
1,rs12137141,0,29944582
1,rs1441834,0,29945688
1,rs10914187,0,29947139
1,rs12141268,0,29948179
1,rs11804052,0,29979378
1,rs12566608,0,29997724
1,rs10914351,0,30006618
1,rs17341197,0,30007428
1,rs10914475,0,30051137
1,rs12759686,0,30073914
1,rs12042943,0,30074495
1,rs749663,0,30081331
1,rs895785,0,30083464
1,rs10914549,0,30104708
1,rs4949505,0,30104822
1,rs7538432,0,30106356
1,rs7547546,0,30114937
1,rs7513406,0,30119328
1,rs12037930,0,30120043
1,rs10798906,0,30120165
1,rs4949509,0,30124116
1,rs10458370,0,30126274
1,rs6670441,0,30131238
1,rs2197783,0,30131752
1,rs10914579,0,30132147
1,rs11584587,0,30134248
1,rs895792,0,30142197
1,rs10753261,0,30142246
1,rs6662560,0,30149315
1,rs155633,0,30174350
1,rs11583665,0,30192043
1,rs6696009,0,30214314
1,rs452132,0,30251583
1,rs10914821,0,30269202
1,rs267720,0,30269829
1,rs10914832,0,30274049
1,rs422481,0,30301721
1,rs11580622,0,30302033
1,rs391479,0,30303472
1,rs1966006,0,30304682
1,rs267658,0,30310933
1,rs267672,0,30322502
1,rs267674,0,30323569
1,rs910696,0,30340183
1,rs722377,0,30369147
1,rs16833316,0,30377269
1,rs10157877,0,30377910
1,rs3934202,0,30407889
1,rs6425864,0,30411823
1,rs2377060,0,30429251
1,rs12072928,0,30433426
1,rs976189,0,30435125
1,rs16833396,0,30459715
1,rs6685389,0,30482172
1,rs6698202,0,30483075
1,rs12410878,0,30483652
1,rs7526736,0,30488695
1,rs12401958,0,30490689
1,rs1998012,0,30496077
1,rs16833496,0,30509960
1,rs1008196,0,30510030
1,rs7417447,0,30510596
1,rs10915064,0,30538459
1,rs1321112,0,30541894
1,rs12026573,0,30568282
1,rs12069377,0,30572316
1,rs13374017,0,30576551
1,rs7513525,0,30578629
1,rs12072075,0,30579786
1,rs10915084,0,30583438
1,rs407838,0,30585414
1,rs2092133,0,30594665
1,rs636797,0,30603092
1,rs1329108,0,30606071
1,rs672125,0,30616938
1,rs11809169,0,30616963
1,rs10799100,0,30617560
1,rs12062319,0,30621775
1,rs7552658,0,30624684
1,rs16866144,0,30632446
1,rs4949262,0,30635048
1,rs650676,0,30657797
1,rs7516250,0,30662721
1,rs728338,0,30665843
1,rs654075,0,30667117
1,rs592395,0,30674160
1,rs744528,0,30691040
1,rs671107,0,30692840
1,rs404815,0,30695758
1,rs628347,0,30697872
1,rs12130530,0,30717932
1,rs1574161,0,30723062
1,rs10915128,0,30728999
1,rs7513075,0,30734990
1,rs16833789,0,30751863
1,rs16833801,0,30754249
1,rs12727898,0,30760001
1,rs7534493,0,30771797
1,rs6704396,0,30779208
1,rs12127272,0,30779624
1,rs10915149,0,30781981
1,rs2377368,0,30797554
1,rs12043086,0,30814503
1,rs12045420,0,30814560
1,rs10915159,0,30815797
1,rs10915161,0,30816212
1,rs3104435,0,30818096
1,rs4445518,0,30822333
1,rs525813,0,30831501
1,rs552530,0,30832133
1,rs1024060,0,30840839
1,rs41377050,0,30843796
1,rs7551357,0,30849581
1,rs548273,0,30853549
1,rs633832,0,30854028
1,rs666750,0,30859272
1,rs10914158,0,30860437
1,rs7518010,0,30861554
1,rs788880,0,30867212
1,rs1201394,0,30873721
1,rs606086,0,30875220
1,rs12732386,0,30878859
1,rs486532,0,30882066
1,rs2093789,0,30882982
1,rs1882027,0,30885819
1,rs1924270,0,30890970
1,rs1983821,0,30912167
1,rs2147081,0,30921543
1,rs2700541,0,30923906
1,rs1408151,0,30924039
1,rs1188444,0,30937211
1,rs716486,0,30940148
1,rs1731690,0,30945061
1,rs1149023,0,30949529
1,rs1188395,0,30956955
1,rs1149045,0,30969632
1,rs1149048,0,30971320
1,rs3795438,0,30979224
1,rs1188355,0,30983254
1,rs1188356,0,30983669
1,rs1188357,0,30983869
1,rs16834046,0,30996174
1,rs3790503,0,31001662
1,rs3762296,0,31003973
1,rs12124742,0,31011849
1,rs878467,0,31019823
1,rs10753237,0,31032093
1,rs4949302,0,31033624
1,rs12726862,0,31040057
1,rs6425686,0,31051068
1,rs4949310,0,31079073
1,rs4949311,0,31080764
1,rs4245629,0,31083649
1,rs4551635,0,31084005
1,rs41430245,0,31084047
1,rs12029838,0,31087873
1,rs7530095,0,31090117
1,rs947645,0,31097677
1,rs12745813,0,31105079
1,rs6425688,0,31106186
1,rs2506969,0,31109026
1,rs4949320,0,31112157
1,rs11584510,0,31113023
1,rs2282440,0,31119907
1,rs1891419,0,31124100
1,rs2807013,0,31125006
1,rs947650,0,31140516
1,rs11810325,0,31148156
1,rs10158813,0,31150873
1,rs7544112,0,31176298
1,rs7514514,0,31180643
1,rs6669623,0,31186235
1,rs6697774,0,31187049
1,rs6680401,0,31192474
1,rs2153850,0,31193911
1,rs11586148,0,31197058
1,rs6672383,0,31197476
1,rs6696300,0,31202372
1,rs4949188,0,31203763
1,rs7515568,0,31211132
1,rs12117717,0,31220794
1,rs7516039,0,31232925
1,rs947643,0,31234025
1,rs10798817,0,31236168
1,rs1999811,0,31236914
1,rs1999810,0,31237009
1,rs7536851,0,31244289
1,rs1337046,0,31251592
1,rs10798818,0,31259596
1,rs12044438,0,31271395
1,rs6698832,0,31291048
1,rs7545143,0,31292882
1,rs6660628,0,31327853
1,rs4245633,0,31366227
1,rs12083908,0,31405572
1,rs12088720,0,31405895
1,rs2153451,0,31423406
1,rs35077499,0,31434508
1,rs2889710,0,31454967
1,rs12033154,0,31458672
1,rs2050815,0,31463126
1,rs4949365,0,31463448
1,rs6425717,0,31466690
1,rs1107427,0,31474568
1,rs7544431,0,31486271
1,rs4949368,0,31486439
1,rs924930,0,31502673
1,rs6425730,0,31519980
1,rs3766288,0,31533000
1,rs11588069,0,31614907
1,rs13376092,0,31615675
1,rs951545,0,31617252
1,rs4949393,0,31624462
1,rs10914372,0,31630585
1,rs7534465,0,31636250
1,rs1566960,0,31646112
1,rs7340083,0,31646903
1,rs2839939,0,31654224
1,rs6701521,0,31655882
1,rs4949208,0,31656062
1,rs2275435,0,31671123
1,rs2297884,0,31674239
1,rs10047085,0,31675005
1,rs6661466,0,31680097
1,rs11799701,0,31692833
1,rs7546536,0,31693764
1,rs1316509,0,31745343
1,rs1574104,0,31746027
1,rs6657902,0,31763370
1,rs6667261,0,31765080
1,rs16834550,0,31769104
1,rs6425766,0,31780259
1,rs4949213,0,31790580
1,rs6670560,0,31791740
1,rs4949444,0,31794618
1,rs12407438,0,31800999
1,rs16834600,0,31811078
1,rs3008409,0,31814425
1,rs17497479,0,31815541
1,rs945213,0,31820219
1,rs10914446,0,31826681
1,rs10914459,0,31869505
1,rs10798880,0,31869675
1,rs4949454,0,31871628
1,rs7529064,0,31877779
1,rs16834652,0,31897184
1,rs11807560,0,31898657
1,rs2228553,0,31910632
1,rs4568876,0,31925105
1,rs2297682,0,31927871
1,rs11589051,0,31928059
1,rs12072552,0,31950291
1,rs4949465,0,31951076
1,rs6425781,0,31955407
1,rs2271930,0,31973756
1,rs4949470,0,31985179
1,rs12037019,0,31986242
1,rs7552684,0,32006944
1,rs6656287,0,32025202
1,rs11582772,0,32033149
1,rs552124,0,32038613
1,rs16834737,0,32049257
1,rs12750365,0,32060454
1,rs6425784,0,32074105
1,rs10914486,0,32075378
1,rs16834744,0,32085285
1,rs7518553,0,32087734
1,rs671101,0,32108685
1,rs682654,0,32144110
1,rs563978,0,32162911
1,rs624017,0,32209855
1,rs680328,0,32210821
1,rs6660562,0,32223930
1,rs7541800,0,32228602
1,rs10914515,0,32229407
1,rs16834799,0,32238918
1,rs16834803,0,32242487
1,rs604954,0,32259227
1,rs16834808,0,32261156
1,rs1807415,0,32265198
1,rs16834814,0,32270090
1,rs6662484,0,32270380
1,rs16834842,0,32273686
1,rs12094507,0,32273802
1,rs2296450,0,32311369
1,rs6672317,0,32327172
1,rs744455,0,32330073
1,rs744454,0,32330260
1,rs12065562,0,32331230
1,rs16834877,0,32337702
1,rs6678202,0,32364103
1,rs12070847,0,32368203
1,rs7536852,0,32369468
1,rs12036031,0,32373994
1,rs16834895,0,32375118
1,rs10914533,0,32403906
1,rs2281385,0,32430151
1,rs16834926,0,32437453
1,rs1321658,0,32441864
1,rs36068145,0,32446099
1,rs4628547,0,32446277
1,rs11590012,0,32453656
1,rs11590013,0,32453657
1,rs479014,0,32454971
1,rs3753609,0,32458737
1,rs589034,0,32462444
1,rs12085186,0,32464677
1,rs747020,0,32470521
1,rs640243,0,32478226
1,rs3795427,0,32478405
1,rs34149698,0,32490125
1,rs7535470,0,32490309
1,rs35021967,0,32495942
1,rs10798899,0,32514447
1,rs695161,0,32516453
1,rs11810505,0,32517754
1,rs41510850,0,32518976
1,rs12126474,0,32574860
1,rs12094303,0,32606529
1,rs35849659,0,32622120
1,rs16834970,0,32630867
1,rs41453352,0,32638083
1,rs587149,0,32639304
1,rs10914555,0,32652173
1,rs6682924,0,32663528
1,rs16834986,0,32696367
1,rs12140988,0,32732923
1,rs7514359,0,32788366
1,rs12044277,0,32802494
1,rs450346,0,32845780
1,rs11812076,0,32855318
1,rs12041844,0,32857253
1,rs6676242,0,32859143
1,rs2762904,0,32906555
1,rs397205,0,32933097
1,rs3806248,0,32934199
1,rs360040,0,32934393
1,rs419145,0,32951743
1,rs359949,0,32957898
1,rs785694,0,32962711
1,rs655552,0,32967259
1,rs644879,0,32987967
1,rs360490,0,32993869
1,rs696625,0,33000198
1,rs696623,0,33004801
1,rs3737994,0,33006894
1,rs16866009,0,33013876
1,rs2282293,0,33019027
1,rs12126642,0,33019105
1,rs10914614,0,33030506
1,rs785419,0,33041778
1,rs4951787,0,33049011
1,rs6677618,0,33053704
1,rs10753270,0,33142217
1,rs194659,0,33199745
1,rs194663,0,33209629
1,rs4412566,0,33220807
1,rs12082671,0,33256292
1,rs11799675,0,33257724
1,rs11799809,0,33270508
1,rs10753272,0,33282857
1,rs3863724,0,33313030
1,rs10429857,0,33315639
1,rs804429,0,33338100
1,rs664182,0,33365474
1,rs7549943,0,33366065
1,rs7552729,0,33372618
1,rs17542433,0,33372702
1,rs12040683,0,33382624
1,rs685235,0,33400928
1,rs587042,0,33411323
1,rs587910,0,33415948
1,rs680960,0,33416939
1,rs636561,0,33418558
1,rs6425809,0,33475552
1,rs12723104,0,33532784
1,rs7527638,0,33533788
1,rs7555427,0,33535326
1,rs10914678,0,33539815
1,rs7264,0,33561969
1,rs7512470,0,33568816
1,rs6696096,0,33575758
1,rs6425816,0,33605452
1,rs4233201,0,33614640
1,rs12127097,0,33623477
1,rs11581218,0,33625895
1,rs6677391,0,33655255
1,rs10798948,0,33672289
1,rs11590975,0,33672737
1,rs7544329,0,33674338
1,rs6665131,0,33676850
1,rs10914729,0,33698554
1,rs10798953,0,33709722
1,rs4403594,0,33729739
1,rs4652901,0,33730465
1,rs11810916,0,33741483
1,rs10798959,0,33755606
1,rs923879,0,33772396
1,rs1000417,0,33780473
1,rs292812,0,33788866
1,rs2794606,0,33792054
1,rs16835593,0,33797617
1,rs5007951,0,33807236
1,rs2641962,0,33810801
1,rs16835609,0,33813791
1,rs16835617,0,33814832
1,rs1389559,0,33815445
1,rs6425830,0,33817203
1,rs292809,0,33818653
1,rs292808,0,33819233
1,rs12727575,0,33824892
1,rs41371344,0,33829801
1,rs1493988,0,33840951
1,rs1874044,0,33844021
1,rs10158102,0,33845740
1,rs12049260,0,33853349
1,rs16835683,0,33863266
1,rs6701479,0,33874314
1,rs590210,0,33887855
1,rs609347,0,33939213
1,rs10798983,0,33946728
1,rs10914767,0,33950187
1,rs557602,0,33951223
1,rs543988,0,33955594
1,rs528059,0,33958780
1,rs6661190,0,33976276
1,rs4578181,0,33983119
1,rs563149,0,33984209
1,rs509828,0,34003804
1,rs478205,0,34020483
1,rs477438,0,34020533
1,rs6690935,0,34033535
1,rs10914782,0,34040532
1,rs12408037,0,34042774
1,rs11587451,0,34050566
1,rs12061647,0,34055526
1,rs3845476,0,34056481
1,rs3842834,0,34056705
1,rs12096149,0,34061522
1,rs12062730,0,34063643
1,rs12067054,0,34064263
1,rs10753290,0,34064368
1,rs3845478,0,34064558
1,rs911213,0,34067294
1,rs10914789,0,34067461
1,rs6425849,0,34076730
1,rs1884980,0,34078564
1,rs987953,0,34080692
1,rs6425850,0,34081172
1,rs753893,0,34094824
1,rs6425853,0,34098027
1,rs11807337,0,34099076
1,rs12122958,0,34113406
1,rs12029918,0,34136417
1,rs7528354,0,34138998
1,rs6425857,0,34142678
1,rs911217,0,34147948
1,rs12029535,0,34156249
1,rs12031839,0,34159297
1,rs6665339,0,34170633
1,rs6425863,0,34170728
1,rs16836099,0,34174040
1,rs11802682,0,34195799
1,rs549048,0,34196980
1,rs549944,0,34197049
1,rs12063356,0,34199895
1,rs501094,0,34211296
1,rs506546,0,34211881
1,rs12127584,0,34216817
1,rs7529498,0,34244861
1,rs7541778,0,34248359
1,rs12035502,0,34272359
1,rs3125613,0,34278658
1,rs6700561,0,34297692
1,rs2625688,0,34301022
1,rs9425986,0,34314311
1,rs6684575,0,34317881
1,rs2618775,0,34325423
1,rs10914862,0,34328633
1,rs9425991,0,34336673
1,rs1382601,0,34347428
1,rs12095834,0,34376436
1,rs1564273,0,34379204
1,rs771150,0,34379571
1,rs771138,0,34386573
1,rs11590546,0,34389458
1,rs2994598,0,34425865
1,rs753314,0,34428055
1,rs1771374,0,34428715
1,rs899380,0,34428890
1,rs1612291,0,34434587
1,rs297804,0,34443942
1,rs13375367,0,34445286
1,rs297794,0,34448342
1,rs719769,0,34452906
1,rs1564274,0,34455349
1,rs1023325,0,34455443
1,rs1023324,0,34455740
1,rs705207,0,34457050
1,rs6698707,0,34457164
1,rs10799030,0,34458328
1,rs10799032,0,34500123
1,rs771396,0,34506764
1,rs7524118,0,34508639
1,rs10799035,0,34511285
1,rs1335858,0,34514654
1,rs12096258,0,34527390
1,rs11588801,0,34534498
1,rs7523842,0,34538467
1,rs2359232,0,34542760
1,rs4653023,0,34549488
1,rs1524624,0,34557806
1,rs16836566,0,34558914
1,rs12734518,0,34569003
1,rs1361676,0,34569864
1,rs1418282,0,34573120
1,rs10799047,0,34582174
1,rs6425888,0,34583887
1,rs10914926,0,34585535
1,rs2359229,0,34588481
1,rs2049421,0,34595437
1,rs2140682,0,34596209
1,rs6425890,0,34604013
1,rs10914932,0,34604828
1,rs741990,0,34606396
1,rs705205,0,34610960
1,rs10799050,0,34628200
1,rs10914935,0,34629711
1,rs10799053,0,34632456
1,rs10127830,0,34634825
1,rs7530700,0,34651637
1,rs2359112,0,34652270
1,rs6693232,0,34656331
1,rs2294190,0,34659241
1,rs4653029,0,34662079
1,rs17385253,0,34667596
1,rs2142534,0,34672759
1,rs12098170,0,34675162
1,rs4653032,0,34675497
1,rs4653033,0,34676409
1,rs12086243,0,34695535
1,rs798075,0,34709579
1,rs7536493,0,34724008
1,rs3905174,0,34724158
1,rs12047023,0,34724240
1,rs3845481,0,34731102
1,rs4652840,0,34736941
1,rs2359104,0,34754814
1,rs13374666,0,34757073
1,rs3845485,0,34758046
1,rs9988545,0,34758935
1,rs1539374,0,34759926
1,rs11807939,0,34760092
1,rs10737381,0,34769000
1,rs10914979,0,34818470
1,rs12074036,0,34822921
1,rs12090691,0,34840130
1,rs4653062,0,34844974
1,rs7547341,0,34863482
1,rs12036748,0,34886855
1,rs491000,0,34886998
1,rs9787093,0,34890512
1,rs12039039,0,34891253
1,rs12041637,0,34892077
1,rs17502414,0,34895653
1,rs12142734,0,34915462
1,rs725790,0,34921035
1,rs618675,0,34922761
1,rs16836900,0,34932499
1,rs4320749,0,34934389
1,rs17473573,0,34943474
1,rs9426007,0,34981285
1,rs2064899,0,34988576
1,rs692923,0,34990664
1,rs7522353,0,34997431
1,rs28675818,0,34998333
1,rs9426009,0,34999749
1,rs28386995,0,35006767
1,rs4653091,0,35030003
1,rs558969,0,35041280
1,rs1741972,0,35062460
1,rs879752,0,35064976
1,rs1570099,0,35071891
1,rs12239410,0,35076968
1,rs12074386,0,35079081
1,rs4653109,0,35100832
1,rs4653110,0,35100862
1,rs6425920,0,35127666
1,rs11264172,0,35141018
1,rs6686484,0,35141347
1,rs6699355,0,35157192
1,rs12038040,0,35165477
1,rs11264214,0,35169739
1,rs11264215,0,35170460
1,rs16837135,0,35181682
1,rs4072108,0,35216624
1,rs11263872,0,35219417
1,rs7514265,0,35255994
1,rs4609395,0,35262279
1,rs7544001,0,35275694
1,rs11263960,0,35291133
1,rs10908322,0,35299265
1,rs13375885,0,35317569
1,rs12090962,0,35325584
1,rs2101973,0,35334097
1,rs2971412,0,35340599
1,rs2971400,0,35406524
1,rs16837214,0,35416859
1,rs10493067,0,35424550
1,rs11264115,0,35429251
1,rs12083600,0,35436964
1,rs12044220,0,35451029
1,rs668092,0,35459790
1,rs673604,0,35460402
1,rs16837241,0,35462527
1,rs12024730,0,35475644
1,rs616546,0,35490130
1,rs12078106,0,35501751
1,rs12087292,0,35515378
1,rs12038650,0,35565023
1,rs12093076,0,35587521
1,rs3768337,0,35644231
1,rs1211184,0,35660734
1,rs12562622,0,35677767
1,rs2275248,0,35680653
1,rs16837364,0,35691765
1,rs13374670,0,35691917
1,rs10796920,0,35692566
1,rs1764673,0,35694661
1,rs12731938,0,35696432
1,rs7517937,0,35704275
1,rs7545232,0,35717473
1,rs1203138,0,35723292
1,rs1203134,0,35729384
1,rs2486297,0,35734324
1,rs11264164,0,35739501
1,rs16866287,0,35773982
1,rs7523017,0,35787598
1,rs12029249,0,35821727
1,rs6674885,0,35837561
1,rs7537948,0,35875722
1,rs503540,0,35882197
1,rs516694,0,35893975
1,rs2095247,0,35926417
1,rs4652889,0,35947357
1,rs6696354,0,35949096
1,rs11264198,0,35993225
1,rs11264201,0,36004629
1,rs626953,0,36012942
1,rs12725400,0,36034164
1,rs636671,0,36065797
1,rs4652895,0,36089158
1,rs1622395,0,36091138
1,rs12059301,0,36093488
1,rs11263830,0,36118385
1,rs1799678,0,36122444
1,rs11586587,0,36127358
1,rs636832,0,36136062
1,rs34002152,0,36138281
1,rs595055,0,36152720
1,rs3738356,0,36156303
1,rs797000,0,36165745
1,rs12031138,0,36180393
1,rs716926,0,36197063
1,rs9660461,0,36205522
1,rs7543810,0,36212703
1,rs683622,0,36216156
1,rs645123,0,36230662
1,rs648973,0,36291214
1,rs274740,0,36297110
1,rs274741,0,36299916
1,rs3754076,0,36321744
1,rs12043423,0,36323245
1,rs4653158,0,36328774
1,rs9651004,0,36339896
1,rs7550047,0,36339930
1,rs274132,0,36354565
1,rs2231312,0,36378065
1,rs3767707,0,36380514
1,rs7522400,0,36385967
1,rs7339895,0,36393243
1,rs272831,0,36397158
1,rs12085858,0,36398593
1,rs272826,0,36400646
1,rs272825,0,36400738
1,rs11812037,0,36425206
1,rs35519085,0,36445437
1,rs12038275,0,36450241
1,rs17439607,0,36495614
1,rs16822639,0,36500485
1,rs12123371,0,36508425
1,rs6686312,0,36510785
1,rs4652904,0,36521735
1,rs6425979,0,36527109
1,rs4653173,0,36528222
1,rs1566589,0,36534983
1,rs9659735,0,36538499
1,rs35343437,0,36545992
1,rs10796881,0,36559881
1,rs10796882,0,36590653
1,rs11804595,0,36593989
1,rs11588213,0,36607065
1,rs16822798,0,36633387
1,rs884925,0,36634580
1,rs4652914,0,36677347
1,rs9728099,0,36680129
1,rs10908303,0,36681972
1,rs3795495,0,36682154
1,rs11263898,0,36685118
1,rs10493075,0,36687129
1,rs10493076,0,36687334
1,rs883694,0,36693034
1,rs1538634,0,36693958
1,rs16823042,0,36695619
1,rs3918021,0,36705045
1,rs3918001,0,36705090
1,rs3917989,0,36707715
1,rs3917977,0,36710083
1,rs3917974,0,36710288
1,rs3917973,0,36710856
1,rs3917950,0,36714338
1,rs3917921,0,36718571
1,rs3918004,0,36722023
1,rs6662501,0,36725022
1,rs11263901,0,36733213
1,rs12568240,0,36744816
1,rs4078261,0,36753210
1,rs7522482,0,36760725
1,rs12409675,0,36821931
1,rs12564168,0,36830890
1,rs4653206,0,36833147
1,rs41322145,0,36837084
1,rs997322,0,36839021
1,rs12063741,0,36842835
1,rs7533162,0,36857109
1,rs7540086,0,36859677
1,rs12131598,0,36862037
1,rs16866074,0,36892781
1,rs218984,0,36943332
1,rs2983119,0,36944157
1,rs7548051,0,36951355
1,rs1395455,0,36957777
1,rs12411263,0,36962119
1,rs1002655,0,36965264
1,rs479779,0,37028650
1,rs493106,0,37042870
1,rs514262,0,37059062
1,rs517969,0,37074934
1,rs553719,0,37105524
1,rs478052,0,37107044
1,rs3820271,0,37122320
1,rs480495,0,37123392
1,rs480901,0,37123408
1,rs3767058,0,37124644
1,rs1587526,0,37135063
1,rs1032722,0,37163148
1,rs2173809,0,37165406
1,rs475292,0,37182595
1,rs16823705,0,37187556
1,rs12736276,0,37188260
1,rs3767087,0,37188856
1,rs3913434,0,37222182
1,rs12070070,0,37227371
1,rs12066663,0,37228066
1,rs16823744,0,37228807
1,rs4653238,0,37236350
1,rs522481,0,37260924
1,rs485719,0,37267189
1,rs494157,0,37285582
1,rs521696,0,37299068
1,rs218394,0,37322226
1,rs3765424,0,37333976
1,rs218374,0,37334261
1,rs12045073,0,37336225
1,rs12069350,0,37339398
1,rs11263975,0,37345217
1,rs12145370,0,37351814
1,rs215759,0,37353289
1,rs10908321,0,37354469
1,rs215770,0,37358560
1,rs215791,0,37378878
1,rs41387646,0,37385207
1,rs4653252,0,37394657
1,rs10489416,0,37408091
1,rs998176,0,37408704
1,rs11810891,0,37411256
1,rs218378,0,37417586
1,rs150573,0,37420675
1,rs7532271,0,37424935
1,rs12123283,0,37428207
1,rs17508197,0,37452463
1,rs1501534,0,37460005
1,rs6690892,0,37464005
1,rs10908325,0,37473268
1,rs17508718,0,37476307
1,rs12140004,0,37476635
1,rs16823912,0,37483177
1,rs3905365,0,37487175
1,rs6691915,0,37489305
1,rs2047706,0,37489806
1,rs1501540,0,37495665
1,rs10908329,0,37496749
1,rs302001,0,37497535
1,rs16823935,0,37498561
1,rs11264007,0,37500002
1,rs884405,0,37509917
1,rs823926,0,37520801
1,rs12027970,0,37537850
1,rs10752592,0,37539601
1,rs6426015,0,37543210
1,rs16823961,0,37545355
1,rs6426016,0,37546173
1,rs3898790,0,37547284
1,rs963295,0,37555428
1,rs1411931,0,37555461
1,rs12029096,0,37581060
1,rs11264029,0,37581496
1,rs727670,0,37582136
1,rs2745486,0,37633633
1,rs2745480,0,37639230
1,rs2811620,0,37644572
1,rs10908348,0,37651197
1,rs2811630,0,37654701
1,rs12136738,0,37654925
1,rs10493079,0,37660332
1,rs12734239,0,37664741
1,rs4653291,0,37665137
1,rs1395718,0,37714540
1,rs215208,0,37725563
1,rs7545493,0,37769337
1,rs6426023,0,37789977
1,rs2273014,0,37795039
1,rs10908355,0,37807873
1,rs12023270,0,37859165
1,rs7520673,0,37874729
1,rs4653309,0,37876927
1,rs12025813,0,37877356
1,rs7521055,0,37882247
1,rs4653312,0,37884293
1,rs10908366,0,37894521
1,rs11578786,0,37898345
1,rs10908367,0,37907193
1,rs11585866,0,37912138
1,rs12135570,0,37912457
1,rs9426059,0,37920711
1,rs684260,0,37921352
1,rs513826,0,37938609
1,rs17464871,0,37961355
1,rs6686264,0,37964924
1,rs602421,0,37975854
1,rs478492,0,37979902
1,rs483201,0,37980412
1,rs565645,0,37997222
1,rs4653328,0,37999673
1,rs605359,0,38000803
1,rs10157024,0,38003656
1,rs502621,0,38008980
1,rs34750184,0,38038209
1,rs28635998,0,38044819
1,rs473186,0,38048968
1,rs28689872,0,38092568
1,rs3828152,0,38102983
1,rs3748804,0,38113550
1,rs2279260,0,38125470
1,rs4329476,0,38133604
1,rs9727120,0,38151966
1,rs28495286,0,38161407
1,rs12746544,0,38161789
1,rs34655914,0,38169928
1,rs28477803,0,38171281
1,rs28435150,0,38179601
1,rs2170169,0,38180751
1,rs11485595,0,38183937
1,rs28545785,0,38184857
1,rs16824518,0,38187902
1,rs1383243,0,38194095
1,rs10890216,0,38215134
1,rs6660034,0,38216920
1,rs7512424,0,38219853
1,rs11210870,0,38222497
1,rs12044531,0,38225628
1,rs11211085,0,38239284
1,rs12737643,0,38259067
1,rs35867479,0,38260757
1,rs12408171,0,38263852
1,rs6685007,0,38294808
1,rs12723955,0,38299918
1,rs11205921,0,38306845
1,rs11205944,0,38308774
1,rs477882,0,38319884
1,rs1108182,0,38331939
1,rs1108183,0,38331981
1,rs2615811,0,38343440
1,rs568476,0,38356416
1,rs10889024,0,38357336
1,rs7533892,0,38363029
1,rs4593783,0,38381912
1,rs883220,0,38389458
1,rs12083795,0,38395872
1,rs1809329,0,38397962
1,rs6679930,0,38399170
1,rs6693777,0,38403449
1,rs2126585,0,38410285
1,rs7527762,0,38421097
1,rs17534243,0,38423504
1,rs10889449,0,38424195
1,rs4300184,0,38431304
1,rs1975913,0,38434606
1,rs7537802,0,38437114
1,rs12075354,0,38444796
1,rs6687006,0,38445830
1,rs16824807,0,38468289
1,rs869007,0,38479052
1,rs1329975,0,38500742
1,rs16824833,0,38521721
1,rs6600376,0,38522815
1,rs11586720,0,38525078
1,rs2773165,0,38529992
1,rs1343462,0,38572611
1,rs2637878,0,38573715
1,rs6679637,0,38579217
1,rs17478170,0,38587356
1,rs2840559,0,38594955
1,rs11807564,0,38601652
1,rs4266846,0,38622926
1,rs4290027,0,38657116
1,rs11586251,0,38672323
1,rs7530233,0,38673230
1,rs7523169,0,38676445
1,rs11586139,0,38677487
1,rs11586142,0,38677518
1,rs2256357,0,38681048
1,rs945338,0,38682131
1,rs16825062,0,38693476
1,rs2251803,0,38694640
1,rs2244275,0,38713051
1,rs2254600,0,38719726
1,rs1932364,0,38734722
1,rs4970551,0,38771426
1,rs2992438,0,38781250
1,rs2992439,0,38783415
1,rs3011207,0,38787328
1,rs12087786,0,38795398
1,rs10749851,0,38803755
1,rs4469689,0,38806509
1,rs7541471,0,38807530
1,rs16825207,0,38807913
1,rs16825210,0,38808562
1,rs16825217,0,38811756
1,rs7550410,0,38815308
1,rs10789447,0,38817038
1,rs4970604,0,38817572
1,rs6600434,0,38818717
1,rs1001450,0,38823373
1,rs2985755,0,38827144
1,rs3011188,0,38843128
1,rs2985774,0,38843859
1,rs17482558,0,38853018
1,rs658866,0,38863164
1,rs4970610,0,38865078
1,rs661419,0,38865122
1,rs12088653,0,38865902
1,rs688401,0,38879643
1,rs594856,0,38880584
1,rs12045514,0,38884082
1,rs716197,0,38893245
1,rs4079876,0,38898560
1,rs4111953,0,38901188
1,rs11578165,0,38907853
1,rs17484306,0,38931687
1,rs16825388,0,38935145
1,rs17556209,0,38935659
1,rs4970620,0,38937989
1,rs12088646,0,38938165
1,rs16825392,0,38938805
1,rs1930578,0,38939693
1,rs12409323,0,38942258
1,rs11211164,0,38942341
1,rs6663716,0,38954717
1,rs592897,0,38957246
1,rs17484974,0,38959381
1,rs1889079,0,38973745
1,rs7547720,0,38982077
1,rs7518936,0,38984577
1,rs2377375,0,38986191
1,rs1930581,0,38988090
1,rs4246510,0,38990481
1,rs7512634,0,39012744
1,rs7541810,0,39012885
1,rs4970631,0,39052354
1,rs9438970,0,39068559
1,rs16825588,0,39075283
1,rs2296456,0,39111843
1,rs12080240,0,39120162
1,rs4414011,0,39127104
1,rs9438978,0,39127645
1,rs3790442,0,39130233
1,rs9438982,0,39130730
1,rs4431808,0,39141154
1,rs9438989,0,39145430
1,rs6675870,0,39154163
1,rs942841,0,39155753
1,rs16825658,0,39168470
1,rs11807662,0,39181722
1,rs4512638,0,39197221
1,rs6665494,0,39203632
1,rs10888621,0,39245172
1,rs7538228,0,39250222
1,rs1555741,0,39265708
1,rs10465799,0,39290593
1,rs260974,0,39321385
1,rs364716,0,39332697
1,rs13374459,0,39343798
1,rs4660165,0,39351119
1,rs11580989,0,39356273
1,rs1021829,0,39363728
1,rs12075280,0,39367801
1,rs472310,0,39372201
1,rs6676806,0,39383267
1,rs628523,0,39397348
1,rs661316,0,39403884
1,rs17502518,0,39409397
1,rs560372,0,39416654
1,rs536193,0,39419132
1,rs622621,0,39424239
1,rs659286,0,39430909
1,rs16825939,0,39435095
1,rs12134412,0,39437848
1,rs496744,0,39439902
1,rs663978,0,39452272
1,rs975773,0,39453655
1,rs2254552,0,39475282
1,rs950805,0,39478045
1,rs12073705,0,39491530
1,rs4660208,0,39494801
1,rs7545369,0,39496176
1,rs2484754,0,39501551
1,rs2490950,0,39503751
1,rs6699928,0,39506086
1,rs945465,0,39511645
1,rs12089264,0,39515219
1,rs12089090,0,39520715
1,rs3818806,0,39520858
1,rs2484751,0,39521126
1,rs2275188,0,39521508
1,rs16826046,0,39532404
1,rs2275187,0,39535829
1,rs9439001,0,39538990
1,rs3121897,0,39544248
1,rs3120282,0,39544767
1,rs2377648,0,39553389
1,rs12409249,0,39556044
1,rs16826064,0,39556653
1,rs3116389,0,39558228
1,rs17504950,0,39561960
1,rs3116392,0,39562959
1,rs7547016,0,39570343
1,rs17570718,0,39574755
1,rs3121891,0,39577889
1,rs4660669,0,39580045
1,rs6704246,0,39581871
1,rs16826091,0,39586690
1,rs636083,0,39594268
1,rs596062,0,39598592
1,rs630519,0,39600969
1,rs582883,0,39608127
1,rs592264,0,39618209
1,rs7520599,0,39638245
1,rs3768300,0,39643171
1,rs1746842,0,39651402
1,rs653064,0,39654588
1,rs663892,0,39662264
1,rs645061,0,39667426
1,rs683135,0,39668047
1,rs783818,0,39671903
1,rs10489935,0,39679246
1,rs2296173,0,39685938
1,rs668556,0,39686950
1,rs17511836,0,39705014
1,rs4617393,0,39712810
1,rs783827,0,39716040
1,rs698141,0,39738348
1,rs11206218,0,39745461
1,rs1727098,0,39761914
1,rs2230007,0,39764070
1,rs1180341,0,39765395
1,rs1180342,0,39765465
1,rs1180352,0,39780416
1,rs12024327,0,39786070
1,rs11206314,0,39793742
1,rs17264866,0,39795364
1,rs9438926,0,39807769
1,rs2293476,0,39809434
1,rs11206378,0,39821771
1,rs12030495,0,39862182
1,rs6587,0,39862532
1,rs1148945,0,39868640
1,rs3820615,0,39870105
1,rs4660892,0,39877171
1,rs1180275,0,39892672
1,rs1180271,0,39901988
1,rs784595,0,39907604
1,rs1533479,0,39910710
1,rs3806428,0,39910832
1,rs6663003,0,39915914
1,rs11206608,0,39916684
1,rs10839,0,39917405
1,rs17560858,0,39918437
1,rs784634,0,39922229
1,rs9662128,0,39922743
1,rs477913,0,39925728
1,rs538758,0,39927775
1,rs546422,0,39931415
1,rs12565115,0,39941174
1,rs17561616,0,39941452
1,rs479303,0,39945941
1,rs785119,0,39950855
1,rs537515,0,39956479
1,rs704784,0,39960700
1,rs580699,0,39979097
1,rs10888958,0,39984324
1,rs7547787,0,39993393
1,rs1053846,0,39995727
1,rs1810494,0,40024795
1,rs2311564,0,40025858
1,rs6600301,0,40066773
1,rs6694437,0,40077234
1,rs3180539,0,40079753
1,rs16826625,0,40096880
1,rs7523024,0,40118588
1,rs16826649,0,40119583
1,rs3134617,0,40134430
1,rs7535256,0,40136811
1,rs7548524,0,40141492
1,rs6657848,0,40145819
1,rs11207124,0,40154040
1,rs12137477,0,40179468
1,rs2047007,0,40200562
1,rs11207226,0,40210418
1,rs11207227,0,40210510
1,rs4313386,0,40212185
1,rs12071213,0,40218254
1,rs4660156,0,40249388
1,rs12734278,0,40254403
1,rs3122411,0,40276366
1,rs3806203,0,40278258
1,rs3131673,0,40295558
1,rs11207440,0,40305853
1,rs3131660,0,40320537
1,rs16826876,0,40327644
1,rs7533203,0,40332418
1,rs4660390,0,40332986
1,rs6600316,0,40337492
1,rs12095797,0,40360875
1,rs6600318,0,40374223
1,rs9725035,0,40396860
1,rs11577388,0,40400951
1,rs12744808,0,40417521
1,rs12085717,0,40433950
1,rs9438936,0,40448993
1,rs6667759,0,40459426
1,rs7556427,0,40469341
1,rs16827078,0,40475157
1,rs9439018,0,40484143
1,rs926830,0,40495382
1,rs12757549,0,40514953
1,rs6600323,0,40516314
1,rs6691598,0,40520506
1,rs10489432,0,40531818
1,rs12077871,0,40545737
1,rs2273195,0,40552428
1,rs411499,0,40562386
1,rs375007,0,40572576
1,rs734922,0,40587504
1,rs209592,0,40592324
1,rs209587,0,40598187
1,rs3013462,0,40600185
1,rs3013461,0,40601430
1,rs11207964,0,40610068
1,rs209573,0,40611223
1,rs209584,0,40625408
1,rs4660408,0,40636883
1,rs16827275,0,40643132
1,rs209599,0,40644084
1,rs2982510,0,40645210
1,rs2235702,0,40655719
1,rs12065697,0,40665176
1,rs7535790,0,40696606
1,rs3969615,0,40703477
1,rs4261108,0,40711670
1,rs7512061,0,40738770
1,rs11585667,0,40742252
1,rs12042242,0,40766460
1,rs6703866,0,40769695
1,rs1000370,0,40770993
1,rs6659361,0,40771398
1,rs16865682,0,40778741
1,rs7537003,0,40804646
1,rs4660438,0,40823539
1,rs10489166,0,40826701
1,rs16827406,0,40832086
1,rs587064,0,40878497
1,rs7542025,0,40882149
1,rs12032282,0,40888848
1,rs518437,0,40904762
1,rs9438945,0,40912171
1,rs965949,0,40926994
1,rs552147,0,40927400
1,rs2223486,0,40931816
1,rs1008203,0,40938463
1,rs569159,0,40940121
1,rs16827508,0,40950272
1,rs12727412,0,40961502
1,rs1057925,0,40977156
1,rs4660449,0,40978039
1,rs753753,0,41009975
1,rs4483396,0,41060035
1,rs11801911,0,41066444
1,rs879530,0,41087451
1,rs11209020,0,41089607
1,rs913389,0,41116195
1,rs35809276,0,41119015
1,rs728859,0,41119815
1,rs7528422,0,41140802
1,rs12133860,0,41142653
1,rs12031088,0,41157023
1,rs7554973,0,41159590
1,rs7521608,0,41161249
1,rs731917,0,41162399
1,rs17357836,0,41162544
1,rs4631683,0,41164524
1,rs10889750,0,41183836
1,rs4132440,0,41222216
1,rs4430318,0,41224023
1,rs12738189,0,41231308
1,rs17357905,0,41256904
1,rs1138293,0,41258832
1,rs6674450,0,41260208
1,rs11209368,0,41261309
1,rs2300659,0,41277428
1,rs11209409,0,41291733
1,rs12094671,0,41303307
1,rs2363098,0,41345683
1,rs570594,0,41346233
1,rs213753,0,41379918
1,rs213751,0,41382473
1,rs213744,0,41392481
1,rs16827938,0,41392903
1,rs16827964,0,41396442
1,rs12026156,0,41434083
1,rs11209701,0,41451336
1,rs12121121,0,41457043
1,rs17362187,0,41458840
1,rs12134050,0,41461813
1,rs17358122,0,41463910
1,rs17358143,0,41464152
1,rs12037037,0,41470843
1,rs12123384,0,41477605
1,rs1472570,0,41486671
1,rs12038894,0,41532794
1,rs12032756,0,41534016
1,rs6660666,0,41535605
1,rs6600370,0,41541150
1,rs4660515,0,41572122
1,rs4609415,0,41584781
1,rs4660527,0,41594366
1,rs11585393,0,41602844
1,rs7539614,0,41603634
1,rs11581271,0,41607648
1,rs1317557,0,41611929
1,rs4660192,0,41614937
1,rs2996013,0,41636577
1,rs2997338,0,41644665
1,rs2810583,0,41652930
1,rs4660538,0,41664286
1,rs4408145,0,41682317
1,rs12142181,0,41685572
1,rs10890022,0,41692093
1,rs5798,0,41719405
1,rs12043801,0,41743814
1,rs2810587,0,41745682
1,rs678110,0,41748604
1,rs12058347,0,41755354
1,rs646228,0,41758653
1,rs10890105,0,41773888
1,rs639298,0,41774117
1,rs17359178,0,41776339
1,rs10493102,0,41781108
1,rs636850,0,41781591
1,rs7519954,0,41808230
1,rs6600380,0,41827401
1,rs6679348,0,41830316
1,rs10493100,0,41833768
1,rs7515066,0,41849502
1,rs6600384,0,41857728
1,rs6658500,0,41860931
1,rs11210499,0,41862290
1,rs11210502,0,41866299
1,rs10890151,0,41874430
1,rs11807949,0,41875464
1,rs10736421,0,41878817
1,rs12089144,0,41884081
1,rs7541348,0,41885802
1,rs12072478,0,41939145
1,rs11210513,0,41944945
1,rs4526604,0,41954731
1,rs11210516,0,41958274
1,rs710242,0,41968650
1,rs11806365,0,41968878
1,rs710238,0,41973510
1,rs710234,0,41975444
1,rs12033544,0,41993387
1,rs2055953,0,41998167
1,rs2165303,0,42000606
1,rs6693668,0,42004672
1,rs4660577,0,42008999
1,rs393950,0,42016136
1,rs168384,0,42019096
1,rs16828684,0,42019770
1,rs349433,0,42027674
1,rs239341,0,42027808
1,rs10493098,0,42034476
1,rs7536657,0,42043842
1,rs349447,0,42045511
1,rs349446,0,42046033
1,rs647368,0,42047277
1,rs12066085,0,42047536
1,rs972352,0,42070191
1,rs661225,0,42082752
1,rs480872,0,42099116
1,rs12734651,0,42103172
1,rs11210537,0,42118310
1,rs809173,0,42135968
1,rs783626,0,42137913
1,rs12407004,0,42138716
1,rs2147904,0,42144001
1,rs16828869,0,42146442
1,rs4660584,0,42162904
1,rs13376493,0,42177586
1,rs11210554,0,42194450
1,rs11210556,0,42196271
1,rs603288,0,42199030
1,rs591088,0,42210783
1,rs16828938,0,42211997
1,rs3845573,0,42213345
1,rs4660590,0,42213875
1,rs648373,0,42220745
1,rs689277,0,42222958
1,rs348139,0,42243488
1,rs7553696,0,42243528
1,rs10736422,0,42252907
1,rs4660596,0,42256954
1,rs1024278,0,42261618
1,rs6696291,0,42273008
1,rs10890176,0,42276537
1,rs7528885,0,42282625
1,rs11210568,0,42287039
1,rs2042065,0,42289357
1,rs953194,0,42289754
1,rs10449766,0,42308383
1,rs12090248,0,42351629
1,rs12138504,0,42357695
1,rs7542228,0,42371551
1,rs7516178,0,42373801
1,rs12068952,0,42378585
1,rs4660610,0,42389497
1,rs885846,0,42392741
1,rs11210604,0,42396259
1,rs7546673,0,42407694
1,rs12077500,0,42408092
1,rs1877478,0,42413728
1,rs651674,0,42414212
1,rs554500,0,42426951
1,rs1139978,0,42429783
1,rs585320,0,42436825
1,rs6665972,0,42446110
1,rs17377240,0,42496837
1,rs12048757,0,42510729
1,rs11210617,0,42536775
1,rs11210621,0,42551675
1,rs2479463,0,42553227
1,rs2494366,0,42570791
1,rs913426,0,42578778
1,rs11800302,0,42588475
1,rs17377828,0,42596904
1,rs6600401,0,42607624
1,rs11587576,0,42608373
1,rs12119170,0,42628747
1,rs17378108,0,42630250
1,rs12098213,0,42638667
1,rs12568497,0,42638713
1,rs11210640,0,42655738
1,rs16829465,0,42655831
1,rs11210643,0,42665751
1,rs7415178,0,42669047
1,rs17378839,0,42672480
1,rs12035020,0,42675150
1,rs2809664,0,42680602
1,rs2809665,0,42680633
1,rs10493107,0,42681929
1,rs9787162,0,42698275
1,rs12145294,0,42716657
1,rs17379506,0,42727761
1,rs11210656,0,42747710
1,rs12042621,0,42754665
1,rs4603170,0,42755792
1,rs12040258,0,42806835
1,rs1016544,0,42818344
1,rs11807544,0,42818583
1,rs2809656,0,42822490
1,rs2809658,0,42822983
1,rs16829778,0,42824419
1,rs1324336,0,42824773
1,rs12408987,0,42825058
1,rs2762693,0,42825443
1,rs2762694,0,42825954
1,rs10789417,0,42827830
1,rs12024669,0,42846051
1,rs6600414,0,42848274
1,rs16829795,0,42849241
1,rs10890203,0,42854823
1,rs12129168,0,42874698
1,rs16829822,0,42875431
1,rs41432649,0,42884308
1,rs16829829,0,42892248
1,rs6676828,0,42893907
1,rs1324335,0,42895853
1,rs3738494,0,42897446
1,rs16829846,0,42906244
1,rs912074,0,42916608
1,rs6670466,0,42922475
1,rs3862218,0,42925197
1,rs11210696,0,42927649
1,rs12044179,0,42936133
1,rs11809002,0,42939497
1,rs4660655,0,42944834
1,rs6882,0,42984698
1,rs3738497,0,42985655
1,rs3738499,0,42986086
1,rs7552138,0,42986197
1,rs16829937,0,42987765
1,rs6700677,0,42996076
1,rs2816594,0,43003146
1,rs2816595,0,43003514
1,rs17385526,0,43010618
1,rs11548275,0,43013585
1,rs6670611,0,43013991
1,rs2816597,0,43022412
1,rs17381650,0,43036843
1,rs323719,0,43043515
1,rs12124733,0,43068705
1,rs4660672,0,43073250
1,rs11806407,0,43081796
1,rs10890217,0,43083569
1,rs6685920,0,43094063
1,rs12022524,0,43098795
1,rs16830039,0,43139090
1,rs12565663,0,43140342
1,rs951060,0,43141892
1,rs6699129,0,43147085
1,rs12143714,0,43162771
1,rs11537641,0,43169001
1,rs6657798,0,43180866
1,rs16830101,0,43181157
1,rs12718444,0,43181766
1,rs710218,0,43199805
1,rs6673266,0,43211241
1,rs4660694,0,43222769
1,rs2367162,0,43223925
1,rs474731,0,43284800
1,rs515781,0,43307600
1,rs492763,0,43318791
1,rs663609,0,43319407
1,rs583682,0,43321006
1,rs9442627,0,43329534
1,rs509668,0,43369520
1,rs535099,0,43369979
1,rs10890239,0,43387760
1,rs636969,0,43389013
1,rs7548782,0,43390997
1,rs2453416,0,43391313
1,rs12033506,0,43391556
1,rs11210796,0,43400563
1,rs1308343,0,43401913
1,rs639476,0,43403989
1,rs1691302,0,43405584
1,rs12402475,0,43414654
1,rs6663799,0,43421921
1,rs663336,0,43421980
1,rs598736,0,43436246
1,rs6657760,0,43438955
1,rs12034998,0,43440627
1,rs1760672,0,43451264
1,rs644651,0,43455953
1,rs17391130,0,43456199
1,rs594389,0,43466119
1,rs3120045,0,43470555
1,rs3820588,0,43472400
1,rs10494115,0,43479622
1,rs11210819,0,43494297
1,rs2991996,0,43514300
1,rs3120123,0,43522342
1,rs6697017,0,43524288
1,rs34783763,0,43530349
1,rs6698998,0,43559953
1,rs839993,0,43575707
1,rs12731981,0,43576927
1,rs1760670,0,43584662
1,rs3820551,0,43590518
1,rs2069384,0,43598376
1,rs11555249,0,43599424
1,rs11210838,0,43599777
1,rs6699687,0,43603815
1,rs12039931,0,43612397
1,rs839752,0,43628133
1,rs839757,0,43629687
1,rs12126199,0,43631814
1,rs839758,0,43634745
1,rs839760,0,43636082
1,rs11803612,0,43644179
1,rs16830763,0,43654708
1,rs12405532,0,43655522
1,rs2782643,0,43659081
1,rs2782645,0,43661189
1,rs884257,0,43662642
1,rs3737197,0,43670366
1,rs2842179,0,43672214
1,rs2782648,0,43676176
1,rs2842184,0,43676903
1,rs2782650,0,43685177
1,rs11210843,0,43692587
1,rs2782651,0,43693273
1,rs2782652,0,43698892
1,rs12564177,0,43701980
1,rs12069733,0,43714095
1,rs4660733,0,43714514
1,rs7513293,0,43725542
1,rs2819330,0,43775544
1,rs2819332,0,43777867
1,rs2782640,0,43781620
1,rs6695915,0,43783158
1,rs2842187,0,43787536
1,rs11580074,0,43797071
1,rs2004899,0,43818052
1,rs3791137,0,43822591
1,rs3828150,0,43823443
1,rs12023161,0,43840446
1,rs656131,0,43901686
1,rs489319,0,43904381
1,rs607062,0,43905603
1,rs2296757,0,43905615
1,rs618678,0,43905886
1,rs3791038,0,43934567
1,rs34550543,0,43945045
1,rs12410155,0,43961052
1,rs3791046,0,44004394
1,rs11590088,0,44006119
1,rs7516647,0,44010052
1,rs1875653,0,44025885
1,rs10890283,0,44026732
1,rs6701645,0,44027101
1,rs1502907,0,44030627
1,rs12401813,0,44036002
1,rs246777,0,44047021
1,rs3791068,0,44059703
1,rs556667,0,44060001
1,rs12131981,0,44061667
1,rs37458,0,44063117
1,rs9662379,0,44077301
1,rs3011227,0,44097996
1,rs2906458,0,44108976
1,rs7536198,0,44115119
1,rs803675,0,44125824
1,rs803681,0,44135499
1,rs783304,0,44138044
1,rs3791101,0,44138837
1,rs3791111,0,44148773
1,rs6674176,0,44152544
1,rs3120803,0,44159202
1,rs2245439,0,44162546
1,rs9326136,0,44162979
1,rs2485991,0,44164309
1,rs12561948,0,44168783
1,rs1859727,0,44170968
1,rs6680421,0,44181556
1,rs1990151,0,44186879
1,rs2428955,0,44187010
1,rs6675620,0,44190217
1,rs1008137,0,44193341
1,rs3791120,0,44204302
1,rs12046448,0,44205844
1,rs16831527,0,44237624
1,rs6670336,0,44243903
1,rs1978195,0,44271829
1,rs2485993,0,44275627
1,rs1476670,0,44280782
1,rs2158821,0,44289776
1,rs12031261,0,44297263
1,rs12125560,0,44304074
1,rs12130685,0,44306588
1,rs1123369,0,44310601
1,rs2429059,0,44329950
1,rs7527921,0,44343414
1,rs6682866,0,44351351
1,rs600450,0,44354325
1,rs2485653,0,44367553
1,rs2485652,0,44367997
1,rs2429061,0,44374969
1,rs2487698,0,44381259
1,rs12741412,0,44444186
1,rs325169,0,44502555
1,rs369493,0,44512611
1,rs370658,0,44512831
1,rs10890295,0,44518037
1,rs401595,0,44520559
1,rs325164,0,44523977
1,rs325154,0,44537264
1,rs12045093,0,44540726
1,rs325149,0,44540979
1,rs12026967,0,44548827
1,rs1989951,0,44570959
1,rs17416416,0,44572539
1,rs226069,0,44594684
1,rs226072,0,44605483
1,rs226075,0,44612671
1,rs6429539,0,44632811
1,rs11210992,0,44651136
1,rs946960,0,44699233
1,rs17381720,0,44727351
1,rs7354900,0,44730573
1,rs12095771,0,44731305
1,rs6673706,0,44735652
1,rs781773,0,44745429
1,rs781770,0,44746706
1,rs12092739,0,44750093
1,rs781791,0,44751442
1,rs16832018,0,44752085
1,rs17386059,0,44752802
1,rs272536,0,44764468
1,rs782135,0,44767422
1,rs156255,0,44791524
1,rs16832091,0,44818576
1,rs928685,0,44826347
1,rs12127289,0,44829950
1,rs6668417,0,44840043
1,rs2236219,0,44874065
1,rs1051648,0,44889522
1,rs3444,0,44892552
1,rs4660818,0,44911839
1,rs16832186,0,44925703
1,rs2355710,0,44939100
1,rs12568210,0,44944844
1,rs12075324,0,44993130
1,rs16865894,0,45007071
1,rs6676749,0,45037132
1,rs17883342,0,45037461
1,rs17880703,0,45044105
1,rs3923304,0,45047428
1,rs11573598,0,45060923
1,rs11573597,0,45061068
1,rs11573586,0,45066296
1,rs12095412,0,45072231
1,rs11573562,0,45074322
1,rs7554177,0,45077697
1,rs3795720,0,45080093
1,rs11803215,0,45093653
1,rs16832301,0,45100303
1,rs11211049,0,45103799
1,rs17390398,0,45105843
1,rs6703452,0,45123715
1,rs16832309,0,45130444
1,rs1572379,0,45141673
1,rs12093313,0,45143747
1,rs263966,0,45149324
1,rs11211054,0,45149870
1,rs1392035,0,45150948
1,rs4082644,0,45165864
1,rs12735637,0,45166956
1,rs7555900,0,45178230
1,rs7529213,0,45192200
1,rs17390859,0,45202044
1,rs411976,0,45208631
1,rs6666806,0,45239514
1,rs7528534,0,45242717
1,rs7536892,0,45250391
1,rs2036426,0,45283686
1,rs4660834,0,45285806
1,rs7552211,0,45295964
1,rs3850855,0,45296480
1,rs6693384,0,45303159
1,rs346703,0,45326612
1,rs238249,0,45328423
1,rs454624,0,45367061
1,rs7513367,0,45395150
1,rs6688762,0,45457814
1,rs11801775,0,45495282
1,rs2839963,0,45504901
1,rs11810829,0,45515501
1,rs7516847,0,45522385
1,rs4233497,0,45536340
1,rs3219497,0,45567614
1,rs3219488,0,45570117
1,rs3219474,0,45576000
1,rs3219473,0,45576533
1,rs2050884,0,45603411
1,rs7553318,0,45615673
1,rs2492840,0,45622379
1,rs781226,0,45645249
1,rs13375430,0,45657718
1,rs7536005,0,45659632
1,rs7531253,0,45662770
1,rs781232,0,45662986
1,rs1691219,0,45669372
1,rs1691217,0,45672777
1,rs11579411,0,45675873
1,rs10493120,0,45676075
1,rs6661693,0,45677676
1,rs16832540,0,45689861
1,rs11211113,0,45696255
1,rs2055145,0,45699082
1,rs10789463,0,45700435
1,rs781058,0,45707643
1,rs12137389,0,45710973
1,rs937291,0,45729626
1,rs1494813,0,45729877
1,rs4660864,0,45739169
1,rs2275276,0,45746515
1,rs10736426,0,45756940
1,rs945179,0,45765047
1,rs534534,0,45797288
1,rs2088102,0,45805561
1,rs3811434,0,45821838
1,rs17410308,0,45850778
1,rs3014245,0,45859500
1,rs3014237,0,45862839
1,rs10890333,0,45872909
1,rs12024590,0,45900083
1,rs10430105,0,45911463
1,rs10430124,0,45994204
1,rs4390216,0,46039043
1,rs6694340,0,46062003
1,rs6679310,0,46083898
1,rs10749859,0,46086757
1,rs6429582,0,46094430
1,rs6682683,0,46114924
1,rs10890378,0,46183244
1,rs12759880,0,46199018
1,rs11211247,0,46249174
1,rs11211248,0,46249431
1,rs2275425,0,46261638
1,rs785480,0,46264751
1,rs1052607,0,46272113
1,rs1707322,0,46277734
1,rs7542465,0,46309031
1,rs1768802,0,46320455
1,rs12143865,0,46320749
1,rs785481,0,46327105
1,rs17101983,0,46332622
1,rs785484,0,46346602
1,rs785503,0,46368455
1,rs1707302,0,46373504
1,rs7512966,0,46394327
1,rs11584024,0,46429551
1,rs2292487,0,46432882
1,rs28589869,0,46445016
1,rs10047126,0,46456139
1,rs13374117,0,46457601
1,rs6692775,0,46471077
1,rs17102080,0,46486553
1,rs7517873,0,46487163
1,rs11211262,0,46493742
1,rs28363218,0,46499112
1,rs11211264,0,46508744
1,rs17102093,0,46510985
1,rs28363240,0,46511996
1,rs1048771,0,46516487
1,rs28363249,0,46516878
1,rs28363251,0,46517837
1,rs12411245,0,46521496
1,rs17413652,0,46539763
1,rs1547180,0,46540995
1,rs12135218,0,46554996
1,rs10489769,0,46579290
1,rs17357628,0,46581049
1,rs11802856,0,46581603
1,rs4660345,0,46585854
1,rs17361805,0,46586554
1,rs9865,0,46600043
1,rs41534051,0,46601321
1,rs10252,0,46603017
1,rs17357759,0,46605121
1,rs4141964,0,46637627
1,rs6662982,0,46649767
1,rs324425,0,46653940
1,rs7520850,0,46656255
1,rs661902,0,46675048
1,rs12409747,0,46678731
1,rs1158942,0,46684508
1,rs4660347,0,46685887
1,rs7542528,0,46692674
1,rs7532468,0,46692918
1,rs13374145,0,46703019
1,rs4660937,0,46709742
1,rs11211287,0,46712586
1,rs1998545,0,46727174
1,rs2025384,0,46740477
1,rs2025382,0,46741605
1,rs12567374,0,46746041
1,rs12408243,0,46762631
1,rs7542296,0,46770596
1,rs12138736,0,46772345
1,rs1258033,0,46782614
1,rs885125,0,46784349
1,rs885126,0,46784459
1,rs1258050,0,46795347
1,rs3766239,0,46808663
1,rs3766236,0,46820028
1,rs1258022,0,46827926
1,rs956527,0,46828579
1,rs3766231,0,46828934
1,rs9659890,0,46830782
1,rs6429606,0,46835487
1,rs17102321,0,46836439
1,rs11211319,0,46838970
1,rs12022855,0,46841171
1,rs11211329,0,46857451
1,rs6675720,0,46862204
1,rs2181412,0,46869234
1,rs1258072,0,46870635
1,rs6696389,0,46870695
1,rs724309,0,46873602
1,rs1258058,0,46879906
1,rs744096,0,46879977
1,rs12087698,0,46889210
1,rs631840,0,46890531
1,rs7354865,0,46897586
1,rs682000,0,46897772
1,rs669647,0,46915062
1,rs13417,0,46916134
1,rs12048954,0,46918995
1,rs12094471,0,46923345
1,rs2304745,0,46926859
1,rs3766219,0,46929848
1,rs10158678,0,46949193
1,rs2218189,0,46949405
1,rs3766215,0,46953609
1,rs3737731,0,46954793
1,rs12039891,0,46956546
1,rs3766211,0,46956783
1,rs2993410,0,46984596
1,rs11582403,0,46986540
1,rs7540241,0,47030806
1,rs632645,0,47036720
1,rs632133,0,47037082
1,rs837401,0,47038264
1,rs837400,0,47038363
1,rs837398,0,47039009
1,rs837395,0,47041925
1,rs1105456,0,47042571
1,rs2065996,0,47047828
1,rs11803239,0,47048668
1,rs11211366,0,47048829
1,rs4646484,0,47051249
1,rs4646486,0,47051584
1,rs4646496,0,47056214
1,rs6701665,0,47073243
1,rs10749865,0,47081852
1,rs7528956,0,47102234
1,rs2211012,0,47111700
1,rs6687264,0,47146626
1,rs12096465,0,47164219
1,rs11211404,0,47165564
1,rs9333029,0,47168749
1,rs4233507,0,47171083
1,rs9332998,0,47176773
1,rs9332982,0,47178765
1,rs9332978,0,47180537
1,rs12022394,0,47184408
1,rs17102905,0,47207843
1,rs6680773,0,47222073
1,rs2405585,0,47234056
1,rs1354263,0,47234842
1,rs1502908,0,47258478
1,rs1553390,0,47265380
1,rs12141009,0,47268409
1,rs2202222,0,47280395
1,rs4926805,0,47344633
1,rs1847222,0,47345430
1,rs6664392,0,47355871
1,rs3850876,0,47367777
1,rs2056901,0,47380349
1,rs2056898,0,47380784
1,rs10789501,0,47382076
1,rs11211471,0,47391301
1,rs13373881,0,47445883
1,rs17103032,0,47446298
1,rs1008455,0,47446389
1,rs7664,0,47454604
1,rs2249665,0,47459671
1,rs2821096,0,47515313
1,rs11211503,0,47515776
1,rs3125644,0,47525583
1,rs11211508,0,47533556
1,rs3125630,0,47540501
1,rs3122606,0,47540660
1,rs6703956,0,47541330
1,rs17103095,0,47548234
1,rs13375432,0,47552523
1,rs12732050,0,47564950
1,rs6656779,0,47613179
1,rs2820982,0,47630209
1,rs11578776,0,47652865
1,rs2820974,0,47666516
1,rs12035995,0,47673046
1,rs1316443,0,47680249
1,rs870357,0,47685215
1,rs527430,0,47691408
1,rs497606,0,47696862
1,rs6695969,0,47700132
1,rs524158,0,47705681
1,rs7539808,0,47721205
1,rs11800497,0,47724275
1,rs515146,0,47728377
1,rs17103342,0,47739447
1,rs1024108,0,47763336
1,rs11211546,0,47764798
1,rs2102437,0,47764847
1,rs518063,0,47775708
1,rs2485439,0,47777363
1,rs694308,0,47787845
1,rs12743540,0,47789098
1,rs623229,0,47799654
1,rs2174957,0,47801430
1,rs6656330,0,47802314
1,rs2136121,0,47816000
1,rs7535192,0,47830477
1,rs6692852,0,47849591
1,rs2506991,0,47870993
1,rs1876598,0,47874732
1,rs2457054,0,47875757
1,rs17103631,0,47883037
1,rs10493128,0,47883338
1,rs10493127,0,47887004
1,rs893763,0,47892674
1,rs12029435,0,47903956
1,rs10890496,0,47915147
1,rs1249090,0,47925727
1,rs4926588,0,47928571
1,rs7544082,0,47976577
1,rs6700815,0,47987469
1,rs12133618,0,47987924
1,rs2165194,0,47989563
1,rs1561573,0,48000530
1,rs3850887,0,48031539
1,rs10890501,0,48043494
1,rs11211610,0,48056207
1,rs6671927,0,48058355
1,rs11211613,0,48063447
1,rs12041283,0,48067507
1,rs6588525,0,48082922
1,rs11211621,0,48092102
1,rs7536189,0,48104109
1,rs10493130,0,48113592
1,rs11211624,0,48132221
1,rs6701116,0,48155181
1,rs951879,0,48170324
1,rs17425924,0,48172985
1,rs1390976,0,48176961
1,rs6673069,0,48194281
1,rs17103971,0,48206696
1,rs12080929,0,48208735
1,rs10888592,0,48210368
1,rs303912,0,48224576
1,rs41394646,0,48240037
1,rs12405098,0,48241970
1,rs11205435,0,48246580
1,rs961417,0,48248356
1,rs1693251,0,48259724
1,rs302695,0,48289232
1,rs302693,0,48291400
1,rs302690,0,48293398
1,rs302683,0,48297292
1,rs11205439,0,48298926
1,rs584425,0,48309385
1,rs592072,0,48315745
1,rs653364,0,48317924
1,rs560004,0,48322260
1,rs658060,0,48324848
1,rs2073293,0,48342720
1,rs17104182,0,48366788
1,rs11205442,0,48366869
1,rs12034140,0,48368676
1,rs11205444,0,48377284
1,rs12741362,0,48379465
1,rs1361006,0,48420654
1,rs214187,0,48424108
1,rs12137265,0,48427101
1,rs12144184,0,48438616
1,rs12132243,0,48452476
1,rs10788883,0,48454621
1,rs910621,0,48454824
1,rs926979,0,48458022
1,rs10788884,0,48462816
1,rs212989,0,48467668
1,rs2137831,0,48475035
1,rs850763,0,48480815
1,rs212964,0,48493745
1,rs6704171,0,48498018
1,rs1608695,0,48547102
1,rs12733028,0,48556668
1,rs2175863,0,48559105
1,rs12078285,0,48581767
1,rs2175864,0,48592973
1,rs12733332,0,48596179
1,rs11205477,0,48601300
1,rs2275311,0,48623872
1,rs2248912,0,48630387
1,rs2252984,0,48640572
1,rs2803280,0,48652867
1,rs12565374,0,48696711
1,rs12139933,0,48707866
1,rs11590707,0,48716009
1,rs12024734,0,48737857
1,rs12021583,0,48738071
1,rs11583202,0,48745908
1,rs2803261,0,48771335
1,rs2798111,0,48772142
1,rs12090956,0,48779243
1,rs10465819,0,48783961
1,rs2803266,0,48792037
1,rs2803269,0,48802463
1,rs17104515,0,48805883
1,rs2798098,0,48808370
1,rs2798095,0,48809099
1,rs2798122,0,48816716
1,rs17104533,0,48819733
1,rs3814007,0,48823512
1,rs319965,0,48833568
1,rs12127450,0,48839601
1,rs10888607,0,48846541
1,rs320026,0,48853910
1,rs320035,0,48861784
1,rs7550588,0,48888952
1,rs319994,0,48894312
1,rs7556311,0,48896154
1,rs320000,0,48898840
1,rs13376055,0,48901162
1,rs320008,0,48901735
1,rs320010,0,48902052
1,rs320014,0,48903270
1,rs6658427,0,48909221
1,rs10888611,0,48910121
1,rs444167,0,48911233
1,rs17104636,0,48912077
1,rs387244,0,48912118
1,rs319959,0,48918101
1,rs6694041,0,48921167
1,rs11205521,0,48921529
1,rs319981,0,48924473
1,rs17104662,0,48927537
1,rs17104667,0,48930515
1,rs7530339,0,48934983
1,rs4926747,0,48938447
1,rs320037,0,48939311
1,rs320040,0,48941850
1,rs320046,0,48942943
1,rs10888614,0,48951033
1,rs320061,0,48951615
1,rs320062,0,48951894
1,rs11205526,0,48954835
1,rs1484406,0,48962821
1,rs6668399,0,48970155
1,rs6697870,0,48973112
1,rs6588053,0,48978521
1,rs1934393,0,48981205
1,rs1473455,0,48983157
1,rs4926751,0,48986234
1,rs1484412,0,48991971
1,rs12096331,0,48993943
1,rs3820445,0,48997171
1,rs17375010,0,49000548
1,rs1316396,0,49004662
1,rs12739065,0,49006914
1,rs1934395,0,49006963
1,rs12066261,0,49009635
1,rs1934378,0,49010720
1,rs6664435,0,49011337
1,rs2153324,0,49012555
1,rs4926754,0,49015553
1,rs7523675,0,49033750
1,rs1934397,0,49042867
1,rs7538351,0,49043410
1,rs12062167,0,49082646
1,rs17104994,0,49089772
1,rs6684570,0,49103391
1,rs12032462,0,49114783
1,rs12038240,0,49117298
1,rs3121523,0,49134218
1,rs12084246,0,49157968
1,rs17105276,0,49175952
1,rs10888636,0,49192275
1,rs11205576,0,49193417
1,rs10888637,0,49199046
1,rs1419143,0,49202503
1,rs3127549,0,49204351
1,rs3118215,0,49223291
1,rs3118226,0,49250920
1,rs17105472,0,49300990
1,rs6665118,0,49312845
1,rs545621,0,49362393
1,rs354168,0,49415285
1,rs12036714,0,49438227
1,rs12124042,0,49484563
1,rs12033571,0,49495059
1,rs1431638,0,49535005
1,rs12037079,0,49544413
1,rs12036551,0,49555928
1,rs12568009,0,49578423
1,rs1338214,0,49596084
1,rs12120453,0,49613457
1,rs34447538,0,49620356
1,rs1338216,0,49620448
1,rs6693294,0,49651709
1,rs946106,0,49701076
1,rs11803165,0,49727288
1,rs1167296,0,49744390
1,rs1167309,0,49770261
1,rs10788914,0,49770826
1,rs4926816,0,49792436
1,rs4926538,0,49819328
1,rs1999875,0,49822077
1,rs1112687,0,49841291
1,rs7540606,0,49859001
1,rs2051086,0,49877788
1,rs7530585,0,49941564
1,rs6684977,0,49971816
1,rs7551832,0,49998656
1,rs10788917,0,49999764
1,rs4272666,0,50042128
1,rs12036977,0,50080769
1,rs6693846,0,50087939
1,rs12134256,0,50098242
1,rs10888672,0,50132574
1,rs12403905,0,50144619
1,rs17105804,0,50145351
1,rs4926545,0,50152063
1,rs12407318,0,50152675
1,rs12047155,0,50189517
1,rs12747678,0,50255367
1,rs12021722,0,50263019
1,rs10888678,0,50282316
1,rs4259707,0,50301178
1,rs11205683,0,50343252
1,rs2494884,0,50363992
1,rs6588375,0,50367533
1,rs4147276,0,50379463
1,rs17105974,0,50393532
1,rs12043872,0,50417478
1,rs2988270,0,50428660
1,rs2480681,0,50435235
1,rs2494881,0,50456740
1,rs3009121,0,50490441
1,rs12728636,0,50499886
1,rs12030672,0,50507982
1,rs1502857,0,50512662
1,rs2134457,0,50516542
1,rs2938100,0,50527143
1,rs11205701,0,50542272
1,rs1875645,0,50562467
1,rs12088501,0,50564353
1,rs6689749,0,50573103
1,rs17386024,0,50580791
1,rs3012088,0,50582561
1,rs11205712,0,50590288
1,rs3862266,0,50595022
1,rs7538371,0,50604247
1,rs11205716,0,50608193
1,rs12071347,0,50611745
1,rs7525764,0,50617284
1,rs4381241,0,50680026
1,rs3789577,0,50726716
1,rs3900170,0,50731044
1,rs28656006,0,50731926
1,rs10888690,0,50733109
1,rs11205731,0,50773198
1,rs11205735,0,50802508
1,rs34628765,0,50848084
1,rs11205742,0,50853835
1,rs11205743,0,50860053
1,rs6658904,0,50879563
1,rs12077720,0,50899889
1,rs17106353,0,50909968
1,rs11580212,0,50917821
1,rs12057573,0,50923043
1,rs11205763,0,50959051
1,rs2221933,0,50975933
1,rs12064411,0,50992879
1,rs11205769,0,50996068
1,rs12082582,0,51013707
1,rs7552837,0,51035548
1,rs6692340,0,51052720
1,rs10749688,0,51080835
1,rs1464081,0,51107682
1,rs12028663,0,51118307
1,rs12748999,0,51121459
1,rs12029579,0,51141965
1,rs12069920,0,51184621
1,rs3176446,0,51206250
1,rs2500450,0,51212500
1,rs12091521,0,51234808
1,rs2487824,0,51235027
1,rs11588271,0,51242830
1,rs3813634,0,51248076
1,rs11205801,0,51257214
1,rs11205807,0,51307968
1,rs4073099,0,51325426
1,rs11807353,0,51387611
1,rs12074413,0,51388967
1,rs12070851,0,51395285
1,rs1999230,0,51408145
1,rs12740598,0,51457568
1,rs4926884,0,51472314
1,rs12727157,0,51473027
1,rs12733244,0,51474448
1,rs34532055,0,51479759
1,rs7526029,0,51481371
1,rs12728955,0,51482110
1,rs6688126,0,51491827
1,rs12065643,0,51500633
1,rs34974872,0,51510744
1,rs12734773,0,51527314
1,rs12134299,0,51553799
1,rs1539038,0,51564151
1,rs11205832,0,51570231
1,rs6659736,0,51586862
1,rs4356098,0,51591090
1,rs12130,0,51593001
1,rs12070243,0,51598830
1,rs17567,0,51599509
1,rs12085731,0,51608073
1,rs12128209,0,51616519
1,rs12567583,0,51630842
1,rs17106546,0,51635945
1,rs7526469,0,51651373
1,rs3790517,0,51663288
1,rs12741289,0,51663725
1,rs12023603,0,51705259
1,rs17106625,0,51745238
1,rs12044074,0,51770951
1,rs7411629,0,51778412
1,rs6671270,0,51782107
1,rs10399893,0,51782745
1,rs12075035,0,51796000
1,rs12069152,0,51798614
1,rs7534689,0,51798972
1,rs12067434,0,51802967
1,rs10888729,0,51818753
1,rs12041015,0,51818808
1,rs12022714,0,51857049
1,rs12027577,0,51867445
1,rs10888732,0,51894495
1,rs2300790,0,51952759
1,rs12117372,0,51957212
1,rs2284893,0,51967622
1,rs12025682,0,51971014
1,rs17299470,0,51991951
1,rs6678750,0,52020421
1,rs6681657,0,52020720
1,rs7536376,0,52096313
1,rs11810600,0,52098613
1,rs6588415,0,52106635
1,rs1538881,0,52109627
1,rs17106866,0,52121012
1,rs11205902,0,52121357
1,rs7521001,0,52126970
1,rs1832703,0,52133652
1,rs2842573,0,52153396
1,rs1935289,0,52179460
1,rs7514201,0,52184593
1,rs2795004,0,52190728
1,rs1167169,0,52203981
1,rs7416150,0,52230404
1,rs2783175,0,52271449
1,rs2809916,0,52272077
1,rs2809955,0,52292518
1,rs12026584,0,52303345
1,rs6694230,0,52306592
1,rs2985740,0,52338439
1,rs12038465,0,52341369
1,rs11806346,0,52342775
1,rs6684151,0,52365140
1,rs9436913,0,52372623
1,rs11205934,0,52388265
1,rs12045293,0,52401037
1,rs7512531,0,52402884
1,rs11205940,0,52430744
1,rs541876,0,52438999
1,rs12402304,0,52450377
1,rs638697,0,52451578
1,rs12091314,0,52470568
1,rs4272565,0,52472784
1,rs346570,0,52474205
1,rs346561,0,52486490
1,rs12142485,0,52502396
1,rs17372640,0,52510085
1,rs17364143,0,52518268
1,rs2753402,0,52543996
1,rs10493165,0,52559897
1,rs2820329,0,52560363
1,rs2762819,0,52570621
1,rs2820337,0,52573649
1,rs7517338,0,52584169
1,rs7513934,0,52590776
1,rs10157619,0,52609324
1,rs1983833,0,52614858
1,rs3087484,0,52623034
1,rs12038084,0,52653939
1,rs7512235,0,52672525
1,rs2274147,0,52673411
1,rs17373092,0,52674340
1,rs12023287,0,52678442
1,rs7554003,0,52688959
1,rs13376564,0,52701036
1,rs7522606,0,52715960
1,rs17107246,0,52723911
1,rs17364950,0,52727699
1,rs10493168,0,52728046
1,rs11205964,0,52734476
1,rs12567625,0,52740495
1,rs997915,0,52745798
1,rs6683183,0,52757256
1,rs12121868,0,52787228
1,rs12120268,0,52825547
1,rs12138419,0,52828775
1,rs11591099,0,52829185
1,rs835340,0,52836501
1,rs6682886,0,52852111
1,rs6688451,0,52858628
1,rs11205985,0,52876476
1,rs10493169,0,52876626
1,rs11583834,0,52876849
1,rs6682749,0,52884312
1,rs625829,0,52887788
1,rs3738074,0,52905647
1,rs269319,0,52906454
1,rs6672879,0,52909700
1,rs12067454,0,52909916
1,rs269303,0,52915859
1,rs443751,0,52926020
1,rs375945,0,52936808
1,rs269286,0,52941606
1,rs146750,0,52956035
1,rs12095247,0,52966384
1,rs6661196,0,52976252
1,rs6588439,0,52982030
1,rs12038438,0,53003169
1,rs12081849,0,53060620
1,rs551591,0,53074464
1,rs6588444,0,53074571
1,rs581118,0,53083912
1,rs555741,0,53091439
1,rs10788945,0,53096080
1,rs557847,0,53105704
1,rs514881,0,53109325
1,rs12082221,0,53126466
1,rs576891,0,53137564
1,rs2275758,0,53149713
1,rs9661803,0,53156094
1,rs17107491,0,53218556
1,rs6681542,0,53252480
1,rs17107661,0,53267998
1,rs12747412,0,53275870
1,rs11588200,0,53285107
1,rs6664845,0,53287085
1,rs3766762,0,53287104
1,rs3766763,0,53287316
1,rs10493172,0,53296492
1,rs6697308,0,53307275
1,rs2275456,0,53308613
1,rs1769316,0,53309854
1,rs756052,0,53314527
1,rs17107864,0,53317395
1,rs12070099,0,53321643
1,rs2306459,0,53326893
1,rs11583585,0,53326994
1,rs12129653,0,53330954
1,rs12031385,0,53332091
1,rs3766775,0,53340134
1,rs3766779,0,53350762
1,rs34418279,0,53381013
1,rs1679933,0,53384287
1,rs11206121,0,53415860
1,rs12094779,0,53421759
1,rs3014991,0,53427130
1,rs1799821,0,53449036
1,rs2297656,0,53474169
1,rs1061370,0,53483818
1,rs5177,0,53484323
1,rs5174,0,53485315
1,rs3737983,0,53489004
1,rs5172,0,53496581
1,rs12039021,0,53528267
1,rs11206140,0,53538022
1,rs11809943,0,53547813
1,rs12062223,0,53551047
1,rs1288479,0,53551492
1,rs884586,0,53554681
1,rs11206144,0,53571886
1,rs10888780,0,53586272
1,rs4926986,0,53608182
1,rs12039843,0,53646651
1,rs1342970,0,53648737
1,rs6656566,0,53651239
1,rs6686055,0,53653669
1,rs1776421,0,53657045
1,rs12046664,0,53689164
1,rs41421650,0,53691460
1,rs12127621,0,53693587
1,rs41443646,0,53694159
1,rs7543581,0,53694743
1,rs1288628,0,53698625
1,rs1296438,0,53709765
1,rs1288642,0,53712843
1,rs749378,0,53737654
1,rs12731693,0,53778011
1,rs17108709,0,53783414
1,rs41488848,0,53784091
1,rs563403,0,53787080
1,rs11206172,0,53791071
1,rs12141264,0,53793130
1,rs4575030,0,53797396
1,rs12035088,0,53797428
1,rs552789,0,53800497
1,rs4927007,0,53802230
1,rs1949943,0,53807457
1,rs4634849,0,53815698
1,rs12089978,0,53817768
1,rs17386108,0,53818306
1,rs2948046,0,53821823
1,rs12062528,0,53843419
1,rs17382457,0,53844016
1,rs4927015,0,53845059
1,rs12045240,0,53875963
1,rs12031794,0,53894406
1,rs4927025,0,53904341
1,rs1879734,0,53911442
1,rs7539908,0,53949867
1,rs12080993,0,53951089
1,rs11206211,0,53960684
1,rs797908,0,53964546
1,rs702490,0,53967606
1,rs4927033,0,53973250
1,rs1181186,0,54064614
1,rs1181209,0,54079121
1,rs4354491,0,54086631
1,rs1936835,0,54091353
1,rs11206226,0,54092925
1,rs1181097,0,54099078
1,rs6588493,0,54101576
1,rs10788964,0,54114535
1,rs2294508,0,54127246
1,rs2272931,0,54128428
1,rs6702765,0,54128531
1,rs10888818,0,54138267
1,rs12131461,0,54138952
1,rs2294512,0,54142894
1,rs2235544,0,54148158
1,rs11206244,0,54148289
1,rs12067895,0,54162059
1,rs12073655,0,54166080
1,rs11206257,0,54175207
1,rs1063162,0,54184769
1,rs12070914,0,54194339
1,rs17109621,0,54205652
1,rs14639,0,54206280
1,rs7515322,0,54223489
1,rs620907,0,54240754
1,rs928444,0,54246136
1,rs6672989,0,54247060
1,rs17109656,0,54248735
1,rs6588501,0,54262890
1,rs11802192,0,54268652
1,rs9651202,0,54325795
1,rs12086873,0,54331671
1,rs6694292,0,54338778
1,rs6694397,0,54338898
1,rs9919295,0,54350688
1,rs1329780,0,54352600
1,rs630538,0,54370863
1,rs4483354,0,54371301
1,rs670877,0,54410285
1,rs955081,0,54423972
1,rs946442,0,54434328
1,rs4061073,0,54469331
1,rs3766454,0,54474978
1,rs3766448,0,54476356
1,rs688383,0,54491077
1,rs36120021,0,54497695
1,rs3766424,0,54508134
1,rs587271,0,54515699
1,rs11206315,0,54515996
1,rs3753406,0,54518155
1,rs6697414,0,54527679
1,rs4927084,0,54532654
1,rs11206321,0,54534905
1,rs6678619,0,54534938
1,rs2183162,0,54535309
1,rs6695534,0,54543497
1,rs11206329,0,54550150
1,rs12404407,0,54565462
1,rs12563481,0,54566271
1,rs6588512,0,54612121
1,rs4927113,0,54675449
1,rs12563251,0,54679755
1,rs4328027,0,54689944
1,rs213473,0,54703558
1,rs382327,0,54715614
1,rs4927133,0,54726111
1,rs11803116,0,54782766
1,rs10888857,0,54784947
1,rs299870,0,54787964
1,rs403594,0,54794388
1,rs449484,0,54803118
1,rs522694,0,54805325
1,rs12060880,0,54812393
1,rs300269,0,54818980
1,rs12569063,0,54820755
1,rs17110757,0,54822394
1,rs1702002,0,54833136
1,rs4927139,0,54833842
1,rs746503,0,54842574
1,rs11206403,0,54879521
1,rs11206406,0,54889722
1,rs1655518,0,54892134
1,rs1529783,0,54902152
1,rs689258,0,54902330
1,rs2304314,0,54907173
1,rs12137621,0,54915916
1,rs1560854,0,54920135
1,rs744748,0,54921842
1,rs605970,0,54923714
1,rs644955,0,54940672
1,rs10489662,0,54961773
1,rs41528549,0,54969327
1,rs12046989,0,54992128
1,rs2527847,0,54993791
1,rs10489660,0,54994453
1,rs2057939,0,55000168
1,rs1180939,0,55007108
1,rs1180959,0,55013411
1,rs12740946,0,55016785
1,rs1731,0,55018127
1,rs1147988,0,55032255
1,rs886738,0,55034340
1,rs880755,0,55034754
1,rs11206431,0,55042618
1,rs616315,0,55051429
1,rs630869,0,55054602
1,rs17575462,0,55077424
1,rs7549251,0,55077558
1,rs590621,0,55085749
1,rs12133305,0,55096738
1,rs608458,0,55109538
1,rs12118376,0,55158315
1,rs11206473,0,55171520
1,rs11206476,0,55178438
1,rs7520033,0,55190851
1,rs7523658,0,55200985
1,rs2317948,0,55207031
1,rs1003767,0,55236908
1,rs6682884,0,55246913
1,rs12075602,0,55251786
1,rs17111479,0,55254420
1,rs2495498,0,55267951
1,rs12096557,0,55277027
1,rs10888897,0,55285649
1,rs7554001,0,55287119
1,rs12074122,0,55288206
1,rs2495477,0,55291055
1,rs585131,0,55296704
1,rs615563,0,55298884
1,rs28362277,0,55299810
1,rs17111557,0,55302459
1,rs17111573,0,55314269
1,rs683880,0,55319483
1,rs544514,0,55358306
1,rs1475703,0,55369304
1,rs11585666,0,55375232
1,rs1165228,0,55390105
1,rs17111688,0,55399264
1,rs1165222,0,55410663
1,rs11206521,0,55419860
1,rs4926672,0,55462173
1,rs7515740,0,55469781
1,rs3897715,0,55475860
1,rs4927207,0,55486216
1,rs4927208,0,55486535
1,rs2802867,0,55491599
1,rs12239399,0,55491630
1,rs7551981,0,55491754
1,rs2647281,0,55497292
1,rs6588553,0,55510043
1,rs4926675,0,55517538
1,rs11206551,0,55517554
1,rs4927218,0,55522237
1,rs10888912,0,55530395
1,rs12058834,0,55530530
1,rs1807871,0,55553409
1,rs6677134,0,55558403
1,rs10489489,0,55560346
1,rs17111925,0,55561939
1,rs726815,0,55563449
1,rs17111956,0,55567590
1,rs207173,0,55568674
1,rs17111957,0,55569599
1,rs207169,0,55570270
1,rs207155,0,55577490
1,rs207149,0,55579847
1,rs207148,0,55580089
1,rs207145,0,55580731
1,rs207138,0,55583803
1,rs17111989,0,55591475
1,rs17112012,0,55602572
1,rs2802877,0,55616398
1,rs6693431,0,55622779
1,rs2802857,0,55636246
1,rs11580406,0,55638062
1,rs761483,0,55646872
1,rs761482,0,55647113
1,rs6588558,0,55657308
1,rs12091976,0,55675436
1,rs7516169,0,55676031
1,rs12094871,0,55677415
1,rs4927236,0,55683209
1,rs1986518,0,55684772
1,rs12024547,0,55687617
1,rs440336,0,55693078
1,rs397876,0,55695573
1,rs396877,0,55697120
1,rs987029,0,55703950
1,rs11206601,0,55704335
1,rs874664,0,55705932
1,rs904611,0,55706347
1,rs10888927,0,55707248
1,rs17112145,0,55717125
1,rs10888928,0,55719460
1,rs370904,0,55724093
1,rs17112188,0,55731828
1,rs1780542,0,55736107
1,rs1740125,0,55737787
1,rs1780522,0,55740877
1,rs17416336,0,55742336
1,rs189593,0,55745184
1,rs1695941,0,55746074
1,rs1740122,0,55749294
1,rs17112249,0,55749367
1,rs12077474,0,55754549
1,rs1695957,0,55754939
1,rs1780540,0,55760394
1,rs1780538,0,55762278
1,rs1979827,0,55765598
1,rs6588561,0,55765683
1,rs1995229,0,55767886
1,rs6680363,0,55811974
1,rs4927254,0,55814308
1,rs17410154,0,55820126
1,rs7549716,0,55825446
1,rs6670673,0,55827778
1,rs7526426,0,55831811
1,rs11206628,0,55833569
1,rs769988,0,55838994
1,rs1392128,0,55839140
1,rs12071564,0,55850941
1,rs709397,0,55862911
1,rs1392138,0,55874185
1,rs10443215,0,55885362
1,rs12124393,0,55885953
1,rs1514135,0,55888820
1,rs9436516,0,55895754
1,rs4367813,0,55911323
1,rs12081229,0,55919076
1,rs2671238,0,55923292
1,rs2767501,0,55923597
1,rs2671239,0,55925834
1,rs12565309,0,55929742
1,rs4927261,0,55934088
1,rs12239009,0,55939096
1,rs17112665,0,55944365
1,rs17112675,0,55946478
1,rs6672047,0,55950649
1,rs1183736,0,55955751
1,rs3862236,0,55955982
1,rs17112735,0,55980120
1,rs1165512,0,55980852
1,rs6689537,0,56008107
1,rs12095642,0,56011604
1,rs1926909,0,56015940
1,rs12411257,0,56055920
1,rs4412634,0,56057553
1,rs17112873,0,56062207
1,rs4333889,0,56064495
1,rs12118218,0,56093033
1,rs7349129,0,56093461
1,rs10493186,0,56093662
1,rs9326038,0,56098881
1,rs4926698,0,56101184
1,rs10493182,0,56108530
1,rs4494179,0,56108661
1,rs17113019,0,56115021
1,rs7516605,0,56115878
1,rs12164621,0,56125104
1,rs6684261,0,56132257
1,rs12126743,0,56159343
1,rs4927277,0,56169225
1,rs4468206,0,56169950
1,rs12565147,0,56181185
1,rs7512875,0,56193987
1,rs6694316,0,56197709
1,rs7532703,0,56236242
1,rs10489776,0,56263366
1,rs17113283,0,56267358
1,rs11206719,0,56274828
1,rs2404393,0,56277889
1,rs2110032,0,56278714
1,rs2159870,0,56278850
1,rs17113300,0,56280952
1,rs12031810,0,56283382
1,rs10489774,0,56290538
1,rs1331853,0,56291522
1,rs4278395,0,56291611
1,rs12564597,0,56291769
1,rs7525207,0,56298522
1,rs1331855,0,56304477
1,rs6675451,0,56319839
1,rs1229948,0,56375119
1,rs778125,0,56378334
1,rs17113395,0,56391679
1,rs778121,0,56392856
1,rs17362438,0,56426779
1,rs17362459,0,56426847
1,rs17113474,0,56433077
1,rs1149650,0,56440751
1,rs12077310,0,56450396
1,rs1149651,0,56453183
1,rs12039126,0,56453969
1,rs706369,0,56462907
1,rs1230034,0,56463310
1,rs12119318,0,56468829
1,rs778404,0,56475373
1,rs778407,0,56477012
1,rs6687944,0,56488299
1,rs2792797,0,56488343
1,rs1417768,0,56488995
1,rs1341337,0,56489014
1,rs2792795,0,56496439
1,rs2793661,0,56496993
1,rs1331863,0,56513280
1,rs2792788,0,56513311
1,rs2792780,0,56530038
1,rs17424899,0,56530834
1,rs2000144,0,56533204
1,rs2793684,0,56534511
1,rs12070360,0,56534979
1,rs1341347,0,56536369
1,rs2994803,0,56539181
1,rs1417772,0,56539214
1,rs12140215,0,56539545
1,rs2793690,0,56542041
1,rs17425772,0,56542444
1,rs12143461,0,56542806
1,rs11206781,0,56542961
1,rs3005884,0,56544297
1,rs3005887,0,56548957
1,rs4912324,0,56565267
1,rs3121168,0,56570711
1,rs2994570,0,56574274
1,rs11206795,0,56585765
1,rs10493206,0,56591739
1,rs11809768,0,56595231
1,rs12120105,0,56602225
1,rs7538333,0,56621542
1,rs11206802,0,56623788
1,rs4431886,0,56624855
1,rs10218770,0,56630939
1,rs952133,0,56632007
1,rs1931074,0,56632804
1,rs17113844,0,56635226
1,rs17113855,0,56636430
1,rs17113864,0,56636894
1,rs3005916,0,56640111
1,rs2991265,0,56644945
1,rs3005922,0,56646112
1,rs17428956,0,56647631
1,rs914832,0,56664002
1,rs11802109,0,56675313
1,rs4912172,0,56685146
1,rs6691109,0,56688752
1,rs6588636,0,56719387
1,rs10789024,0,56724203
1,rs9970807,0,56738252
1,rs17114046,0,56738938
1,rs4912314,0,56741065
1,rs7528118,0,56741343
1,rs11576602,0,56747404
1,rs17429642,0,56766190
1,rs11206841,0,56789450
1,rs1261411,0,56790327
1,rs12070247,0,56800638
1,rs12126955,0,56802168
1,rs2065553,0,56808605
1,rs1041604,0,56810757
1,rs1418521,0,56813533
1,rs1572058,0,56814125
1,rs2404987,0,56861193
1,rs2404993,0,56876553
1,rs4584419,0,56882248
1,rs11206887,0,56889497
1,rs11206892,0,56894706
1,rs2746342,0,56908837
1,rs2796534,0,56912412
1,rs715405,0,56914287
1,rs7415042,0,56924542
1,rs2143754,0,56931449
1,rs857147,0,56950377
1,rs857143,0,56956202
1,rs1361733,0,56967381
1,rs1832899,0,56974459
1,rs2404996,0,56981010
1,rs1774817,0,57015674
1,rs17114332,0,57015873
1,rs6658389,0,57025082
1,rs1361729,0,57040337
1,rs1361730,0,57040534
1,rs1342372,0,57040866
1,rs6662617,0,57042109
1,rs17114386,0,57044964
1,rs10889018,0,57048075
1,rs11206923,0,57055769
1,rs12048846,0,57064108
1,rs11206926,0,57066755
1,rs12032625,0,57074273
1,rs761964,0,57076723
1,rs706469,0,57081815
1,rs857040,0,57083153
1,rs1033729,0,57088856
1,rs10489623,0,57090147
1,rs927214,0,57112936
1,rs10489624,0,57122202
1,rs17114516,0,57131381
1,rs679350,0,57137400
1,rs1411009,0,57145505
1,rs638919,0,57149760
1,rs635833,0,57150398
1,rs1741986,0,57151286
1,rs1774896,0,57152280
1,rs614020,0,57191875
1,rs620092,0,57193754
1,rs1754511,0,57211507
1,rs1411008,0,57214213
1,rs947655,0,57217406
1,rs1774915,0,57218090
1,rs1418475,0,57219168
1,rs1774910,0,57219835
1,rs11206947,0,57223029
1,rs12073104,0,57227020
1,rs17114777,0,57238861
1,rs6701615,0,57239473
1,rs697580,0,57249622
1,rs3754268,0,57257251
1,rs706360,0,57262662
1,rs4912422,0,57263332
1,rs706363,0,57266139
1,rs17451521,0,57273865
1,rs3768203,0,57279602
1,rs4912423,0,57284109
1,rs12565535,0,57311016
1,rs17114957,0,57319685
1,rs514412,0,57324157
1,rs485090,0,57325011
1,rs1359735,0,57330208
1,rs1760207,0,57335820
1,rs561503,0,57344568
1,rs491585,0,57349026
1,rs17420181,0,57356494
1,rs17115097,0,57361683
1,rs3768168,0,57364038
1,rs556204,0,57368171
1,rs563921,0,57374971
1,rs550511,0,57381577
1,rs546583,0,57386918
1,rs10889026,0,57395288
1,rs10889029,0,57398316
1,rs17541203,0,57398520
1,rs1413226,0,57399606
1,rs17482565,0,57418010
1,rs9970802,0,57419249
1,rs155309,0,57424657
1,rs12030855,0,57426485
1,rs11810300,0,57427248
1,rs197106,0,57430792
1,rs197613,0,57439819
1,rs17115366,0,57445014
1,rs10489466,0,57450518
1,rs17115390,0,57452697
1,rs1604885,0,57463256
1,rs197627,0,57481136
1,rs12066220,0,57482842
1,rs548897,0,57490618
1,rs197642,0,57495341
1,rs6658540,0,57504167
1,rs2764665,0,57515371
1,rs12568148,0,57523251
1,rs12562394,0,57538764
1,rs581886,0,57539683
1,rs12057381,0,57542104
1,rs90940,0,57568024
1,rs11207011,0,57575937
1,rs1424467,0,57589077
1,rs17423255,0,57592954
1,rs10889038,0,57599354
1,rs10493219,0,57621273
1,rs17424691,0,57623908
1,rs523282,0,57630244
1,rs563099,0,57631990
1,rs540431,0,57632109
1,rs269045,0,57643914
1,rs11585751,0,57645575
1,rs579188,0,57649863
1,rs3850557,0,57653203
1,rs11207036,0,57677441
1,rs11207037,0,57677552
1,rs12033655,0,57685815
1,rs17115796,0,57689365
1,rs17115797,0,57689739
1,rs17426569,0,57696318
1,rs9436130,0,57700989
1,rs2805870,0,57716576
1,rs2805862,0,57717390
1,rs2805878,0,57724168
1,rs2691465,0,57729290
1,rs2691467,0,57734142
1,rs1547793,0,57739400
1,rs2793622,0,57744434
1,rs12407168,0,57745271
1,rs2691437,0,57747699
1,rs2793649,0,57752028
1,rs17115929,0,57770808
1,rs1949830,0,57772871
1,rs1524713,0,57775719
1,rs1524714,0,57775912
1,rs1524716,0,57777766
1,rs1524718,0,57778103
1,rs2793624,0,57778906
1,rs2805850,0,57779287
1,rs2691446,0,57781837
1,rs17115968,0,57781893
1,rs17096843,0,57789450
1,rs2793639,0,57809400
1,rs6676151,0,57810371
1,rs17469946,0,57816093
1,rs12083422,0,57821858
1,rs17116089,0,57824466
1,rs2185602,0,57825742
1,rs6587785,0,57840763
1,rs1341322,0,57851731
1,rs1341316,0,57860377
1,rs17116134,0,57865751
1,rs10789051,0,57866575
1,rs10889061,0,57893688
1,rs7552341,0,57897708
1,rs7522826,0,57899105
1,rs4244011,0,57902224
1,rs3126031,0,57914074
1,rs12136261,0,57917545
1,rs3126019,0,57935443
1,rs3131721,0,57956221
1,rs12030998,0,57957630
1,rs3131723,0,57960468
1,rs1408138,0,57997961
1,rs1323822,0,57999180
1,rs3118055,0,57999992
1,rs2406282,0,58004917
1,rs1323827,0,58005308
1,rs3118058,0,58006602
1,rs3131743,0,58006721
1,rs1408141,0,58018229
1,rs1323836,0,58029497
1,rs7544285,0,58035706
1,rs7544843,0,58036355
1,rs17473566,0,58051223
1,rs11207112,0,58051695
1,rs852753,0,58053852
1,rs852764,0,58058001
1,rs852766,0,58059096
1,rs852783,0,58069633
1,rs1408137,0,58085657
1,rs1323811,0,58086842
1,rs852801,0,58094497
1,rs852802,0,58096531
1,rs852806,0,58097367
1,rs722187,0,58112231
1,rs17519924,0,58112727
1,rs11587998,0,58118096
1,rs17579366,0,58125960
1,rs1202829,0,58128557
1,rs11207128,0,58134155
1,rs10889075,0,58134473
1,rs1202849,0,58142686
1,rs1202801,0,58147805
1,rs17520463,0,58153300
1,rs1202778,0,58166819
1,rs1202770,0,58171919
1,rs11577195,0,58175641
1,rs1857380,0,58176211
1,rs1202850,0,58181443
1,rs11207130,0,58185396
1,rs11811324,0,58193397
1,rs1857373,0,58193423
1,rs17116553,0,58194609
1,rs17116554,0,58194942
1,rs1557252,0,58207160
1,rs1201381,0,58213691
1,rs1187980,0,58213891
1,rs1187994,0,58225892
1,rs1187997,0,58228126
1,rs10789056,0,58230416
1,rs12410476,0,58230771
1,rs1749778,0,58236351
1,rs1325449,0,58243679
1,rs17116696,0,58245212
1,rs1188008,0,58250387
1,rs12023109,0,58255531
1,rs1201382,0,58255642
1,rs12024205,0,58256938
1,rs6699815,0,58260432
1,rs12746931,0,58272963
1,rs4448540,0,58275231
1,rs11587634,0,58275555
1,rs4912296,0,58292694
1,rs12022316,0,58294259
1,rs2764675,0,58295008
1,rs12037479,0,58295145
1,rs2808814,0,58296722
1,rs2025617,0,58299442
1,rs6657936,0,58301408
1,rs3121907,0,58313424
1,rs17116840,0,58317207
1,rs11207168,0,58321682
1,rs12094742,0,58331156
1,rs1776184,0,58335595
1,rs821527,0,58337793
1,rs2806408,0,58338148
1,rs591970,0,58387466
1,rs674913,0,58436151
1,rs674986,0,58436211
1,rs10889086,0,58446296
1,rs946311,0,58449585
1,rs17493209,0,58466278
1,rs474294,0,58492148
1,rs11207180,0,58495186
1,rs639241,0,58498304
1,rs10493251,0,58536669
1,rs17117283,0,58537226
1,rs10493249,0,58544715
1,rs10493240,0,58556738
1,rs11207196,0,58563089
1,rs17117348,0,58578557
1,rs12404503,0,58583617
1,rs338945,0,58619524
1,rs41447944,0,58627353
1,rs338926,0,58634598
1,rs338922,0,58636238
1,rs849480,0,58637048
1,rs338919,0,58637987
1,rs10465839,0,58645110
1,rs338911,0,58646494
1,rs849484,0,58646647
1,rs706419,0,58659884
1,rs6587814,0,58670690
1,rs706428,0,58675076
1,rs706443,0,58682332
1,rs706457,0,58693508
1,rs12078497,0,58694840
1,rs12040053,0,58698983
1,rs338252,0,58702269
1,rs338237,0,58709654
1,rs17498811,0,58710700
1,rs338230,0,58713184
1,rs10889097,0,58716083
1,rs338225,0,58721474
1,rs6687324,0,58724834
1,rs1891435,0,58733839
1,rs2271004,0,58768791
1,rs6698355,0,58775700
1,rs596043,0,58800136
1,rs602579,0,58809500
1,rs12121124,0,58814589
1,rs3912900,0,58819471
1,rs17117873,0,58823582
1,rs10128054,0,58834053
1,rs11207272,0,58846018
1,rs6687967,0,58850625
1,rs170827,0,58854121
1,rs232904,0,58877848
1,rs11207282,0,58887026
1,rs232775,0,58897134
1,rs7523134,0,58899674
1,rs7525365,0,58899781
1,rs232780,0,58899795
1,rs542750,0,58910760
1,rs10889109,0,58911403
1,rs17118097,0,58913953
1,rs579110,0,58915301
1,rs12092121,0,58925598
1,rs10159308,0,58946717
1,rs12405774,0,58964133
1,rs1323281,0,58974408
1,rs12127952,0,58987013
1,rs11207303,0,59000212
1,rs2760489,0,59006578
1,rs2811888,0,59011317
1,rs34328062,0,59012809
1,rs1980700,0,59017380
1,rs997768,0,59017507
1,rs1323287,0,59018575
1,rs2811894,0,59021619
1,rs4647006,0,59022275
1,rs2999138,0,59034423
1,rs2999134,0,59050514
1,rs12752499,0,59058894
1,rs2811849,0,59072861
1,rs2984911,0,59081565
1,rs3015327,0,59102243
1,rs11207328,0,59146002
1,rs17096897,0,59151631
1,rs11207335,0,59180950
1,rs12059773,0,59188548
1,rs10889125,0,59189704
1,rs2764928,0,59195377
1,rs7543260,0,59208276
1,rs2716139,0,59244574
1,rs2716133,0,59255843
1,rs6672586,0,59268010
1,rs12568197,0,59280143
1,rs10493255,0,59280523
1,rs11207390,0,59293477
1,rs4622084,0,59301432
1,rs12562835,0,59306291
1,rs7542353,0,59308339
1,rs7536474,0,59309802
1,rs7547492,0,59315129
1,rs4424536,0,59317023
1,rs9970281,0,59325292
1,rs7556224,0,59332100
1,rs10889129,0,59342490
1,rs2068743,0,59345929
1,rs4912386,0,59372300
1,rs17118854,0,59377720
1,rs11207409,0,59379228
1,rs1475629,0,59380613
1,rs17118866,0,59381703
1,rs17118875,0,59386780
1,rs625127,0,59391181
1,rs6676724,0,59391404
1,rs331645,0,59409975
1,rs17119019,0,59412089
1,rs3904556,0,59418851
1,rs12044604,0,59427090
1,rs17119044,0,59428231
1,rs17119055,0,59431131
1,rs17119061,0,59433491
1,rs12047394,0,59435307
1,rs17536126,0,59438038
1,rs331635,0,59438130
1,rs12758643,0,59442506
1,rs7517356,0,59451710
1,rs12029013,0,59463943
1,rs6683082,0,59480913
1,rs12142820,0,59488631
1,rs189157,0,59506290
1,rs835360,0,59588864
1,rs11207439,0,59590447
1,rs11583924,0,59631170
1,rs628177,0,59642192
1,rs11578291,0,59655946
1,rs6676078,0,59667572
1,rs7549885,0,59683917
1,rs12046441,0,59698254
1,rs7550493,0,59708742
1,rs17119483,0,59712169
1,rs582333,0,59721877
1,rs6693119,0,59723610
1,rs1188236,0,59724293
1,rs1777958,0,59737109
1,rs621517,0,59749607
1,rs684413,0,59752746
1,rs646078,0,59756319
1,rs12040048,0,59770815
1,rs17119586,0,59782971
1,rs4504912,0,59818448
1,rs1440574,0,59833047
1,rs6704387,0,59839050
1,rs12745808,0,59841319
1,rs12750378,0,59841537
1,rs11207488,0,59841884
1,rs12727131,0,59857104
1,rs6684335,0,59861611
1,rs6690357,0,59871870
1,rs7524379,0,59873250
1,rs12067863,0,59873870
1,rs12078813,0,59879628
1,rs10889148,0,59892549
1,rs7540838,0,59901393
1,rs11207507,0,59938735
1,rs6661666,0,59941142
1,rs4619004,0,59943793
1,rs6685309,0,59946322
1,rs12128672,0,59953923
1,rs12077102,0,59955992
1,rs7533793,0,59969671
1,rs1890212,0,59971018
1,rs17557713,0,59976336
1,rs1933219,0,60055728
1,rs17119786,0,60086202
1,rs17119799,0,60101403
1,rs11207527,0,60103099
1,rs11207529,0,60108030
1,rs1408478,0,60115648
1,rs12734028,0,60122431
1,rs9659919,0,60135946
1,rs11572284,0,60145484
1,rs11572254,0,60151441
1,rs11207539,0,60151978
1,rs11572250,0,60152021
1,rs2114189,0,60154648
1,rs11572240,0,60155255
1,rs12077477,0,60156670
1,rs11572219,0,60159182
1,rs11572201,0,60162621
1,rs11572193,0,60164824
1,rs11572190,0,60164862
1,rs7518613,0,60186478
1,rs10493272,0,60189578
1,rs752220,0,60205858
1,rs7413378,0,60218341
1,rs17096911,0,60220674
1,rs1415676,0,60232843
1,rs4915847,0,60234546
1,rs890292,0,60236452
1,rs11207565,0,60244685
1,rs675493,0,60252391
1,rs12126158,0,60256485
1,rs17120013,0,60266695
1,rs631469,0,60275838
1,rs7528245,0,60293544
1,rs17561081,0,60297645
1,rs640639,0,60301951
1,rs17120097,0,60315922
1,rs688076,0,60323655
1,rs17120140,0,60331900
1,rs608710,0,60348099
1,rs598741,0,60364149
1,rs87061,0,60367568
1,rs602721,0,60367908
1,rs601344,0,60373533
1,rs583614,0,60380221
1,rs1462937,0,60383345
1,rs655146,0,60383617
1,rs618163,0,60394492
1,rs12130292,0,60401034
1,rs7415657,0,60442564
1,rs7516091,0,60444531
1,rs11207581,0,60469460
1,rs3906402,0,60474911
1,rs17120428,0,60494495
1,rs298167,0,60577738
1,rs1392927,0,60581847
1,rs12137879,0,60587904
1,rs7546563,0,60593192
1,rs412924,0,60597570
1,rs2937308,0,60605536
1,rs298128,0,60621126
1,rs12087857,0,60625308
1,rs403304,0,60641950
1,rs10493286,0,60651246
1,rs17120672,0,60654943
1,rs11207605,0,60660126
1,rs7551363,0,60661587
1,rs2062629,0,60661807
1,rs11207606,0,60664230
1,rs11207607,0,60672012
1,rs1875375,0,60674705
1,rs1501227,0,60679982
1,rs1501228,0,60680048
1,rs12760685,0,60681730
1,rs4915693,0,60700100
1,rs4424543,0,60706212
1,rs4075690,0,60724694
1,rs4915695,0,60734756
1,rs4915697,0,60755873
1,rs7522454,0,60756208
1,rs7412958,0,60756370
1,rs10889187,0,60783346
1,rs4916071,0,60793087
1,rs1461356,0,60809603
1,rs528598,0,60833101
1,rs552294,0,60834730
1,rs9436197,0,60837013
1,rs537110,0,60857378
1,rs12043321,0,60901183
1,rs1020863,0,60902545
1,rs17120892,0,60905249
1,rs10493291,0,60909871
1,rs10493292,0,60910274
1,rs547637,0,60917803
1,rs484335,0,60918758
1,rs7529396,0,60928758
1,rs1514188,0,60938342
1,rs12043855,0,60948914
1,rs11207655,0,60953280
1,rs12039857,0,60957511
1,rs12759491,0,60964966
1,rs4915703,0,60966552
1,rs1022265,0,60969303
1,rs17121061,0,60980327
1,rs6661743,0,60985157
1,rs867914,0,60988668
1,rs10493296,0,60991099
1,rs1514191,0,60993942
1,rs4915707,0,60996561
1,rs11804275,0,60999441
1,rs310162,0,60999696
1,rs2800224,0,61003413
1,rs310192,0,61026578
1,rs310178,0,61033340
1,rs12563773,0,61035885
1,rs12404270,0,61036626
1,rs519928,0,61045547
1,rs647554,0,61047030
1,rs647995,0,61047122
1,rs17302852,0,61047387
1,rs17121103,0,61052786
1,rs12127914,0,61057245
1,rs12759506,0,61073779
1,rs11808039,0,61076141
1,rs17303103,0,61077153
1,rs12032365,0,61079525
1,rs310156,0,61088934
1,rs310158,0,61092333
1,rs367985,0,61098972
1,rs7532404,0,61107741
1,rs310171,0,61108526
1,rs10493298,0,61109117
1,rs17375353,0,61111083
1,rs11207679,0,61123783
1,rs1447184,0,61127598
1,rs12122228,0,61129108
1,rs12131219,0,61141367
1,rs17121239,0,61146283
1,rs662495,0,61150104
1,rs2783349,0,61155267
1,rs4915717,0,61156305
1,rs674296,0,61157110
1,rs17121295,0,61175924
1,rs11207687,0,61182154
1,rs502332,0,61185535
1,rs1779851,0,61283207
1,rs2800059,0,61322168
1,rs6693597,0,61355134
1,rs334734,0,61368886
1,rs10789092,0,61371710
1,rs4915729,0,61375551
1,rs395936,0,61377795
1,rs12403502,0,61379557
1,rs17121683,0,61384043
1,rs17121705,0,61389915
1,rs334703,0,61390107
1,rs334699,0,61393084
1,rs17121735,0,61394537
1,rs334716,0,61412091
1,rs10789093,0,61421222
1,rs10493305,0,61442983
1,rs332823,0,61446640
1,rs10493306,0,61450290
1,rs333151,0,61451371
1,rs162878,0,61477189
1,rs17377428,0,61502309
1,rs12085978,0,61508210
1,rs2782544,0,61556881
1,rs6685664,0,61578216
1,rs41327150,0,61578584
1,rs766488,0,61583103
1,rs9436636,0,61585361
1,rs41350144,0,61588387
1,rs12727993,0,61614116
1,rs17122048,0,61618531
1,rs10489909,0,61636071
1,rs2499533,0,61653274
1,rs17122212,0,61676142
1,rs2474358,0,61693357
1,rs12072091,0,61724889
1,rs12036419,0,61744037
1,rs17122345,0,61766665
1,rs1890266,0,61770804
1,rs1933299,0,61772869
1,rs7541526,0,61776534
1,rs2485759,0,61777323
1,rs1933312,0,61790719
1,rs17122402,0,61793531
1,rs1933316,0,61799901
1,rs1933323,0,61823078
1,rs7519085,0,61841671
1,rs17122486,0,61842328
1,rs17122491,0,61844300
1,rs880254,0,61847144
1,rs7545391,0,61850935
1,rs13375459,0,61875609
1,rs12118986,0,61876402
1,rs11207794,0,61876995
1,rs6587937,0,61882886
1,rs2886326,0,61883642
1,rs12092067,0,61885351
1,rs12140608,0,61893352
1,rs6587940,0,61893860
1,rs6669826,0,61899536
1,rs6694023,0,61902755
1,rs2365465,0,61905700
1,rs11802679,0,61922858
1,rs2172957,0,61937724
1,rs1151770,0,61947928
1,rs7554012,0,61962996
1,rs11207813,0,61963624
1,rs17122745,0,61972291
1,rs1286637,0,61975598
1,rs1286835,0,62004619
1,rs11587744,0,62018212
1,rs1286702,0,62019990
1,rs11207833,0,62020955
1,rs12038135,0,62021955
1,rs3762321,0,62026071
1,rs7516332,0,62033756
1,rs4915778,0,62036004
1,rs1286831,0,62044550
1,rs1286809,0,62057092
1,rs12410306,0,62083923
1,rs12408105,0,62084568
1,rs12753462,0,62113443
1,rs7545570,0,62130978
1,rs2482875,0,62136872
1,rs1412622,0,62137805
1,rs2499002,0,62139466
1,rs2482850,0,62141399
1,rs2482856,0,62148216
1,rs2499006,0,62152362
1,rs2251182,0,62165982
1,rs11809363,0,62187871
1,rs2498962,0,62196074
1,rs2482882,0,62196795
1,rs12748525,0,62197404
1,rs11207877,0,62199359
1,rs2498968,0,62207729
1,rs17122892,0,62227372
1,rs7526627,0,62241241
1,rs12731388,0,62243223
1,rs17122904,0,62244730
1,rs6685239,0,62250506
1,rs7555002,0,62251964
1,rs2183995,0,62251991
1,rs7547886,0,62255077
1,rs6697273,0,62258969
1,rs11590158,0,62260659
1,rs1332630,0,62264803
1,rs7553347,0,62269180
1,rs7531027,0,62269490
1,rs1332633,0,62270729
1,rs7537323,0,62271413
1,rs3762449,0,62272746
1,rs2365985,0,62273959
1,rs4072368,0,62277527
1,rs17123003,0,62283955
1,rs11579010,0,62285827
1,rs7528431,0,62285845
1,rs6661862,0,62307442
1,rs6668600,0,62309271
1,rs6682776,0,62329167
1,rs2481664,0,62366481
1,rs11804701,0,62390647
1,rs17123155,0,62400090
1,rs2457820,0,62413262
1,rs2457826,0,62447446
1,rs6683716,0,62464859
1,rs11577415,0,62465940
1,rs6688986,0,62475308
1,rs6657288,0,62489163
1,rs6692004,0,62492427
1,rs2666472,0,62501372
1,rs2260581,0,62501449
1,rs2262110,0,62501506
1,rs3844053,0,62503005
1,rs11579934,0,62505533
1,rs12038843,0,62509429
1,rs2666508,0,62513518
1,rs6680736,0,62522460
1,rs4915810,0,62522639
1,rs765692,0,62532317
1,rs10493319,0,62538589
1,rs1325742,0,62539115
1,rs17380555,0,62551048
1,rs2366210,0,62564333
1,rs2148025,0,62577555
1,rs2182241,0,62577727
1,rs7541112,0,62591655
1,rs11207960,0,62592205
1,rs17123525,0,62592589
1,rs3949904,0,62620678
1,rs7543765,0,62625673
1,rs10889325,0,62629283
1,rs2095403,0,62632898
1,rs1413821,0,62638978
1,rs10889328,0,62640378
1,rs17123583,0,62641807
1,rs7523622,0,62663098
1,rs13375306,0,62664670
1,rs584998,0,62664816
1,rs12025429,0,62668372
1,rs10493324,0,62670730
1,rs3737890,0,62678013
1,rs656297,0,62680183
1,rs614636,0,62682587
1,rs7553628,0,62683118
1,rs11207969,0,62684339
1,rs10158897,0,62685507
1,rs636497,0,62692617
1,rs624660,0,62692976
1,rs2813925,0,62697953
1,rs1168038,0,62734516
1,rs17123694,0,62753688
1,rs17123721,0,62833830
1,rs6587980,0,62863446
1,rs1570694,0,62875805
1,rs4587594,0,62906518
1,rs1168114,0,62928631
1,rs9787151,0,62951726
1,rs12130333,0,62964365
1,rs6664692,0,62968248
1,rs4630152,0,62971860
1,rs12124310,0,62983402
1,rs11208013,0,62983488
1,rs11208014,0,62988959
1,rs17123817,0,63019134
1,rs17123828,0,63020039
1,rs17388170,0,63020984
1,rs12067646,0,63022854
1,rs6661162,0,63024990
1,rs3737891,0,63057621
1,rs11208041,0,63062573
1,rs11208042,0,63062640
1,rs7519205,0,63062716
1,rs10889383,0,63069349
1,rs3737893,0,63079972
1,rs12097658,0,63085907
1,rs12128286,0,63104783
1,rs12125986,0,63106019
1,rs12756081,0,63109922
1,rs11804568,0,63124189
1,rs10889388,0,63136472
1,rs2803240,0,63136667
1,rs2803241,0,63140906
1,rs17123995,0,63143553
1,rs6657471,0,63148992
1,rs1360676,0,63150681
1,rs12024707,0,63168878
1,rs1360679,0,63175066
1,rs11208065,0,63175511
1,rs11208069,0,63182395
1,rs2780883,0,63183207
1,rs1931080,0,63186732
1,rs2050249,0,63188322
1,rs1572108,0,63189698
1,rs631795,0,63199953
1,rs1888174,0,63212426
1,rs2150031,0,63214349
1,rs6587999,0,63219099
1,rs6683386,0,63224951
1,rs6696216,0,63225007
1,rs17124183,0,63226750
1,rs4915627,0,63229847
1,rs10889394,0,63233438
1,rs17124210,0,63238075
1,rs12130613,0,63240545
1,rs17124237,0,63242775
1,rs2026785,0,63244080
1,rs12751992,0,63246918
1,rs4915863,0,63247469
1,rs12021818,0,63248723
1,rs7541201,0,63250946
1,rs11208093,0,63260061
1,rs883398,0,63261928
1,rs1411391,0,63263828
1,rs7549151,0,63264368
1,rs17124418,0,63265202
1,rs944188,0,63265547
1,rs11208097,0,63267864
1,rs1330221,0,63268563
1,rs11208098,0,63268984
1,rs4600075,0,63269379
1,rs6702287,0,63272824
1,rs6664042,0,63274439
1,rs6694848,0,63276194
1,rs11208108,0,63285233
1,rs10889399,0,63285365
1,rs904428,0,63291069
1,rs6658425,0,63291891
1,rs1122395,0,63292703
1,rs1542846,0,63293624
1,rs11208115,0,63294343
1,rs6696559,0,63294479
1,rs1391817,0,63299158
1,rs17318040,0,63300126
1,rs17124486,0,63304682
1,rs17318082,0,63304895
1,rs12757300,0,63308029
1,rs12039756,0,63309362
1,rs17124547,0,63313268
1,rs17390078,0,63314389
1,rs11808494,0,63317766
1,rs10493333,0,63321007
1,rs953653,0,63322102
1,rs1391811,0,63322267
1,rs6702566,0,63324350
1,rs17124604,0,63327087
1,rs12723365,0,63332829
1,rs10889403,0,63334538
1,rs11208125,0,63334692
1,rs11208126,0,63337180
1,rs1498936,0,63347843
1,rs11208131,0,63350652
1,rs10493336,0,63355325
1,rs7531486,0,63360733
1,rs11580758,0,63361282
1,rs12031051,0,63362006
1,rs12027754,0,63362033
1,rs11208134,0,63364356
1,rs17124674,0,63367015
1,rs11208137,0,63370583
1,rs17124686,0,63371740
1,rs17124687,0,63372080
1,rs11583639,0,63374950
1,rs12745230,0,63376039
1,rs12088196,0,63379158
1,rs11576443,0,63384869
1,rs17124707,0,63387016
1,rs17124724,0,63397873
1,rs7515372,0,63415839
1,rs7515650,0,63423439
1,rs17124748,0,63436765
1,rs17391131,0,63437927
1,rs12733446,0,63438638
1,rs1328590,0,63443242
1,rs4915886,0,63449848
1,rs17319248,0,63460108
1,rs1410581,0,63461834
1,rs17124784,0,63466709
1,rs6661668,0,63469267
1,rs618701,0,63489839
1,rs538071,0,63492812
1,rs832521,0,63493914
1,rs3861943,0,63500234
1,rs12752453,0,63510629
1,rs12759252,0,63512474
1,rs11806891,0,63515288
1,rs12747934,0,63540185
1,rs12731005,0,63544237
1,rs6701595,0,63549609
1,rs11208186,0,63556060
1,rs2235948,0,63557977
1,rs2235950,0,63558299
1,rs6588025,0,63563091
1,rs10489494,0,63571349
1,rs2207074,0,63573557
1,rs12407262,0,63592864
1,rs4142453,0,63603067
1,rs2273122,0,63644346
1,rs17124994,0,63680730
1,rs9436678,0,63724178
1,rs11208227,0,63737833
1,rs12078371,0,63755548
1,rs7413854,0,63761072
1,rs6657480,0,63772456
1,rs217448,0,63782062
1,rs12239606,0,63790993
1,rs2273367,0,63793684
1,rs170091,0,63826156
1,rs865929,0,63836966
1,rs855319,0,63840924
1,rs855300,0,63850812
1,rs927019,0,63854867
1,rs2301059,0,63859489
1,rs2269257,0,63863530
1,rs2269241,0,63881359
1,rs2269239,0,63881947
1,rs2269238,0,63890125
1,rs11208264,0,63897660
1,rs1354718,0,63920538
1,rs4915645,0,63935394
1,rs4915646,0,63935731
1,rs2135431,0,63936498
1,rs12758494,0,63937908
1,rs12087869,0,63939556
1,rs2658407,0,63945397
1,rs10493351,0,63946731
1,rs2819160,0,63947033
1,rs2658404,0,63955392
1,rs2819172,0,63965163
1,rs4915919,0,63967631
1,rs4529740,0,63969629
1,rs11208281,0,63972340
1,rs1354723,0,63980866
1,rs17097089,0,63984886
1,rs17125501,0,63993776
1,rs2643224,0,63994305
1,rs2643228,0,63996699
1,rs12088058,0,64000204
1,rs2643232,0,64000668
1,rs7552384,0,64009992
1,rs620019,0,64013517
1,rs1542805,0,64034857
1,rs10889450,0,64083788
1,rs649608,0,64086284
1,rs649195,0,64090923
1,rs636119,0,64098139
1,rs17125676,0,64102073
1,rs11208307,0,64108655
1,rs11208308,0,64113040
1,rs855852,0,64123737
1,rs10489737,0,64128805
1,rs9887958,0,64130834
1,rs6676432,0,64133437
1,rs855821,0,64133951
1,rs855823,0,64134548
1,rs17125779,0,64140556
1,rs705519,0,64141123
1,rs12062653,0,64141178
1,rs11208316,0,64147980
1,rs705529,0,64154505
1,rs855809,0,64162137
1,rs855858,0,64166086
1,rs855949,0,64170884
1,rs855945,0,64176358
1,rs855943,0,64176846
1,rs1349525,0,64190387
1,rs12089051,0,64196447
1,rs285341,0,64216020
1,rs285342,0,64216229
1,rs285355,0,64226965
1,rs285361,0,64230238
1,rs285367,0,64233607
1,rs285370,0,64235170
1,rs285384,0,64241635
1,rs11804377,0,64241779
1,rs12081679,0,64243643
1,rs6676360,0,64244179
1,rs11208331,0,64244496
1,rs12087775,0,64250258
1,rs7545348,0,64254008
1,rs1772626,0,64287967
1,rs12030067,0,64294391
1,rs863087,0,64298549
1,rs1260773,0,64307510
1,rs11580998,0,64310331
1,rs1260763,0,64316125
1,rs3903874,0,64317132
1,rs834343,0,64317712
1,rs860634,0,64318329
1,rs2806541,0,64338984
1,rs1324363,0,64339278
1,rs7521771,0,64345655
1,rs2762852,0,64350440
1,rs6656285,0,64352888
1,rs7546975,0,64353410
1,rs2806538,0,64354136
1,rs11808138,0,64355811
1,rs1408417,0,64363285
1,rs7528814,0,64374433
1,rs6696297,0,64389280
1,rs6671162,0,64397734
1,rs7515058,0,64406751
1,rs10127837,0,64431447
1,rs11208387,0,64479331
1,rs4915956,0,64484943
1,rs825198,0,64486353
1,rs825168,0,64489883
1,rs12564350,0,64492248
1,rs11588217,0,64499827
1,rs1983300,0,64519183
1,rs825227,0,64526428
1,rs17126309,0,64545374
1,rs1874405,0,64547601
1,rs925710,0,64557677
1,rs4915972,0,64564276
1,rs746633,0,64564454
1,rs1496017,0,64564935
1,rs1390471,0,64577332
1,rs11208428,0,64582108
1,rs17126437,0,64583748
1,rs11208437,0,64609731
1,rs6657719,0,64641704
1,rs6659298,0,64660362
1,rs7533312,0,64664373
1,rs1022293,0,64664919
1,rs11208448,0,64664985
1,rs12139788,0,64695023
1,rs11208456,0,64696518
1,rs12128329,0,64698479
1,rs305565,0,64737146
1,rs305578,0,64748674
1,rs305580,0,64748839
1,rs90268,0,64758443
1,rs646443,0,64767416
1,rs12061720,0,64805900
1,rs6665437,0,64841226
1,rs2375522,0,64845977
1,rs17126766,0,64852139
1,rs751666,0,64873453
1,rs1561167,0,64888101
1,rs6673348,0,64900492
1,rs11208496,0,64903189
1,rs17126894,0,64931726
1,rs12402072,0,64937468
1,rs17126915,0,64949920
1,rs12032701,0,64961691
1,rs12073135,0,64964775
1,rs6699915,0,64971276
1,rs7354831,0,64973153
1,rs10493367,0,64978736
1,rs6661723,0,64997275
1,rs2500234,0,65008123
1,rs2478150,0,65015446
1,rs2483616,0,65023570
1,rs2765873,0,65047659
1,rs1048007,0,65069828
1,rs12353950,0,65071676
1,rs2780820,0,65081590
1,rs2780894,0,65081964
1,rs4916005,0,65081975
1,rs310198,0,65123656
1,rs1556560,0,65146174
1,rs11208537,0,65156220
1,rs11208561,0,65220586
1,rs17127197,0,65233360
1,rs17127211,0,65240135
1,rs519282,0,65259671
1,rs517136,0,65261669
1,rs12403317,0,65269902
1,rs578271,0,65277859
1,rs3014976,0,65285479
1,rs478665,0,65288121
1,rs7549445,0,65292351
1,rs576563,0,65294690
1,rs547812,0,65300765
1,rs2201689,0,65302702
1,rs2375675,0,65325781
1,rs6670363,0,65340922
1,rs6588115,0,65358387
1,rs4453083,0,65380280
1,rs4372299,0,65380689
1,rs1109374,0,65406085
1,rs6689998,0,65412367
1,rs2375597,0,65420968
1,rs6704305,0,65428158
1,rs12091763,0,65447698
1,rs12747074,0,65458586
1,rs17127415,0,65467200
1,rs10465849,0,65471472
1,rs1749971,0,65503450
1,rs2477789,0,65506580
1,rs501691,0,65516415
1,rs574441,0,65518195
1,rs2375699,0,65580869
1,rs1413885,0,65588247
1,rs7354899,0,65591297
1,rs1570869,0,65603493
1,rs6588140,0,65611653
1,rs9436287,0,65635890
1,rs2148682,0,65642077
1,rs9436290,0,65648517
1,rs3806318,0,65657945
1,rs12145690,0,65659601
1,rs9436301,0,65668515
1,rs6660481,0,65669456
1,rs1887285,0,65670335
1,rs7883,0,65670457
1,rs17097182,0,65676033
1,rs970467,0,65679350
1,rs12409877,0,65716460
1,rs17412723,0,65725329
1,rs1327121,0,65729925
1,rs1327115,0,65739427
1,rs11208659,0,65751868
1,rs1782755,0,65759392
1,rs1751492,0,65765213
1,rs1782754,0,65765936
1,rs6662904,0,65770328
1,rs1171261,0,65773990
1,rs6673324,0,65803651
1,rs3790431,0,65808616
1,rs10789184,0,65809550
1,rs11208674,0,65811905
1,rs10493380,0,65818705
1,rs1938489,0,65821210
1,rs12405556,0,65835705
1,rs3828033,0,65837298
1,rs13306526,0,65843412
1,rs6678033,0,65850212
1,rs1892535,0,65869769
1,rs6413506,0,65874812
1,rs12022410,0,65926521
1,rs6667615,0,65935218
1,rs7524581,0,65939087
1,rs17416384,0,65951652
1,rs12740203,0,65952331
1,rs4291477,0,65963663
1,rs17127955,0,65966136
1,rs12035209,0,65967547
1,rs4338330,0,65967827
1,rs9887756,0,65969720
1,rs5010905,0,65971811
1,rs4288572,0,65973610
1,rs11809779,0,65984504
1,rs6656519,0,65989803
1,rs11579738,0,65990783
1,rs12567429,0,65991248
1,rs4593796,0,65992634
1,rs10493387,0,65994521
1,rs12143459,0,66001067
1,rs12401401,0,66003896
1,rs12131840,0,66004359
1,rs4313369,0,66006727
1,rs12142070,0,66039990
1,rs6657878,0,66044864
1,rs6679537,0,66051587
1,rs17097214,0,66054223
1,rs11576180,0,66065294
1,rs7517475,0,66070749
1,rs4077431,0,66081980
1,rs10218542,0,66082521
1,rs10493389,0,66083453
1,rs4609402,0,66091216
1,rs4329483,0,66146592
1,rs17451216,0,66150234
1,rs1937445,0,66150600
1,rs2997091,0,66172223
1,rs12760902,0,66198839
1,rs1937464,0,66200949
1,rs4394619,0,66203384
1,rs12562632,0,66203605
1,rs2503198,0,66217209
1,rs2503196,0,66220111
1,rs1317611,0,66224365
1,rs2253745,0,66229832
1,rs7548579,0,66237546
1,rs6683044,0,66258324
1,rs12757542,0,66268696
1,rs2228692,0,66281702
1,rs1500950,0,66294859
1,rs12133853,0,66300368
1,rs6588185,0,66305316
1,rs7552924,0,66310996
1,rs1500958,0,66311634
1,rs1392817,0,66312044
1,rs11208794,0,66317169
1,rs12049155,0,66317656
1,rs7551528,0,66319533
1,rs1463884,0,66322691
1,rs11208797,0,66326733
1,rs12406476,0,66328380
1,rs2503161,0,66340579
1,rs10889604,0,66359817
1,rs17128424,0,66359995
1,rs539322,0,66362336
1,rs596662,0,66376463
1,rs2503166,0,66392166
1,rs953165,0,66401417
1,rs17128477,0,66406030
1,rs11805090,0,66407457
1,rs6656638,0,66418512
1,rs12135034,0,66418772
1,rs11208816,0,66435827
1,rs10454452,0,66444924
1,rs12037030,0,66459506
1,rs1416313,0,66460058
1,rs952635,0,66464473
1,rs6588190,0,66469956
1,rs1578040,0,66473490
1,rs2153116,0,66476467
1,rs4375240,0,66480295
1,rs6675559,0,66486850
1,rs529601,0,66524795
1,rs524770,0,66538810
1,rs499170,0,66539329
1,rs1556805,0,66557267
1,rs7522367,0,66561729
1,rs11208834,0,66561851
1,rs910693,0,66568836
1,rs3767308,0,66570199
1,rs6696880,0,66574083
1,rs12093599,0,66581440
1,rs1321177,0,66587659
1,rs4655836,0,66591491
1,rs7525321,0,66598532
1,rs783039,0,66601850
1,rs783068,0,66610447
1,rs783067,0,66611321
1,rs11589862,0,66625569
1,rs1999856,0,66629612
1,rs17469785,0,66629860
1,rs11208853,0,66650133
1,rs6667233,0,66685387
1,rs17128918,0,66693020
1,rs10493405,0,66693465
1,rs12116697,0,66693960
1,rs10889616,0,66701053
1,rs783322,0,66714218
1,rs11208871,0,66718882
1,rs17097241,0,66725349
1,rs17128965,0,66728179
1,rs17471738,0,66728739
1,rs9651196,0,66730293
1,rs12120794,0,66731511
1,rs2121053,0,66761087
1,rs1338198,0,66764148
1,rs17129027,0,66764408
1,rs1338203,0,66765201
1,rs1338208,0,66770321
1,rs1445578,0,66772691
1,rs1415984,0,66774705
1,rs4655616,0,66775353
1,rs17434186,0,66791143
1,rs1832417,0,66794792
1,rs10889627,0,66795931
1,rs17129124,0,66809624
1,rs1159851,0,66812831
1,rs6696973,0,66817252
1,rs6697088,0,66817312
1,rs6697365,0,66817422
1,rs1530491,0,66828037
1,rs41405244,0,66828300
1,rs41418445,0,66828386
1,rs41511845,0,66828525
1,rs12039282,0,66830911
1,rs11208917,0,66835973
1,rs6680006,0,66837990
1,rs6588207,0,66839143
1,rs12092996,0,66843126
1,rs3901541,0,66846024
1,rs7551301,0,66854386
1,rs11208923,0,66855030
1,rs7536188,0,66860514
1,rs17129198,0,66860638
1,rs4655643,0,66862687
1,rs5008753,0,66864836
1,rs11208934,0,66876963
1,rs1536112,0,66879813
1,rs17129244,0,66882067
1,rs7545674,0,66886305
1,rs6689451,0,66915440
1,rs7542924,0,66915643
1,rs11208946,0,66919227
1,rs2025596,0,66925737
1,rs1408852,0,66927916
1,rs7512401,0,66930036
1,rs16844,0,66933472
1,rs17129365,0,66947142
1,rs510771,0,66951234
1,rs523956,0,66960864
1,rs524114,0,66960923
1,rs2483704,0,66967941
1,rs473470,0,66977915
1,rs657808,0,66982406
1,rs1139219,0,66990813
1,rs506778,0,66995522
1,rs12727422,0,67007908
1,rs559809,0,67035336
1,rs4433364,0,67040926
1,rs1498349,0,67066651
1,rs1498350,0,67066731
1,rs6698076,0,67075891
1,rs2991356,0,67077894
1,rs576078,0,67092113
1,rs12045569,0,67098113
1,rs4655653,0,67104024
1,rs496070,0,67112392
1,rs1925404,0,67130184
1,rs1925409,0,67137677
1,rs3008892,0,67146146
1,rs2985822,0,67177498
1,rs3008871,0,67191677
1,rs2815349,0,67244868
1,rs11208993,0,67260535
1,rs12091194,0,67268316
1,rs2755251,0,67269013
1,rs2815363,0,67269809
1,rs7524757,0,67270466
1,rs2815380,0,67283445
1,rs2208577,0,67286162
1,rs2755259,0,67289610
1,rs4655513,0,67298659
1,rs2093335,0,67309679
1,rs10489632,0,67316822
1,rs4655675,0,67348663
1,rs17129664,0,67355886
1,rs6659421,0,67368689
1,rs7515029,0,67368960
1,rs4655683,0,67384201
1,rs11209008,0,67395886
1,rs11465757,0,67404498
1,rs2064689,0,67425598
1,rs17129700,0,67426677
1,rs1004819,0,67442801
1,rs11805303,0,67448104
1,rs12751814,0,67477451
1,rs11465822,0,67494671
1,rs10889675,0,67494804
1,rs2863209,0,67505934
1,rs12045232,0,67510947
1,rs11209045,0,67543387
1,rs17838100,0,67551490
1,rs2066446,0,67553705
1,rs6679356,0,67592782
1,rs3790567,0,67594965
1,rs4297265,0,67624923
1,rs6685568,0,67627885
1,rs2270614,0,67628609
1,rs6699474,0,67632203
1,rs3762313,0,67669547
1,rs12138671,0,67690502
1,rs10789232,0,67707554
1,rs12402022,0,67707765
1,rs6657603,0,67707898
1,rs6588263,0,67720134
1,rs7554654,0,67726269
1,rs11807464,0,67728772
1,rs1981252,0,67733217
1,rs11209088,0,67734531
1,rs12756945,0,67741799
1,rs11209099,0,67754716
1,rs11209101,0,67762279
1,rs6686812,0,67763948
1,rs6692344,0,67768702
1,rs12142258,0,67776216
1,rs10493425,0,67782715
1,rs6693292,0,67795756
1,rs4655733,0,67798226
1,rs9919329,0,67818862
1,rs11585171,0,67827935
1,rs11585173,0,67827981
1,rs787521,0,67828985
1,rs2246162,0,67830344
1,rs11577377,0,67833351
1,rs1749920,0,67833694
1,rs12040961,0,67836216
1,rs805112,0,67843363
1,rs9970835,0,67843784
1,rs17509614,0,67852642
1,rs787494,0,67858174
1,rs787492,0,67858501
1,rs787479,0,67869077
1,rs629112,0,67872982
1,rs12035497,0,67873001
1,rs11209131,0,67873557
1,rs12132307,0,67874131
1,rs344922,0,67887397
1,rs2941958,0,67896315
1,rs12748843,0,67900718
1,rs344933,0,67909486
1,rs344935,0,67910451
1,rs344916,0,67915207
1,rs488778,0,67919731
1,rs7414246,0,67933329
1,rs511041,0,67934377
1,rs41387349,0,67935749
1,rs12065976,0,67936696
1,rs621235,0,67939000
1,rs17531147,0,67959025
1,rs11805743,0,67961205
1,rs3766265,0,67970740
1,rs17531684,0,67982823
1,rs17130243,0,67996632
1,rs7530537,0,68003825
1,rs7542492,0,68003873
1,rs11209151,0,68011522
1,rs3766276,0,68012554
1,rs17474410,0,68039831
1,rs1276315,0,68040920
1,rs17474654,0,68049963
1,rs12091105,0,68051310
1,rs12239301,0,68055759
1,rs6656948,0,68058112
1,rs6666982,0,68060730
1,rs6679986,0,68060781
1,rs2246675,0,68063534
1,rs2246783,0,68063990
1,rs6686101,0,68077228
1,rs7515899,0,68080235
1,rs1317531,0,68089392
1,rs2419049,0,68102241
1,rs1938443,0,68105261
1,rs1938445,0,68107024
1,rs12144887,0,68116230
1,rs4548410,0,68128237
1,rs12073947,0,68136078
1,rs1317272,0,68136168
1,rs6588294,0,68144964
1,rs2419052,0,68156922
1,rs2419044,0,68193675
1,rs17130399,0,68195491
1,rs4437851,0,68200637
1,rs1926298,0,68214537
1,rs1926280,0,68221586
1,rs1926278,0,68226447
1,rs4271185,0,68229392
1,rs10789253,0,68232956
1,rs1926286,0,68240262
1,rs978312,0,68249124
1,rs17130432,0,68254090
1,rs11807500,0,68276114
1,rs11801053,0,68284759
1,rs12066319,0,68304822
1,rs594193,0,68332238
1,rs11209214,0,68339887
1,rs1337406,0,68346441
1,rs2033348,0,68347517
1,rs17130482,0,68351909
1,rs12726865,0,68352421
1,rs2435841,0,68354535
1,rs12741473,0,68354587
1,rs2988019,0,68355170
1,rs1367452,0,68358601
1,rs10158352,0,68360365
1,rs1017337,0,68362781
1,rs2820483,0,68367228
1,rs2820486,0,68371321
1,rs11804258,0,68372686
1,rs12062874,0,68372866
1,rs2820487,0,68374380
1,rs2566784,0,68375323
1,rs2566787,0,68378548
1,rs17130539,0,68397301
1,rs930145,0,68402118
1,rs2566759,0,68404380
1,rs2195682,0,68408331
1,rs4233320,0,68411039
1,rs1367444,0,68411568
1,rs12034358,0,68415157
1,rs2772300,0,68420614
1,rs891526,0,68424536
1,rs2820500,0,68431549
1,rs2116047,0,68434339
1,rs2566775,0,68451858
1,rs1411113,0,68484121
1,rs17130627,0,68485935
1,rs6686875,0,68491604
1,rs4655580,0,68493000
1,rs871569,0,68494447
1,rs12065581,0,68505407
1,rs885097,0,68505979
1,rs7529683,0,68514493
1,rs7546334,0,68523370
1,rs7541094,0,68536862
1,rs7541477,0,68537248
1,rs11209261,0,68557801
1,rs10159115,0,68562479
1,rs9436812,0,68594127
1,rs11209271,0,68602285
1,rs4508052,0,68604702
1,rs9436388,0,68607684
1,rs6664177,0,68646482
1,rs3125887,0,68657632
1,rs12403707,0,68659087
1,rs12564647,0,68669533
1,rs12030710,0,68672350
1,rs17130691,0,68678569
1,rs2038900,0,68681071
1,rs2148138,0,68684697
1,rs382422,0,68688711
1,rs436070,0,68691483
1,rs11589995,0,68701473
1,rs12119046,0,68716253
1,rs10789263,0,68721727
1,rs11586041,0,68726758
1,rs7554119,0,68738027
1,rs9887872,0,68760707
1,rs2147317,0,68762600
1,rs7551961,0,68771246
1,rs912499,0,68776170
1,rs2143586,0,68827117
1,rs12060239,0,68855030
1,rs2507179,0,68859285
1,rs2143585,0,68864471
1,rs2473789,0,68890046
1,rs2206779,0,68891293
1,rs11209336,0,68898716
1,rs9436845,0,68919498
1,rs860538,0,68926449
1,rs854285,0,68930778
1,rs9436848,0,68930982
1,rs854286,0,68956802
1,rs4926374,0,68965119
1,rs854284,0,68968250
1,rs17130790,0,68982428
1,rs12121638,0,68989653
1,rs864098,0,69009304
1,rs10493449,0,69016132
1,rs12082973,0,69027198
1,rs12760956,0,69035864
1,rs1492074,0,69063219
1,rs10493451,0,69065057
1,rs955842,0,69067611
1,rs12087676,0,69071008
1,rs12058557,0,69121376
1,rs4617455,0,69135870
1,rs11578193,0,69178631
1,rs13375505,0,69191724
1,rs10789276,0,69199864
1,rs1022013,0,69204632
1,rs12097254,0,69208067
1,rs1507853,0,69215252
1,rs11577703,0,69215469
1,rs13376253,0,69227085
1,rs2842038,0,69253499
1,rs2494922,0,69263748
1,rs1876466,0,69264867
1,rs2842043,0,69291359
1,rs2661474,0,69292006
1,rs1507859,0,69297513
1,rs906474,0,69299139
1,rs2784826,0,69380734
1,rs10889800,0,69392463
1,rs17130880,0,69403731
1,rs12081345,0,69404713
1,rs1360931,0,69419051
1,rs6424387,0,69458907
1,rs2791211,0,69496353
1,rs10789279,0,69531268
1,rs6665704,0,69531526
1,rs6681085,0,69534760
1,rs720233,0,69552025
1,rs2815466,0,69562168
1,rs2815437,0,69597422
1,rs616933,0,69616259
1,rs1962491,0,69619222
1,rs12043869,0,69620179
1,rs10399660,0,69646287
1,rs12045936,0,69659480
1,rs4650278,0,69676967
1,rs9326089,0,69681998
1,rs12042471,0,69682062
1,rs17495923,0,69688184
1,rs12062616,0,69698399
1,rs17130976,0,69700937
1,rs10789294,0,69712127
1,rs1952142,0,69721442
1,rs1341794,0,69732787
1,rs11209478,0,69737769
1,rs6424551,0,69766296
1,rs11209490,0,69777287
1,rs10889836,0,69782913
1,rs1749459,0,69812493
1,rs6664878,0,69820857
1,rs1245054,0,69825049
1,rs1245049,0,69828813
1,rs1245047,0,69829889
1,rs12564056,0,69833436
1,rs4650296,0,69835847
1,rs1361613,0,69837153
1,rs1623673,0,69840556
1,rs1749499,0,69851216
1,rs1773337,0,69853184
1,rs11809230,0,69857385
1,rs2764530,0,69860987
1,rs1341778,0,69861331
1,rs1572984,0,69868484
1,rs6662257,0,69869844
1,rs1264408,0,69884624
1,rs1145922,0,69886977
1,rs12022970,0,69921347
1,rs7540094,0,69927597
1,rs2050858,0,69931226
1,rs35004439,0,69963097
1,rs12736836,0,69969989
1,rs2007721,0,69975655
1,rs17397693,0,69980256
1,rs1340769,0,69992524
1,rs7523521,0,69997928
1,rs12407496,0,69998713
1,rs1938580,0,70061235
1,rs11809203,0,70092857
1,rs2211659,0,70108574
1,rs4623650,0,70116262
1,rs6704345,0,70130665
1,rs6694951,0,70130826
1,rs12032656,0,70132802
1,rs10889862,0,70138002
1,rs17131093,0,70191677
1,rs1327881,0,70192249
1,rs984950,0,70232474
1,rs12032155,0,70242177
1,rs12035691,0,70257860
1,rs2291777,0,70266804
1,rs6674401,0,70271961
1,rs17131142,0,70272500
1,rs17507386,0,70272731
1,rs631167,0,70294502
1,rs10493469,0,70294667
1,rs17131175,0,70310531
1,rs10493470,0,70315514
1,rs10493471,0,70315937
1,rs668525,0,70323927
1,rs12748551,0,70339569
1,rs17131217,0,70355538
1,rs12026267,0,70356096
1,rs621996,0,70356477
1,rs12062363,0,70367116
1,rs6690916,0,70371882
1,rs4650029,0,70373614
1,rs11209591,0,70377555
1,rs3767214,0,70387729
1,rs587567,0,70392917
1,rs36026575,0,70398008
1,rs12139863,0,70407173
1,rs3767210,0,70424567
1,rs7533067,0,70426666
1,rs270495,0,70427538
1,rs3767209,0,70452801
1,rs6689985,0,70495935
1,rs156107,0,70499385
1,rs2068176,0,70499708
1,rs269276,0,70504473
1,rs269275,0,70505099
1,rs269273,0,70506775
1,rs269271,0,70510446
1,rs270486,0,70514776
1,rs190607,0,70515378
1,rs6681604,0,70521238
1,rs4612579,0,70528099
1,rs6667317,0,70534073
1,rs11209600,0,70537291
1,rs12135469,0,70538247
1,rs4650037,0,70545220
1,rs12141753,0,70550850
1,rs11801679,0,70557499
1,rs12036256,0,70591164
1,rs4650041,0,70593895
1,rs998522,0,70598504
1,rs6661178,0,70604641
1,rs7549628,0,70643687
1,rs648743,0,70648367
1,rs501939,0,70654501
1,rs6413471,0,70659771
1,rs12723350,0,70660689
1,rs555671,0,70686314
1,rs11209624,0,70712114
1,rs9988559,0,70718472
1,rs17131317,0,70720334
1,rs484107,0,70726848
1,rs662640,0,70735064
1,rs574466,0,70738862
1,rs2651237,0,70761270
1,rs583567,0,70766688
1,rs17131783,0,70770399
1,rs6686121,0,70771374
1,rs2780749,0,70775091
1,rs9425029,0,70784433
1,rs4546874,0,70787126
1,rs12410598,0,70792592
1,rs9424947,0,70793663
1,rs7528975,0,70796534
1,rs4233084,0,70796600
1,rs4311837,0,70796726
1,rs12043275,0,70798849
1,rs4649923,0,70800739
1,rs12117246,0,70808092
1,rs11209645,0,70819366
1,rs1537680,0,70858485
1,rs11209654,0,70859493
1,rs6679736,0,70873672
1,rs1413950,0,70874708
1,rs9633289,0,70877919
1,rs11209660,0,70878669
1,rs12073510,0,70892514
1,rs17131408,0,70924406
1,rs2820526,0,70926302
1,rs1334997,0,70926705
1,rs17131420,0,70945797
1,rs2152130,0,70948387
1,rs12048393,0,70951577
1,rs2782788,0,70959302
1,rs2421787,0,70968126
1,rs12563671,0,70983293
1,rs12070643,0,70985341
1,rs12033260,0,70993271
1,rs11209689,0,71002225
1,rs12080803,0,71013209
1,rs2258812,0,71016067
1,rs2258875,0,71017730
1,rs1536536,0,71019256
1,rs11799545,0,71023901
1,rs11209692,0,71030781
1,rs1409976,0,71046127
1,rs11803673,0,71055706
1,rs11209700,0,71061249
1,rs11209702,0,71061487
1,rs1409988,0,71064413
1,rs2182707,0,71067130
1,rs6676372,0,71069798
1,rs12067572,0,71078286
1,rs2182324,0,71081710
1,rs2148151,0,71082127
1,rs766433,0,71086812
1,rs12096600,0,71090768
1,rs1325949,0,71109781
1,rs2421805,0,71112336
1,rs11805293,0,71122636
1,rs1409981,0,71125458
1,rs6683228,0,71125723
1,rs17131478,0,71130025
1,rs4998697,0,71130778
1,rs17131481,0,71132738
1,rs6686947,0,71147444
1,rs17090695,0,71193875
1,rs5694,0,71212613
1,rs3819783,0,71215214
1,rs484538,0,71215271
1,rs647921,0,71220381
1,rs9424958,0,71223351
1,rs2050066,0,71227723
1,rs11801026,0,71227965
1,rs6424414,0,71228058
1,rs1883460,0,71231446
1,rs2268055,0,71237880
1,rs12130153,0,71244463
1,rs2300168,0,71246379
1,rs9425055,0,71313591
1,rs10128001,0,71317427
1,rs17090804,0,71321548
1,rs10518356,0,71336573
1,rs12038830,0,71363465
1,rs17090955,0,71442869
1,rs1009311,0,71443929
1,rs7513433,0,71452267
1,rs747805,0,71479960
1,rs6673749,0,71507200
1,rs11811835,0,71537178
1,rs12144647,0,71550263
1,rs1121355,0,71555045
1,rs12404030,0,71555792
1,rs12751629,0,71565809
1,rs12123586,0,71642715
1,rs11806447,0,71650486
1,rs11209781,0,71651509
1,rs7535357,0,71685798
1,rs357245,0,71716149
1,rs1112456,0,71724343
1,rs11209788,0,71737102
1,rs357200,0,71742102
1,rs357202,0,71751361
1,rs17091316,0,71765118
1,rs357241,0,71777090
1,rs11801002,0,71794818
1,rs2783050,0,71806671
1,rs9919188,0,71811511
1,rs10889921,0,71818214
1,rs641226,0,71827277
1,rs1334005,0,71830993
1,rs10493485,0,71843717
1,rs605349,0,71844883
1,rs10493486,0,71852486
1,rs10889922,0,71857135
1,rs7529884,0,71863316
1,rs637576,0,71866350
1,rs10889923,0,71871749
1,rs10889925,0,71912987
1,rs1350645,0,71939203
1,rs11209829,0,71950005
1,rs4147264,0,71979387
1,rs6671557,0,71992909
1,rs1870525,0,72004671
1,rs11584866,0,72028565
1,rs1158573,0,72040142
1,rs1318907,0,72057193
1,rs1350648,0,72060454
1,rs1814054,0,72060609
1,rs1814055,0,72060679
1,rs508954,0,72062691
1,rs12119234,0,72070354
1,rs1426179,0,72103012
1,rs17091873,0,72109501
1,rs516876,0,72122191
1,rs11209865,0,72134926
1,rs7527501,0,72164045
1,rs7550950,0,72167029
1,rs2768395,0,72174618
1,rs3909666,0,72175082
1,rs2256913,0,72175468
1,rs1574837,0,72178344
1,rs7544722,0,72179997
1,rs5018913,0,72197925
1,rs10493489,0,72211054
1,rs10518394,0,72214606
1,rs6666863,0,72228438
1,rs10493490,0,72234951
1,rs1954600,0,72241736
1,rs11209888,0,72246702
1,rs1486113,0,72253377
1,rs12407394,0,72253593
1,rs2821282,0,72277980
1,rs2630388,0,72280719
1,rs1486090,0,72280884
1,rs4348675,0,72288305
1,rs975480,0,72290516
1,rs1486096,0,72356772
1,rs17589316,0,72391927
1,rs12124523,0,72394051
1,rs12726084,0,72421742
1,rs11209935,0,72422842
1,rs10493494,0,72443492
1,rs9699942,0,72454423
1,rs12125336,0,72465218
1,rs10159193,0,72468843
1,rs1194269,0,72476448
1,rs1026566,0,72481630
1,rs17092516,0,72503973
1,rs12137231,0,72508046
1,rs17131762,0,72512541
1,rs3101338,0,72522941
1,rs11209949,0,72589343
1,rs17526561,0,72590814
1,rs2613504,0,72608328
1,rs12139940,0,72647649
1,rs290703,0,72648874
1,rs10789339,0,72657300
1,rs1822979,0,72723932
1,rs813004,0,72727199
1,rs7551627,0,72733119
1,rs782224,0,72736700
1,rs1445590,0,72753108
1,rs782234,0,72756066
1,rs12060746,0,72759817
1,rs1664373,0,72787230
1,rs895281,0,72793831
1,rs2255459,0,72804951
1,rs2245342,0,72814132
1,rs17545392,0,72827856
1,rs10889966,0,72837346
1,rs4498754,0,72848011
1,rs4620479,0,72855127
1,rs12084200,0,72856809
1,rs4465149,0,72860746
1,rs12145832,0,72867977
1,rs12029382,0,72871120
1,rs11209988,0,72872643
1,rs12128913,0,72875057
1,rs6678126,0,72881854
1,rs4650146,0,72889079
1,rs12066256,0,72893934
1,rs11210010,0,72903976
1,rs10493507,0,72907260
1,rs12406649,0,72914765
1,rs12079925,0,72919023
1,rs10889985,0,72934819
1,rs8179316,0,72935060
1,rs2255225,0,72959799
1,rs12730861,0,72996613
1,rs11210056,0,73015065
1,rs12117265,0,73023742
1,rs486916,0,73060714
1,rs12128497,0,73150625
1,rs4579707,0,73169115
1,rs4650167,0,73178804
1,rs11210096,0,73194838
1,rs12724536,0,73219292
1,rs11210103,0,73232365
1,rs12078806,0,73237264
1,rs4523479,0,73362478
1,rs6674404,0,73404220
1,rs12126688,0,73415074
1,rs4650197,0,73415580
1,rs12069039,0,73430673
1,rs7522520,0,73437151
1,rs4480304,0,73472012
1,rs12030954,0,73487302
1,rs4625235,0,73492011
1,rs12061680,0,73550966
1,rs1923229,0,73622471
1,rs12120482,0,73622481
1,rs6671002,0,73624340
1,rs1249588,0,73633761
1,rs1572669,0,73636450
1,rs7543202,0,73645473
1,rs11210242,0,73670397
1,rs4350155,0,73684008
1,rs11210252,0,73692261
1,rs1361245,0,73712946
1,rs12124740,0,73738664
1,rs7545661,0,73749076
1,rs11210274,0,73755661
1,rs959414,0,73798702
1,rs12120813,0,73814316
1,rs11210305,0,73848399
1,rs7524524,0,73869594
1,rs6680131,0,73878694
1,rs17094112,0,73880233
1,rs1329985,0,73880916
1,rs4606267,0,73885471
1,rs4335326,0,73909581
1,rs4617355,0,73911353
1,rs1497853,0,73912384
1,rs2221052,0,73919888
1,rs4478768,0,73923678
1,rs2880289,0,73923904
1,rs11576660,0,73936030
1,rs1909067,0,73942599
1,rs10890067,0,73957795
1,rs2030021,0,73976736
1,rs11210343,0,73993384
1,rs2133001,0,73997318
1,rs2342213,0,74031260
1,rs1353671,0,74033441
1,rs1340429,0,74036816
1,rs826369,0,74052223
1,rs2016423,0,74070842
1,rs7523081,0,74100295
1,rs41375047,0,74100858
1,rs11807202,0,74103559
1,rs1979216,0,74111563
1,rs17094530,0,74116979
1,rs17579506,0,74117298
1,rs1551391,0,74118050
1,rs1630122,0,74134597
1,rs12747535,0,74136576
1,rs1340434,0,74138234
1,rs2603541,0,74190330
1,rs11803265,0,74193649
1,rs4556311,0,74234416
1,rs11210394,0,74236695
1,rs17094867,0,74330748
1,rs7535929,0,74332590
1,rs982792,0,74341255
1,rs1601153,0,74365349
1,rs10493529,0,74396036
1,rs1333032,0,74417042
1,rs10789390,0,74426770
1,rs12027644,0,74444582
1,rs485929,0,74450873
1,rs481387,0,74483038
1,rs576802,0,74496884
1,rs514012,0,74509669
1,rs485414,0,74522030
1,rs4333810,0,74541855
1,rs512920,0,74571856
1,rs3765663,0,74577421
1,rs12120640,0,74594425
1,rs1527683,0,74595525
1,rs6698326,0,74608742
1,rs699843,0,74647059
1,rs7517677,0,74652777
1,rs10890127,0,74655409
1,rs925643,0,74665033
1,rs17095295,0,74668489
1,rs1341573,0,74669404
1,rs12087130,0,74702278
1,rs3765674,0,74710337
1,rs507181,0,74712158
1,rs3819944,0,74730284
1,rs952787,0,74744745
1,rs11210470,0,74751565
1,rs1514175,0,74764232
1,rs7551507,0,74767813
1,rs3845345,0,74775255
1,rs11210478,0,74780999
1,rs10890133,0,74791276
1,rs2344505,0,74797526
1,rs9326116,0,74809400
1,rs9661135,0,74822891
1,rs696699,0,74840649
1,rs10890137,0,74843591
1,rs696702,0,74844626
1,rs699853,0,74857519
1,rs11210489,0,74869027
1,rs1424667,0,74877075
1,rs17095700,0,74886622
1,rs730645,0,74890760
1,rs562916,0,74899960
1,rs10789400,0,74912887
1,rs17095738,0,74918645
1,rs17095739,0,74920428
1,rs575533,0,74928245
1,rs12239097,0,74928845
1,rs484649,0,74929253
1,rs12563489,0,74929480
1,rs1424665,0,74931827
1,rs17459,0,74944339
1,rs4650281,0,74945639
1,rs3819946,0,74948474
1,rs17095826,0,74948605
1,rs1424669,0,74974837
1,rs452242,0,74998213
1,rs277370,0,75007670
1,rs277371,0,75009418
1,rs7547190,0,75025352
1,rs927904,0,75032916
1,rs17554331,0,75041872
1,rs1409781,0,75043660
1,rs12145183,0,75045068
1,rs12738201,0,75048337
1,rs277391,0,75054852
1,rs12138237,0,75056152
1,rs277362,0,75060532
1,rs277355,0,75063372
1,rs1146405,0,75068080
1,rs2881303,0,75124787
1,rs6664850,0,75124915
1,rs7367789,0,75129682
1,rs1327098,0,75134581
1,rs12035100,0,75179018
1,rs12039557,0,75186009
1,rs17562479,0,75200365
1,rs12021751,0,75206987
1,rs11577725,0,75209445
1,rs2346344,0,75219251
1,rs11579822,0,75222557
1,rs12029502,0,75223791
1,rs10493550,0,75232921
1,rs460002,0,75237141
1,rs696676,0,75251751
1,rs17621530,0,75257513
1,rs7531164,0,75261025
1,rs11587276,0,75262482
1,rs3845360,0,75271083
1,rs279713,0,75272847
1,rs1581586,0,75274602
1,rs12065452,0,75296045
1,rs11162482,0,75319858
1,rs6593566,0,75335879
1,rs6691042,0,75354266
1,rs6663002,0,75360138
1,rs12732329,0,75383231
1,rs2204560,0,75385124
1,rs12138223,0,75387614
1,rs12142460,0,75390964
1,rs941032,0,75395204
1,rs1405310,0,75399916
1,rs17096318,0,75404216
1,rs17096320,0,75404869
1,rs17565565,0,75409559
1,rs6593568,0,75410507
1,rs12132601,0,75443803
1,rs1405311,0,75447635
1,rs627494,0,75459334
1,rs10493564,0,75472234
1,rs616827,0,75475797
1,rs647924,0,75486799
1,rs588098,0,75489513
1,rs648239,0,75505220
1,rs694025,0,75530754
1,rs10493572,0,75568187
1,rs11163185,0,75582352
1,rs7522308,0,75593381
1,rs1249808,0,75611733
1,rs2347214,0,75613626
1,rs1249811,0,75635677
1,rs17584320,0,75652181
1,rs17096860,0,75665668
1,rs1249786,0,75666700
1,rs3845363,0,75669643
1,rs1857354,0,75675536
1,rs2347218,0,75683701
1,rs2587031,0,75684357
1,rs2799050,0,75684588
1,rs2587042,0,75688361
1,rs11163494,0,75731941
1,rs1739902,0,75760058
1,rs2347537,0,75763787
1,rs211699,0,75797591
1,rs211706,0,75802445
1,rs182411,0,75822485
1,rs11163827,0,75857708
1,rs4949870,0,75864780
1,rs211719,0,75878345
1,rs699680,0,75942363
1,rs10157727,0,75950582
1,rs1250876,0,75965820
1,rs1250880,0,75969190
1,rs1146586,0,76000562
1,rs1146600,0,76010511
1,rs1146603,0,76012288
1,rs1146606,0,76013288
1,rs1146607,0,76013356
1,rs6696513,0,76027700
1,rs17097543,0,76033243
1,rs1146646,0,76038088
1,rs5745341,0,76046349
1,rs5745343,0,76046393
1,rs5745347,0,76047108
1,rs12122939,0,76048941
1,rs7547056,0,76051855
1,rs5745425,0,76103726
1,rs5745433,0,76105751
1,rs3765682,0,76105760
1,rs6699682,0,76112711
1,rs2307077,0,76118228
1,rs5745536,0,76135948
1,rs11161848,0,76140310
1,rs10873797,0,76149779
1,rs1628063,0,76164234
1,rs3795251,0,76170560
1,rs12732495,0,76171794
1,rs1251588,0,76193333
1,rs17097754,0,76206711
1,rs1251539,0,76208848
1,rs1251549,0,76216467
1,rs12081931,0,76216834
1,rs9943136,0,76218779
1,rs1251567,0,76226445
1,rs12140121,0,76227589
1,rs1770878,0,76228917
1,rs10518521,0,76233802
1,rs12122440,0,76249795
1,rs946162,0,76251342
1,rs12126074,0,76253027
1,rs17598972,0,76259696
1,rs10493577,0,76261811
1,rs10493578,0,76262822
1,rs1251493,0,76290696
1,rs1251467,0,76309237
1,rs1335740,0,76318553
1,rs1144345,0,76322563
1,rs12123760,0,76325871
1,rs289692,0,76328880
1,rs10493583,0,76343514
1,rs1631357,0,76345678
1,rs11162084,0,76361690
1,rs17098150,0,76372448
1,rs12140157,0,76373083
1,rs289701,0,76374713
1,rs12064337,0,76381279
1,rs387214,0,76395734
1,rs425110,0,76398335
1,rs11162091,0,76399120
1,rs409936,0,76413686
1,rs923246,0,76431048
1,rs10493585,0,76432480
1,rs2631793,0,76436008
1,rs17098341,0,76441058
1,rs1486931,0,76459003
1,rs17098434,0,76470700
1,rs501426,0,76493752
1,rs6593525,0,76499595
1,rs4949624,0,76505205
1,rs17098511,0,76506115
1,rs1360878,0,76521676
1,rs4607942,0,76523016
1,rs10873876,0,76544916
1,rs3884182,0,76546789
1,rs11809814,0,76553728
1,rs3904686,0,76554164
1,rs12046510,0,76555422
1,rs4611076,0,76555979
1,rs6664579,0,76562699
1,rs12744209,0,76563598
1,rs4628548,0,76563751
1,rs1325287,0,76594964
1,rs4364924,0,76605789
1,rs11162133,0,76611507
1,rs9437435,0,76619352
1,rs1359468,0,76623723
1,rs1325293,0,76634893
1,rs34921779,0,76641979
1,rs11162148,0,76643287
1,rs10218698,0,76643527
1,rs17098940,0,76650685
1,rs17098996,0,76678081
1,rs4304640,0,76682500
1,rs10873889,0,76734548
1,rs6660107,0,76738881
1,rs407271,0,76746912
1,rs425149,0,76770433
1,rs41509344,0,76793078
1,rs170261,0,76793391
1,rs7544201,0,76804404
1,rs315028,0,76814840
1,rs2574775,0,76841816
1,rs163603,0,76847836
1,rs180467,0,76851613
1,rs341025,0,76852653
1,rs1498372,0,76863963
1,rs10873894,0,76865599
1,rs10518531,0,76871826
1,rs2349044,0,76877361
1,rs520903,0,76885012
1,rs1909189,0,76899410
1,rs11162186,0,76902818
1,rs12723060,0,76907721
1,rs628482,0,76907932
1,rs10873899,0,76918761
1,rs17099448,0,76921007
1,rs681968,0,76925450
1,rs11162192,0,76937118
1,rs489723,0,76942605
1,rs526256,0,76953751
1,rs12041811,0,76956348
1,rs7552200,0,76959562
1,rs649328,0,76962598
1,rs1391554,0,76969969
1,rs1546213,0,76985430
1,rs17376644,0,76996595
1,rs11578253,0,77037648
1,rs4526656,0,77055155
1,rs4949749,0,77060116
1,rs12091499,0,77088606
1,rs1004878,0,77097228
1,rs1522618,0,77105215
1,rs10449705,0,77128739
1,rs1766285,0,77160219
1,rs17099716,0,77165772
1,rs9658903,0,77166890
1,rs1146669,0,77175942
1,rs3113986,0,77180435
1,rs1252597,0,77182312
1,rs17099761,0,77186448
1,rs2177192,0,77199522
1,rs858603,0,77200961
1,rs12065122,0,77245669
1,rs199679,0,77260005
1,rs199689,0,77267267
1,rs12023405,0,77281339
1,rs199724,0,77304368
1,rs2036444,0,77330946
1,rs4949766,0,77342077
1,rs12093471,0,77350689
1,rs839837,0,77365674
1,rs12760157,0,77366752
1,rs2055479,0,77370385
1,rs839833,0,77392350
1,rs4546965,0,77413748
1,rs12723684,0,77457630
1,rs12132703,0,77511345
1,rs11162307,0,77514382
1,rs7534033,0,77521910
1,rs7517698,0,77521951
1,rs1779173,0,77522115
1,rs2602945,0,77523530
1,rs1167201,0,77526948
1,rs10493536,0,77528815
1,rs17100231,0,77533928
1,rs1721166,0,77538088
1,rs10493603,0,77541366
1,rs17378915,0,77576830
1,rs2054017,0,77583700
1,rs6672375,0,77590731
1,rs1377733,0,77592331
1,rs4949653,0,77595107
1,rs11162323,0,77598066
1,rs2054020,0,77600740
1,rs12565558,0,77601253
1,rs11162326,0,77609077
1,rs17100475,0,77612068
1,rs10873934,0,77613954
1,rs2602939,0,77614010
1,rs11808966,0,77618731
1,rs6603942,0,77619067
1,rs17100499,0,77623365
1,rs11162334,0,77638359
1,rs10518553,0,77643070
1,rs2882289,0,77644730
1,rs12069838,0,77647315
1,rs2647514,0,77662093
1,rs6675781,0,77668668
1,rs2803149,0,77671198
1,rs1498403,0,77673127
1,rs12048207,0,77700231
1,rs10782651,0,77706923
1,rs2647503,0,77712006
1,rs6695572,0,77718223
1,rs1909203,0,77725257
1,rs6684022,0,77726048
1,rs9324162,0,77727392
1,rs7536307,0,77730636
1,rs12040471,0,77740989
1,rs17380796,0,77748705
1,rs1353727,0,77756252
1,rs2647491,0,77766745
1,rs7545544,0,77771352
1,rs2803168,0,77772534
1,rs7551211,0,77775673
1,rs6696083,0,77779078
1,rs1565850,0,77788642
1,rs12074409,0,77790772
1,rs3767030,0,77797637
1,rs4949811,0,77798042
1,rs7546605,0,77852378
1,rs6603956,0,77855723
1,rs7513619,0,77856359
1,rs6678622,0,77865067
1,rs17100848,0,77879131
1,rs371076,0,77895089
1,rs17100891,0,77905567
1,rs278858,0,77909180
1,rs6603957,0,77910470
1,rs203229,0,77922529
1,rs7550587,0,77956705
1,rs12142671,0,77956913
1,rs17100944,0,77969598
1,rs12030080,0,77970910
1,rs6687501,0,77976107
1,rs12733153,0,77979727
1,rs12128041,0,77981793
1,rs17098297,0,77987980
1,rs717333,0,77991778
1,rs17100986,0,78005013
1,rs2147318,0,78015226
1,rs12736874,0,78032506
1,rs7525870,0,78041795
1,rs34347610,0,78047958
1,rs12038424,0,78049973
1,rs6700924,0,78055571
1,rs10873955,0,78056799
1,rs6604876,0,78061550
1,rs6604877,0,78061633
1,rs11805151,0,78063855
1,rs7523258,0,78065506
1,rs6666107,0,78076263
1,rs6679645,0,78076362
1,rs6604878,0,78078371
1,rs7417104,0,78085376
1,rs7410814,0,78086851
1,rs7547599,0,78091468
1,rs12734379,0,78094663
1,rs2154138,0,78103392
1,rs9662129,0,78146504
1,rs9729146,0,78160693
1,rs9659938,0,78169214
1,rs1780047,0,78176444
1,rs2296452,0,78199071
1,rs17387365,0,78210726
1,rs12401738,0,78219349
1,rs7528905,0,78228943
1,rs6656888,0,78253633
1,rs12125903,0,78295213
1,rs661038,0,78315419
1,rs11162413,0,78319686
1,rs631045,0,78330102
1,rs630245,0,78330252
1,rs6661711,0,78335201
1,rs812097,0,78338822
1,rs642248,0,78376434
1,rs558643,0,78383723
1,rs627493,0,78415963
1,rs618063,0,78450236
1,rs12406019,0,78450718
1,rs11806671,0,78460458
1,rs681907,0,78464601
1,rs11802334,0,78506154
1,rs12566056,0,78507835
1,rs1417102,0,78512614
1,rs2078015,0,78513895
1,rs34952371,0,78524243
1,rs2352038,0,78583823
1,rs1410505,0,78588387
1,rs7533564,0,78598500
1,rs575007,0,78653637
1,rs2224674,0,78675310
1,rs1543675,0,78719467
1,rs1322934,0,78736025
1,rs6701594,0,78749158
1,rs4261075,0,78755551
1,rs538976,0,78759362
1,rs3766343,0,78764767
1,rs4650582,0,78799993
1,rs1333975,0,78807775
1,rs12045281,0,78810169
1,rs1023253,0,78824457
1,rs10449706,0,78831496
1,rs12068468,0,78837640
1,rs11162519,0,78852154
1,rs273245,0,78862988
1,rs6665701,0,78865110
1,rs12037966,0,78876272
1,rs10493610,0,78887082
1,rs17394028,0,78890301
1,rs11577395,0,78900908
1,rs7530143,0,78905979
1,rs41423151,0,78914988
1,rs6691836,0,78915780
1,rs17102028,0,78916534
1,rs6695058,0,78919497
1,rs17102054,0,78921233
1,rs7517942,0,78932107
1,rs6424785,0,78942596
1,rs17395034,0,78951318
1,rs10493615,0,78953258
1,rs1780747,0,78954004
1,rs1780746,0,78955149
1,rs17399479,0,78959979
1,rs17102156,0,78961742
1,rs7531774,0,78962515
1,rs7415230,0,78963494
1,rs4650599,0,78968522
1,rs992486,0,78970212
1,rs992485,0,78970355
1,rs1751508,0,78970571
1,rs1751507,0,78971235
1,rs1780726,0,78977958
1,rs12138788,0,78978353
1,rs6424795,0,78984803
1,rs1625911,0,78987813
1,rs6687530,0,79011822
1,rs12034709,0,79045248
1,rs41322946,0,79071675
1,rs17102309,0,79078787
1,rs1248482,0,79092221
1,rs1248483,0,79093035
1,rs17102325,0,79094966
1,rs2171714,0,79103113
1,rs931413,0,79121094
1,rs12037077,0,79122952
1,rs17102358,0,79123930
1,rs1261980,0,79126243
1,rs11162573,0,79135655
1,rs12142366,0,79152758
1,rs12754818,0,79165344
1,rs1352555,0,79175923
1,rs1542713,0,79190208
1,rs17413911,0,79192027
1,rs7527803,0,79223603
1,rs1571991,0,79244547
1,rs4650627,0,79246223
1,rs7535544,0,79251077
1,rs10874005,0,79255481
1,rs2065485,0,79257304
1,rs6693037,0,79258599
1,rs41397248,0,79259542
1,rs11585415,0,79259808
1,rs3908735,0,79260187
1,rs11807825,0,79266524
1,rs1332819,0,79280416
1,rs7535197,0,79289564
1,rs4650387,0,79296223
1,rs12077095,0,79313859
1,rs12760876,0,79322866
1,rs7531214,0,79328625
1,rs10874011,0,79338195
1,rs1332837,0,79342097
1,rs11162632,0,79352980
1,rs17449554,0,79380102
1,rs2046622,0,79382731
1,rs17102848,0,79384665
1,rs228535,0,79438741
1,rs17102971,0,79474547
1,rs228468,0,79479368
1,rs7520601,0,79501015
1,rs10489650,0,79503341
1,rs6671217,0,79542647
1,rs1412133,0,79569554
1,rs11162694,0,79589712
1,rs2989852,0,79595323
1,rs6686663,0,79607654
1,rs11581855,0,79624077
1,rs3015049,0,79626296
1,rs7539866,0,79658871
1,rs11801785,0,79698992
1,rs11802989,0,79706600
1,rs12754109,0,79716748
1,rs12727530,0,79734336
1,rs1389944,0,79737411
1,rs3000142,0,79739426
1,rs17103311,0,79746027
1,rs3015020,0,79749431
1,rs1389942,0,79757336
1,rs12061153,0,79761656
1,rs3000140,0,79773236
1,rs1603130,0,79798816
1,rs11162735,0,79803288
1,rs2016809,0,79807272
1,rs12027575,0,79814433
1,rs11586640,0,79838847
1,rs10465729,0,79842039
1,rs1479737,0,79848408
1,rs12138392,0,79870594
1,rs17421310,0,79886059
1,rs12239226,0,79892030
1,rs1339789,0,79892208
1,rs11162773,0,79892322
1,rs11162776,0,79897101
1,rs6662701,0,79898829
1,rs11579043,0,79904582
1,rs17103565,0,79906791
1,rs2000021,0,79911701
1,rs11162785,0,79921445
1,rs5010880,0,79922393
1,rs10874059,0,79922834
1,rs11162787,0,79923137
1,rs11162790,0,79925187
1,rs1524174,0,79931809
1,rs12086398,0,79932557
1,rs11162797,0,79944859
1,rs2388919,0,79949491
1,rs11162804,0,79952336
1,rs1524181,0,79953667
1,rs6424669,0,79963454
1,rs7539380,0,79965153
1,rs6672282,0,79972153
1,rs17456724,0,79973037
1,rs1404064,0,79976296
1,rs10874067,0,79980354
1,rs10493649,0,79980647
1,rs7543390,0,79991162
1,rs11162813,0,79999472
1,rs7517325,0,79999498
1,rs11162815,0,80005958
1,rs12119501,0,80009840
1,rs952309,0,80011215
1,rs12023389,0,80015186
1,rs12024204,0,80015589
1,rs17458029,0,80024356
1,rs11162825,0,80040399
1,rs12086337,0,80056007
1,rs10493644,0,80056276
1,rs17425287,0,80058999
1,rs12022475,0,80075562
1,rs17103806,0,80076536
1,rs12145946,0,80077620
1,rs12120609,0,80078696
1,rs6424675,0,80097438
1,rs1810738,0,80142448
1,rs1992194,0,80153428
1,rs17469105,0,80157016
1,rs12046238,0,80183676
1,rs7524563,0,80189575
1,rs10493634,0,80215063
1,rs11579554,0,80216737
1,rs6660164,0,80222072
1,rs10493633,0,80227152
1,rs1041705,0,80236125
1,rs4650447,0,80256759
1,rs12033113,0,80279510
1,rs10874109,0,80279546
1,rs2152391,0,80281442
1,rs10493657,0,80285441
1,rs10493658,0,80286294
1,rs12120142,0,80286435
1,rs7549131,0,80287084
1,rs6424682,0,80287132
1,rs6699329,0,80287361
1,rs11162915,0,80303364
1,rs10493660,0,80303851
1,rs981126,0,80304382
1,rs1572347,0,80309386
1,rs1414410,0,80310760
1,rs1414411,0,80310777
1,rs4308931,0,80339591
1,rs17104375,0,80353012
1,rs4418540,0,80358588
1,rs12144259,0,80380674
1,rs11810657,0,80392150
1,rs7531585,0,80432929
1,rs2841634,0,80447605
1,rs1776307,0,80460037
1,rs2797654,0,80461926
1,rs9425214,0,80473388
1,rs1687816,0,80507141
1,rs12759041,0,80509112
1,rs1954338,0,80514263
1,rs1776290,0,80521949
1,rs2185837,0,80524477
1,rs1416467,0,80531316
1,rs17104602,0,80531549
1,rs7412523,0,80533061
1,rs11576485,0,80554856
1,rs17435246,0,80558112
1,rs2154297,0,80564296
1,rs10493662,0,80581622
1,rs12080711,0,80586914
1,rs3014987,0,80595625
1,rs17104728,0,80616434
1,rs10157705,0,80617632
1,rs12564463,0,80627303
1,rs1549556,0,80631082
1,rs6680065,0,80642322
1,rs1896251,0,80661396
1,rs7554980,0,80721581
1,rs10493667,0,80737055
1,rs12028210,0,80752126
1,rs242294,0,80755220
1,rs17105040,0,80801767
1,rs17105045,0,80803316
1,rs6658764,0,80858587
1,rs7552365,0,80859763
1,rs2800878,0,80862970
1,rs12068786,0,80877874
1,rs10493672,0,80884381
1,rs1298129,0,80903048
1,rs11163077,0,80907932
1,rs11163078,0,80908806
1,rs6688321,0,80912970
1,rs17105337,0,80915676
1,rs1936934,0,80917846
1,rs6698422,0,80929071
1,rs841671,0,80929437
1,rs12067488,0,80931460
1,rs1832331,0,80933925
1,rs11163088,0,80935702
1,rs1361099,0,80944354
1,rs1591678,0,80949438
1,rs12075345,0,80961434
1,rs7541278,0,80985936
1,rs12067327,0,80989699
1,rs11163104,0,80996396
1,rs2147084,0,81031531
1,rs2147085,0,81031725
1,rs2209199,0,81035230
1,rs12059560,0,81072439
1,rs17105538,0,81087631
1,rs10874177,0,81089482
1,rs1577956,0,81097903
1,rs7531454,0,81123200
1,rs6699391,0,81123609
1,rs17403444,0,81131598
1,rs1318695,0,81147506
1,rs12739375,0,81149896
1,rs10493683,0,81151357
1,rs10493684,0,81151517
1,rs17105703,0,81165219
1,rs4077887,0,81219801
1,rs10782744,0,81228465
1,rs11163179,0,81230227
1,rs12041774,0,81255533
1,rs11163191,0,81289126
1,rs1195766,0,81292390
1,rs12041018,0,81302265
1,rs1195771,0,81308241
1,rs11163192,0,81313023
1,rs1426786,0,81313972
1,rs10782748,0,81319510
1,rs6424736,0,81340441
1,rs3904061,0,81348667
1,rs1144288,0,81348857
1,rs617205,0,81351273
1,rs494967,0,81352317
1,rs12128534,0,81358945
1,rs17106024,0,81381770
1,rs1195689,0,81387601
1,rs3904055,0,81392637
1,rs3862252,0,81406021
1,rs1831108,0,81411857
1,rs946432,0,81413715
1,rs12741890,0,81417769
1,rs41436852,0,81425979
1,rs4259706,0,81432266
1,rs6683704,0,81438629
1,rs2225966,0,81440903
1,rs1752222,0,81453188
1,rs10874202,0,81460947
1,rs4639809,0,81467449
1,rs1195854,0,81471308
1,rs12066634,0,81482312
1,rs12069796,0,81494184
1,rs10874207,0,81498774
1,rs1536574,0,81505379
1,rs11163231,0,81518826
1,rs11163235,0,81524528
1,rs4650528,0,81526721
1,rs4274108,0,81527618
1,rs6424747,0,81530413
1,rs12026119,0,81531758
1,rs1359855,0,81532755
1,rs4650365,0,81543415
1,rs12121384,0,81545345
1,rs17106379,0,81549437
1,rs12071890,0,81551203
1,rs10874216,0,81557724
1,rs17453329,0,81573213
1,rs1327602,0,81579685
1,rs11163259,0,81591351
1,rs12029773,0,81618552
1,rs4266930,0,81624717
1,rs3890825,0,81642773
1,rs12407794,0,81645062
1,rs4650540,0,81646426
1,rs11163281,0,81649311
1,rs4362026,0,81663402
1,rs11163291,0,81667685
1,rs7413584,0,81683065
1,rs4390217,0,81683958
1,rs3924703,0,81716787
1,rs13374284,0,81746170
1,rs1324375,0,81746255
1,rs17420202,0,81750002
1,rs1408426,0,81756746
1,rs17420488,0,81764608
1,rs12032343,0,81768089
1,rs17454564,0,81768591
1,rs1544069,0,81770169
1,rs17106649,0,81770702
1,rs17106671,0,81781261
1,rs7527341,0,81782012
1,rs17455031,0,81786316
1,rs6665655,0,81792882
1,rs6702680,0,81793224
1,rs11163332,0,81796993
1,rs12030604,0,81817658
1,rs6605235,0,81828076
1,rs1359308,0,81828656
1,rs526674,0,81831786
1,rs1924558,0,81833652
1,rs17106776,0,81835352
1,rs1324373,0,81836522
1,rs10874257,0,81843117
1,rs1924651,0,81851378
1,rs12141847,0,81852298
1,rs17456431,0,81859331
1,rs12024094,0,81863649
1,rs17456745,0,81868815
1,rs17106857,0,81871485
1,rs10493697,0,81874094
1,rs12117862,0,81882643
1,rs2389165,0,81889885
1,rs11579463,0,81893203
1,rs571361,0,81899114
1,rs9324178,0,81900017
1,rs684040,0,81901248
1,rs9728976,0,81902741
1,rs483882,0,81912459
1,rs489438,0,81916393
1,rs685707,0,81919811
1,rs17106912,0,81928163
1,rs9725011,0,81937521
1,rs12732009,0,81947905
1,rs12129647,0,81955154
1,rs17107016,0,81965348
1,rs12139644,0,81969915
1,rs2039829,0,81971533
1,rs12090448,0,81976150
1,rs12732930,0,81976182
1,rs1391475,0,81983540
1,rs12117626,0,81991287
1,rs9324188,0,81998463
1,rs12028199,0,82004002
1,rs11163360,0,82009911
1,rs9324189,0,82011630
1,rs1353697,0,82016059
1,rs1498212,0,82018980
1,rs11163372,0,82019836
1,rs11163376,0,82026944
1,rs12089140,0,82029675
1,rs9727711,0,82036508
1,rs697985,0,82045402
1,rs12059795,0,82051041
1,rs17107277,0,82072663
1,rs12064537,0,82075188
1,rs1418253,0,82111515
1,rs12145428,0,82118439
1,rs2026596,0,82137261
1,rs284227,0,82152034
1,rs670908,0,82179311
1,rs3790889,0,82185188
1,rs1341258,0,82192131
1,rs7417214,0,82193305
1,rs2296697,0,82209807
1,rs3790879,0,82220956
1,rs4970642,0,82238319
1,rs11163417,0,82290233
1,rs6598985,0,82314869
1,rs7555429,0,82321374
1,rs11810602,0,82322700
1,rs6659509,0,82325110
1,rs11163422,0,82338658
1,rs10782779,0,82349862
1,rs11163431,0,82350892
1,rs17107809,0,82397437
1,rs1490227,0,82414994
1,rs11163437,0,82421530
1,rs1414605,0,82424051
1,rs17107838,0,82427532
1,rs695915,0,82436753
1,rs4970650,0,82447700
1,rs946951,0,82485542
1,rs17108037,0,82486885
1,rs1281836,0,82506571
1,rs1701039,0,82512129
1,rs785612,0,82517188
1,rs785601,0,82598691
1,rs1144283,0,82599053
1,rs17108253,0,82602056
1,rs12402998,0,82604039
1,rs1281574,0,82609514
1,rs11163466,0,82613240
1,rs1281604,0,82622359
1,rs12405458,0,82624605
1,rs2767656,0,82627826
1,rs1281621,0,82630340
1,rs11163470,0,82638294
1,rs1281595,0,82638407
1,rs11163480,0,82708175
1,rs2026598,0,82722231
1,rs1887250,0,82726948
1,rs10747396,0,82727540
1,rs17108385,0,82728124
1,rs17515872,0,82728790
1,rs1887251,0,82730433
1,rs1887253,0,82730687
1,rs2225083,0,82732973
1,rs17108474,0,82742775
1,rs17108486,0,82747484
1,rs6598990,0,82755665
1,rs10489863,0,82758169
1,rs1473757,0,82773348
1,rs7367131,0,82804794
1,rs7415927,0,82826101
1,rs1281400,0,82828213
1,rs1281399,0,82829945
1,rs11163513,0,82836043
1,rs1493982,0,82841270
1,rs12086858,0,82843453
1,rs1389554,0,82855860
1,rs11163519,0,82856237
1,rs4662152,0,82859233
1,rs1416079,0,82869726
1,rs6671979,0,82874284
1,rs12070417,0,82879241
1,rs453456,0,82889957
1,rs1416080,0,82890279
1,rs1433761,0,82904988
1,rs17108829,0,82908723
1,rs319671,0,82910287
1,rs319673,0,82911207
1,rs437602,0,82918753
1,rs2892744,0,82924322
1,rs17108926,0,82936765
1,rs428242,0,82941026
1,rs11163556,0,82945955
1,rs1469744,0,82946057
1,rs1469743,0,82950768
1,rs10874332,0,82956164
1,rs114808,0,82986491
1,rs320896,0,82986892
1,rs17109046,0,82998044
1,rs11807023,0,82998367
1,rs320909,0,83000290
1,rs320906,0,83003573
1,rs10518672,0,83006435
1,rs320901,0,83010072
1,rs7531603,0,83018311
1,rs2043428,0,83018990
1,rs7536946,0,83029863
1,rs7537016,0,83029910
1,rs4662165,0,83032967
1,rs7547723,0,83035559
1,rs7554166,0,83037596
1,rs6660078,0,83039581
1,rs17506918,0,83040348
1,rs2209013,0,83051925
1,rs17109243,0,83058001
1,rs2031707,0,83061413
1,rs12118797,0,83064342
1,rs10747403,0,83074810
1,rs1359755,0,83076068
1,rs17508330,0,83086526
1,rs12097372,0,83109955
1,rs1159338,0,83110937
1,rs12075853,0,83118733
1,rs1144245,0,83131054
1,rs3845620,0,83156724
1,rs1144257,0,83161504
1,rs1280667,0,83176770
1,rs1440447,0,83185369
1,rs12132872,0,83209788
1,rs10874347,0,83221255
1,rs17109504,0,83241439
1,rs2184006,0,83247431
1,rs6664786,0,83249801
1,rs12125199,0,83252335
1,rs12732417,0,83255458
1,rs17530979,0,83256424
1,rs7512204,0,83261860
1,rs2022427,0,83283079
1,rs12132477,0,83292619
1,rs10047189,0,83301801
1,rs12127333,0,83334926
1,rs12405566,0,83340089
1,rs323936,0,83353070
1,rs12078651,0,83354622
1,rs323940,0,83359834
1,rs2022437,0,83366292
1,rs10487982,0,83368700
1,rs17348539,0,83370009
1,rs12741037,0,83370300
1,rs4468160,0,83380254
1,rs323964,0,83393125
1,rs401537,0,83402403
1,rs11163689,0,83445973
1,rs17101504,0,83451842
1,rs6675025,0,83468598
1,rs12403322,0,83474316
1,rs12047942,0,83513112
1,rs1856149,0,83545184
1,rs41497748,0,83553004
1,rs2485416,0,83602263
1,rs6658936,0,83602429
1,rs6659136,0,83602568
1,rs6694330,0,83622978
1,rs12139544,0,83635984
1,rs6670981,0,83643291
1,rs4907027,0,83658978
1,rs17466903,0,83661665
1,rs35835790,0,83677911
1,rs12049321,0,83691504
1,rs11485340,0,83695038
1,rs6677277,0,83710817
1,rs6679947,0,83719281
1,rs12723007,0,83730919
1,rs7551754,0,83765083
1,rs17131303,0,83772941
1,rs12026128,0,83798152
1,rs7512795,0,83802829
1,rs4465227,0,83805074
1,rs4907029,0,83806397
1,rs11163772,0,83816880
1,rs12135472,0,83822253
1,rs12082018,0,83827157
1,rs4128486,0,83835022
1,rs4363435,0,83840040
1,rs4638144,0,83862126
1,rs10874399,0,83866722
1,rs12120817,0,83873788
1,rs4631716,0,83873868
1,rs4907162,0,83876565
1,rs6576912,0,83878676
1,rs11163794,0,83883604
1,rs4907034,0,83887211
1,rs12037142,0,83889564
1,rs10218575,0,83895958
1,rs12135764,0,83897872
1,rs10874404,0,83899916
1,rs4287202,0,83936255
1,rs10082179,0,83943020
1,rs12033515,0,83943547
1,rs6689132,0,83953648
1,rs4636482,0,83962851
1,rs17129128,0,83991787
1,rs17129137,0,83992375
1,rs11163823,0,83993025
1,rs11163824,0,84001570
1,rs17520547,0,84020921
1,rs17129560,0,84036058
1,rs10489505,0,84040732
1,rs1830826,0,84052235
1,rs976457,0,84066218
1,rs2057084,0,84069113
1,rs6576951,0,84085081
1,rs6692233,0,84099802
1,rs12118434,0,84101217
1,rs726607,0,84104823
1,rs11163862,0,84128006
1,rs17534299,0,84138376
1,rs1324486,0,84157413
1,rs12757632,0,84188996
1,rs1536166,0,84199640
1,rs4258241,0,84210517
1,rs10493744,0,84217340
1,rs1952065,0,84236793
1,rs12118371,0,84239611
1,rs17099118,0,84249900
1,rs7524666,0,84258186
1,rs11163889,0,84264805
1,rs485504,0,84299654
1,rs6703653,0,84328496
1,rs2812452,0,84348791
1,rs1603000,0,84353181
1,rs12734711,0,84380562
1,rs6696125,0,84396892
1,rs12129768,0,84401243
1,rs970318,0,84454767
1,rs316631,0,84484298
1,rs643521,0,84492007
1,rs599941,0,84493458
1,rs634904,0,84494690
1,rs677124,0,84495697
1,rs585992,0,84501253
1,rs12047850,0,84501722
1,rs6671416,0,84514173
1,rs316676,0,84514908
1,rs316674,0,84515920
1,rs316672,0,84516537
1,rs316660,0,84561302
1,rs1604725,0,84578446
1,rs172735,0,84579722
1,rs315540,0,84589175
1,rs315535,0,84592997
1,rs551156,0,84613239
1,rs642774,0,84616053
1,rs12044734,0,84625730
1,rs11800387,0,84625788
1,rs477253,0,84627202
1,rs621869,0,84629372
1,rs500565,0,84633991
1,rs646681,0,84638996
1,rs3956461,0,84639356
1,rs1981254,0,84646423
1,rs3768250,0,84652968
1,rs1340596,0,84668621
1,rs9432823,0,84673694
1,rs10493746,0,84676867
1,rs6677436,0,84687888
1,rs2066197,0,84690295
1,rs4907069,0,84690754
1,rs1395415,0,84693527
1,rs11578928,0,84699338
1,rs12128801,0,84710556
1,rs4907076,0,84719643
1,rs17110157,0,84721128
1,rs312402,0,84730470
1,rs17110519,0,84741337
1,rs312397,0,84746022
1,rs1246254,0,84769119
1,rs6698596,0,84769192
1,rs6576716,0,84782452
1,rs11164009,0,84811906
1,rs2303307,0,84812543
1,rs2945152,0,84821229
1,rs17366686,0,84827062
1,rs17375358,0,84837725
1,rs2994434,0,84859022
1,rs2994931,0,84865051
1,rs2945132,0,84867346
1,rs12127432,0,84868045
1,rs2911612,0,84881448
1,rs2994939,0,84887125
1,rs7546988,0,84898309
1,rs2994437,0,84900868
1,rs4907001,0,84903993
1,rs11578078,0,84916240
1,rs9661716,0,84978917
1,rs11161441,0,84985170
1,rs17114859,0,84988401
1,rs2389774,0,84990415
1,rs4907091,0,84991925
1,rs12027538,0,84992870
1,rs818517,0,84993165
1,rs12078518,0,84997539
1,rs1770566,0,85000174
1,rs12084271,0,85003498
1,rs12044721,0,85011812
1,rs2013634,0,85016011
1,rs12062585,0,85033284
1,rs4907097,0,85034513
1,rs10782530,0,85040843
1,rs9324141,0,85057961
1,rs4907007,0,85058332
1,rs10493755,0,85058682
1,rs10159252,0,85063085
1,rs12130014,0,85070402
1,rs11161464,0,85070699
1,rs11588742,0,85079405
1,rs1983853,0,85083780
1,rs9324143,0,85099642
1,rs10493757,0,85108703
1,rs999915,0,85111666
1,rs4579776,0,85129613
1,rs17117109,0,85135566
1,rs6685090,0,85146145
1,rs17370490,0,85161930
1,rs3738572,0,85163728
1,rs6704203,0,85177826
1,rs17117841,0,85177841
1,rs677911,0,85178475
1,rs1530103,0,85180197
1,rs10873667,0,85185863
1,rs597630,0,85192535
1,rs504504,0,85192632
1,rs673998,0,85196770
1,rs536609,0,85203439
1,rs668860,0,85209050
1,rs541897,0,85210831
1,rs6691970,0,85223508
1,rs6576739,0,85240907
1,rs6576740,0,85241716
1,rs10443172,0,85258356
1,rs7519717,0,85280701
1,rs2304641,0,85285986
1,rs12022421,0,85295986
1,rs12063120,0,85312946
1,rs7532047,0,85314259
1,rs9787255,0,85314495
1,rs12117591,0,85343456
1,rs6576750,0,85357848
1,rs1026468,0,85360603
1,rs17385079,0,85363875
1,rs817474,0,85364714
1,rs817479,0,85372914
1,rs17121978,0,85375129
1,rs6661502,0,85375195
1,rs10493761,0,85383865
1,rs817392,0,85385327
1,rs817395,0,85385760
1,rs817412,0,85397452
1,rs817455,0,85434741
1,rs4907139,0,85435439
1,rs7529910,0,85477647
1,rs11161561,0,85478701
1,rs11161563,0,85483646
1,rs4074156,0,85492198
1,rs2735590,0,85503898
1,rs12757160,0,85532256
1,rs7530433,0,85543382
1,rs3813600,0,85558754
1,rs17126044,0,85565350
1,rs761601,0,85569886
1,rs233072,0,85580283
1,rs12717763,0,85580752
1,rs3768226,0,85580913
1,rs2284798,0,85587166
1,rs11805470,0,85598466
1,rs41438644,0,85615826
1,rs11161606,0,85626490
1,rs12033483,0,85630711
1,rs6576765,0,85643600
1,rs12133722,0,85645825
1,rs6657732,0,85647083
1,rs1554597,0,85649686
1,rs12129013,0,85664297
1,rs11161614,0,85670748
1,rs553257,0,85670918
1,rs12724823,0,85678973
1,rs648216,0,85687645
1,rs648310,0,85687722
1,rs485987,0,85699469
1,rs527762,0,85701802
1,rs12735541,0,85711193
1,rs10782551,0,85711863
1,rs7512147,0,85714007
1,rs17391800,0,85723810
1,rs11161623,0,85729251
1,rs4420136,0,85747664
1,rs1524004,0,85783645
1,rs1880209,0,85789866
1,rs17390886,0,85791711
1,rs12034319,0,85812695
1,rs3753795,0,85817692
1,rs2297141,0,85819512
1,rs9658588,0,85821247
1,rs12072027,0,85834810
1,rs7518036,0,85837074
1,rs10873708,0,85840330
1,rs11578464,0,85844996
1,rs2026773,0,85847563
1,rs1928626,0,85864685
1,rs11161645,0,85865460
1,rs2970548,0,85891035
1,rs10493774,0,85910551
1,rs9324152,0,85927947
1,rs9793556,0,85929325
1,rs1775993,0,85938156
1,rs1764296,0,85939531
1,rs1539444,0,85945886
1,rs17399721,0,85946531
1,rs6667094,0,85966996
1,rs7530774,0,85975247
1,rs7547023,0,85983134
1,rs414618,0,85993006
1,rs417887,0,85999514
1,rs17128257,0,86005680
1,rs3753785,0,86031537
1,rs17128354,0,86038400
1,rs6693669,0,86060168
1,rs7527665,0,86069495
1,rs1325260,0,86074038
1,rs12759687,0,86100708
1,rs313775,0,86106658
1,rs11161696,0,86112781
1,rs7536101,0,86113480
1,rs2389988,0,86116738
1,rs12739200,0,86123445
1,rs12088838,0,86137021
1,rs997439,0,86145969
1,rs4486475,0,86152102
1,rs12136742,0,86153575
1,rs11161711,0,86184765
1,rs7518925,0,86189069
1,rs560876,0,86197970
1,rs608460,0,86210915
1,rs593146,0,86212031
1,rs533090,0,86213731
1,rs11811165,0,86226167
1,rs11161714,0,86234497
1,rs11161717,0,86237569
1,rs17128651,0,86238324
1,rs9701002,0,86242094
1,rs12079919,0,86242123
1,rs538256,0,86248201
1,rs6687775,0,86249808
1,rs17406104,0,86268337
1,rs17406173,0,86268755
1,rs17406471,0,86277762
1,rs566108,0,86278448
1,rs17415366,0,86288546
1,rs583315,0,86299206
1,rs12742014,0,86301978
1,rs12754154,0,86321787
1,rs1605416,0,86336306
1,rs4912463,0,86347867
1,rs2390014,0,86353173
1,rs17408298,0,86383266
1,rs1507277,0,86387977
1,rs1112865,0,86407833
1,rs1507279,0,86414262
1,rs1034293,0,86415708
1,rs1108396,0,86423860
1,rs7418327,0,86428028
1,rs6576818,0,86447138
1,rs1395714,0,86463306
1,rs12083520,0,86465784
1,rs6576822,0,86476458
1,rs4656142,0,86479953
1,rs7412377,0,86490667
1,rs36002452,0,86506707
1,rs17129031,0,86509480
1,rs12029018,0,86511460
1,rs10158226,0,86533525
1,rs12079988,0,86535665
1,rs1323029,0,86542539
1,rs997641,0,86561533
1,rs6692784,0,86567427
1,rs9787365,0,86567734
1,rs272488,0,86578960
1,rs272493,0,86587907
1,rs7515651,0,86589985
1,rs1182098,0,86592855
1,rs272500,0,86600221
1,rs421105,0,86610746
1,rs272514,0,86618151
1,rs1407719,0,86624008
1,rs10873777,0,86632840
1,rs10873778,0,86636516
1,rs2104962,0,86649055
1,rs11161815,0,86651584
1,rs12124247,0,86662832
1,rs3765975,0,86665407
1,rs1413431,0,86670997
1,rs4656100,0,86690532
1,rs4656108,0,86697988
1,rs4647848,0,86706381
1,rs5744306,0,86708898
1,rs2753378,0,86711496
1,rs2791514,0,86720757
1,rs2734704,0,86723220
1,rs2075630,0,86725189
1,rs4647854,0,86727389
1,rs5744402,0,86732276
1,rs2791473,0,86761297
1,rs974843,0,86787767
1,rs772601,0,86804912
1,rs772607,0,86817171
1,rs6667040,0,86855910
1,rs35278662,0,86875801
1,rs3736501,0,86882242
1,rs6686918,0,86891303
1,rs12070029,0,86901985
1,rs3856190,0,86927186
1,rs1058978,0,86941996
1,rs932185,0,86947115
1,rs3766007,0,86952854
1,rs4141987,0,86965664
1,rs12063018,0,86973209
1,rs263494,0,86991898
1,rs4523496,0,86994369
1,rs263491,0,86996392
1,rs12087766,0,87005863
1,rs166412,0,87014650
1,rs691241,0,87018915
1,rs691135,0,87038971
1,rs6693416,0,87051130
1,rs10873803,0,87060288
1,rs12072507,0,87079532
1,rs581405,0,87115398
1,rs3766012,0,87123054
1,rs561728,0,87143954
1,rs578851,0,87152225
1,rs101028,0,87152584
1,rs1923144,0,87176819
1,rs2064889,0,87184886
1,rs1199726,0,87189962
1,rs12139634,0,87204174
1,rs12096102,0,87257938
1,rs1891833,0,87291042
1,rs1419132,0,87327946
1,rs1199677,0,87336256
1,rs2764430,0,87345405
1,rs1419130,0,87349069
1,rs1199666,0,87353178
1,rs4415539,0,87376833
1,rs719015,0,87384298
1,rs12136695,0,87388000
1,rs10747340,0,87399798
1,rs10873821,0,87400761
1,rs17129854,0,87402081
1,rs10782593,0,87406349
1,rs2147773,0,87423326
1,rs2182109,0,87423635
1,rs17129882,0,87440667
1,rs12079549,0,87444297
1,rs7554095,0,87453739
1,rs10873824,0,87460982
1,rs7526555,0,87464039
1,rs12753486,0,87471398
1,rs7546843,0,87472146
1,rs10430050,0,87472164
1,rs12087144,0,87477253
1,rs6576878,0,87477619
1,rs6576881,0,87477918
1,rs1537057,0,87481392
1,rs12146073,0,87483159
1,rs6680623,0,87491663
1,rs6692744,0,87493596
1,rs4655942,0,87495347
1,rs1411705,0,87500851
1,rs11577298,0,87502907
1,rs1888340,0,87503827
1,rs7525664,0,87514222
1,rs4556331,0,87519586
1,rs4233323,0,87523001
1,rs11161968,0,87523441
1,rs2094825,0,87523902
1,rs6688319,0,87525474
1,rs17129924,0,87526493
1,rs10873829,0,87546019
1,rs10747343,0,87555040
1,rs12079008,0,87578938
1,rs3766024,0,87580464
1,rs3753290,0,87581937
1,rs3766019,0,87583902
1,rs10873831,0,87584990
1,rs12033984,0,87585256
1,rs12032178,0,87586689
1,rs10873832,0,87588219
1,rs11587756,0,87590995
1,rs11582864,0,87594134
1,rs12734641,0,87598072
1,rs11161991,0,87606031
1,rs11161993,0,87611196
1,rs17130004,0,87623679
1,rs12026581,0,87630581
1,rs1415175,0,87645434
1,rs868436,0,87650260
1,rs17423152,0,87666951
1,rs4295863,0,87675612
1,rs6682228,0,87680508
1,rs6685678,0,87681505
1,rs1831526,0,87687468
1,rs6683030,0,87703477
1,rs12083187,0,87705160
1,rs2892987,0,87705320
1,rs1199562,0,87707907
1,rs1888728,0,87754984
1,rs17130036,0,87764829
1,rs12730697,0,87767809
1,rs6657047,0,87773601
1,rs6694829,0,87797732
1,rs17130043,0,87808797
1,rs1873302,0,87812785
1,rs12732334,0,87815633
1,rs2130512,0,87816830
1,rs6681488,0,87818122
1,rs9433138,0,87828166
1,rs2892995,0,87828321
1,rs12757428,0,87829398
1,rs9433603,0,87829879
1,rs1412040,0,87839380
1,rs7522620,0,87841897
1,rs7544549,0,87846613
1,rs4655977,0,87858740
1,rs12144799,0,87860408
1,rs4655979,0,87871579
1,rs1826164,0,87877236
1,rs10873862,0,87885234
1,rs12118092,0,87885852
1,rs17130094,0,87888522
1,rs17130101,0,87916049
1,rs10922746,0,87921618
1,rs10518397,0,87949302
1,rs7541376,0,87950662
1,rs12134683,0,87952831
1,rs12129640,0,87955801
1,rs305464,0,87957804
1,rs17130121,0,87958419
1,rs1434431,0,87960918
1,rs7531638,0,87967965
1,rs305445,0,87980723
1,rs305431,0,87993064
1,rs35214987,0,87998917
1,rs2436985,0,88004072
1,rs17130142,0,88012196
1,rs1347333,0,88019148
1,rs2491275,0,88026468
1,rs6679195,0,88030586
1,rs12060284,0,88031838
1,rs2491276,0,88032894
1,rs6656291,0,88037790
1,rs12061052,0,88041901
1,rs2164089,0,88052577
1,rs10489942,0,88053605
1,rs12755273,0,88054758
1,rs4655858,0,88062957
1,rs10922614,0,88067416
1,rs2491289,0,88071201
1,rs6673871,0,88073865
1,rs2503237,0,88095419
1,rs2503251,0,88135755
1,rs3008467,0,88141789
1,rs12141842,0,88155000
1,rs7547381,0,88159871
1,rs1334336,0,88165028
1,rs17130213,0,88166716
1,rs12563845,0,88167229
1,rs17130216,0,88168519
1,rs17130221,0,88172559
1,rs10489945,0,88186177
1,rs7538433,0,88186770
1,rs6691335,0,88189178
1,rs1413536,0,88195985
1,rs3008453,0,88200439
1,rs3008451,0,88206217
1,rs1413529,0,88217801
1,rs12568255,0,88220698
1,rs10922987,0,88254362
1,rs10922988,0,88254594
1,rs7414558,0,88255177
1,rs7527342,0,88280980
1,rs4655864,0,88294004
1,rs6667805,0,88313163
1,rs4471236,0,88314935
1,rs12565370,0,88334667
1,rs17130256,0,88342030
1,rs17130257,0,88342965
1,rs10493807,0,88395319
1,rs4655866,0,88404170
1,rs10923032,0,88404739
1,rs1932754,0,88406833
1,rs12735154,0,88417576
1,rs12141090,0,88420455
1,rs6699416,0,88433684
1,rs2225821,0,88436950
1,rs1336577,0,88442689
1,rs6677358,0,88460837
1,rs4300194,0,88472538
1,rs12730130,0,88474179
1,rs6428642,0,88482636
1,rs17130372,0,88527758
1,rs674876,0,88528550
1,rs6679982,0,88529716
1,rs54397,0,88548895
1,rs555994,0,88553150
1,rs572056,0,88556347
1,rs2179965,0,88574600
1,rs766353,0,88594104
1,rs7529408,0,88598399
1,rs10754318,0,88610505
1,rs2808110,0,88612194
1,rs9428010,0,88613432
1,rs507241,0,88628587
1,rs7524301,0,88645915
1,rs17130454,0,88649888
1,rs1909359,0,88653790
1,rs12723729,0,88692057
1,rs11803394,0,88731385
1,rs306326,0,88732789
1,rs7535329,0,88733285
1,rs306337,0,88744008
1,rs10493814,0,88756415
1,rs10923092,0,88760404
1,rs306295,0,88767116
1,rs10923094,0,88772972
1,rs17433375,0,88801919
1,rs640549,0,88813367
1,rs595339,0,88815021
1,rs7525971,0,88817577
1,rs658980,0,88817926
1,rs1760206,0,88841611
1,rs4656059,0,88851031
1,rs1373259,0,88854236
1,rs532284,0,88864972
1,rs593861,0,88866327
1,rs12043361,0,88881116
1,rs10922474,0,88905866
1,rs10754252,0,88906400
1,rs17130579,0,88936786
1,rs6687512,0,88960157
1,rs3767382,0,88980668
1,rs6704399,0,88995008
1,rs1772795,0,89022740
1,rs3753906,0,89029966
1,rs9427964,0,89031646
1,rs7533500,0,89105552
1,rs17431306,0,89124984
1,rs13375223,0,89149221
1,rs17130658,0,89183450
1,rs1325923,0,89188164
1,rs11579178,0,89190506
1,rs12095620,0,89193413
1,rs6682686,0,89196508
1,rs12090796,0,89200141
1,rs7540196,0,89233755
1,rs12058562,0,89245350
1,rs4142706,0,89247818
1,rs5015501,0,89249015
1,rs12118276,0,89251561
1,rs7555039,0,89258625
1,rs12093401,0,89261338
1,rs6683705,0,89263295
1,rs10801705,0,89272970
1,rs2296882,0,89290761
1,rs2390679,0,89294608
1,rs12047152,0,89327058
1,rs682830,0,89330691
1,rs12060800,0,89340254
1,rs7519323,0,89347676
1,rs6428503,0,89356657
1,rs1329120,0,89357153
1,rs12073923,0,89368386
1,rs10158415,0,89375472
1,rs619178,0,89388290
1,rs2893089,0,89403309
1,rs627125,0,89419974
1,rs1324331,0,89433751
1,rs3806339,0,89507723
1,rs687059,0,89518605
1,rs7533089,0,89524570
1,rs10922610,0,89580975
1,rs959460,0,89622330
1,rs6428528,0,89622936
1,rs928656,0,89632356
1,rs4491050,0,89645982
1,rs6693600,0,89646645
1,rs4495683,0,89665975
1,rs7535508,0,89693163
1,rs1563786,0,89725145
1,rs12403074,0,89726004
1,rs10801744,0,89726132
1,rs1585364,0,89744650
1,rs12402923,0,89751768
1,rs716833,0,89767657
1,rs12745246,0,89773288
1,rs359929,0,89774673
1,rs17130825,0,89780238
1,rs10493825,0,89789843
1,rs359946,0,89792230
1,rs7517206,0,89792341
1,rs17099922,0,89800170
1,rs359943,0,89826037
1,rs7517515,0,89828177
1,rs12734340,0,89836201
1,rs1215498,0,89836494
1,rs1215497,0,89838513
1,rs1215495,0,89838793
1,rs6428558,0,89839003
1,rs12045241,0,89854812
1,rs1215522,0,89854836
1,rs1215516,0,89858580
1,rs1215508,0,89861285
1,rs1934045,0,89880387
1,rs12074329,0,89898478
1,rs17441836,0,89908021
1,rs1535514,0,89973827
1,rs7548856,0,89992619
1,rs4658318,0,90004768
1,rs7512068,0,90005035
1,rs534247,0,90012111
1,rs4486432,0,90013570
1,rs12135351,0,90026864
1,rs7535521,0,90028701
1,rs11806231,0,90032143
1,rs10518432,0,90040567
1,rs1744664,0,90053703
1,rs1938030,0,90073989
1,rs7542239,0,90085330
1,rs4658340,0,90100143
1,rs12095496,0,90108832
1,rs17130908,0,90110717
1,rs17497905,0,90111988
1,rs12066087,0,90116588
1,rs1344190,0,90136529
1,rs3738795,0,90139102
1,rs2802027,0,90156539
1,rs17505638,0,90160775
1,rs2249122,0,90170101
1,rs12142526,0,90177778
1,rs2802007,0,90206810
1,rs2802011,0,90211892
1,rs2704004,0,90223797
1,rs12134621,0,90304817
1,rs1329642,0,90329568
1,rs10922761,0,90340659
1,rs1329644,0,90347735
1,rs6428571,0,90373522
1,rs6662919,0,90373595
1,rs12145344,0,90385392
1,rs12046301,0,90398127
1,rs4388690,0,90413533
1,rs10922792,0,90416138
1,rs6675307,0,90419460
1,rs4626871,0,90432153
1,rs7553296,0,90444213
1,rs12743329,0,90529948
1,rs12119735,0,90540752
1,rs7550206,0,90556028
1,rs4565695,0,90557223
1,rs6678531,0,90557829
1,rs4548420,0,90572478
1,rs7518543,0,90573846
1,rs10801802,0,90591282
1,rs10801803,0,90591460
1,rs10801804,0,90591905
1,rs10801805,0,90592845
1,rs4658158,0,90622127
1,rs10754303,0,90633594
1,rs10754304,0,90643153
1,rs2202787,0,90644975
1,rs17131041,0,90646416
1,rs2089548,0,90659064
1,rs1857241,0,90676347
1,rs12126859,0,90680430
1,rs17131052,0,90696770
1,rs12031583,0,90699057
1,rs699535,0,90712611
1,rs699530,0,90720514
1,rs6428589,0,90723104
1,rs12726749,0,90725692
1,rs954472,0,90766952
1,rs7546770,0,90801295
1,rs1336877,0,90807583
1,rs10922878,0,90817249
1,rs12406787,0,90834695
1,rs12090588,0,90852628
1,rs17131108,0,90864169
1,rs12033485,0,90870973
1,rs10754306,0,90904692
1,rs17131127,0,90908216
1,rs6680305,0,90910184
1,rs10922899,0,90916643
1,rs1335733,0,90928278
1,rs17131133,0,90928519
1,rs10922903,0,90932174
1,rs1335719,0,90942999
1,rs1335720,0,90946576
1,rs17131140,0,90951783
1,rs10922907,0,90965637
1,rs10922911,0,90978419
1,rs6656775,0,90991947
1,rs12080926,0,91003358
1,rs3843305,0,91015964
1,rs698274,0,91016765
1,rs6676886,0,91016931
1,rs17131179,0,91020115
1,rs7551833,0,91021889
1,rs10922924,0,91025451
1,rs17131184,0,91029921
1,rs1725391,0,91031124
1,rs1775585,0,91031704
1,rs6677392,0,91042109
1,rs928673,0,91045592
1,rs1725422,0,91048535
1,rs1725403,0,91057774
1,rs1620325,0,91059505
1,rs946077,0,91119380
1,rs12726261,0,91153028
1,rs1322594,0,91158265
1,rs631231,0,91208055
1,rs487714,0,91220034
1,rs606614,0,91222137
1,rs358685,0,91227358
1,rs643854,0,91232950
1,rs17131250,0,91246653
1,rs357603,0,91261921
1,rs7539064,0,91290247
1,rs4658186,0,91296796
1,rs12723509,0,91323484
1,rs6696232,0,91329245
1,rs972054,0,91330626
1,rs164897,0,91342175
1,rs346981,0,91361402
1,rs6669529,0,91368926
1,rs609256,0,91375205
1,rs17482203,0,91391607
1,rs4142791,0,91392626
1,rs983040,0,91395685
1,rs613574,0,91399619
1,rs613176,0,91399686
1,rs17482910,0,91399967
1,rs387788,0,91400854
1,rs384642,0,91403679
1,rs452393,0,91412201
1,rs12072204,0,91414173
1,rs642272,0,91432554
1,rs4658095,0,91433928
1,rs665484,0,91436518
1,rs643927,0,91439920
1,rs655201,0,91472794
1,rs9730300,0,91477432
1,rs614125,0,91489364
1,rs657577,0,91490829
1,rs10801849,0,91502882
1,rs176019,0,91512693
1,rs7417055,0,91513560
1,rs400641,0,91534549
1,rs6691163,0,91547213
1,rs204304,0,91551791
1,rs876761,0,91552996
1,rs281990,0,91553504
1,rs281994,0,91555148
1,rs10493845,0,91557475
1,rs282000,0,91558171
1,rs1840294,0,91563155
1,rs281971,0,91565116
1,rs281946,0,91582482
1,rs281936,0,91585772
1,rs281935,0,91586307
1,rs11164779,0,91587141
1,rs282053,0,91597213
1,rs282038,0,91612977
1,rs4658219,0,91617403
1,rs17131417,0,91621372
1,rs192519,0,91626977
1,rs182218,0,91628660
1,rs9701353,0,91631297
1,rs988203,0,91631692
1,rs282009,0,91632383
1,rs11165778,0,91632389
1,rs282004,0,91638124
1,rs12760267,0,91642077
1,rs17131431,0,91648228
1,rs17131433,0,91649717
1,rs11166498,0,91668020
1,rs7528478,0,91673275
1,rs17131440,0,91673680
1,rs519244,0,91676001
1,rs3851269,0,91689870
1,rs3851270,0,91690036
1,rs6683272,0,91690316
1,rs6683496,0,91690565
1,rs516462,0,91692001
1,rs7526795,0,91692028
1,rs7540260,0,91692121
1,rs17131462,0,91695109
1,rs542171,0,91695752
1,rs12058802,0,91695842
1,rs556435,0,91707577
1,rs495026,0,91709148
1,rs12031457,0,91709536
1,rs17131472,0,91735555
1,rs546975,0,91736327
1,rs13447450,0,91738438
1,rs13447460,0,91740042
1,rs13447526,0,91755762
1,rs6687904,0,91797850
1,rs12406537,0,91800633
1,rs6689719,0,91807891
1,rs12141173,0,91808928
1,rs4658231,0,91814090
1,rs11165002,0,91821554
1,rs11165008,0,91823203
1,rs10493854,0,91828454
1,rs12028899,0,91836938
1,rs1192415,0,91849685
1,rs1192416,0,91850205
1,rs1192419,0,91852647
1,rs11165102,0,91867666
1,rs12144613,0,91873569
1,rs2182425,0,91885478
1,rs1887055,0,91886401
1,rs2148322,0,91894920
1,rs2391025,0,91898465
1,rs1805117,0,91921427
1,rs17131522,0,91923861
1,rs4658259,0,91924348
1,rs2810887,0,91931159
1,rs1555890,0,91933474
1,rs1555889,0,91933529
1,rs1555887,0,91933545
1,rs1926262,0,91935372
1,rs1926261,0,91935508
1,rs6693438,0,91935762
1,rs2296621,0,91936374
1,rs6660484,0,91945196
1,rs7514724,0,91946435
1,rs284878,0,91946848
1,rs2038931,0,91947003
1,rs11165293,0,91947240
1,rs11165294,0,91947325
1,rs2046736,0,91947596
1,rs11466605,0,91949940
1,rs10782997,0,91949982
1,rs284868,0,91950080
1,rs12118310,0,91951375
1,rs17131536,0,91954066
1,rs11582136,0,91971772
1,rs12073224,0,91973551
1,rs12076549,0,91974287
1,rs10874915,0,91975023
1,rs11579207,0,91975778
1,rs17513917,0,91977785
1,rs12124746,0,91983549
1,rs17131547,0,91983608
1,rs10493860,0,91985291
1,rs284170,0,91987216
1,rs284176,0,91996564
1,rs17131552,0,91997403
1,rs17131554,0,92000796
1,rs284185,0,92006408
1,rs284198,0,92010755
1,rs1473488,0,92014334
1,rs12090296,0,92015156
1,rs12751910,0,92015895
1,rs7536947,0,92021283
1,rs6683840,0,92022405
1,rs1192528,0,92029668
1,rs11799400,0,92030691
1,rs428815,0,92033508
1,rs17574203,0,92037732
1,rs2129975,0,92054668
1,rs901913,0,92065750
1,rs7555548,0,92083278
1,rs2634030,0,92090479
1,rs17886239,0,92099903
1,rs9661103,0,92108494
1,rs6656018,0,92108672
1,rs2770186,0,92151431
1,rs883873,0,92152890
1,rs11165816,0,92166527
1,rs10735794,0,92225924
1,rs10493862,0,92234241
1,rs2303968,0,92240027
1,rs7529210,0,92250718
1,rs4512703,0,92262897
1,rs17131593,0,92275926
1,rs11166028,0,92291785
1,rs6696071,0,92301832
1,rs17131598,0,92317280
1,rs11166127,0,92323174
1,rs6699855,0,92323373
1,rs563606,0,92331171
1,rs11166141,0,92333980
1,rs17131602,0,92340677
1,rs1157469,0,92371293
1,rs563113,0,92381440
1,rs492164,0,92384595
1,rs6659092,0,92386696
1,rs560389,0,92419811
1,rs1384612,0,92448151
1,rs3103169,0,92450429
1,rs3131820,0,92452959
1,rs6694248,0,92483995
1,rs2046619,0,92484285
1,rs1386585,0,92487795
1,rs3103174,0,92490254
1,rs12064015,0,92501478
1,rs11577572,0,92514937
1,rs6702267,0,92545059
1,rs7529971,0,92558333
1,rs12120864,0,92563340
1,rs41344152,0,92576557
1,rs12089666,0,92582803
1,rs12059645,0,92601314
1,rs4949888,0,92601701
1,rs12022891,0,92606552
1,rs11164288,0,92614856
1,rs12098095,0,92617718
1,rs6681027,0,92619171
1,rs11803457,0,92634634
1,rs2391155,0,92642238
1,rs2391157,0,92655142
1,rs11582379,0,92712566
1,rs7540564,0,92730414
1,rs4970705,0,92744416
1,rs10782922,0,92747183
1,rs12094086,0,92747904
1,rs1886684,0,92748526
1,rs17371561,0,92753827
1,rs4847377,0,92795738
1,rs12058511,0,92800950
1,rs1556562,0,92806611
1,rs2391164,0,92812099
1,rs12563400,0,92837411
1,rs7514716,0,92862411
1,rs34202284,0,92932590
1,rs6680578,0,92949466
1,rs11800409,0,92953601
1,rs2391198,0,92963542
1,rs12746893,0,92983464
1,rs6604015,0,92992495
1,rs11164808,0,93008088
1,rs7513815,0,93012992
1,rs7543964,0,93033149
1,rs7513624,0,93035735
1,rs11164820,0,93053376
1,rs12728322,0,93067380
1,rs7536563,0,93121634
1,rs2481713,0,93127477
1,rs12745968,0,93174425
1,rs11164854,0,93215631
1,rs521428,0,93218085
1,rs1011663,0,93234280
1,rs11164856,0,93240623
1,rs532834,0,93240650
1,rs10493864,0,93243302
1,rs17381426,0,93245738
1,rs492054,0,93246332
1,rs496465,0,93246753
1,rs11164862,0,93252148
1,rs10493865,0,93254228
1,rs12043577,0,93267868
1,rs491699,0,93272216
1,rs1678778,0,93275039
1,rs557812,0,93280476
1,rs563930,0,93287637
1,rs17131690,0,93289036
1,rs544285,0,93291166
1,rs2249591,0,93295610
1,rs11164867,0,93295860
1,rs10874755,0,93296007
1,rs12038699,0,93331406
1,rs6659212,0,93331711
1,rs475120,0,93345841
1,rs2295423,0,93353612
1,rs4847399,0,93357194
1,rs6698349,0,93366991
1,rs2783490,0,93400117
1,rs4847235,0,93400315
1,rs6657230,0,93413926
1,rs2783495,0,93416265
1,rs1335679,0,93417770
1,rs2815409,0,93421404
1,rs2484486,0,93424088
1,rs12118262,0,93424135
1,rs4484937,0,93472113
1,rs3904666,0,93477398
1,rs693737,0,93497512
1,rs4240966,0,93547400
1,rs7545358,0,93560629
1,rs6703310,0,93561328
1,rs4847408,0,93564025
1,rs7519163,0,93566439
1,rs4847409,0,93568520
1,rs17131718,0,93611964
1,rs771472,0,93630310
1,rs771469,0,93632294
1,rs11164921,0,93648634
1,rs6541379,0,93669353
1,rs7339890,0,93670212
1,rs2162277,0,93672835
1,rs6699020,0,93691379
1,rs11164938,0,93712458
1,rs6682265,0,93740802
1,rs4847245,0,93742766
1,rs17110036,0,93773427
1,rs17110063,0,93799449
1,rs11683,0,93799979
1,rs237434,0,93802806
1,rs2295330,0,93809917
1,rs12062278,0,93820741
1,rs6661488,0,93829843
1,rs3767977,0,93836432
1,rs236335,0,93837270
1,rs12739747,0,93849835
1,rs236265,0,93880841
1,rs236301,0,93886569
1,rs12741136,0,93900523
1,rs236285,0,93905376
1,rs11164960,0,93907641
1,rs1567791,0,93916377
1,rs6702036,0,93924177
1,rs6704479,0,93930095
1,rs7543337,0,93943071
1,rs2102629,0,93944709
1,rs6660968,0,93947107
1,rs12121018,0,93949183
1,rs10493866,0,93951500
1,rs11164969,0,93968484
1,rs871854,0,93970381
1,rs1467129,0,93971444
1,rs1108528,0,93978750
1,rs11805379,0,93982481
1,rs7523682,0,93982565
1,rs7552104,0,93986214
1,rs12240145,0,93989145
1,rs4847258,0,93992531
1,rs4520428,0,93995446
1,rs4526623,0,93996653
1,rs12408537,0,93999673
1,rs7515462,0,94000572
1,rs12402983,0,94007403
1,rs2391313,0,94014144
1,rs2143990,0,94022105
1,rs6701957,0,94022789
1,rs41395944,0,94023049
1,rs12125068,0,94036885
1,rs7552293,0,94067080
1,rs6660210,0,94077514
1,rs12567137,0,94103580
1,rs2391322,0,94115611
1,rs6687387,0,94118915
1,rs10874805,0,94120424
1,rs17880076,0,94126383
1,rs10874809,0,94127536
1,rs17878692,0,94134976
1,rs7517826,0,94137922
1,rs3789453,0,94146614
1,rs7543184,0,94159396
1,rs10874814,0,94181496
1,rs11165042,0,94197477
1,rs12404808,0,94212890
1,rs35550403,0,94218183
1,rs17110743,0,94235693
1,rs4147864,0,94239826
1,rs4147862,0,94244107
1,rs17391612,0,94251435
1,rs3789391,0,94251926
1,rs1762111,0,94260078
1,rs4147845,0,94268005
1,rs1800549,0,94268641
1,rs1320502,0,94274387
1,rs12123388,0,94285689
1,rs1931575,0,94305602
1,rs17110991,0,94309818
1,rs4847274,0,94312657
1,rs4147831,0,94316821
1,rs12079685,0,94324902
1,rs1191238,0,94329482
1,rs4147825,0,94333526
1,rs4147819,0,94342092
1,rs4147815,0,94347396
1,rs3789433,0,94348028
1,rs3789439,0,94352014
1,rs3789440,0,94352260
1,rs7535005,0,94354493
1,rs3789449,0,94355801
1,rs4147798,0,94357597
1,rs3761906,0,94359950
1,rs17111122,0,94369052
1,rs11581939,0,94379822
1,rs2022395,0,94380061
1,rs2022378,0,94380195
1,rs12075780,0,94381834
1,rs2021992,0,94382479
1,rs2781572,0,94386613
1,rs12742802,0,94402231
1,rs10874840,0,94409424
1,rs11196,0,94411027
1,rs1999272,0,94412035
1,rs17111203,0,94418584
1,rs6541413,0,94425588
1,rs1411703,0,94426813
1,rs6657063,0,94431982
1,rs6673491,0,94465733
1,rs12058188,0,94487623
1,rs1756257,0,94532166
1,rs12089927,0,94596555
1,rs12093625,0,94596690
1,rs1765635,0,94620012
1,rs12037634,0,94639644
1,rs12029867,0,94697625
1,rs4148050,0,94706546
1,rs4148046,0,94717609
1,rs4148045,0,94720243
1,rs2147795,0,94720721
1,rs4148043,0,94733701
1,rs513976,0,94737987
1,rs3849301,0,94750787
1,rs529642,0,94752161
1,rs7542901,0,94752375
1,rs1804191,0,94755643
1,rs698951,0,94755791
1,rs1028736,0,94759476
1,rs587552,0,94760730
1,rs762485,0,94776672
1,rs2021963,0,94778234
1,rs1146509,0,94802169
1,rs12074834,0,94810501
1,rs1146474,0,94822265
1,rs1041041,0,94824639
1,rs12758064,0,94824855
1,rs1343483,0,94825896
1,rs1772904,0,94827720
1,rs698941,0,94827807
1,rs1612481,0,94829489
1,rs1747649,0,94834620
1,rs1772895,0,94840935
1,rs4847313,0,94841509
1,rs17111860,0,94845223
1,rs1245487,0,94846675
1,rs4847316,0,94850289
1,rs17411335,0,94854175
1,rs12738550,0,94863265
1,rs1936310,0,94870125
1,rs6687228,0,94873913
1,rs1778193,0,94886005
1,rs2153717,0,94888660
1,rs11803470,0,94890371
1,rs17111996,0,94895106
1,rs17112020,0,94910301
1,rs7513758,0,94915135
1,rs2391385,0,94918590
1,rs1994850,0,94920225
1,rs4598496,0,94922717
1,rs6663811,0,94925487
1,rs10874884,0,94930630
1,rs2040075,0,94930872
1,rs12120217,0,94934205
1,rs1493276,0,94939050
1,rs1892466,0,94942259
1,rs841332,0,94944048
1,rs1027306,0,94945791
1,rs1027307,0,94945931
1,rs2640062,0,94957862
1,rs2640063,0,94958007
1,rs2933917,0,94958494
1,rs4847351,0,94962976
1,rs2933912,0,94975800
1,rs1689166,0,94980030
1,rs1146268,0,94993002
1,rs2781130,0,95003102
1,rs7525706,0,95008507
1,rs17406291,0,95011246
1,rs7548885,0,95020029
1,rs17112332,0,95030485
1,rs10493874,0,95039021
1,rs11808528,0,95042585
1,rs6686047,0,95046552
1,rs3814014,0,95057219
1,rs3827752,0,95058340
1,rs7512591,0,95063082
1,rs11165257,0,95074723
1,rs2893276,0,95076247
1,rs859112,0,95079654
1,rs698966,0,95081507
1,rs698959,0,95089932
1,rs17579604,0,95106416
1,rs6665783,0,95106694
1,rs859088,0,95114753
1,rs12758601,0,95118073
1,rs6700314,0,95119247
1,rs859080,0,95119868
1,rs859074,0,95122025
1,rs2228344,0,95140361
1,rs4847368,0,95149626
1,rs859047,0,95150991
1,rs859040,0,95157258
1,rs1146460,0,95181508
1,rs12137024,0,95182446
1,rs2040048,0,95185002
1,rs17407908,0,95185555
1,rs12407686,0,95189650
1,rs1271952,0,95189936
1,rs12410620,0,95194409
1,rs2797625,0,95197146
1,rs11810387,0,95200196
1,rs10493881,0,95200639
1,rs7539517,0,95213459
1,rs12123807,0,95222511
1,rs11589700,0,95246029
1,rs12137333,0,95250714
1,rs10465759,0,95263849
1,rs6671842,0,95297091
1,rs12755096,0,95309303
1,rs6687351,0,95312293
1,rs12741128,0,95340626
1,rs7521459,0,95340753
1,rs7365394,0,95369271
1,rs10874905,0,95371181
1,rs11584566,0,95381604
1,rs12039183,0,95384238
1,rs10157405,0,95387426
1,rs997370,0,95391956
1,rs11165321,0,95392331
1,rs1336438,0,95436486
1,rs12132107,0,95438232
1,rs1414897,0,95439409
1,rs10747468,0,95458879
1,rs1414896,0,95464898
1,rs6671200,0,95470117
1,rs4949946,0,95489342
1,rs12143598,0,95512107
1,rs12135590,0,95514482
1,rs6593651,0,95545249
1,rs12118116,0,95546918
1,rs2236389,0,95549206
1,rs7535623,0,95550262
1,rs2068336,0,95551340
1,rs17113357,0,95554010
1,rs12135810,0,95554317
1,rs11165375,0,95554660
1,rs6593652,0,95555121
1,rs12067344,0,95555191
1,rs2893323,0,95555625
1,rs17113368,0,95558817
1,rs12135605,0,95559646
1,rs927703,0,95563644
1,rs7547539,0,95577590
1,rs4950046,0,95583338
1,rs3814011,0,95590645
1,rs6593653,0,95591366
1,rs7538318,0,95591603
1,rs10783009,0,95600324
1,rs2391684,0,95623236
1,rs11586346,0,95633790
1,rs17327419,0,95634362
1,rs11590987,0,95650334
1,rs11165421,0,95658521
1,rs1012776,0,95660782
1,rs7526471,0,95670012
1,rs987912,0,95678151
1,rs4949963,0,95679465
1,rs9803946,0,95679611
1,rs719215,0,95687080
1,rs17113575,0,95690283
1,rs4949966,0,95741623
1,rs7522301,0,95765869
1,rs651732,0,95773542
1,rs10783011,0,95775470
1,rs1355138,0,95800898
1,rs12031667,0,95817435
1,rs10489560,0,95825334
1,rs11165450,0,95837009
1,rs11585793,0,95838042
1,rs3105891,0,95862429
1,rs3122314,0,95875511
1,rs668602,0,95881062
1,rs11587357,0,95890849
1,rs17114037,0,95891996
1,rs10874928,0,95895140
1,rs1995802,0,95912608
1,rs12089087,0,95915544
1,rs6693553,0,95917572
1,rs12410939,0,95922793
1,rs7554994,0,95925561
1,rs11165468,0,95933438
1,rs12028824,0,95934268
1,rs1920163,0,95934795
1,rs1920164,0,95934871
1,rs4950073,0,95936553
1,rs4950074,0,95943224
1,rs6678734,0,95949151
1,rs4575127,0,95958501
1,rs6665629,0,95969319
1,rs944972,0,95970880
1,rs3935599,0,95990119
